nid	module	name
000e53cc	sceNp	sceNpManagerSubSignout
001074d0	cellSysutilAvcExt	cellSysutilAvcExtIsMicAttached
002c338b		_ZNKSt8time_getIcSt19istreambuf_iteratorIcSt11char_traitsIcEEE16do_get_monthnameES3_S3_RSt8ios_baseRNSt5_IosbIiE8_IostateEPSt2tm
002cd0bf	cellSysmodule	cellSysmoduleSetInternalmode
002e18d8		_ZNSt6locale7_LocimpD0Ev
002e8da2	cellDmux	cellDmuxPeekAuEx
003395d9		_Feraise
00367be0		fminl
005200e6	cellL10n	UCS2toEUCJP
0053e2d8	libvdec	cellVdecOpenEx
005d0928	cellSsl	SSLCERT_check_private_key
006016da	cellAtrac	cellAtracGetBitrate
006c4900	cellSsl	cellSslCertGetNameEntryInfo
007854f4		_FDclass
0080fe88	cellSync2	cellSync2MutexUnlock
0091a3fd		_ZNKSt6locale9_GetfacetEj
00acf0e5		spu_printf_finalize
00af2519	cellSpurs	cellSpursJobGuardReset
00c3975e		_ZNSt15basic_streambufIcSt11char_traitsIcEE5_LockEv
00cf44f7		_ZNKSt7num_putIcSt19ostreambuf_iteratorIcSt11char_traitsIcEEE6do_putES3_RSt8ios_basecl
00fb4a6b		spu_thread_sprintf
00fde072		f_powf
01036193	cellFiber	cellFiberPpuContextReturnToThread
01067e22	cellPamf	cellPamfStreamTypeToEsFilterId
010818fc		asinf4
0109f3d3	cellFont	cellFontGetRenderEffectWeight
011ee38b	cellSpurs	_cellSpursLFQueueInitialize
01220224	cellResc	cellRescGcmSurface2RescSrc
0124a94b	cell_FreeType2	FT_Done_Library
0125b2ca		_rand_int32_TT800
012d0a91		_fminf4
01379fd7	sceNp2	sceNpMatching2DestroyContext
01409785		_ZNKSt8time_getIwSt19istreambuf_iteratorIwSt11char_traitsIwEEE7_GetintERS3_S5_iiRi
014786f2	sceNpTrophy	sceNpTrophyNetworkSync
01508f24		raw_spu_write_float
016556df		_sinf4
017024a8	cellMic	cellMicGetDeviceGUID
01711e81	sceNpTus	sceNpTusDeleteMultiSlotDataVUser
018281a8	cellSail	cellSailGraphicsAdapterGetFrame2
018a1381	cellSysutil	cellSysutilAvcSetLayoutMode
01a4cde0	cellUsbPspcm	cellUsbPspcmPollBindAsync
01aa0cef		_ZNKSt7num_getIwSt19istreambuf_iteratorIwSt11char_traitsIwEEE6do_getES3_S3_RSt8ios_baseRNSt5_IosbIiE8_IostateERx
01b0cbf4	cellL10n	l10n_convert
01b84b27		llround
01bbf2e0	cellSpursJq	cellSpursJobQueueGetSpurs
01c4ef01		_ZNSt6localeC2ERKS_S1_i
01cd9cfd	sceNp	sceNpCommerceGetChildProductSkuInfo
01d5f161	cellSsl	SSL_set_session
01d9b3f5		_ZNSt6localeC1EPKci
01ecef7d		_FCbuild
01f04d94	cellSysutil	cellSysutilGamePowerOff_I
01f81190		_ZNSt12codecvt_baseD1Ev
01fbbc9b	sceNp	sceNpBasicSendMessageGui
02065e3d	sceNp2	sceNpMatching2LeaveLobby
020b22f3		_ZNKSt7num_putIwSt19ostreambuf_iteratorIwSt11char_traitsIwEEE6do_putES3_RSt8ios_basewPKv
02170d1a	cellDmux	cellDmuxQueryEsAttr
021d6c1f	sceNpSns	sceNpSnsFbStreamPublish
0247c69e	cellSail	cellSailGraphicsAdapterGetFrame
0252efcc	cellLibprof	cellUserTraceInit
025b4974	cellSail	cellSailPlayerUnregisterSource
025ce169	cellSearchUtility	cellSearchGetMusicSelectionContext
0264f468		_Wctomb
0266a34c	cellSsl	SSL_set_connect_state
02671310	sys_fs	cellFsSetDefaultContainer
02955295	cellUsbPspcm	cellUsbPspcmRecvAsync
02c5417a	cellSysutilAvc2	cellSysutilAvc2GetPlayerInfo
02c73eb6	cellSsl	BIO_free
02dc41ee	cellSysutilAvc2	cellSysutilAvc2JoinChat
02e20ec1		__sys_printf_basename
02e40598		_ZNSt8time_getIwSt19istreambuf_iteratorIwSt11char_traitsIwEEE5_InitERKSt8_Locinfo
02e68d44		_f_fmodf
02e7e03e	cellGifDec	cellGifDecExtDecodeData
02eb41bb	libgem	cellGemGetEnvironmentLightingColor
02f4d325		spu_thread_read_double
02f52a3c		_filep_close_it
02f5ced0	cellCamera	cellCameraStop
02ff3c1b	cellSysutil	cellSysutilUnregisterCallback
03217f6f		_ZNSt19istreambuf_iteratorIcSt11char_traitsIcEE5_PeekEv
032cc709		csin
0339259c		_ZNKSt7num_putIcSt19ostreambuf_iteratorIcSt11char_traitsIcEEE6do_putES3_RSt8ios_basecPKv
033c18f4		_ZNSt8time_getIcSt19istreambuf_iteratorIcSt11char_traitsIcEEED1Ev
033c4905	cellSsl	cellSslCertGetRsaPublicKeyExponent
033d5ba0	sceNpMatchingInt	sceNpMatchingCancelRequest
0341bb97	sysPrxForUser	sys_prx_get_module_id_by_address
0356038c	cellL10n	UCS2toUTF32
03593d2c		_f_expf
039d70b7	cellSpurs	cellSpursQueueDetachLv2EventQueue
03a142b9	cellFont	cellFontGraphicsGetDrawType
03a2f42a	sceNp2	sceNpMatching2RegisterLobbyMessageCallback
03aea906		divf4
03becf3c		_Defloc
03c741a7	sceNp	sceNpMatchingGetResult
03cca12f		_ZNSt6localeC1ERKS_PKci
03d1843c	libsynth2	cellSoundSynth2Init
03d90241	cellSysmodule	cellSysmoduleSetDebugmode
03fd2caa	cellPamf	cellPamfReaderSetStreamWithTypeAndChannel
040c18ff		_ZNKSt7_MpunctIwE16do_decimal_pointEv
041cc708	cellPamf	cellPamfReaderGetStreamIndex
0423e622	sceNpTus	sceNpTusGetMultiSlotVariable
042e74e3	cellFont	cellFontCreateRenderer
04372385	sceNp	sceNpBasicGetFriendListEntry
04459230	cellNetCtl	cellNetCtlNetStartDialogLoadAsync
045e124a		_ZdaPv
0490855d		_ZNSt8numpunctIwE7_GetcatEPPKNSt6locale5facetE
04a183fc		strcpy
04a1f19d		raw_spu_write_short
04accebf	cellHttpUtil	cellHttpUtilBuildHeader
04af134e	cellAudio	cellAudioCreateNotifyEventQueue
04af4d22	cell_FreeType2	FT_Outline_GetOutsideBorder
04c06fc2	cellSaveData	cellSaveDataGetListItem
04ca5e6a	sceNp	sceNpScoreRecordGameData
04dd4855	cell_FreeType2	FT_Outline_Get_Orientation
04e1e1e4	cellSysutilAvc2	cellSysutilAvc2StopStreaming
04e7499f	cellDmux	cellDmuxSetStream
04e83d2c	sysPrxForUser	_sys_strncmp
05028763	cellL10n	jis2kuten
051ee3ee	sys_net	socketpoll
0522d1af		_recipf4
052a80d9	cellHttp	cellHttpCreateTransaction
052d29a6	sysPrxForUser	_sys_strcat
05319303	cellSsl	SSL_alert_desc_string_long
05371c8d	cellDmux	cellDmuxDisableEs
054aae63		_fdimf4
055bd74d	cellGcmSys	cellGcmGetTiledPitchSize
055c1462		_ZNSt15basic_streambufIcSt11char_traitsIcEED1Ev
055c1970	cell_FreeType2	FT_New_Size
0561448b	sceNp	sceNpCommerceGetDataFlagAbort
05709bbf	cellMic	cellMicOpenEx
0582338a	cellSpursJq	cellSpursJobQueueAttributeSetDoBusyWaiting
05893e7c	cellLibprof	cellUserTraceRegister
058addc8	cellL10n	UTF8toGB18030
05903101		_ZNKSt7collateIcE7do_hashEPKcS2_
0591826f	cellSearchUtility	cellSearchStartContentSearch
05a1377a	cellGcmSys	cellGcmGetFlipStatus2
05a9cef6		_ZNSt7_MpunctIcE5_InitERKSt8_Locinfo
05af1cb8	sceNp	sceNpBasicGetMatchingInvitationEntry
05bd4438	sys_net	sys_net_get_udpp2p_test_param
05bf2fbd	sceNp2	sceNpMatching2GetWorldInfoList
05c4ee8d	cellPesmUtility	cellPesmInitialize
05c65656	sysPrxForUser	sys_mempool_try_allocate_block
05cb1718		f_fdimf
05d65dff	sceNp	sceNpScoreGetRankingByNpId
05d821c4		_Stoullx
05e27a13		log10f4fast
05ec37c8		_ZSt10_MaklocstrIwEPT_PKcS1_RKSt7_Cvtvec
05efc660		asin
05f1dc9e		_FExp
05f214e0	cellFontFT	FTFaceH_GetMaxVerticalAdvance
060ee3b2	cellL10n	JISstoUTF8s
061049ad	cellFont	cellFontGraphicsSetFontRGBA
0618936b	sysPrxForUser	_sys_vsnprintf
0633edc2	cellSysutil	_ZN8cxmlutil9GetStringERKN4cxml7ElementEPKcPS5_Pj
06574237	sysPrxForUser	_sys_snprintf
065b610d	sceNpTus	sceNpTusSetMultiSlotVariableAsync
066bb1cf	cellMusicDecodeUtility	cellMusicDecodeSetDecodeCommand
068fcbc6	sys_io	sys_config_start
06a553df	cell_FreeType2	FT_Activate_Size
06a840f5	sys_lv2dbg	sys_dbg_set_stacksize_ppu_exception_handler
06bc5b51		_ZNKSt7_MpunctIwE16do_positive_signEv
06bcc1da	cellSsl	R_time
06be743d	cellFont	cellFontGetKerning
06dd4174	cellSail	cellSailRendererAudioFinalize
06ddb53e	cellAtrac	cellAtracSetSecondBuffer
06e681ed	sys_fs	cellFsAccess
06ecef1c	cellSsl	SSLCERT_get_subject_name
06edea9e	cellGcmSys	cellGcmSetUserHandler
070f1020	cellHttp	cellHttpClientGetTotalPoolSize
07168a83	cellL10n	SjisZen2Han
071928b0		_LNan
07236c83	cellSysutilAvc2	cellSysutilAvc2ChangeVideoResolution
07254fda	cellSync	cellSyncBarrierInitialize
07274304		csinh
07296d93	cellSsl	SSL_CTX_use_PrivateKey
073b89d5	cellSysutil	cellSysutilAvcGetSpeakerVolumeLevel
073fa321	cellFont	cellFontOpenFontsetOnMemory
074cd5b5	cellSsl	SSL_CIPHER_get_id
074dbb39	cellUsbd	cellUsbdAllocateMemory
07529113	cellSpurs	cellSpursAttributeSetNamePrefix
077cdb23		btowc
0783bce0	cellPhotoImportUtil	cellPhotoImport
0791015f	cellNetCtl	cellGameUpdateCheckStartAsyncEx
07924359	cellSail	cellSailPlayerCloseEsVideo
079f0e87	sceNpTrophy	sceNpTrophyGetGameProgress
07a3bd16		_ZNSt6locale7_LocimpD1Ev
07b6c924		_ZTv0_n12_NSt13basic_ostreamIwSt11char_traitsIwEED1Ev
07c7971d		_Stoldx
07daed62		log2f4
07e1b12c	cellMic	cellMicRead
07f400e3		_LCbuild
080414bd		conjl
08139bd2		_fmaxf4
081c98be	cellFiber	cellFiberPpuContextRunScheduler
08269f37	cellSysutil	cellSysutilAvcGetShowStatus
0829a21d		asinhl
082bfb09	cellSpurs	_cellSpursQueueInitialize
0835deb2	sceNpTus	sceNpTusSetDataVUser
0836f1f7	cellDtcpIpUtility	cellDtcpIpRead
084b6efd	libsnd3	cellSnd3SMFBind
084eb81a	cell_FreeType2	FT_Stream_OpenLZW
085bff4f		_ZNSt15basic_streambufIwSt11char_traitsIwEE5_LockEv
0871ffb0		mspace_malloc_usable_size
0884fc95	sceNp2	sceNpMatching2RegisterLobbyEventCallback
0891a3fa		_Tlsfree
08cbd8e1	cellPhotoUtility	cellPhotoExportInitialize2
08db2adf	cellSysconfExtUtility	cellSysconfBtGetDeviceList
08e1865c		_ZNKSt8numpunctIwE16do_thousands_sepEv
08ef08a9	sys_lv2dbg	sys_dbg_get_spu_thread_group_ids
090eb5c8	cellCamera	cellCameraSetContainer
09565b21	cellOskExtUtility	cellOskDialogExtInputDeviceUnlock
095e12c6	sceNpClans	sceNpClansSendInvitationResponse
0968aa36	sceNp	sceNpManagerGetTicket
09cbee1e		strxfrm
09ce84ac	cellPhotoUtility	cellPhotoExportFromFile
09de25fd	cellSail	cellSailPlayerIsEsAudioMuted
09e73a2a		_ZNKSt7codecvtIwcSt9_MbstatetE11do_encodingEv
09f9e1a9	sceNpClans	sceNpClansUpdateClanInfo
0a1d4b00		spu_thread_read_uint
0a2069c7	cellResc	cellRescGetNumColorBuffers
0a242ed5		sinf4
0a25b6c8	cellFiber	cellFiberPpuContextEnterScheduler
0a331920		_Clocale
0a373522	cellPrintUtility	cellPrintSendBand
0a3ea2a9	cellSailRec	cellSailRecorderSetParameter
0a4c8295	cellSearchUtility	cellSearchStartListSearch
0a4e2541		spu_thread_read_ldouble
0a563878	cellVoice	cellVoiceStart
0a7306a4	cellFont	cellFontOpenFontFile
0a862772	cellGcmSys	cellGcmSetQueueHandler
0aa1b8de	cell_FreeType2	FT_Vector_Rotate
0aadf8d3	libsnd3	cellSnd3VoiceGetStatus
0abb318b	cellSail	cellSailDescriptorCreateDatabase
0ae275a4		_Stolx
0af56d94	cell_FreeType2	FT_Set_MM_Design_Coordinates
0b017e2b	sys_net	_sce_net_add_name_server
0b0d272f		_malloc_finalize
0b168f92	cellAudio	cellAudioInit
0b2218a3	sceNp2	sceNpMatching2GetLobbyMemberDataInternalList
0b2e15ed		_malloc_limit
0b3f4e90		catanhf
0b411261	cell_FreeType2	FTC_Manager_LookupFace
0b45cd84	cellSysutilAvc2	cellSysutilAvc2ShowScreen
0b461648	cellMusicUtility	cellMusicGetSelectionContext
0b4b62d5	cellGcmSys	cellGcmSetPrepareFlip
0b8d63ae	cellSysutil	cellSysutilPacketEnd
0b9d04d0		_Getnloc
0b9ecb98		toupper_ascii
0b9fea5f	cellHttp	cellHttpRequestGetHeader
0ba5483c		_ZNKSt12codecvt_base11do_encodingEv
0bae8772	cellSysutil	cellVideoOutConfigure
0baf90fe	cellFont	cellFontGetRenderScaledKerning
0bb036a6		_cosf4
0bc08c57		_ZNKSt7collateIwE7do_hashEPKwS2_
0bc386c8	cellL10n	ToSjisLower
0bcc1910		_ZNSt10ostrstreamD2Ev
0bddef7d	cellSysutilAvconfExt	cellAudioOutUnregisterDevice
0bedf77d	cellL10n	UCS2toGB18030
0bf867e2	cellL10n	HZstoUCS2s
0c08dd3a	cell_FreeType2	FTC_Manager_New
0c14cfcc		fesetenv
0c2983ac	cellSync2	cellSync2SemaphoreRelease
0c316b87	cellSysutil	cellWebBrowserConfigGetHeapSize2
0c44f441	cellFiber	cellFiberPpuYield
0c4cb439	cellSail	cellSailFutureReset
0c515302	cellPngDec	cellPngDecExtOpen
0c7cb9f7	cellSync	cellSyncLFQueueGetEntrySize
0c8cae53	cell_FreeType2	FT_Stroker_Done
0c8ec006	libsnd3	cellSnd3VoiceSetPanpot
0c9a0ea9	cellSync2	cellSync2QueueTryPop
0c9b8305		hypotf4
0cae547f		raw_spu_write_double
0cbdae68		sinf
0cbedf6a	cellCamera	cellCameraClosePost
0ce13c6b	cellNetCtl	cellNetCtlAddHandler
0ce278fd	cellL10n	UCS2stoHZs
0cf2b78b	cellJpgEnc	cellJpgEncReset
0cf9b8bd		_Erfc
0d0c2f0c	cellSail	cellSailDescriptorSetEs
0d106a11	cellFont	cellFontGetRenderScalePixel
0d10fd3f		module_prologue
0d15043b	sceNpTus	sceNpTusGetMultiUserVariable
0d22867f	sceNp2	sceNpMatching2SearchRoom
0d2a593b		srand
0d38e130	cellSsl	SSL_get_rbio
0d3c22ce	cellResc	cellRescSetWaitFlip
0d4290d2		_ZNSt12length_errorD0Ev
0d44f661	cellPrintUtility	cellPrintEndPage
0d5b4a14	sys_fs	cellFsReadWithOffset
0d5f2c14	sys_io	cellPadClearBuf
0d644dca		_ZNKSt8time_getIcSt19istreambuf_iteratorIcSt11char_traitsIcEEE11do_get_dateES3_S3_RSt8ios_baseRNSt5_IosbIiE8_IostateEPSt2tm
0d69929e	cellSpursJq	_cellSpursJobQueueAllocateJobDescriptorBody
0d846d63	cellHttp	cellHttpCookieImportWithClientId
0d86295d		_LCaddcr
0d884b17	libad_core	sceAdOpenContext
0d896b97	cellHttp	cellHttpSetProxy
0d8a2de0		_CStrxfrm
0d90a48d	cellL10n	UCS2stoSJISs
0d9c65be	cellHttp	cellHttpClientGetAllHeaders
0dbb3f51	cellSsl	SSL_clear
0df25834	sceNpClans	sceNpClansRetrieveChallenges
0df8809f		__call_functions_registered_with_atexit
0dfbadfa	cellKey2char	cellKey2CharSetArrangement
0e091c36	cellSysutil	cellSaveDataUserListAutoSave
0e147a9d		_ZNSt13basic_filebufIwSt11char_traitsIwEE9pbackfailEi
0e2939e5	sys_fs	cellFsFtruncate
0e2dfaad	sys_io	cellPadInfoPressMode
0e363ae7	cellImeJpUtility	cellImeJpGetFocusTop
0e53319f		_asinf4
0e5fe585	cellGcmSys	cellGcmSetFlipHandler2
0e63c444	cellCamera	cellCameraGetBufferInfoEx
0e6b0dae	cellGcmSys	cellGcmGetDisplayInfo
0e744ef5		_ZNSt9money_getIwSt19istreambuf_iteratorIwSt11char_traitsIwEEED1Ev
0e8573dc		expm1l
0e9698af		_ZNSt7codecvtIwcSt9_MbstatetED1Ev
0e9a5554		_ZNSt13basic_istreamIwSt11char_traitsIwEED0Ev
0eb4bc38	cellSpurs	cellSpursWorkloadAttributeSetShutdownCompletionEventHook
0ebe4c6b	sceNp2	sceNpMatching2SignalingGetConnectionStatus
0ecd2261	libgem	cellGemUpdateStart
0ef17399	cellHttp	cellHttpTransactionGetUri
0f02f882		llrintl
0f03cfb0	cellSysutil	cellSaveDataUserListSave
0f03f712	cellSpursJq	cellSpursJobQueueAttributeSetSubmitWithEntryLock
0f1f13d3	cellNetCtl	cellNetCtlNetStartDialogUnloadAsync
0f411262	cellUsbd	cellUsbdInterruptTransfer
0f424ecb	cellPhotoDecodeUtil	cellPhotoDecodeInitialize2
0f428f0f		rint
0f5a2afb	cellSysutilAvc2	cellSysutilAvc2GetVideoMuting
0f60eb63		vfwscanf
0f624540	cellL10n	kuten2eucjp
0f6ab57b	cellCelp8Enc	cellCelp8EncStart
0f721a9d		_LCsubcc
0f7b3b6d	cellUsbPspcm	cellUsbPspcmEnd
0f8a3b6b	cellSysutil	cellWebBrowserConfigSetMimeSet
0f930fdd		_ZNSt13messages_baseD2Ev
0f9667b6	cellAtrac	cellAtracGetChannel
0fbc732d		_Zero
0ff264b9		_ZNSt15basic_streambufIcSt11char_traitsIcEE4syncEv
0ff4722c		raw_spu_read_ushort
0ffb4665	cellAtracMulti	cellAtracMultiCreateDecoder
1022e6d6	sceNp2	sceNpMatching2SetUserInfo
10231873		_ZNSt13runtime_errorD1Ev
10298371	cellSail	cellSailAviMovieGetHeader
103b8632	sys_fs	cellFsAllocateFileAreaWithInitialData
103d6b46	cellSysutilAvc2	cellSysutilAvc2GetWindowAttribute
104551a6	sceNpCommerce2	sceNpCommerce2DoCheckoutStartAsync
1051d134	cellSpurs	cellSpursAttributeEnableSpuPrintfIfAvailable
105ee2cb	cellNetCtl	cellNetCtlTerm
10627248		f_fmodf
10697d7f	cellCamera	cellCameraGetBufferInfo
107bf3a1	cellGcmSys	cellGcmInitCursor
1096f8f1		ispunct_ascii
1098a99d		localeconv
10b81ed6	sys_net	sys_net_set_udpp2p_test_param
10c81457	cellSailRec	cellSailRecorderOpenStream
10cabeff	cellSysutil	cellWebBrowserGetUsrdataOnGameExit
10d0d7fc	cellHttp	cellHttpResponseGetStatusCode
10dae56d	cellNetCtl	cellGameUpdateTerm
10db5b1a	cellResc	cellRescSetDsts
10dc3f6c		_ZNSbIwSt11char_traitsIwESaIwEE6appendEjw
10ef39f6	cellVpost	cellVpostClose
11077159	libgem	cellGemReadExternalPortDeviceInfo
112a5ee9	cellSysmodule	cellSysmoduleUnloadModule
112ea8ea		strspn
1130ebe7	cellFontFT	FTFaceH_SetRenderEffectSlant
1139a206	cellSail	cellSailPlayerSetSoundAdapter
113a515f		_ZNKSt8messagesIcE7do_openERKSsRKSt6locale
113b0bea	sys_lv2dbg	sys_dbg_get_ppu_thread_ids
114e9178		_ZNSt11logic_errorD0Ev
115e2f70		spu_thread_snprintf
116a7da9	cellGifDec	cellGifDecClose
116cda13		wcstol
1171aa63	cell_FreeType2	FT_Angle_Diff
117cd726	cellPngEnc	cellPngEncClose
118712ea		islower
1197b52c	sceNpTrophy	sceNpTrophyRegisterContext
11bc3a6c	cellDmux	cellDmuxOpen2
11c51388		tgamma
11d270d2		exitspawn
11f071cb	cellSysutilAvc2	cellSysutilAvc2StopStreaming2
11f777b7	cellNetCtl	cellNetCtlGetInfoGameInt
12034412	sceNp2	sceNpMatching2GetClanLobbyId
121dec32	libmixer	cellSurMixerChStripGetAANPortNo
1221a1bf	sceNpClans	sceNpClansSearchByProfile
1225dd31		casinf
122d3db1	cellRtcAlarm	cellRtcAlarmRegister
122e0d0f	cellVideoUpload	cellVideoUploadInitialize
1249c1d1	cellHttp	cellHttpClientGetConnectionWaitTimeout
126656b7		_Btowc
128b334f		raw_spu_read_mem
128cd621		_ZNKSt5ctypeIwE10do_scan_isEsPKwS2_
129663d0	sceNp2	sceNpMatching2GetLobbyMemberDataInternal
129922a0	cellResc	cellRescResetFlipStatus
12a55fb7		mbrtowc
12b1acf0	cellFiber	cellFiberPpuRunFibers
12d0b0f9	sceNp2	sceNpMatching2ContextStart
12d9b6c5	cellJpgEnc	cellJpgEncQueryAttr
12de4e46		_powf4
12de5772		_ZNKSt9money_getIcSt19istreambuf_iteratorIcSt11char_traitsIcEEE6do_getES3_S3_bRSt8ios_baseRNSt5_IosbIiE8_IostateERSs
12e04cd7		cimagl
12f0a27d	cellSync2	cellSync2QueueGetSize
130150ea	cellHttp	cellHttpClientGetRecvBufferSize
130d20a5		towlower
1313a420		acos
1324948a	cellRtc	cellRtcFormatRfc3339LocalTime
13268e21	cell_FreeType2	FT_Bitmap_New
134034ce	cellSysutil	_ZN8cxmlutil6GetIntERKN4cxml7ElementEPKcPi
1350864e	cellCamera	cellCameraResetAttribute
13524faa	cellSearchUtility	cellSearchStartSceneSearch
1365b52a		fcntl
13671514	cellSpursJq	cellSpursJobQueueSetWaitingMode
1374b8c8		_ZNSt10moneypunctIcLb0EED1Ev
137f7e77		expf4
13808972		wcstok
1387c45c	cellFont	cellFontGetHorizontalLayout
1395d8d1	cellHttp	cellHttpClientSetSslCallback
139a9e9b	sys_net	sys_net_initialize_network_ex
13ae18f3	cellSpurs	cellSpursTaskExitCodeGet
13ea7c64	libgem	cellGemInit
13efe7f5	sys_net	getsockname
13fe767b	cellHttp	cellHttpClientSetCookieRecvCallback
14052ae0		absi4
14208b00		_asinf4fast
1422a425	cellSailRec	cellSailProfileSetEsVideoParameter
143048bf		_ZNSt15basic_streambufIcSt11char_traitsIcEE7seekoffElNSt5_IosbIiE8_SeekdirENS4_9_OpenmodeE
14348b57		divi4
143f46a4	cellSysutilAvcExt	cellSysutilAvcExtStopCameraDetection
14497465	sceNp	sceNpMatchingQuickMatchGUI
145853cd		mspace_destroy
145f9b11	cellSail	cellSailPlayerOpenEsAudio
146618df	sceNpCommerce2	sceNpCommerce2GetProductInfoListGetResult
1474ac53		_ZNKSt7num_getIwSt19istreambuf_iteratorIwSt11char_traitsIwEEE6do_getES3_S3_RSt8ios_baseRNSt5_IosbIiE8_IostateERt
14937714	cellSysutilAvc2	cellSysutilAvc2SetVoiceMuting
1498a072		_Cmulcr
14bc1d1e	libmixer	cellSurMixerPause
14bf2dc1	cellKey2char	cellKey2CharClose
14bfc765	cellHttp	cellHttpClientGetConnTimeout
14d58c7a	sys_fs	cellFsMappedAllocate
14e3faa5		_ZNKSt5ctypeIwE9do_narrowEwc
14ee3649	cellL10n	sjis2jis
14f504b8	cellL10n	EUCKRstoUCS2s
150fdca3	sceNpCommerce2	sceNpCommerce2GetContentRatingDescriptor
1527fe95		_ZNSt15basic_streambufIwSt11char_traitsIwEE4syncEv
1529e506	cellAdec	cellAdecDecodeAu
1533c6a9	libvdec	cellVdecDecodeAuEx2
15362bc9		spu_thread_read_long
153b364a		mkdir
155de760	sceNp	sceNpSignalingGetConnectionInfo
156fe2f0	cellM4AacDec2chmod	_SceAdecCorrectPtsValue_M4Aac2chmod
1573dc3f	sysPrxForUser	sys_lwmutex_lock
1576e4f2	cellMusicDecodeUtility	cellMusicDecodeGetDecodeStatus2
157d30c5	cellPngDec	cellPngDecCreate
15934401	cellSpursJq	cellSpursJobQueueGetSuspendedJobSize
15a11d97	cell_FreeType2	FTC_SBitCache_New
15b0b0cd	cellSysutil	cellVideoOutGetConfiguration
15bae46b	cellGcmSys	_cellGcmInitBody
15bdcc00		rand
15c2e29d		isgraph_ascii
15df71ed	cellSysutil	cellSysutilAvcLoadAsync
15ec0cca	cellCelpEnc	cellCelpEncClose
15fd6a2a	cellSail	cellSailDescriptorClose
161da6a7	cellSpurs	cellSpursJobChainGetError
16214411	cellHttp	cellHttpRequestDeleteHeader
16322df1	cellFont	cellFontGraphicsSetScalePixel
16394a4e	cellSpurs	_cellSpursTasksetAttributeInitialize
164843a7	cellSync2	cellSync2SemaphoreFinalize
1650aea4	cellSsl	cellSslEnd
1656d49f	cellSpurs	cellSpursLFQueueAttachLv2EventQueue
16698e83	libvdec	cellVdecClose
166dcc11	sceNp	sceNpLookupNpId
1672170e	sceNp	sceNpScoreRecordScore
167ea63e	cellSync	cellSyncLFQueueSize
1686957e	cellSpursJq	cellSpursJobQueueAttributeSetMaxSizeJobDescriptor
168a3117	sceNp	sceNpBasicAddPlayersHistory
168fcece	sceNp	sceNpManagerGetAccountAge
1692ae0c		_ZNSt6localeD1Ev
16b3e5a4	sceNp2	sceNpMatching2CreateServerContext
16b4ba78	cellCamera	cellCameraCloseAsync
16bf208a		log10f
16df5ecb		_ZNKSt12codecvt_base16do_always_noconvEv
16eaf5f1	cellL10n	UHCstoEUCKRs
16f1ce55	sys_net	_sce_net_set_ip_and_mask
16f88a6f	sceNp	sceNpManagerGetPsHandle
16ff9ba0	cellSysutilAvc2	cellSysutilAvc2StartVoiceDetection
17001000	cellSpurs	cellSpursAddUrgentCommand
170829d3	sceNpMatchingInt	sceNpMatchingGetRoomMemberList
172c3197	cellGcmSys	cellGcmSetDefaultCommandBufferAndSegmentWordSize
17316bee		log2
17481336	cellSysutilAvc2	cellSysutilAvc2UnloadAsync
1758053c	cellL10n	jis2sjis
17667744		_LInf
17752bab		wcsftime
177bd218	cellImeJpUtility	cellImeJpGetCandidateSelect
178982d9	cellSysutilAvc2	cellSysutilAvc2StopVoiceDetection
178d98dd		atanf4fast
17932b26	cellSail	cellSailPlayerInitialize
17bc0136		_Lrv2d
17c031d7		spu_thread_read_ulong
17c702b9	libvdec	cellVdecGetPicItem
17cd5d87		_recipf4fast
17d1213b	cellAudio	cellAudioSendAck
17db7aa7	sceNpTus	sceNpTusTryAndSetVariableVUserAsync
17dbe8b3	cellSysutil	cellSysutilAvcJoinRequest
17dd0a4e		_ZNKSt7_MpunctIwE16do_negative_signEv
17f42197	cellUsbPspcm	cellUsbPspcmBindAsync
17fb83c1	cellGifDec	cellGifDecExtOpen
1827e724	cell_FreeType2	FT_List_Up
182cd542		tgammal
182d9890	cellSpurs	cellSpursRequestIdleSpu
18484dc6	cell_FreeType2	FT_Stroker_Export
184a21da	cell_FreeType2	FT_Get_PFR_Advance
185591d6	cellDTSLBRdec	_SceAdecCorrectPtsValue_DtsLbr
1855b9b1		setlocale
1860f909	sys_lv2dbg	sys_dbg_get_spu_thread_ids
18628537		_ZNKSt8numpunctIcE16do_decimal_pointEv
18668ce3		exp
186b98d3	cellSail	cellSailPlayerGetRegisteredProtocols
186bcc94		_ZNSt8ios_base4InitD1Ev
186cb1fb	cellMic	cellMicIsOpen
186e96bc	cellSsl	SSL_set_bio
1872331b	cellSail	cellSailGraphicsAdapterPtsToTimePosition
1895908d		mspace_realloc
189a74da	cellSysutil	cellSysutilCheckCallback
18a38254		_ZNSt10ctype_baseD1Ev
18b26998		remainderl
18b294d0	cellCamera	cellCameraResetAsync
18b4629d	cellSail	cellSailPlayerFinalize
18bcd21b	cellSail	cellSailPlayerSetGraphicsAdapter
18c23bdf	cell_FreeType2	FT_Outline_Get_Bitmap
18d0ada6	cellSysutilAvconfExt	cellAudioOutGetDeviceInfo2
18d3df30	cellVoice	cellVoiceDisconnectIPortFromOPort
18dd4604	sys_fs	cellFsOpen2
18e48b5d		wscanf
18ea899a	libgem	cellGemGetTrackerHue
18ec6099		rintl
18ecc741	cellSailRec	cellSailRecorderStop
18f7b77d		_Dnorm
1904435e	sceNpTus	sceNpTusCreateTransactionCtx
1906ce6b	cellL10n	jstrnchk
190912f6	sys_fs	cellFsStReadGetCurrentAddr
1917359d	cellSpursJq	_cellSpursJobQueuePortCopyPushJobBody
191f0c4a	sysPrxForUser	_sys_strrchr
19256dc5	cellPngEnc	cellPngEncOpen
195716db	cellPesmUtility	cellPesmFinalize
196a06f9	sceNp2	sceNpMatching2GetMemoryInfo
1970cd7e		getpid
19726757	cellSsl	SSL_peek
197fc348		_ZNSt7num_putIwSt19ostreambuf_iteratorIwSt11char_traitsIwEEED1Ev
1986f2cd	cellImeJpUtility	cellImeJpGetPredictList
1988732d		clog10
1989f59c		_ZNSt8ios_base17register_callbackEPFvNS_5eventERS_iEi
198a0710	libsnd3	cellSnd3SMFSetPlayPanpotEx
19a2a967	cellResc	cellRescSetPalInterpolateDropFlexRatio
19bce18c	sceNpTus	sceNpTusPollAsync
19c901ce		_ZTv0_n12_NSt9strstreamD0Ev
19ccbb81		mktime
1a00f889		_ZNSt9exceptionD2Ev
1a0de550	cellGcmSys	cellGcmSetCursorPosition
1a108ab7	sys_fs	cellFsGetBlockSize
1a13d010	libgem	cellGemConvertVideoFinish
1a1adede		rsqrtf4fast
1a218fe4	cellFont	cellFontRenderCharGlyphImageHorizontal
1a2518a2	libgem	cellGemEnableMagnetometer
1a267f98	cellSysmodule	cellSysmoduleLoadModuleEx
1a2704f7	sceNp	sceNpScoreWaitAsync
1a324e03	cellSysutilAvconfExt	cellVideoOutSetCopyControl
1a3fcb69	sceNp	sceNpCommerceGetSkuUserData
1a4f2fa6		_ZNSt8ios_base7failureD0Ev
1a65f1cf	cellGcmSys	cellGcmResetFlipStatus2
1a789b68	cell_FreeType2	FT_Realloc
1a7f963c		_ZNKSt8numpunctIcE11do_truenameEv
1a91874b	cellSysutil	cellWebBrowserConfigSetFullScreen2
1ab01ea8		truncate
1ab8df55	cellPhotoImportUtil	cellPhotoImport2
1abd0985		div
1abeb9d6	cellPamf	cellPamfEpIteratorGetEp
1ac0d23d	cellL10n	L10nConvert
1ac58d11	cellHttp	cellHttpFlushCache
1acb2b16		acosf4
1ae06860		wcstoumax
1ae10b92	sysPrxForUser	_sys_spu_printf_attach_thread
1ae28192	cellAtracMulti	cellAtracMultiAddStreamData
1ae2acee	cellL10n	EUCCNstoUTF8s
1ae8a549	sceNp	sceNpBasicAddBlockListEntry
1aeb33a5	cell_FreeType2	FT_Bitmap_Embolden
1b0b915e	sys_fs	cellFsLsnGetCDA
1b119958	cellImeJpUtility	cellImeJpOpen3
1b266c3d		_ZNSt9money_getIcSt19istreambuf_iteratorIcSt11char_traitsIcEEE7_GetcatEPPKNSt6locale5facetE
1b30cc22	libgem	cellGemGetRGB
1b42101b	cellMic	cellMicIsAttached
1b4c3ff0		atexit
1b52fcd5	libsnd3	cellSnd3NoteOn
1b5bdcc6	cellHttp	cellHttpAddCookieWithClientId
1b5d641f	libmixer	cellSSPlayerSetWave
1b6643ac	cellSsl	SSL_CTX_set_app_verify_cb
1b67409d	cellFontFT	FTCacheStream_End
1b6a7482		_ZNKSt7_MpunctIwE13do_neg_formatEv
1b6ad260		_ZSt13resetiosflagsNSt5_IosbIiE9_FmtflagsE
1b6e8cd2	cellSysutilAvcExt	cellSysutilAvcExtSetWindowRotation
1b6eea7e	cellSpursJq	_cellSpursJobQueuePortPushJobListBody
1b6f28a5	cell_FreeType2	FT_Outline_Get_CBox
1b6f5f4d	libad_core	sceAdFlushReports
1b9b3b5c		_ZNSt8time_getIcSt19istreambuf_iteratorIcSt11char_traitsIcEEED0Ev
1bb675c2	cellSync	cellSyncMutexLock
1bb79ff4	cellVideoExportUtility	cellVideoExportProgress
1bbada6a	cellSsl	_cellSslPemReadPrivateKey
1bbdcd9f		expm1f4
1bc200f4	sysPrxForUser	sys_lwmutex_unlock
1bccd2ca		_ZNKSt8time_getIcSt19istreambuf_iteratorIcSt11char_traitsIcEEE7_GetintERS3_S5_iiRi
1bcdeb47		_LSinh
1bd633f8	cellGcmSys	_cellGcmFunc3
1be16005	cellSsl	EVP_PKEY_free
1be2b4e0	cellSysutilAvc2	cellSysutilAvc2GetAttribute
1be996cc		_LCdivcc
1bfbe848	cell_FreeType2	FT_New_Memory_Face
1c0e8ab6		vswscanf
1c11885d		_floorf4
1c153e5c	sceNpCommerce2	sceNpCommerce2EmptyStoreCheckAbort
1c25470d	sceNpTrophy	sceNpTrophyCreateHandle
1c2ef212		getwc
1c3f1c4f		_ZNSt6_MutexD1Ev
1c5f3492	cellSysutil	_ZNK4cxml7Element12GetAttributeEPKcPNS_9AttributeE
1c6e4dbb	cellHttpUtil	cellHttpUtilBuildRequestLine
1c8083c5		_ZNSt12strstreambufD0Ev
1c8405dc		_ZNSt7_MpunctIcEC2Ejb
1c983864	cellSail	cellSailGraphicsAdapterInitialize
1c9a942c	sysPrxForUser	sys_lwcond_destroy
1c9d5e5a	cellSail	cellSailSoundAdapterSetPreferredFormat
1ca525a2	sysPrxForUser	_sys_strncasecmp
1caec657	sys_fs	cellFsFGetBlockSize2
1cb1138f	cellL10n	GBKstoUCS2s
1ce88676	cellSsl	SSLCERT_NAME_ENTRY_get_info
1cedf8d0	cell_FreeType2	FT_Done_Face
1cf4d80a		iswalpha
1cf6785d		_ZSt9use_facetISt5ctypeIwEERKT_RKSt6locale
1cf745bc		_LErf_one
1cf98800	sys_io	cellPadInit
1cfa1a11	cellSysutilAvconfExt	cellVideoOutSetXVColor
1d14d6e4	sys_net	sys_net_get_lib_name_server
1d2bca4b	cellSpurs	cellSpursSendWorkloadSignal
1d344406	cellSpurs	cellSpursTaskGetLoadableSegmentPattern
1d35bfe4		_LLog
1d43fb44		_ZSt9use_facetISt8numpunctIwEERKT_RKSt6locale
1d46fedf	cellSpurs	cellSpursCreateTaskWithAttribute
1d5bf5d0		_modff4
1d73ab8c	cellSysutilAvc2	cellSysutilAvc2LoadAsync
1d7f54eb	libsnd3	cellSnd3Note2Pitch
1d99c3ee	cellSysutil	cellOskDialogGetInputText
1da42d70	cellL10n	eucjphan2zen
1da890c7	cellSpursJq	_cellSpursJobQueuePushAndReleaseJobBody
1dcd8609		_Strxfrmx
1dd0d4c5		spu_printf_attach_group
1dd3c4cd	cellResc	cellRescGetRegisterCount
1df4732e		_Getptolower
1dfbfdd6	cellSysutil	cellSaveDataListLoad2
1dfcce99	cellSysutil	cellSysutilGameDataExit
1e0870d1	sceNpTus	sceNpTssGetDataAsync
1e1b4c97	cellOskExtUtility	cellOskDialogExtRegisterKeyboardEventHookCallback
1e287e88	cell_FreeType2	FT_Get_Glyph_Name
1e29103b	cellImeJpUtility	cellImeJpConvertForward
1e411261	cellImeJpUtility	cellImeJpMoveFocusClause
1e585b5d	cellNetCtl	cellNetCtlGetInfo
1e623f95		truncf4
1e7a247a	cellFiber	cellFiberPpuUtilWorkerControlRunFibers
1e7bff94	cellSysutil	cellSysCacheMount
1e85ef02		f_atanf
1e930eef	cellSysutil	cellVideoOutGetDeviceInfo
1e989496	cellSearchUtility	cellSearchGetContentInfoSharable
1e9d2b4f		spu_thread_read_int
1e9fd6ba		_sinf4fast
1ea00da8	cellSsl	SSL_CIPHER_get_name
1ea02e2f	sys_fs	cellFsArcadeHddSerialNumber
1ebcf459	cellSpurs	cellSpursDestroyTaskset2
1ec712e0	cellL10n	ToSjisHira
1ecae195		_Vacopy
1ed454ce	sysPrxForUser	sys_spu_elf_get_information
1ee13e83		_ZNSt6locale5facetD0Ev
1ef115ef	cellSysmodule	cellSysmoduleGetImagesize
1f2e9f4e		_ZNSt15basic_streambufIwSt11char_traitsIwEE9underflowEv
1f372697	sceNp2	sceNpMatching2LeaveRoom
1f3a9ada		_ZNSt12strstreambuf7seekposESt4fposISt9_MbstatetENSt5_IosbIiE9_OpenmodeE
1f3cd9f1	fs_utility_init	fs_utility_init_1F3CD9F1
1f402f8f	cellSpurs	cellSpursGetInfo
1f61b3ff	cellGcmSys	cellGcmDumpGraphicsError
1f6328d8	libgem	cellGemWriteExternalPort
1f6629e4	cellSysutil	cellWebBrowserConfigSetErrorHook2
1f71ecbe	sys_io	cellKbGetConfiguration
1f913e8d		chmod
1f925c41		_allocate_mapped_pages
1f953b9f	sys_net	recvfrom
1fa1b312	sceNpCommerce2	sceNpCommerce2GetStoreBrowseUserdata
1fa5c87d	sceNpTus	sceNpTusAddAndGetVariableAsync
1fa740db	sceNp	_Z33_sce_np_sysutil_send_empty_packetiPN16sysutil_cxmlutil11FixedMemoryEPKcS3_
1fb50183	cellL10n	GBKtoUCS2
1fcaeebb	cell_FreeType2	FT_Outline_Decompose
1fdb3ec2	sceNp	sceNpLookupUserProfileWithAvatarSizeAsync
1ff82b63	sys_fs	cellFsLsnLock
2033b878	cellHttp	cellHttpClientCloseAllConnections
2033eeb7		csqrt
203fbea3	cellSsl	BIO_get_retry_reason
20472da0	sceNpClans	sceNpClansGetMemberInfo
20543730	cellSysutil	cellMsgDialogClose
205fe2a0	cellSysmodule	cellSysmoduleUnloadModuleFile
206612c4		spu_thread_read_ptr
2070a73d		_ZNSt6locale7_LocimpC1ERKS0_
2073b7f6	sys_io	cellKbClearBuf
207621a8	cellSysutilAvc2	cellSysutilAvc2SetSpeakerVolumeLevel
207b56fa		_ZNKSt7num_getIcSt19istreambuf_iteratorIcSt11char_traitsIcEEE8_GetffldEPcRS3_S6_RKSt6locale
2093252b	cellSpurs	cellSpursQueueGetTasksetAddress
20957cd4	cellSysutil	_ZN16sysutil_cxmlutil12PacketWriterC1EiiRN4cxml8DocumentE
2099f86e	cellCelp8Enc	cellCelp8EncEncodeFrame
20a02b6d		_ZNSt6locale2idcvjEv
20a97ba2	sys_io	cellPadLddRegisterController
20bafe31	cellVoice	cellVoiceDebugTopology
20def6c6	libsnd3	cellSnd3VoiceAllKeyOff
20f7e066		_ZNSt10moneypunctIwLb0EED0Ev
21036f4e	cellSysutilAvconfExt	cellVideoOutGetResolutionAvailability2
210b2f6e		_FNan
2118fe46		cexpl
211d8ba3	cellHttp	cellHttpClientSetAutoRedirect
21206642	sceNp	sceNpScoreGetRankingByRangeAsync
21397818	cellGcmSys	_cellGcmSetFlipCommand
21425307	cellSysutil	cellSaveDataListAutoLoad
215b0d75	sceNp2	sceNpMatching2SetRoomDataExternal
21659e45		_ZNKSt7num_putIcSt19ostreambuf_iteratorIcSt11char_traitsIcEEE5_FputES3_RSt8ios_basecPKcjjjj
2165e05a	libsynth2	cellSoundSynth2SetAddr
216984ed		spu_thread_write_long
216fcd2a		_Atrealloc
21807b8e		towctrans
218b64da	cellSsl	cellSslCertGetNotAfter
21948c03	cellL10n	eucjp2jis
21a37b3e		log1pf
21a62e9b	sys_io	cellMouseGetTabletDataList
21aa3045	cellL10n	UTF32stoUTF8s
21ac3697	cellGcmSys	cellGcmAddressToOffset
21cee035	cellGcmSys	cellGcmGetNotifyDataAddress
21d424f0	cellDmux	cellDmuxResetEs
21d67eef	cellNetCtl	cellNetCtlConnectGameInt
21e6d304		ceil
21ebb248	cellFont	cellFontDestroyRenderer
21fc0c71	cellSysutil	cellGameUnregisterDiscChangeCallback
21fc151f	cellCamera	cellCameraReadEx
220894e3	cellSysutil	cellSysutilEnableBgmPlayback
222fd339	cellNetAoi	cellNetAoiDeletePeer
224e1610	cellHttp	cellHttpClientSetRecvTimeout
225142bd	cellSysutilAvc2	cellSysutilAvc2SetWindowString
225702e1		_fs_initialize
2259ef96		_LGamma_big
225aed26	sceNpTus	sceNpTusTerm
226cd693	sys_fs	cellFsLsnUnlock
22777290		_ZNSs7replaceEjjPKcj
227e1e3c	cellFont	cellFontSetupRenderScalePixel
227f8763	sceNp	sceNpScoreGetClansRankingByClanIdAsync
22916f45	sys_lv2dbg	sys_dbg_register_ppu_exception_handler
229a0963		_ZNKSt5ctypeIwE5do_isEsw
22a36b23	cellSysutilAvcExt	cellSysutilAvcExtGetWindowPosition
22aab31d	cellSpurs	cellSpursEventFlagDetachLv2EventQueue
22ae06d8	cellResc	cellRescAdjustAspectRatio
22b0e566		_Stollx
22c3e308		_exp2f4
22ca0929	cellSysutilAvcExt	cellSysutilAvcExtSetHideNamePlate
22e24707	cellFont	cellFontGlyphGetScalePixel
22f2a553	cellMinisSaveData	cellMinisSaveDataListAutoLoad
23009d07	sceNp2	sceNpMatching2Term2
230b2925	cellSysutil	cellSysutilNotification
2310f155	cellPngDec	cellPngDecDecodeData
23134710	cellResc	cellRescSetDisplayMode
231d5941	cellFont	cellFontGlyphGetHorizontalShift
2354ec0a		_ZNKSt7codecvtIwcSt9_MbstatetE10do_unshiftERS0_PcS3_RS3_
2356ef16		_ZnajRKSt9nothrow_t
2357ba9e	sceNpTus	sceNpTusGetMultiSlotVariableVUser
23654375	cellSail	cellSailPlayerInitialize2
2388186c	cellFont	cellFontGraphicsGetScalePixel
238af59b		fegetenv
23a2ede6	cellOskExtUtility	cellOskDialogExtAddJapaneseOptionDictionary
23a87483		_ZNKSt8time_getIwSt19istreambuf_iteratorIwSt11char_traitsIwEEE11do_get_timeES3_S3_RSt8ios_baseRNSt5_IosbIiE8_IostateEPSt2tm
23ae55a3	cellGcmSys	cellGcmGetLastSecondVTime
23b985f7		floorf
23d3bca7		_Eadd
23ef7642		_ZNKSt7num_getIcSt19istreambuf_iteratorIcSt11char_traitsIcEEE8_GetifldEPcRS3_S6_NSt5_IosbIiE9_FmtflagsERKSt6locale
23f0fd4e	cellSsl	_cellSslIsInitd
2418f6c0		__TT800
241f9337		_FCmulcr
242c603e		_Frprep
243b52d8		_Mbtowcx
24497c52		cosf
24510989	cellSsl	ERR_func_error_string
2452679f	cellSheap	cellKeySheapMutexDelete
245ff230	cellSysutilAvcExt	cellSysutilAvcExtSetWindowPosition
24644561	cellSysutil	cellWebBrowserWakeupWithGameExit
246ea8d0		f_sqrtf
2470d3bc		_Hugeval
247414d0	cellSpurs	cellSpursQueueClear
24802244		iswcntrl
248bd1d8	cellSysutil	cellSaveDataUserListAutoLoad
24a1ea07	sysPrxForUser	sys_ppu_thread_create
24a3d413	sys_lv2dbg	sys_dbg_mat_set_condition
24c9e021		abs
24e230d2		_Wctob
24e9d8fc	cellImeJpUtility	cellImeJpSetKanaInputMode
24ea6474	cellDmux	cellDmuxReleaseAu
24f6cbdd		clock
24fa3bcc	sys_fs	cellFsAclRead
24fd32a9	cellL10n	sjishan2zen
250c386c	cellHttp	cellHttpInit
25253fe4	cellFont	cellFontSetEffectWeight
253b7210		_rand_real2_TT800
254289ac	cellUsbd	cellUsbdOpenPipe
25596f51	sysPrxForUser	sys_mempool_get_count
256b6861	cellL10n	UCS2toSBCS
258359df		_ZNKSt7num_putIcSt19ostreambuf_iteratorIcSt11char_traitsIcEEE6do_putES3_RSt8ios_basece
259113b8	sceNp	sceNpScoreDestroyTitleCtx
25b40ab4	cellGcmSys	cellGcmSortRemapEaIoAddress
25b8bd56	sceNp	_Z27_sce_np_sysutil_send_packetiRN4cxml8DocumentE
25b980a0	cellSailRec	cellSailComposerReleaseEsUserAu
25beee5a		__raw_spu_printf
25c107e6	cellResc	cellRescSetConvertAndFlip
25c5723f	cellMic	cellMicGetStatus
25da8fbb		iscntrl
25dbeff9	cellFont	cellFontGetEffectWeight
25ea7ac0	cellMusicDecodeUtility	cellMusicDecodeGetContentsId2
26090058	sysPrxForUser	sys_prx_load_module
260caedd	sceNp	sceNpBasicGetFriendPresenceByNpId2
2627d6b2		erfc
262a5ae2	cellL10n	UTF8stoGBKs
263172b8	fs_utility_init	fs_utility_init_263172B8
2642d4cc	cellAtrac	cellAtracCreateDecoderExt
26563ddc	cellSail	cellSailPlayerNext
266311a0		localtime
2664c8ae	sys_fs	cellFsStReadInit
266c2bd3	sys_lv2dbg	sys_dbg_read_spu_thread_context2
266d2473		_Caddcr
2670b433		_ZNKSt7num_getIwSt19istreambuf_iteratorIwSt11char_traitsIwEEE8_GetffldEPcRS3_S6_RKSt6locale
2677568c		putchar
2687a127	sceNp	sceNpSignalingGetCtxOpt
268c3ea5		_ZNKSt7_MpunctIwE13do_pos_formatEv
268edd6d	cellSync	cellSyncBarrierTryNotify
269386d3	libsnd3	cellSnd3VoiceSetVelocity
269a1882	cellRtc	cellRtcTickAddTicks
269ffedd	cellSysutilAvconfExt	cellVideoOutSetupDisplay
26a34f81		_Flt
26ae9ff8	sceNp2	sceNpMatching2SignalingGetConnectionInfo
26b3bc94	sceNp	sceNpMatchingGetResultGUI
26deed0b		cosl
26e8e1cf		_ZNKSt5ctypeIwE5do_isEPKwS2_Ps
26ef50ed		asinh
26f023d5		ftell
26f33146	sceNp	sceNpCommerceGetProductCategoryStart
26f7fe0f	libmixer	cellSurMixerGetCurrentBlockTag
26fa81b4	cellSpursJq	cellSpursJobQueuePortFinalize
2706eaa1	sceNp	sceNpScoreSetPlayerCharacterId
2707fd60	cellSailRec	cellSailComposerReleaseEsAudioAu
2719d7d6	libsnd3	cellSnd3SMFGetTempo
271a0b06	cellHttp	cellHttpClientGetSendTimeout
273b9711		sprintf
273be056		_ZNKSt9money_putIcSt19ostreambuf_iteratorIcSt11char_traitsIcEEE8_PutmfldES3_bRSt8ios_basecbSs
273d116a	cellSaveData	cellSaveDataUserListExport
27427742	sysPrxForUser	_sys_memmove
2750c5e0	cellDmux	cellDmuxPeekAu
2763fd66	cellHttpUtil	cellHttpUtilUnescapeUri
276c72b2	sceNp	sceNpSignalingSetCtxOpt
277a84bb		_Mutex_attr
277adf21	cellSail	cellSailDescriptorIsAutoSelection
27800c6b	sys_fs	cellFsStRead
2796fdf3	sys_fs	cellFsRmdir
27ac51e4	cellSysutil	cellStorageDataImportMove
27c69eba	sceNp	sceNpBasicAddFriend
27c921b5	cellPngDec	cellPngDecGetoFFs
27cb8bc2	cellSaveData	cellSaveDataListDelete
27deda93	sceNpTrophy	sceNpTrophySetSoundLevel
27f2d61c	cellSync2	cellSync2MutexFinalize
27f86d70	cellHttp	cellHttpClientCloseConnections
27fb339d	sys_net	sys_net_if_ctl
2803abd1	cell_FreeType2	FT_FloorFix
280e6ba5	cellFontFT	FTFaceH_GetBoundingBoxMaxX
281f9107		_ZTv0_n12_NSiD1Ev
2821cbaa	cellPesmUtility	cellPesmLoadAsync
28336e89	cellSail	cellSailDescriptorDestroyDatabase
285d30d6	cellFont	cellFontGetScalePixel
28724522	cellL10n	UTF8toUCS2
2880d8d5	sceNp2	sceNpAuthDeleteOAuthRequest
28b22e44	cellPhotoDecodeUtil	cellPhotoDecodeFromFile
28b4e2c1	cellPamf	cellPamfReaderSetStreamWithTypeAndIndex
28b92ebf		raw_spu_read_uchar
28bc1409	cellAudio	cellAudioUnsetPersonalDevice
28cad8b3	sceNp2	sceNpMatching2SendRoomMessage
28e208bb	sys_net	listen
28f0dc04	cellSysutilAvcExt	cellSysutilAvcExtGetWindowSize
28faaa5a		ilogbf4
2922aed0	cellGcmSys	cellGcmGetOffsetTable
29329541	cellFont	cellFontOpenFontInstance
293d9e9c	cellPrintUtility	cellPrintCancelJob
294779fb		_ZNSt8ios_base4InitD2Ev
2954d64d		_ZNSt13basic_filebufIwSt11char_traitsIwEE9underflowEv
2960e309	cellHttp	cellHttpClientGetAutoRedirect
29685118		_negatef4
296a46cf	cellHttp	cellHttpClientSetPipeline
296bc72f		_FDunscale
297f0e93	cellFont	cellFontSetScalePixel
299ccc9b	sceNpClans	sceNpClansCancelMembershipRequest
29c11f46		_ZNKSt7codecvtIccSt9_MbstatetE9do_lengthERKS0_PKcS5_j
29c2acc5	cellSpursJq	cellSpursJobQueueClose
29c90b94		_ZNKSt8numpunctIcE16do_thousands_sepEv
29d5c6a4	cellSysutilAvcExt	cellSysutilAvcExtStartCameraDetection
29da1ea6	cellCelp8Enc	cellCelp8EncWaitForOutput
29dd45dc	sceNp	sceNpScoreSetTimeout
29e76a6d		_LXbig
29e78389	sceNp2	sceNpMatching2JoinLobby
29f51030	cellFontFT	FTFaceH_GetRenderEffectWeight
2a01013e	cellVoice	cellVoiceCreateNotifyEventQueue
2a138d2b		truncf
2a16469d		_ZNSt8ios_base5imbueERKSt6locale
2a1f28f6	cellHttp	cellHttpClientGetPipeline
2a4dcbad		cacosl
2a5ca085	libsnd3	cellSnd3VoiceSetPitch
2a6d9d51	sysPrxForUser	sys_lwcond_wait
2a6fba9c	cellGcmSys	cellGcmIoOffsetToAddress
2a76895a	sceNp	sceNpScoreGetClansRankingByClanId
2a78ff04	cellHttp	cellHttpTransactionGetSslId
2a87603a	cellHttp	cellHttpGetProxy
2a89ce33		llrintf
2a8e6b92	cellGame	cellGameGetDiscContentInfoUpdatePath
2a8eada2	cellSysutil	cellSaveDataFixedLoad2
2a910f05	sceNpCommerce2	sceNpCommerce2DestroyReq
2a95d8bc	cellSysutil	cellSysutilGameExit_I
2aa1f958	cellSsl	SSL_SESSION_free
2aae42a8	sys_net	sys_netset_abort
2aae9ef5	cellSysutil	cellSaveDataFixedSave2
2ab0d183	cellBGDLUtility	cellBGDLGetInfo2
2ab21ea9	sceNpTus	sceNpTusGetMultiSlotDataStatusVUserAsync
2ac890f4		_ZNKSt7num_getIcSt19istreambuf_iteratorIcSt11char_traitsIcEEE6do_getES3_S3_RSt8ios_baseRNSt5_IosbIiE8_IostateERb
2ad091c6	cellL10n	UCS2stoUTF8s
2ad4951b	cellGcmSys	cellGcmGetTimeStampLocation
2ad7837d	sceNp	sceNpMatchingAcceptInvitationGUI
2adccb1a		_ZNKSt7_MpunctIcE14do_frac_digitsEv
2ae79be8	cellJpgEnc	cellJpgEncWaitForInput
2af0c515	cellSync	cellSyncLFQueueClear
2af4b73b		fmax
2af79bd6		_ZNKSt7num_putIcSt19ostreambuf_iteratorIcSt11char_traitsIcEEE5_IputES3_RSt8ios_basecPcj
2afe36ff	cellSsl	SSLCERT_OID_to_string
2b05b95a		_ZNKSt7_MpunctIcE11do_groupingEv
2b282ebb		sqrtl
2b45cb34		wcsrtombs
2b761140	cellUserInfo	cellUserInfoGetStat
2b7ba4ca		_Tlsset
2b81fb7f		readdir
2b84030c	cellL10n	EUCKRstoUTF8s
2b88f26e		_ZNSt15basic_streambufIwSt11char_traitsIwEED0Ev
2b9bd9ad	cellAudio	cellAudioRemoveNotifyEventQueueEx
2bb0f2c9		logb
2bc9dee6		raw_spu_read_short
2bcbced4	cellHttpUtil	cellHttpUtilParseStatusLine
2bdc5d6b	cellMusicUtility	cellMusicSetSelectionContext2
2be41ece	sceNp	sceNpCommerceGetNumOfChildCategory
2beac488	cellSysutil	cellAudioOutGetSoundAvailability2
2bf4ddd2	libvdec	cellVdecDecodeAu
2bfff084	cellAtrac	cellAtracGetStreamDataInfo
2c0f3548	sceNpSns	sceNpSnsFbInit
2c241d13		_ZnajjRKSt9nothrow_t
2c43ab76	cellPesmUtility	cellPesmOpenDevice
2c45fe6a		fmaxl
2c5ad7b4	sceNp	_Z36_sce_np_sysutil_recv_packet_fixedmemiPN16sysutil_cxmlutil11FixedMemoryERN4cxml8DocumentERNS2_7ElementE
2c5b7fc9	sceNp2	sceNpMatching2GetRoomMemberDataExternalList
2c601f3b		csinl
2c6ce396		_ZNKSt7num_getIcSt19istreambuf_iteratorIcSt11char_traitsIcEEE6do_getES3_S3_RSt8ios_baseRNSt5_IosbIiE8_IostateERd
2c847572	sysPrxForUser	_sys_process_atexitspawn
2c9a5857	cellDmux	cellDmuxGetAuEx
2caea755		_Once
2cb51f0d	sys_fs	cellFsClose
2cbb6f53		f_hypotf
2cbd9806	libvdec	cellVdecGetPicItemExt
2cce9cf5	cellRtc	cellRtcGetCurrentClockLocalTime
2cd2a1af	sceNp	sceNpScoreSanitizeCommentAsync
2cd62587	cellSysutil	_ZN4cxml8Document14SetHeaderMagicEPKc
2cde989f	cellRudp	cellRudpGetSizeReadable
2cf1296b	sys_fs	cellFsAllocateFileAreaByFdWithoutZeroFill
2cf8b5d1		_Wctrans
2cf8ea50		_ZNKSt7codecvtIwcSt9_MbstatetE16do_always_noconvEv
2cfccb99	cellSpurs	cellSpursJobChainAttributeSetJobTypeMemoryCheck
2d067448		ftruncate64
2d16da4f	sys_io	cellMouseSetTabletMode
2d17ca7f		_Puttxt
2d1b9f1a	sceNpTus	sceNpTusGetMultiUserDataStatusVUser
2d2c2764	libgem	cellGemGetAllTrackableHues
2d36462b	sysPrxForUser	_sys_strlen
2d489b47		_ZNSt15basic_streambufIcSt11char_traitsIcEE9underflowEv
2d4c1c98	libsnd3	cellSnd3SMFAddTempo
2d50650f		_ZSt9use_facetISt10moneypunctIcLb1EEERKT_RKSt6locale
2d52848b	cellHttp	cellHttpTransactionAbortConnection
2d5b4dcc	libsnd3	cellSnd3SMFGetPlayPanpotEx
2d677e0c	cellCelp8Enc	cellCelp8EncQueryAttr
2d77fe17	cellSync2	_cellSync2SemaphoreAttributeInitialize
2d8be7e8		_ZNKSt9exception6_RaiseEv
2d96313f	cellSysutil	cellSysutilPacketRead
2d9a1997	cellSysutilAvcExt	cellSysutilAvcExtGetWindowShowStatus
2da9fd9d	cellFont	cellFontGetRenderCharGlyphMetrics
2daa5a42		_ZTv0_n12_NSt9strstreamD1Ev
2dbc92c7	cellSysutil	cellSysutilAvcShowPanel
2dcab6a4		nanl
2ddbcc0a	cellSpurs	_cellSpursWorkloadFlagReceiver2
2de0d663	cellSysutil	cellSaveDataListSave2
2de54871	cellVoice	cellVoiceCreatePort
2dea3e9b	cellCamera	cellCameraSetExtensionUnit
2df339bc		_f_floorf
2e0a170d	libgem	cellGemGetMemorySize
2e162a62	sceNpTus	sceNpTusDestroyTitleCtx
2e1c5068	sceNp	sceNpMatchingDestroyCtx
2e267b28	cellFontFT	FTFaceH_FontFamilyName
2e2b80c8		_ZNKSt7num_getIwSt19istreambuf_iteratorIwSt11char_traitsIwEEE6do_getES3_S3_RSt8ios_baseRNSt5_IosbIiE8_IostateERPv
2e3ccb5e	cellSail	cellSailGraphicsAdapterSetPreferredFormat
2e42f94a	sceNp2	sceNpMatching2SignalingGetPeerNetInfoResult
2e69bb2a		_FCosh
2e775550	cellSpursJq	cellSpursJobQueueGetError
2e84ebb3		_ZNSt8_LocinfoC1EiPKc
2e86164d	cellSsl	_cellSslConvertCipherId
2ea3061e	cellResc	cellRescExit
2ea94661	cellResc	cellRescSetFlipHandler
2eb5c13a		_ZNSt13basic_filebufIcSt11char_traitsIcEE4syncEv
2eb6efee	cellCelp8Enc	cellCelp8EncOpen
2ec867b4		exp2f4fast
2ecd48ed	sceNp	sceNpDrmVerifyUpgradeLicense
2ed909dc	sceNp2	sceNpMatching2AbortRequest
2edcff92	cellSpurs	cellSpursTasksetSetExceptionEventHandler
2eea9f25		_Esub
2ef701ec	cellMusicDecodeUtility	cellMusicDecodeSetDecodeCommand2
2efa7294	cellL10n	UTF16stoUTF32s
2f010bfa	cellRtc	cellRtcTickAddMinutes
2f1774d5	sys_io	cellKbGetInfo
2f24fea3	cellVoice	cellVoiceUpdatePort
2f256b29	sysPrxForUser	sys_rsxaudio_import_shared_memory
2f280883	cellSysutilAvc2	cellSysutilAvc2EstimateMemoryContainerSize
2f29da90		_ZNSt12strstreambuf5_TidyEv
2f2c6b3e	sceNp	sceNpProfileAbortGui
2f457571	cellVideoExportUtility	cellVideoExportInitialize2
2f45d39c		strlen
2f7f391f	cellSailRec	cellSailComposerGetEsUserParameter
2f85c0ef	sysPrxForUser	sys_lwmutex_create
2f9eb543	cellL10n	UTF8toEUCKR
2fb08e1e	cellUsbd	cellUsbdScanStaticDescriptor
2fc0ab58	cellSysutilAvc2	cellSysutilAvc2SetVideoMuting
2fccbfe0	sceNp	sceNpLookupUserProfileWithAvatarSize
2fe0da7d	sceNp2	sceNpMatching2Term
2fecec13		getwchar
2ff8d101		_ZNSt6localeC1ERKS_S1_i
2fff23f0	cellSysutilAvcExt	cellSysutilAvcExtSetChatMode
30195cf5		_ZNKSt8numpunctIcE11do_groupingEv
303c19cd	cellSpurs	cellSpursCreateJobChainWithAttribute
3097cc1c	cellUserInfo	cellUserInfoSelectUser_ListType
30aa96c4	cellSpurs	cellSpursInitializeWithAttribute2
30bc7a53		logf4
30cb334a	cellPngDec	cellPngDecGetsBIT
30ce43d4		_ZNSt8numpunctIcED0Ev
30d1cbde	sceNp	sceNpBasicGetMessageEntry
30d3d12b	cellSysutil	cellSysutilGameReboot_I
30e297ea		_ZNSt7_MpunctIcEC2ERKSt8_Locinfojb
30f0b5ab	cellVoice	cellVoiceWriteToIPortEx
30fb2899		_Getmem
31211f6b	cellAudio	cellAudioMiscSetAccessoryVolume
31252ec3	cellFiber	_cellFiberPpuContextAttributeInitialize
312be3b3		_malloc_init_lv2
3138e632	sys_io	cellMouseGetData
313f04ab		raw_spu_read_char
3140f6e1	sys_fs	cellFsSetIoBuffer
3147c6ca	sys_lv2dbg	sys_dbg_enable_floating_point_enabled_exception
315673f6		_Csubcc
316b7a34		_ZNSt9exceptionD1Ev
3172759d	sysPrxForUser	sys_game_get_temperature
3175af23	sceNpTus	sceNpTusDeleteMultiSlotDataAsync
317ab7c2	cellL10n	UTF16toUTF8
318f17e1	sysPrxForUser	_sys_memalign
31a81476		_ZdlPvj
31b2b978	sceNpMatchingInt	sceNpMatchingJoinRoomWithoutGUI
31b3e5cc		_ZNSs5_TidyEbj
31be25c3		scalblnf
31d9ba8d	cellSsl	cellSslCertGetNotBefore
31db8c89		atan2
31f5196b	cellSpurs	cellSpursRemoveSystemWorkloadForUtility
31fc8b92	cellSysutilAvc2	cellSysutilAvc2SetPlayerVoiceMuting
3204b146	cellFiber	cellFiberPpuUtilWorkerControlInitialize
321c55de		nexttowardl
32200389	sceNp	sceNpManagerGetMyLanguages
32267a31	cellSysmodule	cellSysmoduleLoadModule
323deb41	cellMic	cellMicSetSignalAttr
325039b9	cellSail	cellSailRendererAudioNotifyOutputEos
325c6284	sceNpTus	sceNpTusAbortTransaction
3261a9c8	cellSysutil	cellWebBrowserConfigSetDisableTabs
3261de11		fesetexceptflag
32689828	cellL10n	ARIBstoUTF8s
326fab55	cellSysutilAvcExt	cellSysutilAvcExtGetNamePlateShowStatus
3286b855		_ZNSt8time_putIwSt19ostreambuf_iteratorIwSt11char_traitsIwEEE7_GetcatEPPKNSt6locale5facetE
329a4540		_WPrintf
329dad93	cellFontFT	FTManager_OpenStreamFace
329ec019		rsqrtf4
32b94add	cellSpurs	cellSpursEnableExceptionEventHandler
32c61bdf	cellSsl	cellSslCertGetSubjectName
32c78a6a	sceNp	sceNpBasicGetFriendPresenceByIndex
32c941cf	cellRtc	cellRtcGetCurrentClock
32cf311f	sceNp	sceNpScoreInit
32d3aa9f	cellGcmSys	_cellGcmSetFlipCommand2
32e4a30a		_Mtxdst
32e56b1a		_Stdin
32f5cae2	cellHttp	cellHttpDestroyTransaction
32f994a1		cosf4fast
32faaf58	cellHttpUtil	cellHttpUtilParseUri
32febb4c	sceNp	sceNpMatchingSearchJoinRoomGUI
330f7005		module_epilogue
332a74dd	cellRtc	cellRtcTickAddYears
332ee22c	cellSysutilAvcExt	cellSysutilAvcExtSetWindowAlpha
332f8409		_ZNSt8time_putIcSt19ostreambuf_iteratorIcSt11char_traitsIcEEE7_GetcatEPPKNSt6locale5facetE
33347ddd	cellHttp	cellHttpAuthCacheExport
33435818	cellL10n	SJISstoUTF8s
3343824c	cellSysutilAp	cellSysutilApOn
336b4191		_Getint
336e904e		_ZNSdD0Ev
3394f037	sys_fs	cellFsAllocateFileAreaByFdWithInitialData
33cb6159	cellSsl	cellSslGetMemoryInfo
33d6ae54		ferror
33e04d8e		_ZNKSt7collateIwE12do_transformEPKwS2_
33e5929b		_LDsign
33f27f25		_FCdivcr
33f8b35c	cellL10n	sjiszen2han
34061e49	cellHttp	cellHttpTransactionGetSslCipherId
3436f008		csinhf
3447668a	cellSysutilAvc2	cellSysutilAvc2SetStreamingTarget
344eca7e		_WGetstr
34552fa6	cellSpurs	cellSpursTaskExitCodeInitialize
3457c0db	sceNp2	sceNpMatching2GetServerInfo
3459748b		log10f4
346ebba3	cellSail	cellSailMemAllocatorInitialize
3478e1e6	cellSheap	cellKeySheapMutexNew
347c1ee1		atanf4
348dbcb4	sceNpTus	sceNpTusGetMultiUserDataStatus
34a81091	cellFiber	cellFiberPpuContextSelf
34b63588		_ZNKSt5ctypeIwE9_DonarrowEwc
34b74160	cellGameExec	cellGameDeleteGame
34c0371e		powl
34cc0ca4	sceNp	sceNpMatchingKickRoomMember
34ce82a0	sceNp	sceNpSignalingGetConnectionFromPeerAddress
34dd6650		_Getcloc
34e7c97e		_Unlocksyslock
34ecc1b9	cellSail	cellSailPlayerOpenStream
34edd72b		_ZNSt10moneypunctIwLb0EED1Ev
350d454e	sysPrxForUser	sys_ppu_thread_get_id
3512ad38		tmpnam
35168520	sysPrxForUser	_sys_heap_malloc
3539d233	sceNpCommerce2	sceNpCommerce2Init
3545bdc1	cell_FreeType2	FT_Load_Sfnt_Table
3548f483	cellSpurs	_cellSpursJobChainAttributeInitialize
355fd1fd		mbtowc
3574d37d		_Wcsxfrmx
358d7f93		_f_lrintf
3593a445		clog
359642a6	sceNp	sceNpCommerceGetCategoryDescription
359befba	cellUsbd	cellUsbdRegisterLdd
35a6846c	cellPngDec	cellPngDecGettIME
35b6e70a		lrintl
35bbdad2	cellSync	_cellSyncLFQueueCompletePushPointer2
35beade0	cellSysutil	cellOskDialogGetSize
35cda406	cellSearchUtility	cellSearchGetContentInfoDeveloperData
35d3f688		creal
35d84910	cellVoice	cellVoiceSetNotifyEventQueue
35dae22b	cellSpurs	_cellSpursLFQueuePopBody
35f02287	cellSpurs	cellSpursQueueDepth
35f21355	cellSync	cellSyncBarrierWait
35f22ac3	cellUsbd	cellUsbdEnd
35f7ed00	cellSysutil	_ZN8cxmlutil7SetFileERKN4cxml7ElementEPKcRKNS0_4FileE
3602bc80	sceNpTus	sceNpTusTryAndSetVariableVUser
360f8a4f		_ZNSt9money_getIcSt19istreambuf_iteratorIcSt11char_traitsIcEEED1Ev
363883a6	libsynth2	cellSoundSynth2SetSwitch
36472c57	cellVoice	cellVoiceReadFromOPort
365b24ce	cellSsl	SSLCERT_get_notAfter
36778d1b		coshf
368823c0	sys_net	sys_net_get_netemu_test_param
368fec59	sceNpTus	sceNpTusGetMultiUserDataStatusVUserAsync
3697bbd3		_ZNSt8ios_base5_InitEv
3699d0d2	sys_io	cellPadFilterIIRFilter
369fe03d	cellSpurs	cellSpursQueueGetEntrySize
36c067c1		_Stoll
36d0a53c	cellSpursJq	_cellSpursJobQueuePushJob2Body
36d0c2c5	sceNp	sceNpManagerGetAvatarUrl
36d38701	cellImeJpUtility	cellImeJpReset
36e7826a		_ZNSt7collateIcED1Ev
36f2b4ed		strtoull
36f59828	cell_FreeType2	FT_Get_Track_Kerning
36feb965		raw_spu_write_llong
370136fe	sceNpTrophy	sceNpTrophyGetRequiredDiskSpace
3701f938	cell_FreeType2	FT_Sin
3704840e		_fs_finalize
3711833f	sceNpSns	sceNpSnsFbAbortHandle
371674cf	cellGcmSys	cellGcmGetDisplayBufferByFlipIndex
371a2edd	sceNpCommerce2	sceNpCommerce2GetCategoryContentsStart
373054d1		cpow
3733ea3c	sys_io	sys_io_3733EA3C
37345541		log1pl
373523d4	cellSpurs	cellSpursEventFlagWait
3741ecc7	sceNpTrophy	sceNpTrophyDestroyContext
374e6e5b	libmixer	cellAANDisconnect
376c3926	cellSailRec	cellSailRecorderDestroyProfile
376fb27f		sinhl
3773692f	cellCelpEnc	cellCelpEncGetAu
377e0cd9	cellAudio	cellAudioSetNotifyEventQueue
3783acfa		_ZTv0_n12_NSt13basic_istreamIwSt11char_traitsIwEED1Ev
3792b12d		lroundl
37961cc1	cellImeJpUtility	cellImeJpExtendConvertArea
37968718	cellSheap	cellSheapQueryMax
379c5dd6	cellCamera	cellCameraClose
37aad85f	cellSailRec	cellSailRecorderDumpImage
37b5ba0c	cellSearchUtility	cellSearchGetContentInfoPathMovieThumb
37bb53a2	cellHttpUtil	cellHttpUtilAppendHeaderValue
37e1f502	cellCrossController	cellCrossControllerInitialize
37f42e67	cell_FreeType2	FT_Get_Next_Char
37f723f7	cellPamf	cellPamfReaderGetNumberOfStreams
38144ecf	cellSail	cellSailPlayerGetRepeatMode
381ae33e	sys_lv2dbg	sys_dbg_get_event_queue_information
38426d25		_Wctombx
3845d39b	cellCamera	cellCameraRead
384ba777	cellRudp	cellRudpSetOption
384c65cf	sys_fs	cellFsMappedFree
38579ec9	cellGameExec	cellGameSetExitParam
3860a12a	cellFiber	cellFiberPpuSchedulerTraceFinalize
38750386	cellFontFT	FTCacheStream_Init
38783beb		_ZNKSt8time_getIcSt19istreambuf_iteratorIcSt11char_traitsIcEEE11do_get_yearES3_S3_RSt8ios_baseRNSt5_IosbIiE8_IostateEPSt2tm
38954133	cellHttp	cellHttpTransactionGetSslCipherBits
3897f229	cellFont	cellFontControl
38ba5590		ccosl
38d5898c	cellSsl	SSL_CTX_ctrl
38dadf1f	sceNpClans	sceNpClansGetAutoAcceptStatus
38e69f09		pow
38e8695c	cell_FreeType2	FT_MulFix
38f33624	cellSysutilAvc2	cellSysutilAvc2Unload
38f364b0	sceNpTus	sceNpTusGetDataVUserAsync
3902363a		malloc_footprint
3916a06a		_FILE_P_Head
3929948d	cellSync	cellSyncQueueInitialize
392c5aa5	cellFiber	cellFiberPpuUtilWorkerControlSetPollingMode
3933645f		_ZNKSt7_MpunctIwE14do_frac_digitsEv
3937f2f8		_ZNKSt7num_putIcSt19ostreambuf_iteratorIcSt11char_traitsIcEEE6do_putES3_RSt8ios_basecm
39567781	sceNpTrophy	sceNpTrophyInit
395ef8d7	cellAuthDialogUtility	cellAuthDialogOpen
39651e01	cellRec	cellRecOpen
3968f176	cellL10n	ToEucJpLower
39775ce9		_ZNSt11logic_errorD2Ev
398483aa		_expm1f4fast
398a3dee	cellL10n	MSJIStoUTF8
39a69619	sceNp	sceNpCommerceGetSkuId
39bf419c		valloc
39c173fb	cellSpurs	cellSpursGetSpuThreadGroupId
39d44176	cell_FreeType2	FT_Get_First_Char
39d6ee43	cellSaveData	cellSaveDataUserListImport
39dd8425	cellSysutil	cellSaveDataUserListLoad
39e9b068	sysPrxForUser	sys_rsxaudio_unimport_shared_memory
39ef81c9		f_fmaxf
3a1132ed	cellSail	cellSailAuReceiverGet
3a12865f	cellNetCtl	cellNetCtlGetNatInfo
3a1c8393	sys_fs	cellFsTruncate2
3a20bc34	cellL10n	UCS2stoMSJISs
3a210c93		swscanf
3a2a3ca5	cellSsl	BIO_get_cb_arg
3a2d806c	cellSail	cellSailFutureGet
3a33c1fd	cellGcmSys	_cellGcmFunc15
3a37e7f1	cellSysutilAvc2	cellSysutilAvc2DestroyWindow
3a5d726a	cellGame	cellGameGetParamString
3a840ae3		snprintf
3aaa1bd0	sys_fs	cellFsLink
3aaad464	sys_io	cellPadGetInfo
3ab9a95e		module_exit
3acad7f1		_Erf_small
3acc118e	cellMic	cellMicReadAux
3ace58f3	cellMic	cellMicSysShareClose
3acf7ff8	libvdec	cellVdecGetInputStatus
3ad12959		_ZNSt9basic_iosIcSt11char_traitsIcEE4initEPSt15basic_streambufIcS1_Eb
3ad203fa		lrint
3adc01d7		f_frexpf
3b02418d	sceNp	sceNpScoreGetGameData
3b159b19	cellSsl	BIO_printf
3b210319	cellSearchUtility	cellSearchGetContentInfoByOffset
3b22e88a		isxdigit
3b27c780	sys_net	sys_net_get_sockinfo
3b417f82	cellFiber	cellFiberPpuUtilWorkerControlJoinFiber
3b802524		ldexpf4
3b8097ac		_WScanf
3b9bd5bd	cellGcmSys	cellGcmUnreserveIoMapSize
3bac19dc		_ZThn8_NSdD0Ev
3bce073b		putc
3bd53c7b	sysPrxForUser	_sys_memchr
3bd9ce0a		fsync
3bda45a7		_ZNKSt7num_putIcSt19ostreambuf_iteratorIcSt11char_traitsIcEEE6do_putES3_RSt8ios_basecy
3bfa5b37	cellNetCtl	cellNetCtlGetStateGameInt
3c00c9d4	sceNp2	sceNpMatching2GetEventData
3c057fbd		atanf
3c09716b	cellSailRec	cellSailComposerNotifyCallCompleted
3c1ff1e0	cellCamera	cellCameraStopAsync
3c616743		_LDtest
3c7189c0	sys_net	_sys_net_lib_thread_create
3c775cea	cellSailRec	cellSailFeederAudioNotifyFrameOut
3c863b04	cell_FreeType2	FT_Outline_Copy
3c8c827c	cellSysutilAvc2	cellSysutilAvc2SetWindowPosition
3c92be09	cellSysmodule	cellSysmoduleFetchImage
3c95aa78	sys_net	_sys_net_lib_sync_signal
3ca02562	sys_net	__sys_net_lib_realloc
3ca81c76		_Iswctype
3caddf6c	cellUsbPspcm	cellUsbPspcmWaitSendAsync
3cb818fa		_f_fdimf
3cc27344	sceNp2	sceNpMatching2GetRoomSlotInfoLocal
3cc8588a	sceNp	sceNpMatchingCreateRoomGUI
3ce2e4f8	libvdec	cellVdecSetPts
3cfa784b	sys_net	sys_netset_get_if_id
3d0d3b72	cellSail	cellSailSoundAdapterInitialize
3d1294fc	cellSpursJq	cellSpursJobQueuePortInitialize
3d1460e9		_Strerror
3d1760dc	sceNp	sceNpLookupAbortTransaction
3d1e1931	cellSysutil	cellOskDialogUnloadAsync
3d30ed64	libmixer	cellSurMixerBeep
3d32a7f4		_ZNSt6localeC2EPKci
3d4efafb		atan2l
3d50016a	cellPngDec	cellPngDecGetpHYs
3d541975		atoi
3d549f2a		ctanhl
3d5730ce	cellSysutilAvconfExt	cellAudioInGetDeviceInfo
3d5fdea7		vfwprintf
3d627d81	sceNpCommerce2	sceNpCommerce2GetBGDLAvailability
3d6abe37	sceNp2	sceNpAuthGetAuthorizationCode2
3d80f655	cellSsl	SSL_version
3d85d6f8		strcmp
3d880fa3	libsnd3	cellSnd3SMFGetPlayVelocity
3d901a10		_ceilf4
3da21a90		_ZNSt7num_getIwSt19istreambuf_iteratorIwSt11char_traitsIwEEED1Ev
3da55602		fabsf
3da90559	cellFont	cellFontClearFileCache
3dabd5a7	cellL10n	EUCJPtoUTF8
3dad26e7	cellVoice	cellVoiceWriteToIPort
3db7914d	sceNp	sceNpScoreGetRankingByNpIdAsync
3dbc3bee		opendir
3dbd2314	cellSysutil	cellSaveDataListSave
3dc09a3e	cellRtc	cellRtcSetCurrentSecureTick
3dd4a957	sysPrxForUser	sys_ppu_thread_register_atexit
3dd9639a	cellSail	cellSailAuReceiverInitialize
3deae857	cellSailRec	cellSailRecorderSetFeederAudio
3df65b64	cellL10n	eucjp2sjis
3df98d41	cellSail	cellSailSourceNotifyOpenCompleted
3dfa060f		scalbnl
3e18602a		_ZNKSt12codecvt_base13do_max_lengthEv
3e22cb4b	cellSysutil	cellMsgDialogOpenErrorCode
3e359ab6	cellNetCtl	cellGameUpdateCheckAbort
3e4a2075	sceNpTus	sceNpTusGetFriendsDataStatusAsync
3e57dfac		_Genld
3e5eed36	sys_lv2dbg	sys_dbg_get_spu_thread_name
3e7eb58f		frexpf4
3e908c56	cellSail	cellSailAviMovieGetStreamByIndex
3e919cba		scalbnf
3eaaad1c	cellFontFT	FTCacheStream_CalcCacheIndexSize
3ec99a66		_Getptimes
3ec9de23		_cbrtf4
3ee29d0b		_Stof
3eeb7167		_ZNSt13basic_filebufIcSt11char_traitsIcEE7_UnlockEv
3eeedb0e		_Dclass
3ef17f8c	sysPrxForUser	__sys_look_ctype_table
3ef4f668	cellSysutilAvc2	cellSysutilAvc2GetSpeakerVolumeLevel
3ef66b95	sys_io	cellMouseClearBuf
3f0808aa	sceNp	sceNpBasicSetPresence
3f09e20a	sys_net	socketselect
3f125e2e		spu_thread_write_short
3f195b3a	sceNp	sceNpCommerceGetProductCategoryResult
3f22403e	cellUsbPspcm	cellUsbPspcmPollResetAsync
3f2b82df	cell_FreeType2	FT_Outline_Done
3f3bd413	sceNp2	sceNpMatching2SendLobbyChatMessage
3f4ccdc7		isdigit
3f61245c	sys_fs	cellFsOpendir
3f6262b3		f_fminf
3f62c759	sceNp2	sceNpMatching2Init
3f650700		mspace_is_heap_empty
3f6a6e68		_ZNSt13basic_filebufIcSt11char_traitsIcEE9_EndwriteEv
3f701e78		_Poly
3f72c56e	sys_io	cellKbSetLEDStatus
3f76e3cd	cellDmux	cellDmuxQueryAttr2
3f797dff	sys_io	cellPadGetRawData
3f7fc0af	cellPhotoUtility	cellPhotoFinalize
3f9a35fd	cellFontFT	FTFaceH_GetCompositeCodes
3f9cb259		_ZNKSt7num_getIwSt19istreambuf_iteratorIwSt11char_traitsIwEEE6do_getES3_S3_RSt8ios_baseRNSt5_IosbIiE8_IostateERl
3fb8629d		_FErf_one
3fbcf1d6	cellSpudll	cellSpudllHandleConfigSetDefaultValues
3fc2324d		_ZNKSt7num_putIcSt19ostreambuf_iteratorIcSt11char_traitsIcEEE6do_putES3_RSt8ios_basecd
3fc3bbb1	cellSsl	ERR_error_string
400b7e88	cellFontFT	FTFaceH_GetGlyphMetrics
4014c246	cellMusicUtility	cellMusicSetVolume2
40187c25	cellOskExtUtility	cellOskDialogExtEnableClipboard
4020f5ef		cbrt
4026eac5	sceNp	sceNpBasicRegisterContextSensitiveHandler
40524325	cellVpost	cellVpostOpenEx
40547d8b	cellHttp	cellHttpClientSetVersion
4056c932	cellSysutil	cellSysutilAvcSetVoiceMuting
405f9727		_log1pf4fast
406d1e1a	cell_FreeType2	FT_Matrix_Multiply
40719c8c	cellSysutil	_ZN16sysutil_cxmlutil11FixedMemory3EndEi
408a622b	cellL10n	ToEucJpHira
409409af		_ZNSt13basic_filebufIcSt11char_traitsIcEE6setbufEPci
409ad939	sysPrxForUser	sys_mmapper_free_memory
40a2599a		atol
40a2e212		_fabsf4
40ad67eb	libmedi	cellMediatorCreateContext
40b34847	cellSysutil	cellSaveDataUserFixedSave
40bc33c8	cellSysutilAvcExt	cellSysutilAvcExtSetWindowSize
40c7538e	cellSysutil	cellSysutilUnregisterCallbackDispatcher
40d04e4e		fwide
40d40544	cellFont	cellFontEndLibrary
40e0ff25		_WGenld
40e895d3	cellSysutil	cellSysutilGetSystemParamInt
4109d08c	cellAudio	cellAudioGetPortTimestamp
410d42be	sceNpCommerce2	sceNpCommerce2DoDlListFinishAsync
4111b546		_LExp
411434bb		asinf
411b923e		_ZSt9use_facetISt8numpunctIcEERKT_RKSt6locale
41251f74	sceNp2	sceNp2Init
41283333		isdigit_ascii
4129fe2d	cellAudio	cellAudioPortClose
4137a1f6	cellHttp	cellHttpRequestGetChunkedTransferStatus
4148e091		_ZNKSt9money_getIwSt19istreambuf_iteratorIwSt11char_traitsIwEEE8_GetmfldERS3_S5_bRSt8ios_base
414c5ecc		_f_hypotf
4152669c		scalbln
415ed9dc	cellSubDisplay	cellSubDisplayGetTouchInfo
417851ce		feholdexcept
417f47af		_ZSt9use_facetISt10moneypunctIcLb0EEERKT_RKSt6locale
418036e3		_FTgamma
4189a367		remquo
418bdfe1		_get_fd
41a90dc4	cellGifDec	cellGifDecSetParameter
41ae9c31	libgem	cellGemUpdateFinish
41b4a5ae	cellL10n	UHCstoUCS2s
41bc2ca1	cellSysutil	cellSaveDataFixedSave
41ccf033	cellL10n	ToEucJpKata
41d1b236		_f_rintf
41f20828	cellSysutil	cellOskDialogDisableDimmer
41ffd4f2	sceNp	sceNpScoreGetClansMembersRankingByNpIdPcId
420de176	cell_FreeType2	FT_Glyph_Copy
4210c462	sceNp	sceNpManagerGetSigninId
4217b4cf		difftime
4219de31	libgem	cellGemEnableCameraPitchAngleCorrection
42205fe0	cellHttp	cellHttpRequestGetAllHeaders
4232b0db		_sys_panic
42332cb7	sceNpClans	sceNpClansTerm
42439db5	cellOskExtUtility	cellOskDialogExtSendFinishMessage
425fef23	cellSysutil	cellWebBrowserUpdatePointerDisplayPos2
4262e880	cellJpgEnc	cellJpgEncGetStreamInfo
42838145	cellL10n	HZstoUTF8s
4299a92c	sceNp	_Z40_sce_np_sysutil_recv_packet_fixedmem_subiPN16sysutil_cxmlutil11FixedMemoryERN4cxml8DocumentERNS2_7ElementE
42a2e133	cellGame	cellGameCreateGameData
42a32983	cellPhotoUtility	cellPhotoRegistFromFile
42b23552	sysPrxForUser	sys_prx_register_library
42c40b2f		_ZNSt12out_of_rangeD0Ev
42c716b5	cellDmux	cellDmuxGetAu
42c78ef2	libsnd3	cellSnd3VoiceSetReserveMode
42eb9508		_Fenv0
430309a1		ldexpf
430ce063	sceNp2	sceNpMatching2AbortContextStart
431a1dca	cellM4AacDec	_SceAdecCorrectPtsValue_M4Aac
431e1407	cellHttp	cellHttpClientGetConnectionWaitStatus
4323cda7	sys_net	_sys_net_lib_sysctl
432b3cbf	sceNpUtil	sceNpUtilBandwidthTestShutdown
433f6ec0	sys_io	cellKbInit
433fcb30	sceNp	sceNpScoreGetClansMembersRankingByNpIdPcIdAsync
433fe2a9		fwscanf
434419c8	cellHttp	cellHttpClientSetCookieStatus
4345a7c1	cellSsl	SSLCERT_get_notBefore
434881a0		cacosf
434c5123	cellSailRec	cellSailComposerInitialize
4357c77f	cellPhotoUtility	cellPhotoExportInitialize
435bff07	cellSpursJq	cellSpursJobQueuePort2GetJobQueue
435fc9f7	libsnd3	cellSnd3SetOutputMode
439fba17	cellPamf	cellPamfReaderGetEpIteratorWithTimeStamp
43b989f5	sceNp	sceNpBasicSendMessageAttachment
43d522f4		cabsl
43ddab4f	cellSpursJq	cellSpursJobQueueAttributeInitialize
44115dd0		_Geterrno
441a1c2b	cellImeJpUtility	cellImeJpEnterString
442381f7	sceNp	sceNpManagerSubSignin
44265c08	sysPrxForUser	_sys_heap_memalign
44328aa2	sys_net	sys_net_close_dump
44567b8f	cellSsl	ERR_clear_error
445c878f	sys_fs	cellFsSdataOpenWithVersion
44608862	cellImeJpUtility	cellImeJpOpen
4466c0e2	cellSysutilAvcExt	cellSysutilAvcExtShowPanelEx
44673f07	cellCamera	cellCameraRemoveNotifyEventQueue2
44796e5c		strerror
449317ed		_Fopen
44946174	libad_async	sceAdAsyncOpenContext
44951709	cell_FreeType2	FT_Glyph_Get_CBox
44a20e79	cellSail	cellSailGraphicsAdapterUpdateAvSync
44b1bc61	cellGifDec	cellGifDecDecodeData
44baeb86	libsnd3	cellSnd3SMFGetKeyOnID
44cd6308		remainder
44cf744b		tanhl
44d2ba34	cellSysutilAvconfExt	cellAudioOutGetConfiguration2
44d756d6	cellHttpUtil	cellHttpUtilFormUrlEncode
44d7cae8		raw_spu_read_float
44eca8b4	sceNpTus	sceNpTusDestroyTransactionCtx
44f05e73	sys_net	_sys_net_lib_if_nametoindex
44f5c9e3	cellPamf	cellPamfGetStreamOffsetAndSize
45010630		_ZNSt10moneypunctIcLb1EED0Ev
45034943		nan
4520d6a2		_ZNSt13basic_filebufIcSt11char_traitsIcEE5_LockEv
4524cccd	cellGcmSys	cellGcmBindTile
452ac4bb		floorf4
453f9e91		cbrtf
4544c2de		spu_thread_write_mem
455c4709	cellSailRec	cellSailRecorderDestroyVideoConverter
4569518c		malloc_stats
456dc4aa	cellCamera	cellCameraStart
459072c3		_init_TT800
4595c42b		wcsxfrm
459907c4	cell_FreeType2	FT_Stream_OpenGzip
459b4393	sysPrxForUser	_sys_strcmp
45ec2df6		_LEps
45f8f3aa	sceNp	sceNpCustomMenuRegisterActions
45fe2fce	sysPrxForUser	_sys_spu_printf_initialize
46034d2e		_ZNSt7num_putIcSt19ostreambuf_iteratorIcSt11char_traitsIcEEED0Ev
460e5cb7		_ZNSt13basic_filebufIcSt11char_traitsIcEE7seekposESt4fposISt9_MbstatetENSt5_IosbIiE9_OpenmodeE
461534b4	cellPamf	cellPamfReaderSetStreamWithIndex
461dc8cc	cellUsbPspcm	cellUsbPspcmWaitRecvAsync
46356fe0	cellSync	_cellSyncLFQueueGetPopPointer2
4643ba6e	sysPrxForUser	sys_mmapper_unmap_memory
46497da6	sys_net	_sys_net_lib_get_system_time
464ff889	cellHttp	cellHttpResponseGetContentLength
4654e796	cell_FreeType2	FT_Get_Module
4659ca92	cellDtcpIpUtility	cellDtcpIpFinalize
46714ce1	cellSsl	SSL_state
468b45dc		mspace_calloc
4692ab35	cellSysutil	cellAudioOutConfigure
46a0285d	cellSysutil	cellWebBrowserDeactivate
46a2d878	cellSaveData	cellSaveDataFixedExport
46b66f76		csqrtl
46bcc9ff	cellHttp	cellHttpClientGetPerHostKeepAliveMax
46c3fb5a	cellSpursJq	_cellSpursJobQueuePortCopyPushBody
46ca7fe0	cellRtc	cellRtcConvertLocalTimeToUtc
46cf72d9		fdimf
46cfc013	cellAtrac	cellAtracAddStreamData
46d1234a	cellImeJpUtility	cellImeJpClose
46d8826f	cell_FreeType2	FT_Set_Char_Size
46e6c806	cellWMAdec	_SceAdecCorrectPtsValue_wma
47055fea	cellSail	cellSailRendererVideoFinalize
4711cb7f	cellGifDec	cellGifDecExtCreate
473cd9f1	cellHttp	cellHttpClientSetRedirectCallback
47433144		expm1f4fast
474609e2	cellVoice	cellVoiceGetMuteFlag
474b7b13	sceNpMatchingInt	sceNpMatchingJoinRoomGUI
475d855b		trunc
4761783a		_ZNSt13basic_filebufIcSt11char_traitsIcEE5imbueERKSt6locale
47632810	cellSail	cellSailPlayerReplaceEventHandler
476b5591		fmaf
477501f6	cellSail	cellSailPlayerOpenEsVideo
4797d1ff	cellAtrac	cellAtracGetNextSample
479c65d0	sceNpTus	sceNpTusGetFriendsDataStatus
47aab531		_ZNSt7_MpunctIcED0Ev
47b43dd4	cellImeJpUtility	cellImeJpOpen2
47ca71ef	cellFont	cellFontAdjustFontScaling
47e5c318		_ZNSt8_LocinfoD2Ev
47e9424a	sceNpTus	sceNpTusTryAndSetVariable
480886af	cellNetAoi	cellNetAoiInit
48108a23	cellMic	cellMicGetFormat
48154c9b	cellSync	cellSyncQueuePeek
48157605		_f_llrintf
481ce0e8	sceNp	sceNpBasicAbortGui
4826db61		fma
4826f6d5	sceNpClans	sceNpClansDisbandClan
4827e6be		_ZNKSt7num_getIcSt19istreambuf_iteratorIcSt11char_traitsIcEEE6do_getES3_S3_RSt8ios_baseRNSt5_IosbIiE8_IostateERe
4830faf8	cellSailRec	cellSailRecorderStart
48436b2d	cellPngDec	cellPngDecExtCreate
4875601d		_exp2f4fast
487b613e	cellAdec	cellAdecStartSeq
487bbd1c		tanf4
487de998	sceNpClans	sceNpClansGetClanInfo
4885aa18	sceNp	sceNpTerm
488df791		cexp
489e22f1	cellAtracMulti	cellAtracMultiGetNextDecodePosition
48b3774f	sceNp	_Z27_sce_np_sysutil_recv_packetiRN4cxml8DocumentERNS_7ElementE
48bd97c7	sceNpTrophy	sceNpTrophyAbortHandle
48c001b0	cellRudp	cellRudpWrite
48c5020d	cellCelp8Enc	cellCelp8EncGetAu
48d101ef		_ZNKSt8ios_base7failure8_DoraiseEv
48d3eeac	cellRudp	cellRudpTerminate
48d462a9		_FDint
48dc7245	libsnd3	cellSnd3SMFSetPlayPanpot
48ff0164	cellDtcpIpUtility	cellDtcpIpActivate
490124fd	sceNp2	sceNpMatching2GetRoomMemberIdListLocal
49033e54	cellSsl	BIO_new_socket
4911ff9c		rand_int31_TT800
491cc554	cellSaveData	cellSaveDataListExport
491d6ba5	cellMusicDecodeUtility	cellMusicDecodeSetSelectionContext2
492d8224	cell_FreeType2	FT_Get_Renderer
4930ac11		logbl
4931b44e	cellL10n	UTF8toMSJIS
493212da		_ZNSt8time_getIwSt19istreambuf_iteratorIwSt11char_traitsIwEEED0Ev
494613c7	cellSpurs	cellSpursJobChainGetSpursAddress
49476a3d	cellSailRec	cellSailRecorderCreateVideoConverter
4952490e		_ZNSt8ios_base5clearENSt5_IosbIiE8_IostateEb
49609306	libgem	cellGemSetRumble
496258df	libsnd3	cellSnd3VoiceSetPanpotEx
49697fbc	libsynth2	cellSoundSynth2GetSwitch
496c6f50		_Getctyptab
496cfcd0	cellPngEnc	cellPngEncQueryAttr
4986187c	cellSysutil	_ZN8cxmlutil16CheckElementNameERKN4cxml7ElementEPKc
498a5036		raw_spu_write_mem
49a3426d	cellSpurs	cellSpursReadyCountSwap
49d18217	sceNpTrophy	sceNpTrophyGetGameInfo
49d9ddaf		_ZNKSt8numpunctIwE12do_falsenameEv
49da8c5f		_ZNKSt9money_getIwSt19istreambuf_iteratorIwSt11char_traitsIwEEE6do_getES3_S3_bRSt8ios_baseRNSt5_IosbIiE8_IostateERe
49f7d434		_ZNSt8numpunctIwED0Ev
4a0049c6		_Getpctype
4a071d98	sysPrxForUser	sys_interrupt_thread_disestablish
4a18a89e	sceNpMatchingInt	sceNpMatchingSetRoomInfoNoLimit
4a40969d		_Fac_tidy
4a5ae27d		f_exp2f
4a5b9659	cellSheap	cellKeySheapBufferNew
4a5eab63	cellSpurs	cellSpursWorkloadAttributeSetName
4a6465e3	cellSpurs	cellSpursCreateTaskset2
4a6ca9a6		powf4
4a799510		_ZNKSt7num_getIcSt19istreambuf_iteratorIcSt11char_traitsIcEEE6do_getES3_S3_RSt8ios_baseRNSt5_IosbIiE8_IostateERl
4ab0b9b9	sys_net	sys_net_set_test_param
4ab1fa77	sys_io	cellKbCnvRawCode
4ab22a63		_Caddcc
4ab5fbe2		_Printf
4abe830e	cellUsbPspcm	cellUsbPspcmWaitBindAsync
4ac76585	cellRec	cellRecClose
4ac7bae4	cellSpurs	cellSpursEventFlagClear
4add664c		feclearexcept
4ae52dd3		exp2
4ae8d215	cellGcmSys	cellGcmSetFlipMode
4ae979df	cellSail	cellSailSoundAdapterPtsToTimePosition
4aec14d5		_ZNSt12length_errorD1Ev
4aecea24	libmedi	cellMediatorGetSignatureLength
4aef2877	cellMusicDecodeUtility	cellMusicDecodeFinalize2
4af23efa	cellUsbPspcm	cellUsbPspcmSendAsync
4af28f31		_FErf_small
4aff73cc		_ZSt14_Debug_messagePKcS0_
4b03d5b2		f_rintf
4b1383fb	cellSheap	cellSheapAllocate
4b1ad744		_ZdaPvjRKSt9nothrow_t
4b2f301a	sysPrxForUser	_sys_tolower
4b33942a	cellHttp	cellHttpClientAddHeader
4b36c0e0		vfscanf
4b3bbacb	cellL10n	BIG5toUTF8
4b478cdd	cellFontFT	FTFaceH_GetAscender
4b4cbf7a	cell_FreeType2	FT_Outline_Embolden
4b55f456	sys_lv2dbg	sys_dbg_get_ppu_thread_name
4b573039	cell_FreeType2	FT_Get_Glyph
4b584841		f_asinf
4b5a8abc		_ZNSt13basic_filebufIwSt11char_traitsIwEE6setbufEPwi
4b6a4010		vswprintf
4b6e8560	cellSysutil	cellWebBrowserCreateRenderWithRect2
4b77752f	cellVideoPlayerUtility	cellVideoPlayerInitialize
4b9efb7a	sceNp	sceNpManagerGetCachedInfo
4bb8e2b2		raw_spu_write_ushort
4bbc14e6	cell_FreeType2	FT_Stroker_CubicTo
4bbf59d0		_sys_net_eurus_post_command
4bc193c7		_ZNSt10ostrstreamC2EPciNSt5_IosbIiE9_OpenmodeE
4bc591d7	cell_FreeType2	FT_Vector_Transform
4bd5073a	sys_fs	cellFsGetBlockSize2
4bda379a		_ZNSt8ios_base4InitC1Ev
4bdec82a	cellSysutil	cellHddGameCheck2
4be810bc	cell_FreeType2	FT_Get_Name_Index
4bee7ba9		_ZNSt8ios_base7failureD1Ev
4c0219a5	cellCamera	cellCameraOpenPost
4c188caa	cellMusicUtility	cellMusicGetContentsId
4c191088	cellSail	cellSailDescriptorGetUri
4c1d59e8	cellSailRec	cellSailComposerTryGetEsUserAu
4c3f5f29		_Getgloballocale
4c4b9665	cellSysutilAvc2	cellSysutilAvc2IsCameraAttached
4c75deb8	cellSpurs	cellSpursUnsetExceptionEventHandler
4c7dc863		iswupper
4c8b7e01	cellSsl	R_time_free
4cb35e7d		_ZNSt9time_baseD1Ev
4cb5fa99		nexttoward
4cc54f8e	cellSail	cellSailFutureInitialize
4cc9b68d	sys_io	cellPadPeriphGetInfo
4cce88a9	cellSpurs	cellSpursLookUpTasksetAddress
4cdab0ba		_ZNSt7_MpunctIwED0Ev
4ce3fc00	cell_FreeType2	FT_Get_Multi_Master
4ceb9694	cellSpurs	cellSpursGetJobChainInfo
4cef342e	sys_fs	cellFsAioWrite
4d06aef7	sceNpClans	sceNpClansAddBlacklistEntry
4d0b3b1f	sys_io	cellMouseInfoTabletMode
4d19c631	cellFont	cellFontSetupRenderScalePoint
4d1e9373	cellSpurs	cellSpursEventFlagGetClearMode
4d249136	libmedi	cellMediatorGetUserInfo
4d348427		fputs
4d40cf98	cellHttp	cellHttpClientGetProxy
4d4a094c	sceNpCommerce2	sceNpCommerce2Term
4d5e0670	sceNp	sceNpScoreGetClansMembersRankingByRangeAsync
4d5ff8e2	sys_fs	cellFsRead
4d7ce993	cellGcmSys	cellGcmSetSecondVFrequency
4d878773		remainderf4
4d89a149	cellSysutil	_ZNK4cxml9Attribute7GetFileEPNS_4FileE
4d915204	cellHttp	cellHttpClientSetCookieSendCallback
4d9b75d5	sys_io	cellPadEnd
4d9c615d	sceNp	sceNpBasicGetClanMessageEntry
4da349b2	cellSync	cellSyncQueueSize
4da6d7e0	cellSync	cellSyncQueuePop
4daf3fcf		_ZNSt15basic_streambufIcSt11char_traitsIcEE6xsgetnEPci
4db200ef	cell_FreeType2	FT_List_Find
4dd03a4e	cellSysutil	cellSaveDataListAutoSave
4ddb926b		powf
4de203e2	cellSpurs	cellSpursSetPreemptionVictimHints
4de501b1	cellPamf	cellPamfReaderGetPresentationStartTime
4ded9f6c	sys_lv2dbg	sys_dbg_signal_to_ppu_exception_handler
4e010403		copysign
4e0b69ee	cellMic	cellMicGetFormatRaw
4e153e3e	cellSpurs	cellSpursGetWorkloadInfo
4e1a17a6	cellSpursJq	_cellSpursJobQueuePortPushBody
4e2ee031	cellSync2	cellSync2SemaphoreGetCount
4e34cf83		_ZNSbIwSt11char_traitsIwESaIwEE5_GrowEjb
4e456e81	cellUsbd	cellUsbdFreeMemory
4e4be299		longjmp
4e4ee53a	cellHttp	cellHttpCreateClient
4e5cd916		_ZNKSt8numpunctIwE11do_groupingEv
4e66d483	cellSpurs	cellSpursDetachLv2EventQueue
4e72f810		wmemchr
4e88c68d	cellSync	_cellSyncLFQueueCompletePushPointer
4e949da4	fs_utility_init	fs_utility_init_4E949DA4
4e9bb95b	cellBGDLUtility	cellBGDLGetInfo
4eb5eb51		sin
4ec89bf8		_ZNSt7collateIcE7_GetcatEPPKNSt6locale5facetE
4ec8c141	cellSysutilAvconfExt	cellVideoOutConvertCursorColor
4ee1b202	cell_FreeType2	FT_List_Finalize
4ef0eb8e		_ZNSt12strstreambuf7seekoffElNSt5_IosbIiE8_SeekdirENS1_9_OpenmodeE
4ef182dd	cellUsbPspcm	cellUsbPspcmResetAsync
4f36cf3f	cell_FreeType2	FT_Get_Char_Index
4f5094b1	libsynth2	cellSoundSynth2SetEffectMode
4f5d8d20	cellHttp	cellHttpResponseGetHeader
4f7172c9	sysPrxForUser	sys_process_is_stack
4fa4f5ec		nexttowardf
4fa5ad09	cellSail	cellSailPlayerReopenEsAudio
4fc86b2c	cellFiber	cellFiberPpuUtilWorkerControlDisconnectEventQueue
4fde96de		_ZNSt15basic_streambufIwSt11char_traitsIwEED1Ev
4fe14d09	cellOskExtUtility	cellOskDialogExtAddOptionDictionary
4fec43a9	cellSailRec	cellSailRecorderSetFeederVideo
4ffba189		feof
5015b8d3		_ZSt7_FiopenPKwNSt5_IosbIiE9_OpenmodeEi
50183b44	cellSysutil	cellSaveDataFixedLoad
501c412f		cargf
50453aa8	sys_lv2dbg	sys_dbg_get_mutex_information
505fa917	cellSysutil	_ZN8cxmlutil7GetFileERKN4cxml7ElementEPKcPNS0_4FileE
508196b4		raw_spu_printf
508e00c6		_Getloc
50affdc1	cellSailRec	cellSailRecorderCreateProfile
50b34c09		_ZNKSt9exception4whatEv
50b83205	cellPamf	cellPamfEpIteratorMove
50b86d94	sceNp	sceNpSignalingAddExtendedHandler
50d3abd4	libsnd3	cellSnd3SMFGetPlayStatus
50ea75bc	cellHttpUtil	cellHttpUtilCopyStatusLine
50ec3696	cell_FreeType2	FT_Get_PFR_Metrics
5102ac61		_ZNKSt7_MpunctIwE14do_curr_symbolEv
5119680b		_ZNSt8_LocinfoD1Ev
511d386b	cellL10n	EUCJPstoSJISs
5127dcd1		_ZNSsC1Ev
516ee89e	cellResc	cellRescInit
5175abb9	sceNpTus	sceNpTusGetDataAsync
519ebb77		floor
51b09e1d	cell_FreeType2	FT_Open_Face
51b28904		_Stodx
51c9d62b	cellGcmSys	cellGcmSetDebugOutputLevel
51ccbe09	cellSysutilAvcExt	cellSysutilAvcExtLoadAsyncEx
51e7cc21	cellSysutil	cellSysutilSharedMemoryAlloc
51ecf361	cellSail	cellSailFutureIsDone
5202e53b	cellSpurs	cellSpursJobChainSetExceptionEventHandler
522180bc	cellHttp	cellHttpsInit
522b0457		_ZNSt10istrstreamD0Ev
52330fbd		_ZNSt13runtime_errorD0Ev
523a96c4	cellSysutil	cellGameDataSetSystemVer
52541151	cellSaveData	cellSaveDataFixedImport
5267cb35	sysPrxForUser	sys_spinlock_unlock
52696620	sys_crashdump	sys_crash_dump_get_user_log_area
526a496a		write
527c6439	cellGcmSys	cellGcmTerminate
52911bcf	cellDmux	cellDmuxQueryEsAttr2
529231b0	cellSaveData	cellSaveDataUserFixedImport
5298ef8e		_ZdaPvRKSt9nothrow_t
529afc47	cellFontFT	FTFaceH_SetRenderScalePoint
529d4301		_Denorm
52a1f1ec	cell_FreeType2	FT_Outline_GetInsideBorder
52a6b523	sceNp	sceNpManagerUnregisterCallback
52aac4fa	cellSysutil	cellSaveDataUserAutoSave
52aadadf	sysPrxForUser	sys_lwcond_signal_to
52b7883f	cellL10n	UTF8stoBIG5s
52cc6c82	cellSpurs	cellSpursCreateTaskset
52d9457a	cellSysutil	cellWebBrowserConfigSetFullVersion2
5316b4a8	cellRtc	cellRtcIsLeapYear
532b03be		raw_spu_read_uint
532b8aaa	cellCamera	cellCameraGetAttribute
5333bdc9		_ZNKSt13runtime_error4whatEv
533f41df	cellRemotePlay	cellRemotePlayGetStatus
534e785f	cellFont	cellFontGlyphGetVerticalShift
53558b6b	cellL10n	UTF16stoUCS2s
53693d40		_ZSt11setiosflagsNSt5_IosbIiE9_FmtflagsE
53764725	cellL10n	UCS2stoGB18030s
53c71ac2	cellL10n	EUCJPtoSJIS
53d03ce1	sceNpSns	sceNpSnsFbCheckThrottle
53e38ff2	cellFontFT	FTFaceH_GetRenderEffectSlant
53e39df3	cellSysutil	cellOskDialogSetSeparateWindowOption
53eb43a1		_Getpmbstate
53f529fe	cellFont	cellFontGlyphSetupVertexesGlyph
540d9068	cellSearchUtility	cellSearchGetOffsetByContentId
5420e419	sys_net	sys_net_show_nameserver
542b74cc	sceNpCommerce2	sceNpCommerce2EmptyStoreCheckStart
5438d7d8		_ZdaPvS_
5468d6b0	cellSubDisplay	cellSubDisplayAudioOutNonBlocking
547fb4a7		sinf4fast
54876603	cellSpurs	cellSpursQueueSize
5491b9d5	cellRtc	cellRtcFormatRfc2822
54ac3519	cellVoice	cellVoiceGetPortInfo
54b383bc		_Locvar
54c2844e		spu_raw_snprintf
54c53688	cellSail	cellSailSourceNotifyInputEos
54ca1e88	libsnd3	cellSnd3SMFResume
54cc1c3f	cellSysutil	_ZNK4cxml7Element13GetFirstChildEv
54cfb78b	cellSailRec	cellSailRecorderUnsubscribeEvent
54d2fb8c		rintf
54f2a4de	cellHttp	cellHttpRequestSetHeader
54f57626		rewind
54f59807	cellL10n	EUCJPtoUCS2
54f81789	cellRudp	cellRudpSetMaxSegmentSize
54fc2032	cellSync	_cellSyncLFQueueAttachLv2EventQueue
550255f7		_ZNKSt7codecvtIccSt9_MbstatetE10do_unshiftERS0_PcS3_RS3_
55104762	cell_FreeType2	FT_Get_BDF_Charset_ID
55123a25	cellUserInfo	cellUserInfoSelectUser_SetList
5516bbbf		iswctype
5516d621		acosl
551a95fc	cellSailRec	cellSailRecorderSubscribeEvent
551d80a5	cellSubDisplay	cellSubDisplayEnd
55481e6f		_ZNSt15basic_streambufIwSt11char_traitsIwEE9showmanycEv
5560c79e		_ZNSdD1Ev
55836e73	cellSync2	_cellSync2MutexAttributeInitialize
558700f6	cellNetCtl	cellGameUpdateCheckStartWithoutDialogAsyncEx
55870804	cellFiber	_cellFiberPpuInitialize
559234a3	cellRtcAlarm	cellRtcAlarmUnregister
55b3ebf2		_ZNSt9strstreamC2EPciNSt5_IosbIiE9_OpenmodeE
55b4350b	cellGcmSys	cellGcmSetFlipMode2
55c70783	cellPhotoUtility	cellPhotoInitialize
55c8a549		truncl
55d4866e		fgetws
55d7bbfd	cellSysutilAvc2	cellSysutilAvc2MicRead
55dc23de	cellCelpEnc	cellCelpEncStart
55e425c3	cellSysutil	cellVideoOutGetConvertCursorColorInfo
55f6921c	cellL10n	UCS2stoGBKs
560f717b	sceNpClans	sceNpClansLeaveClan
562da42b	libmixer	cellSSPlayerGetState
563fd2be		_ZNSt6localeC2ERKS_PKci
5656ccff		_ZNKSt7collateIcE10do_compareEPKcS2_S2_S2_
5659da82	cellSpursJq	cellSpursJobQueueGetMaxSizeJobDescriptor
5676f81c	cellAudio	cellAudioSetPersonalDevice
56776c0d	cellKey2char	cellKey2CharGetChar
568b2352	cellSpurs	cellSpursSemaphoreGetTasksetAddress
569674e3	cellSpurs	cellSpursTraceInitialize
56bc5a7c	sceNpClans	sceNpClansGetBlacklist
56c573a8		log1p
56d3a5ab	sceNpTus	sceNpTssGetData
56d3d4f0		_ZNSt9bad_allocD1Ev
56dfe179	cellAudio	cellAudioSetPortLevel
56fac416		_ZNKSt7num_getIwSt19istreambuf_iteratorIwSt11char_traitsIwEEE6do_getES3_S3_RSt8ios_baseRNSt5_IosbIiE8_IostateERe
571afaca	cellSsl	cellSslCertificateLoader
571dc686	cellSysutilMisc	cellSysutilGetLicenseArea
5721e711	sceNp2	sceNpMatching2JoinRoom
57390c45	cellSailRec	cellSailComposerGetEsAudioAu
57415dd3	cellSailRec	cellSailFeederVideoInitialize
5751acf9		_LDscale
575e9b6e		asinl
575fb268		wctrans
576831ae	cellRudp	cellRudpGetRemoteInfo
576e31a5	cell_FreeType2	FT_Select_Size
577c2695		_ZNSt6_Mutex5_LockEv
5783a454	cellSail	cellSailMp4MovieGetMovieInfo
578e3c98	sys_io	cellPadSetPortSetting
57bd4b22	libsnd3	cellSnd3SMFPlayEx
57dbcf27		_Inf
57e4dec3	cellSpurs	cellSpursRemoveWorkload
57ef52f0		_ZNSt15basic_streambufIwSt11char_traitsIwEE7_UnlockEv
57f0d642	libsynth2	cellSoundSynth2Generate
57ff7dd7		_WStod
580f8203	sys_lv2dbg	sys_dbg_vm_get_page_information
581fc95b		_ZNSt5ctypeIcED0Ev
58246762	cellL10n	EUCKRtoUHC
58320830		_WLitob
585269bc	cellPngEnc	cellPngEncGetStreamInfo
5853be79	sys_net	sys_netset_if_down
5868a9f7	cellGcmSys	cellGcmGetLastFlipTime2
589b5314		strncat
58a04247	sceNp2	sceNpMatching2GetRoomMemberDataInternalLocal
58a47a3d	libsnd3	cellSnd3SMFGetPlayChannel
58ab1999	cellMusicDecodeUtility	cellMusicDecodeGetContentsId
58b02458	libsnd3	cellSnd3KeyOffByID
58b963e5	cellSysutil	_ZN4cxml7Element11AppendChildERS0_
58bc5870	cellCamera	cellCameraGetType
58be9a0f	cellSync2	cellSync2CondInitialize
58c89c4a	cellSysutil	cellWebBrowserEstimate
58d58fcf	cellSpurs	cellSpursTasksetGetSpursAddress
58eb9e57		fabs
58fa4fcd	sceNp	sceNpManagerGetTicketParam
58fad1c1		_ZNSt5ctypeIwE7_GetcatEPPKNSt6locale5facetE
5909e3c4		memset
590a276e	sys_lv2dbg	sys_dbg_mat_get_condition
591c21a8	cellHttp	cellHttpClientGetKeepAlive
5923488b	cell_FreeType2	FT_List_Insert
59431d1b	cellAtracMulti	cellAtracMultiGetRemainFrame
59432970	sceNpTus	sceNpTusSetTimeout
5949408e		_ZNSt8ios_base5_TidyEv
595adee9	cellHttp	cellHttpClientSetPerHostKeepAliveMax
59640bc6		raw_spu_read_ullong
596ab55c		atanh
596df41c	cellL10n	UCS2toSJIS
596f0a56	cellPhotoDecodeUtil	cellPhotoDecodeInitialize
59743b2b	sceNpClans	sceNpClansSendMembershipRequest
5980a293	cellHttp	cellHttpClientGetAutoAuthentication
59b1ede1	cellGameExec	cellGameGetHomeDataExportPath
59bbebd4	cellGameExec	cellGameGetHomePath
59c1bb1f		_Getpwcstate
59c77266		_ZNKSt7num_getIwSt19istreambuf_iteratorIwSt11char_traitsIwEEE6do_getES3_S3_RSt8ios_baseRNSt5_IosbIiE8_IostateERd
59d1629a	cellSysutilNpEula	sceNpEulaCheckEulaStatus
59e8dd58		strtoll
59ef0073	cellFont	cellFontGetGlyphExpandBufferInfo
5a045bd1	sys_net	getsockopt
5a338cdb	cellResc	cellRescGetBufferSize
5a3ad4bd		_ZNKSt7num_getIcSt19istreambuf_iteratorIcSt11char_traitsIcEEE6do_getES3_S3_RSt8ios_baseRNSt5_IosbIiE8_IostateERf
5a41c10f	cellGcmSys	cellGcmGetTimeStamp
5a4ab223	cellL10n	MSJISstoUTF8s
5a59e258	cellSysmodule	cellSysmoduleIsLoaded
5a5a9107		_ZNSt6localeC2Ev
5a6e4e50		_ZNSt6locale7_Locimp9_MakewlocERKSt8_LocinfoiPS0_PKS_
5a74f774		spu_thread_read_float
5a763d0e	cellSysutilAvcExt	cellSysutilAvcExtSetShowNamePlate
5a898327		_ZNSt15basic_streambufIwSt11char_traitsIwEE7seekoffElNSt5_IosbIiE8_SeekdirENS4_9_OpenmodeE
5a8a8b0f	cellRec	cellRecGetInfo
5ab62af9	cellUsbd	cellUsbdUnregisterCompositeLdd
5abd8b1e	cellFont	cellFontGetLibrary
5ac783dc	cellL10n	EUCJPstoUTF8s
5ad46570	cellCamera	cellCameraEnd
5adf9060		_ZNKSt5ctypeIcE8do_widenEPKcS2_Pc
5ae841e5	cellSync	cellSyncQueuePush
5af74c50	cellMusicDecodeUtility	cellMusicDecodeGetDecodeStatus
5b162b7f		memmove
5b18eded		clogl
5b1e2c73	cellAudio	cellAudioPortStop
5b1e4d7a	cellSync2	cellSync2CondEstimateBufferSize
5b3d1ff1	cellPngDec	cellPngDecClose
5b45439d	cellRec	cellRecStop
5b474c22		casinhl
5b4b6d6d		wcspbrk
5b546ca4	cellPngEnc	cellPngEncEncodePicture
5b684dfb	cellL10n	UCS2toBIG5
5b6a0a1d	cellRtc	cellRtcGetDaysInMonth
5b6ada55	cellImeJpUtility	cellImeJpEnterCharExt
5b6ccf5a	cellAtracMulti	cellAtracMultiGetTrackArray
5b71b85d		_ZNSt19istreambuf_iteratorIwSt11char_traitsIwEE4_IncEv
5ba98e47	cellSysutilAvcExt	cellSysutilAvcExtStopVoiceDetection
5baf30fb	sys_io	cellMouseGetInfo
5bfd37be		_FCaddcc
5bff31bf	cellMusicUtility	cellMusicSetSelectionContext
5bff9da1	sceNpClans	sceNpClansRemoveBlacklistEntry
5c15972f		_ZNSt13basic_ostreamIwSt11char_traitsIwEED1Ev
5c1872f1	cellVideoPlayerUtility	cellVideoPlayerSetStartPosition
5c36e44f	cell_FreeType2	FT_Render_Glyph
5c5994bd	cellSheap	cellSheapFree
5c74903d	sys_fs	cellFsReaddir
5c832bd7	cellUsbd	cellUsbdSetThreadPriority2
5c8ae162	cellHttp	cellHttpTransactionSetUri
5ca98e4a		_ZNSt13basic_filebufIcSt11char_traitsIcEED0Ev
5cc71eee		raw_spu_write_ldouble
5cd29270	cellL10n	UTF8stoEUCKRs
5cf9c3f0	cellFontFT	FTManager_SetFontOpenMode
5d0ca0e8	sys_net	_sys_net_lib_sync_destroy
5d134c93	cellCamera	cellCameraStartPost
5d25716b	libsnd3	cellSnd3SynthesisEx
5d25f866	cellCamera	cellCameraOpenEx
5d345de9	cellDmux	cellDmuxResetStream
5d3992dd	cellFiber	cellFiberPpuUtilWorkerControlSendSignal
5d43c1a3		_Mbtowc
5d4431f0	libmedi	cellMediatorFlushCache
5d473170	cellHttp	cellHttpClientSetKeepAlive
5d543bbe	sceNp	sceNpBasicGetMessageAttachmentEntry
5d883b1c	cellSysutil	cellMsgDialogOpenSimulViewWarning
5d9a7034	cellFiber	cellFiberPpuSelf
5da94854	sceNpClans	sceNpClansUpdateAutoAcceptStatus
5dbceee3		rand_int32_TT800
5de3af36	cellUsbd	cellUsbdGetPrivateData
5de61626	sceNp	sceNpLookupDestroyTitleCtx
5e00d433	cellSync2	_cellSync2QueueAttributeInitialize
5e06c3fe		__getpid
5e117ed5	sceNp	sceNpLookupTitleStorageAsync
5e1d9330	cellL10n	UHCstoUTF8s
5e1f2d37		_ZNKSt9exception8_DoraiseEv
5e2ee0f0	cellGcmSys	cellGcmGetDefaultCommandWordSize
5e48dede		exp2f4
5e4b0f87	cellSync2	cellSync2SemaphoreTryAcquire
5e55ab8c		_ZSt10_GetloctxtIwSt19istreambuf_iteratorIwSt11char_traitsIwEEEiRT0_S5_jPKT_
5e7888f0		bsearch
5e78d18e	cellRtc	cellRtcSetConf
5e849303	sceNp	sceNpBasicSetPresenceDetails2
5e89c269	cellFontFT	FTManager_OpenMemFace
5e91bc26	cellSysutil	cellSysutilAvcEnumPlayers
5e9253ca	cellSsl	cellSslCertGetMd5Fingerprint
5eb95641		_Stold
5ec05ad8	cellSysutilNpEula	sceNpEulaAbort
5ec145e2	cellSysutil	_ZN4cxml8DocumentD1Ev
5ed4fb7a		_ZTv0_n12_NSt13basic_istreamIwSt11char_traitsIwEED0Ev
5ee10a95		catanh
5ee37927		_LErfc
5ee3bc26	cellSysutil	cellSysutilAvcGetVoiceMuting
5eebf24e	cellCamera	cellCameraIsStarted
5ef96465	cellSpurs	_cellSpursEventFlagInitialize
5f2d9257	sceNp	sceNpLookupInit
5f3811f8	cellSysutilAvc2	cellSysutilAvc2GetPlayerVoiceMuting
5f44f64f	cellSail	cellSailMp4TrackGetTrackReference
5f5b3227	cellImeJpUtility	cellImeJpGetFocusLength
5f62d546	cellAtrac	cellAtracGetMaxSample
5f68c268	cellRtc	cellRtcSetWin32FileTime
5f77e8df	cellSail	cellSailRendererVideoNotifyFrameDone
5f7c7a6f	cellSail	cellSailPlayerSetParameter
5f7f83aa	cell_FreeType2	FTC_SBitCache_Lookup
5f81900c	sys_io	sys_config_unregister_service
5f8370d7	cell_FreeType2	FT_Get_Charmap_Index
5f909b17	cellGcmSys	_cellGcmFunc1
5f922a30		_Dscale
5f9a65c7		_WStold
5fa1e497		_Unlockfilelock
5faf802b	cellSail	cellSailMp4MovieGetTrackByIndex
5fb9b05d	cellSpursJq	cellSpursJobQueueAttributeSetMaxGrab
5fd43fe4	cellSpurs	cellSpursWaitForWorkloadShutdown
5fdfb2fe	sysPrxForUser	_sys_spu_printf_detach_group
5ff11eb4		_FZero
6005cde1	sys_net	_sys_net_errno_loc
602e2052	cellCamera	cellCameraGetDeviceGUID
60315dca	cellSsl	SSL_state_string_long
60440c73	sceNp	sceNpManagerSubSigninAbortGui
604fec95		_ZNSt12out_of_rangeD1Ev
605131d5		_ZNSt8_LocinfoC1EPKc
6051c802		_ZNSt7codecvtIccSt9_MbstatetED0Ev
60627fb3		_LDunscale
606f9f42	sys_fs	cellFsChangeFileSizeWithoutAllocation
6075a3c6		_Ld2rv
608212fc	sysPrxForUser	sys_mempool_free_block
60897c38	sceNp	sceNpSignalingActivateConnection
608abbb5		_ZNSt13basic_filebufIcSt11char_traitsIcEE5uflowEv
609080ec		isspace_ascii
609ec7d5	cellPngDec	cellPngDecGetUnknownChunks
60a4daab	cellSysutil	cellWebBrowserConfigSetVersion
60a5d81f	cellSsl	SSLCERT_from_binary
60acd240	cellSsl	SSLCERT_get_basic_constraints_int
60b2101d	cellAtracMulti	cellAtracMultiGetVacantSize
60bb76c2	libsnd3	cellSnd3Init
60e9ff3c		_expm1f4
60eb2dec	cellSpurs	cellSpursCreateJobChain
60ffa0ec	cellL10n	GB18030stoUCS2s
610bf503	sys_io	cellPadFilterIIRInit
61119152		_ZNSt6locale5_InitEv
6122e000	cellL10n	SJIStoUTF8
61248c80		_ZNKSt8time_getIwSt19istreambuf_iteratorIwSt11char_traitsIwEEE13do_date_orderEv
61250988		catanl
612f00ff	libmixer	cellSSPlayerSetParam
6137d196		memalign
61405530	cell_FreeType2	FTC_Manager_RemoveFaceID
6144f033	cellSysutil	cellWebComponentCreateAsync
615369c3	cell_FreeType2	FT_Vector_Length
6169f205	cellL10n	JISstoSJISs
617eec02	cellHttp	cellHttpClientDeleteHeader
61865281	cellMusicUtility	cellMusicInitialize2SystemWorkload
619b1427	cellSysutil	cellWebBrowserConfigSetTabCount2
61a23009		_ZNKSt7num_putIwSt19ostreambuf_iteratorIwSt11char_traitsIwEEE5_FputES3_RSt8ios_basewPKcjjjj
61b1cb18	cellSysutilAvcExt	cellSysutilAvcExtShowWindow
61b2bade	cellHttp	cellHttpEndCookie
61c90691	cellHttp	cellHttpRecvResponse
61ce2bcd	cellGamePs1Emu	cellGamePs1Emu_61CE2BCD
61dfbe83	cellCamera	cellCameraPrepExtensionUnit
61f55c30		_ZNKSt5ctypeIcE8do_widenEc
61fb9442	cellL10n	UTF8toUTF16
62023e98	sceNpCommerce2	sceNpCommerce2CreateSessionAbort
620967c9		_Mbcurmax
620e35a7	sysPrxForUser	sys_game_get_system_sw_version
623cd2dc	sceNpTrophy	sceNpTrophyDestroyHandle
6261c0b5		_log10f4
626e8518	cellGcmSys	cellGcmMapEaIoAddressWithFlags
6287ac6a		iswdigit
6298b55a	cellImeJpUtility	cellImeJpEnterStringExt
629b8531		_ZNKSt7num_putIwSt19ostreambuf_iteratorIwSt11char_traitsIwEEE5_IputES3_RSt8ios_basewPcj
629ba0c0	cellOvis	cellOvisInvalidateOverlappedSegments
62a20f0d	cellFiber	cellFiberPpuUtilWorkerControlConnectEventQueueToSpurs
62b0f803	cellSysutil	cellMsgDialogAbort
62b36bcf	cellL10n	UTF8stoMSJISs
62bf1d6c		swprintf
62ccc64a	cellSailRec	cellSailComposerGetEsUserAu
62d446ac	sceNp2	sceNpMatching2GetCbQueueInfo
62d6bf82		_ZNSt8time_getIwSt19istreambuf_iteratorIwSt11char_traitsIwEEED1Ev
62f52bb0		_ZNSt7_MpunctIwEC2ERKSt8_Locinfojb
62fec3b7	cellNetAoi	cellNetAoiGetPspTitleId
63062249	cellSync2	cellSync2CondFinalize
6319eda3	cellImeJpUtility	cellImeJpAllDeleteConvertString
63219199	cellL10n	EUCKRtoUTF8
63387071	cellGcmSys	cellGcmGetLastFlipTime
63441cb4	cellGcmSys	cellGcmMapEaIoAddress
634b1502	cellSpursJq	cellSpursJobQueuePortSync
635166c3		_ZNKSt9money_putIwSt19ostreambuf_iteratorIwSt11char_traitsIwEEE6do_putES3_bRSt8ios_basewe
6356082e	sceNp	sceNpSignalingCreateCtx
636dc89e	cellJpgEnc	cellJpgEncEncodePicture2
6377137f	cell_FreeType2	FTC_CMapCache_New
637bdaae		_proc_spawn
638c2fc1	cellL10n	SjisHan2Zen
639abbde	cellSysconfPs1emu	cellSysconfPs1emu_639ABBDE
63a2b2cc		_ZNKSt8messagesIcE8do_closeEi
63bbdfa6		_FCmulcc
63bd413e	sys_lv2dbg	sys_dbg_get_cond_information
63bfdb97	cellUsbd	cellUsbdSetPrivateData
63f63545	cellRudp	cellRudpInit
63ff6ff9	cellSysmodule	cellSysmoduleInitialize
640c7278	cellSail	cellSailSourceNotifyStartCompleted
642e3d18		_frexpf4
642f7d6b		f_copysignf
643235cf		_ZNSt9strstreamD1Ev
6437a975		_ZNKSt7num_getIcSt19istreambuf_iteratorIcSt11char_traitsIcEEE6do_getES3_S3_RSt8ios_baseRNSt5_IosbIiE8_IostateERt
643e67f4		_ZNKSt7num_getIcSt19istreambuf_iteratorIcSt11char_traitsIcEEE6do_getES3_S3_RSt8ios_baseRNSt5_IosbIiE8_IostateERPv
6441d38d	libgem	cellGemGetState
6453b27b	sceNp	sceNpBasicGetFriendPresenceByIndex2
645557bd		copysignl
6463d9ea		_ZNKSt8messagesIwE6do_getEiiiRKSbIwSt11char_traitsIwESaIwEE
646c6c5f	cellSysutilAvcExt	cellSysutilAvcExtIsCameraAttached
648b7611	cellMusicUtility	cellMusicGetPlaybackStatus2
64951ac7	cellUsbd	cellUsbdUnregisterLdd
64a10ec8	cellL10n	UCS2toUTF16
64a704cc	sceNp	sceNpBasicRecvMessageAttachmentLoad
64aaf016		raw_spu_read_ldouble
64abdb4d		csinhl
64c63fd5	cellRtc	cellRtcTickAddWeeks
64ce0374		_ZNSbIwSt11char_traitsIwESaIwEE7replaceEjjPKwj
64dbb89d	sceNp	sceNpSignalingCancelPeerNetInfo
64ed868e		_ZSt9terminatev
64f66d35	sys_net	connect
64fb0b76	cellSearchUtility	cellSearchStartContentSearchInList
6500d2d5		_ZNSt9money_putIwSt19ostreambuf_iteratorIwSt11char_traitsIwEEE7_GetcatEPPKNSt6locale5facetE
6514dbe5		wcstold
651fd79f	sceNpTus	sceNpTusGetMultiSlotDataStatusAsync
6524499e		_FInf
6525ef63	cell_FreeType2	FTC_Node_Unref
65261754	libmixer	cellSurMixerGetTimestamp
652b70e2	cellSpurs	cellSpursTasksetAttributeSetName
65336418	cellMic	cellMicRemoveNotifyEventQueue
6539ff6d		_Gentime
65444204	cellL10n	UCS2toMSJIS
6545b7de		fgetpos
655a0364	cellSysutilAvconfExt	cellVideoOutGetGamma
65691795	cellHttp	cellHttpClientSetSslVersion
657571f7	cellGcmSys	cellGcmGetTileInfo
657d0e83		divf4fast
657fcd36	cellUsbPspcm	cellUsbPspcmInit
65935877		ilogbf
6595ce22	cellSubDisplay	cellSubDisplayGetRequiredMemory
659775fb	cellAtracMulti	cellAtracMultiSetSecondBuffer
6599500d	cellSysutilNpEula	sceNpEulaShowCurrentEula
659e011e		sqrt
65bf9ea3	cellSysutilAvconfExt	cellAudioInGetAvailableDeviceInfo
65cbbb16	cellJpgDec	cellJpgDecExtSetParameter
65e27cb3	cellFontFT	FTFaceH_GetGlyphImage
65e8d4d0		wcslen
65f19631		_ZTv0_n12_NSiD0Ev
65f7338b	cellPesmUtility	cellPesmEncryptSample
660882e8		_ZNSt6localeC1Ev
660d42a9	cellHttp	cellHttpClientSetAuthenticationCallback
661fe266	cellGcmSys	_cellGcmFunc12
6621a82c	cellL10n	sjis2kuten
662bb2ad	sys_io	sys_config_register_io_error_handler
662bd637	cellPngEnc	cellPngEncWaitForInput
6636c4a5		frexpf
664e04b9		negatef4
66515c18	cellMinisSaveData	cellMinisSaveDataFixedLoad
665808a3	libsnd3	cellSnd3VoiceSetPitchBend
665df255	fs_utility_init	fs_utility_init_665DF255
6660fc8d		TlsGetValue
6674de2d	cellMusicUtility	cellMusicGetContentsId2
667d741b		_ZNSt7num_putIwSt19ostreambuf_iteratorIwSt11char_traitsIwEEED0Ev
6687fba4		_Fgpos
668b31c6		_ZNSs5_GrowEjb
669b7299	libmixer	cellSurMixerSetParameter
66a23100	cellFont	cellFontBindRenderer
66afc68e	cellAtrac	cellAtracSetDataAndGetMemSize
66b71b17		wcsspn
66c6cc78	cellImeJpUtility	cellImeJpGetStatus
66d88c8c	cell_FreeType2	FT_Glyph_Stroke
66f19527	sceNp2	sceNpMatching2KickoutRoomMember
66f39adb		_ZNSt8numpunctIwED1Ev
66f5e388	cellResc	cellRescGetLastFlipTime
66fcc6f4		_ZNSt8messagesIwE7_GetcatEPPKNSt6locale5facetE
670b2721	cellAtracMulti	cellAtracMultiGetStreamDataInfo
672399a8	sceNpClans	sceNpClansGetClanListByNpId
674bb9ff	sceNp	sceNpCommerceGetProductCategoryAbort
67582370		spu_thread_write_double
67618ba2	cell_FreeType2	FT_GlyphSlot_Own_Bitmap
6764c707		f_log2f
676e3e7a		raw_spu_write_ptr
677027af	cellSpursJq	cellSpursJobQueueSemaphoreInitialize
67948307		_ZNKSt7codecvtIwcSt9_MbstatetE9do_lengthERKS0_PKcS5_j
67b4d01f	cellSail	cellSailRendererAudioInitialize
67c09257		_ZNKSt7num_getIcSt19istreambuf_iteratorIcSt11char_traitsIcEEE6do_getES3_S3_RSt8ios_baseRNSt5_IosbIiE8_IostateERx
67d1406b		__ctype_ptr
67d56767	cell_FreeType2	FT_Get_SubGlyph_Info
67d6334b		strtof
67e805c3	cellFont	cellFontsetUSleep
67edde2f		_ZdlPvjRKSt9nothrow_t
67f9fedb	sysPrxForUser	sys_game_process_exitspawn2
67fbabf0		_ZNKSt8time_getIcSt19istreambuf_iteratorIcSt11char_traitsIcEEE14do_get_weekdayES3_S3_RSt8ios_baseRNSt5_IosbIiE8_IostateEPSt2tm
67fd273b	cellPamf	cellPamfReaderGetStreamInfo
6802dfb5	cellPrintUtility	cellPrintGetStatus
6823c180		iswprint
683ca70a		_ZNKSt12_String_base5_XlenEv
683cacb3		sinh
683fe299	cellSysutilAvcExt	cellSysutilAvcExtHidePanelEx
684766e9	cell_FreeType2	FT_Stroker_ParseOutline
68492de9	cellDmux	cellDmuxOpen
684eaa3c	libmixer	cellSurMixerSetNotifyCallback
6863452e		_ZNSt6locale5facetD1Ev
6884cdb7	cellHttp	cellHttpClientGetResponseBufferMax
688b8ac9	cellGcmSys	_cellGcmFunc38
68a8957f		casinhf
68aaeba9	cellSpurs	cellSpursJobGuardInitialize
68af923c	cellSync	cellSyncQueueTryPeek
68b9b011	sysPrxForUser	_sys_memset
68ba4568	cellFiber	_cellFiberPpuUtilWorkerControlAttributeInitialize
68bc4ff3	cellSysutil	cellAudioOutRegisterCallback
68c25868	cell_FreeType2	FT_Add_Default_Modules
68f72416		nextafterl
69040b9b		logbf4
69106fd2		_init_by_array_TT800
691f429d	sceNp	sceNpMatchingGetRoomInfo
6929318d		_ZNSs6assignERKSsjj
692b497f		perror
69452cba	cellVideoPlayerUtility	cellVideoPlayerGetVolume
6961e09c	libsnd3	cellSnd3VoiceNoteOnByTone
696b47f2		_ZNKSt7_MpunctIcE13do_neg_formatEv
69725dce		lgamma
69726aa2	cellSpurs	cellSpursAddWorkload
69793952	cellSail	cellSailPlayerUnsubscribeEvent
697c5cfd	libmixer	cellSurMixerChStripSetParameter
698897f8	cellFont	cellFontGetVerticalLayout
6995f5e8		_Ldtob
699c4e5e	libsynth2	cellSoundSynth2Exit
69a5861d	cellSheap	cellKeySheapSemaphoreNew
69c27c12		fopen
69c6cc82	cellGcmSys	cellGcmSetCursorDisable
69ff1b9b		fseek
6a024aa0	cellMic	cellMicGetDeviceAttr
6a09df41		_LRteps
6a12d11f	cellSysconfPs1emu	cellSysconfPs1emu_6A12D11F
6a24cc70	cellVideoExportUtility	cellVideoExportInitialize
6a48d894	cell_FreeType2	FT_Sfnt_Table_Info
6a4b95c1	sys_fs	cellFsLsnRead
6a5b7048	libgem	cellGemGetAccelerometerPositionInDevice
6a6b90c9		_ZSt15set_new_handlerPFvvE
6a6f25d1	cellL10n	UCS2toUHC
6a81b5e4	cellHttp	cellHttpResponseGetStatusLine
6aa76999	cellSpurs	cellSpursJobChainUnsetExceptionEventHandler
6ac91de3	cellPngEnc	cellPngEncReset
6ad1c42b		_sincosf4
6adc320a		_ZNSt9money_getIcSt19istreambuf_iteratorIcSt11char_traitsIcEEED0Ev
6ae0ba7f	sys_fs	cellFsFcntl
6ae10596	sys_io	sys_config_add_service_listener
6af85cdf	cellSync2	cellSync2QueueFinalize
6af9fd89	cellSysutil	_ZN8cxmlutil16FindChildElementERKN4cxml7ElementEPKcS5_S5_
6b148570	cellCelpEnc	cellCelpEncQueryAttr
6b413178	sys_lv2dbg	sys_dbg_get_ppu_thread_status
6b493669		_ZSt7setbasei
6b4e0de6	cellSaveData	cellSaveDataListImport
6b5896b0	fs_utility_init	fs_utility_init_6B5896B0
6b660894		_acosf4fast
6b6ab2a9		_LDclass
6b6caf26	sys_net	_sys_net_lib_sync_create
6b8f5cb9	libmedi	cellMediatorSign
6b913d53		_ZNSs6insertEjjc
6ba10474		_Tlsalloc
6ba1d72f	cellSysutil	_ZN4cxml8Document13CreateElementEPKciPNS_7ElementE
6ba4c668	sceNp2	sceNpMatching2ContextStartAsync
6ba92c44	cellSsl	SSL_CIPHER_description
6bad7a69	cellFont	cellFontVertexesGlyphRelocate
6bb4ef9d	cellSync	_cellSyncLFQueueGetPushPointer2
6bc09c61	sys_io	cellPadGetDataExtra
6bc46aab	cellMic	cellMicReset
6bc587e9	cellRudp	cellRudpPollCreate
6bd131f0	sys_io	cellMouseGetDataList
6bf66ea7	sysPrxForUser	_sys_memcpy
6bf6f832	cellFont	cellFontSetFontsetOpenMode
6c009c56		f_log10f
6c0cff03	cellRudp	cellRudpEnableInternalIOThread
6c1082aa	cellSysutil	cellWebBrowserConfigWithVer
6c164b3b	cellFiber	cellFiberPpuWaitSignal
6c19db26		_ZNKSt7_MpunctIcE16do_thousands_sepEv
6c1ffe4e	cellHttp	cellHttpCookieImport
6c272124	cellSync	cellSyncBarrierTryWait
6c386f54		_ZNSt15basic_streambufIcSt11char_traitsIcEE7seekposESt4fposISt9_MbstatetENSt5_IosbIiE9_OpenmodeE
6c511024	sceNpTus	sceNpTusGetMultiUserVariableVUser
6c61bf87	cellSpursJq	cellSpursJobQueueSetExceptionEventHandler2
6c6285c6		acoshf
6c62d879	cellL10n	UTF32toUCS2
6c673f78	cellSysutil	cellSysutilAvcUnloadAsync
6c7bed41	cellGcmSys	cellGcmGpadGetStatus
6c815943	sys_fs	cellFsLsnGetCDASize
6c8dc459		_ZNKSt8bad_cast4whatEv
6c93ea18	cellSpursJq	cellSpursJobQueueSemaphoreAcquire
6c960f6d	cellSpurs	cellSpursGetSpuThreadId
6ca9efd4	sceNpCommerce2	sceNpCommerce2DoDlListStartAsync
6cb1a335		_ZNSt6locale5facet7_DecrefEv
6cb81eb2	sceNp	sceNpCommerceDestroyProductCategory
6cc4bd13		casinh
6cc7ae00	cellMic	cellMicSetNotifyEventQueue2
6ccaae48	cellSsl	SSLCERT_get_pubkey
6ccbe3d6	cellImeJpUtility	cellImeJpEnterChar
6cd0f95f	cellResc	cellRescSetSrc
6cf78f3e		_Mtxunlock
6cfada83	cellFont	cellFontSetFontOpenMode
6cfd856f	cellSysutil	cellSysutilGetBgmPlaybackStatus2
6cff1d7f	cellAtracMulti	cellAtracMultiGetBitrate
6d045c2e	cellLibprof	cellUserTraceUnregister
6d087930	cellSysutil	cellWebBrowserEstimate2
6d2d9339	cellSpurs	cellSpursEventFlagTryWait
6d367953	sys_io	sys_config_stop
6d3bb15b	sys_fs	cellFsSdataOpenByFd
6d483b7a		_ZNSt12strstreambuf9pbackfailEi
6d4adc3b	sceNp	sceNpScoreGetClansMembersRankingByRange
6d5115b0		wcsncmp
6d7444e6	cellSysutil	cellWebBrowserActivate
6d85ddb3	cellSubDisplay	cellSubDisplayStop
6d996018	cellPrintUtility	cellSysutilPrintShutdown
6d9ebccf	cellJpgDec	cellJpgDecReadHeader
6daed882		_ZNSt8ios_baseD0Ev
6db6b007	libgem	cellGemGetRumble
6db6e8cd	sys_net	socketclose
6dbbb9de		_ZNKSt5ctypeIcE10do_toupperEc
6dce048c	libgem	cellGemConvertVideoStart
6ddd31b2		hypot
6de0efb4	cell_FreeType2	FT_Stroker_EndSubPath
6de4b508	cellL10n	ToSjisUpper
6df35518		floorl
6dfff31d	cellSysutil	cellWebBrowserSetSystemCallbackUsrdata
6e05231d	sysPrxForUser	sys_game_watchdog_stop
6e0705c4	cellL10n	UTF8toEUCJP
6e0bf85d		_ZTv0_n12_NSt10istrstreamD1Ev
6e2ab18b	sceNp	sceNpCommerceGetCategoryName
6e42c0dd	sceNpSns	sceNpSnsFbDestroyHandle
6e4a84c1		_ZNSt5ctypeIcED1Ev
6e560d59	cell_FreeType2	FT_Attach_File
6e5906fd	cellL10n	UCS2stoEUCJPs
6e61426d		_ZNSt13basic_filebufIwSt11char_traitsIwEED1Ev
6e7264ed	cellSysutil	cellSaveDataUserFixedLoad
6e83f5c0	cellSail	cellSailAviMovieGetMovieInfo
6e952645	cellPrintUtility	cellPrintGetPrintableArea
6e988e5f		_rand_int31_TT800
6e9eb0dc		sincosf4fast
6eb168b3	cellMinisSaveData	cellMinisSaveDataDelete
6ee04954	cellRudp	cellRudpNetReceived
6ee62ed2	sceNp	sceNpManagerGetContentRatingFlag
6eed4999	cellHttp	cellHttpClientSetAuthenticationCacheStatus
6eee1b61	cellSysutil	_ZN4cxml8Document16CreateFromBufferEPKvjb
6ef5d792	cell_FreeType2	FT_Outline_Translate
6ef6b083		_FCsubcr
6f0b1002	cellSail	cellSailPlayerSubscribeEvent
6f0f7667	cellHttpUtil	cellHttpUtilBuildUri
6f1945fc		_ZNSoD1Ev
6f2104f3	cellMusicUtility	cellMusicFinalize
6f2d371c	cellJpgEnc	cellJpgEncOpenEx
6f5dd7d2		cexpf
6f5e8143	sceNp	sceNpScoreCreateTransactionCtx
6f639afb		f_llroundf
6f67ea80	sceNpCommerce2	sceNpCommerce2DestroyCtx
6f867071	cellSailRec	cellSailComposerReleaseEsVideoAu
6f87a42f	libsynth2	cellSoundSynth2SetParam
6f8fd267	sceNp	sceNpMatchingSetRoomInfo
6f9b8e91	libsnd3	cellSnd3BindSoundData
6fc4c791	libgem	cellGemFilterState
6fc530b3	cellL10n	UTF16toUCS2
6fcc1e27		_FPoly
6fcd84c1	sceNp2	sceNpMatching2SetSignalingOptParam
6fcdf6e3	cellSpurs	cellSpursGetSpuGuid
6fe060a0		_ZNSt15basic_streambufIwSt11char_traitsIwEE7seekposESt4fposISt9_MbstatetENSt5_IosbIiE9_OpenmodeE
6ff5319e	libmixer	cellSurMixerSurBusAddData
7008e209		_ZNKSt5ctypeIwE10do_toupperEw
700e6223	cellFont	cellFontGetRenderCharGlyphMetricsVertical
701fd8a9	cellSpursJq	_cellSpursJobQueuePushSync
70258515	sysPrxForUser	sys_mmapper_allocate_memory_from_container
7028dea9		_Locksyslock
702dc876	sceNpSns	sceNpSnsFbGetAccessToken
70357b12		_atanf4fast
703ec767		setvbuf
7048396e		carg
7048a9ba	cellSaveData	cellSaveDataUserListDelete
705985cd	cellSync	cellSyncQueueTryPush
705d9e24		f_acosf
708cf940		_ZNKSt8time_getIwSt19istreambuf_iteratorIwSt11char_traitsIwEEE11do_get_dateES3_S3_RSt8ios_baseRNSt5_IosbIiE8_IostateEPSt2tm
709ab035		_ZNSt15basic_streambufIcSt11char_traitsIcEE6setbufEPci
70acec67	cellGame	cellGameContentPermit
70b0e833		mblen
70d2d3b2	libmixer	cellSurMixerGetAANHandle
70e319b5	cellSysmodule	cellSysmoduleIsLoadedEx
70f3e728	cellFont	cellFontSetScalePoint
70f71871		_FCdivcc
711fb8a8	libsnd3	cellSnd3VoiceGetEnvelope
71293b71		_FLog
712d51d6	cellSysutilAvc2	cellSysutilAvc2JoinChatRequest
7142ad20		_ZNKSt7_MpunctIcE16do_decimal_pointEv
714a9b4a	cellL10n	UCS2stoUTF16s
714adce1		log
714c9618		__raw_spu_putfld
716f8792	cellJpgDec	cellJpgDecExtDecodeData
71714cdc	cellHttp	cellHttpClientSetSendTimeout
717b2502		stat
71804d64	cellL10n	UCS2stoEUCCNs
7189430b	cellImeJpUtility	cellImeJpAllConfirm
718977c5		_ZNSt8time_getIwSt19istreambuf_iteratorIwSt11char_traitsIwEEE7_GetcatEPPKNSt6locale5facetE
718bf5f8	sys_fs	cellFsOpen
71a8472a	sysPrxForUser	sys_get_random_number
71acb8d3	cellSysutil	cellSysutilAvcSetVideoMuting
71d53210	cellNetCtl	cellNetCtlNetStartDialogAbortAsync
71db688d	cellNetCtl	cellNetCtlScanGameInt
71df326a	cellPamf	cellPamfReaderGetEsFilterId
71e5af7e	sceNp	sceNpLookupSetTimeout
71f2bc56		_divf4fast
71f4c717	sys_net	gethostbyname
71f86685	cellFontFT	FTFaceH_GetBoundingBoxMinX
72086315	cellFiber	cellFiberPpuContextInitialize
7208dc08	sceNp	sceNpCommerceGetNumOfChildProductSku
72165a7f	cellMic	cellMicReadRaw
72236cbc		raw_spu_write_ullong
72236ec1	cellSail	cellSailMp4TrackGetTrackReferenceCount
72257652	cellImeJpUtility	cellImeJpDeleteWord
722a0254	sysPrxForUser	sys_spinlock_trylock
723bbc7e	cellGcmSys	cellGcmGetVBlankCount
7240c64d	sceNpTus	sceNpTssGetDataNoLimitAsync
72440039	cellVideoPlayerUtility	cellVideoPlayerFinalize
72632e53	cellL10n	SBCSstoUTF8s
726dffd5	sceNpClans	sceNpClansCancelInvitation
726fc1d0	cellPngDec	cellPngDecExtDecodeData
7277d7c3	cellUsbPspcm	cellUsbPspcmSend
727aa7f8	sceNpClans	sceNpClansRetrieveAnnouncements
728149e5		f_ldexpf
72876546	cellMusicUtility	cellMusicInitializeSystemWorkload
729b7269		cproj
72a3ed28		fesettrapenable
72a577ce	cellGcmSys	cellGcmGetFlipStatus
72b217a5	libmixer	cellSurMixerRemoveNotifyCallback
72b84004		spu_printf_attach_thread
72cc6cf7	cellGameExec	cellGameGetHomeDataImportPath
72cf95fc	cell_FreeType2	FT_Set_Debug_Hook
72ec14b5	cellMusicUtility	cellMusicInitialize
72f1f64b		_logbf4
73096858		wctob
7313c78d	cellHttp	cellHttpClientSetSslIdDestroyCallback
73209d59	cellFontFT	FTFaceH_GetRenderScalePoint
7345b4be		_WStoll
734ca589		_f_cosf
736c5f22		_ZNSoD0Ev
7370d8d0	sceNpCommerce2	sceNpCommerce2GetCategoryContentsCreateReq
73898db8		environ
738e40e6	cellSpurs	cellSpursShutdownJobChain
73931bd0	sceNp	sceNpBasicGetBlockListEntryCount
739c2f63	cellSysutilAvcExt	cellSysutilAvcExtHideWindow
73a2c895	cellMP3Sdec	_SceAdecCorrectPtsValue_Mp3s
73a2e36b	sceNp	sceNpMatchingGetRoomMemberListLocal
73a45cf8	cellSheap	cellKeySheapSemaphoreDelete
73d364d5	sys_net	sys_netset_close
73e06f91	cellSpurs	cellSpursLFQueueDetachLv2EventQueue
73eae03d		strrchr
73f2cd21	cellL10n	SJISstoJISs
741fbf24	sceNp	sceNpScoreGetClanMemberGameData
742cec0d	cellSpursJq	cellSpursJobQueueAttributeSetIsJobTypeMemoryCheck
742f12b4		_Sin
74311398	sysPrxForUser	sys_prx_get_my_module_id
743918bd	cellRemotePlay	cellRemotePlaySetComparativeVolume
744680a2	sysPrxForUser	sys_initialize_tls
74496718	cellL10n	SBCStoUTF8
744c1544	cellSysutil	cellSysCacheClear
744d2505		ispunct
7473970a	cellSail	cellSailSourceNotifyStopCompleted
748029a2	sceNp2	sceNpMatching2RegisterContextCallback
74871fe0	cellL10n	UTF8toUTF32
748beda3	cellRtc	cellRtcGetTickResolution
74902d4b		expf4fast
749440f9		lgammal
7498887b	sysPrxForUser	_sys_strchr
749c9b5f	cellSysutil	cellWebBrowserInitialize
74a39b4f		_ZThn8_NSt9strstreamD1Ev
74a66af0	cellAudio	cellAudioGetPortConfig
74bfad12	cellRudp	cellRudpGetContextStatus
74c2780f	cellSync2	cellSync2SemaphoreEstimateBufferSize
74c37666	cellSync	_cellSyncLFQueueGetPopPointer
74d22119	cellSysutilAvc2	cellSysutilAvc2StartStreaming
74e57bdf	cellBGDLUtility	cellBGDLGetMode
74fe4a7b		iswgraph
75080f7b	cellTRHDdec	_SceAdecCorrectPtsValue_truehd
7508112e	sceNp	sceNpLookupPollAsync
750c363d	cellL10n	jstrchk
7517724a	cellSpurs	cellSpursSetGlobalExceptionEventHandler
75211196	cellSpurs	cellSpursReadyCountAdd
752f8585	cellSail	cellSailPlayerGetDescriptorCount
752fa85e		fmaxf4
75370397	cellOskExtUtility	cellOskDialogExtSetInitialScale
753c71db		_ZNKSt7_MpunctIcE13do_pos_formatEv
75744e2a	cellRtc	cellRtcTickAddDays
75745079	cellGifDec	cellGifDecOpen
75824de0		_ZNSt6_MutexC1Ev
7585a275	cellPngDec	cellPngDecGetbKGD
758f33dc		nearbyint
75975eb4		_ZNSsC1EPKc
759e0635		malloc
75a0617c		_ZNKSt7_MpunctIwE11do_groupingEv
75aa7373	cellSysutil	_ZN4cxml8Document5WriteEPFiPKvjPvES3_
75bbb672	cellSysutil	cellVideoOutGetNumberOfDevice
75c2a4e2	libsynth2	cellSoundSynth2Pitch2Note
75d4485c		rename
75e3e2e9		nearbyintl
75eb50cb	sceNp	sceNpSignalingGetPeerNetInfo
75f14d18	cellSysutilAvcExt	cellSysutilAvcExtSetChatGroup
75f16dc5	sys_fs	cellFsSetIoBufferFromDefaultContainer
75f98579		wcscoll
75fca288	cellSail	cellSailPlayerGetCurrentDescriptor
7603d3db	cellSysutil	cellMsgDialogOpen2
7608719d	sys_net	_sys_net_lib_rand
761cb9be	cellAtrac	cellAtracDeleteDecoder
762dc193	cellVoice	cellVoiceGetVolume
763b73da	libmixer	cellSurMixerUtilGetLevelFromDBIndex
76488bb1	cellSail	cellSailGraphicsAdapterFinalize
764ceaa4		_ZNSt10ostrstreamD0Ev
764ec2d2	cellSail	cellSailSourceNotifyCallCompleted
76628efb		_FSnan
7663e368	cellSysutil	cellAudioOutGetDeviceInfo
766d3ca1	cellSsl	cellSslCertGetNameEntryCount
767a4e70		_ZNSt6_WinitC2Ev
7687d48c	sys_net	sys_net_set_resolver_configurations
76948bfc	cellSysutil	cellSysconfAbort
76afaf04		_sqrtf4
76b1a425	cellSail	cellSailDescriptorSetAutoSelection
76da0c84		ftruncate
76db6974		_ZNSt7codecvtIwcSt9_MbstatetED0Ev
76de9b0f		_ZNSt7num_putIcSt19ostreambuf_iteratorIcSt11char_traitsIcEEED1Ev
76e639ec		_atanf4
76e846b2		_ZNSt15basic_streambufIwSt11char_traitsIwEE6xsputnEPKwi
76ed4243		_Wcsftime
76fc8fb1	cellSysutil	cellWebBrowserConfigSetHeapSize
770bfaee		wctype
772f1e4d		lround
773ff791	cell_FreeType2	FT_Stroker_GetBorderCounts
774033d6	cellSearchUtility	cellSearchEnd
7767c4e3	cellGameExec	cellGameGetExitGameInfo
7772eb2b	cellAtrac	cellAtracResetPlayPosition
7793a86b		ctanf
77a602dd		free
77a94fa7	cellFontFT	FTFaceH_SetRenderEffectWeight
77b3b29a	cellCelpEnc	cellCelpEncOpen
77bd901a	cellAtracMulti	cellAtracMultiGetNextSample
77c15441		_WGetfloat
77c1d3a9		_ZNKSt13runtime_error8_DoraiseEv
77cdac0c	cellSpurs	_cellSpursSemaphoreInitialize
77d8037f	cellCamera	cellCameraStartAsync
77e08704	libgem	cellGemSetYaw
77e241bc		_Skip
77e24bb0	cellAtrac	cellAtracGetSamplingRate
780a18bb	cellAtracMulti	cellAtracMultiDeleteDecoder
7817edf0		raw_spu_write_uint
78200559	sys_io	cellPadInfoSensorMode
7831a2e0		hypotl
783636d1		spu_thread_read_char
78429d81		putwchar
7871bed4	cellSysutil	cellVideoOutUnregisterCallback
7882e64e		_ZNSt7collateIwED0Ev
78946d1f	cellVideoExportUtility	cellVideoExportFromFileWithCopy
78a142d0		_ZSt7_FiopenPKcNSt5_IosbIiE9_OpenmodeEi
78ba5c41	cellAtrac	cellAtracSetLoopNum
78d05e08	cellFont	cellFontSetupRenderEffectSlant
78d7f9ad	sceNp	sceNpCommerceGetSkuPrice
78e4590a		acosh
78eae3fb	sys_net	__sys_net_lib_malloc
78f058a2	sys_io	sys_config_register_service
7903400e	cellMic	cellMicSetNotifyEventQueue
790b0082		_Xbig
790c53bd		_Fpcomp
7919f414		_f_nearbyintf
791b9219	sysPrxForUser	_sys_vsprintf
79225aa3	sceNp	sceNpCommerceGetCurrencyCode
793bbf51	cellNetCtl	cellNetCtlDelHandlerGameInt
795b12b3	cellPrintUtility	cellPrintStartJob
79770e3b	sceNpTrophy	sceNpTrophyGetGameDetails
79819dbf		fputc
7994c28d		_FDtentox
79a415f8		_ZNSbIwSt11char_traitsIwESaIwEE6insertEjjw
79a6abd0	cellSheap	cellKeySheapQueueDelete
79ad3575		_ZTv0_n12_NSoD1Ev
79b61646	sys_net	sys_net_show_route
79ba9b5c		expl
79eadf05		malloc_usable_size
79eff338	cellSysutil	_ZNK4cxml4File7GetAddrEv
7a0329a1	sys_fs	cellFsAllocateFileAreaWithoutZeroFill
7a062d26	cellPngDec	cellPngDecGetcHRM
7a077dcc	cellGcmSys	cellGcmSetFlipImmediate2
7a0a83c4	cellFontFT	cellFontInitLibraryFreeTypeWithRevision
7a180518		_ZNSt10money_baseD0Ev
7a18c2b9	cellImeJpUtility	cellImeJpCurrentPartConfirm
7a1b6eab	cellUsbd	cellUsbdHSIsochronousTransfer
7a218453	libsynth2	cellSoundSynth2SetEffectAttr
7a51deee	cellSync	_cellSyncLFQueueCompletePopPointer2
7a52bf69	cellSailRec	cellSailRecorderInitialize
7a69ecc1	cellSysutilAvc2	cellSysutilAvc2SetWindowAttribute
7a7a1ed3	libad_async	sceAdAsyncConnectContext
7a893af1		_rsqrtf4
7a9c2243	cellScreenShotUtility	cellScreenShotSetOverlayImage
7aaab95c		iswblank
7ab47f7e	cellFont	cellFontEnd
7ab679da		f_cosf
7ac7d170	libmixer	cellAANAddData
7ae82e0f		vsprintf
7aee5acd		_Lockfilelock
7af8a37f	cellResc	cellRescSetRegisterCount
7af9e578	cellPamf	cellPamfReaderGetEpWithTimeStamp
7aff3242		_Snan
7b034c78	sysPrxForUser	sys_rsxaudio_prepare_process
7b1db41e		_ZNSt6locale7_AddfacEPNS_5facetEjj
7b22e672	cellAtrac	cellAtracGetNextDecodePosition
7b249315	cellUsbPspcm	cellUsbPspcmPollRecvAsync
7b56dc3f	cellDmux	cellDmuxEnableEs
7b5aac20		spu_thread_write_ptr
7b5fce95		_ZNSt15basic_streambufIwSt11char_traitsIwEE6setbufEPwi
7b689ebc	cellSsl	cellSslCertGetSerialNumber
7b6fa92e	cellSail	cellSailPlayerReopenEsUser
7b7a687a		_WPutfld
7b7e9137	sceNp	sceNpScoreGetClansRankingByRangeAsync
7b9291b5	libsynth2	cellSoundSynth2VoiceTransStatus
7b9c592e		spu_thread_read_ullong
7b9cbb74	cellSpurs	cellSpursTraceFinalize
7bc2c8a8	cellSysutil	cellMsgDialogProgressBarReset
7bc88211		_Tolotab
7bdadb01	sys_lv2dbg	sys_dbg_get_lwcond_information
7be47e61	sceNp	sceNpScoreCensorCommentAsync
7be4dc31	cellMusicUtility	cellMusicFinalize2
7bf17b15	cellVoice	cellVoiceResumePort
7bf6e152	sceNp2	sceNpMatching2SendRoomChatMessage
7c1bcf37		isalnum_ascii
7c2eaeb5		fminf
7c2f4034	cellFiber	cellFiberPpuCreateFiber
7c370679		_Foprep
7c391411		_ZNSt10moneypunctIcLb0EED0Ev
7c4ba244	cellVideoPlayerUtility	cellVideoPlayerSetStopPosition
7c5bde1c	cellL10n	UHCtoEUCKR
7c5df0d8	cellFont	cellFontGetInitializedRevisionFlags
7c83bc15	cellFont	cellFontGraphicsSetLineRGBA
7c8dff3b	cellSail	cellSailPlayerAddDescriptor
7c912bda	cellL10n	kuten2jis
7c95feb8	cellOskExtUtility	cellOskDialogExtInputDeviceLock
7caf58ee	sceNpTus	sceNpTusCreateTitleCtx
7cb33c2e	cellSpurs	cellSpursTaskGetReadOnlyAreaPattern
7cba9865	cellM2AACdec	_SceAdecCorrectPtsValue_Aac
7cc3dfe7	cellSsl	SSL_free
7cdbda48		_ZNSt7collateIcED0Ev
7cec7b39		_Putfld
7d02a5ca		sqrtf4fast
7d07a1c2	cellL10n	UTF8toEUCCN
7d220599	cellUsbd	cellUsbdAllocateSharedMemory
7d23aa12		_ZNSt10moneypunctIwLb0EE7_GetcatEPPKNSt6locale5facetE
7d5f0f0e	sceNpTus	sceNpTusSetData
7d6191d0		_Cosh
7d894764		_Readloc
7d94ca36	cellSysutil	cellSysutilAvcGetVideoMuting
7d967d91	cellSync2	cellSync2QueuePush
7da7fdb1		_ZNKSt7num_putIwSt19ostreambuf_iteratorIwSt11char_traitsIwEEE6do_putES3_RSt8ios_basewy
7dac520c	cellCamera	cellCameraGetBufferSize
7dadc739	cellRudp	cellRudpCreateContext
7de6dced	sys_fs	cellFsStat
7deb244c	sceNp	sceNpScoreCensorComment
7e063bbc	cellCamera	cellCameraIsAttached
7e134a90	cellBGDLUtility	cellBGDLSetMode
7e2fef28	sceNp	sceNpManagerRequestTicket
7e4a4a49	cellAdec	cellAdecQueryAttr
7e4ea023	cellSpurs	cellSpursWakeUp
7e5f23a4	cell_FreeType2	FT_Tan
7e60adc6	cellVoice	cellVoiceSetBitRate
7e6fb08d	sys_net	_sys_net_lib_thread_exit
7e7017b1		rmdir
7e7ac30e		_ZNSt6locale5emptyEv
7ea2c657	cell_FreeType2	FT_Set_Transform
7ea8d860		spu_printf_detach_group
7eb292cd	cellOskExtUtility	cellOskDialogExtSetBaseColor
7eb8d6b5	cellSail	cellSailSoundAdapterGetFrame
7ebad3f0		_ZNKSt9money_putIwSt19ostreambuf_iteratorIwSt11char_traitsIwEEE8_PutmfldES3_bRSt8ios_basewbSbIwS2_SaIwEE
7ec07f08	cell_FreeType2	FT_Bitmap_Copy
7ed95e60	cellRudp	cellRudpSetEventHandler
7efd420a		_Daysto
7f0a3eaf	cellUsbPspcm	cellUsbPspcmPollSendAsync
7f1086e6	cellRtc	cellRtcCheckValid
7f13fc8c	sys_fs	cellFsAioCancel
7f21c918	cellSysutil	cellOskDialogAddSupportLanguage
7f381837		frexp
7f3963f7	cellVoice	cellVoiceResumePortAll
7f456af2		_Rteps
7f4677a8	sys_fs	cellFsUnlink
7f482aa0	libsnd3	cellSnd3SMFSetPlayVelocity
7f4e4139	cellSysutil	_ZN4cxml8Document5ClearEv
7f579e03		atan
7f881be1	cellSysutil	cellWebBrowserCreate
7f896a1f	cellSysutil	cellWebBrowserConfigSetCustomExit
7f91cd41		tanf4fast
7fa23275	cellSheap	cellSheapQueryFree
7fb3c6a5	cellSysutil	cellWebBrowserConfig2
7fc034bc	cellGcmSys	_cellGcmFunc4
7fc8f72c	cellSysutil	_ZN16sysutil_cxmlutil12PacketWriter5WriteEPKvjPv
7fcfc915	cellSysutil	cellOskDialogLoadAsync
7fd325c4		mspace_malloc_stats
7fd479fe	cellSync2	cellSync2QueueTryPush
7fdcf73e		wcscat
7fdf4fef	cellSpurs	cellSpursBarrierInitialize
7fe08910		_ZNSt10moneypunctIcLb0EE7_GetcatEPPKNSt6locale5facetE
7fe92c54	cellUsbd	cellUsbdRegisterExtraLdd
7ff35597		_ZNSt9money_putIcSt19ostreambuf_iteratorIcSt11char_traitsIcEEE7_GetcatEPPKNSt6locale5facetE
7ff72b42	cellUsbPspcm	cellUsbPspcmUnregister
8006c4ec		_ZNSt9money_putIwSt19ostreambuf_iteratorIwSt11char_traitsIwEEED0Ev
801db596	cellVideoPlayerUtility	cellVideoPlayerClose
8044f596		_ZNSt13basic_filebufIwSt11char_traitsIwEE5_LockEv
806960ab	sceNp	sceNpBasicRecvMessageCustom
806fd281		isblank_ascii
807c861a	libvdec	cellVdecGetPicture
809a143f		kill
80a0264c	cellSpursJq	cellSpursJobQueuePortTrySync
80a29e27	cellSpurs	cellSpursSetPriorities
80b711ce	cellSailRec	cellSailRecorderRegisterComposer
80f85e20	libsnd3	cellSnd3SetEffectType
80fb0c19	sysPrxForUser	sys_prx_stop_module
81027e75		_ZNSt7_MpunctIwE5_InitERKSt8_Locinfo
8107277c	cellResc	cellRescSetBufferAddress
811d148e	cellSync	_cellSyncLFQueueDetachLv2EventQueue
81296524	cellVideoExportUtility	cellVideoExportFromFile
812ed488		cabsf
813a9666		ungetwc
814d8cb0		fflush
816799dd	cellUsbPspcm	cellUsbPspcmPollData
816aebc3		_ZNSt9bad_allocD0Ev
816c6a5f	sceNp	_sceNpSysutilClientFree
8171c1cc	cellL10n	EUCCNtoUTF8
817d1090	sceNp2	sceNpMatching2SetRoomDataInternal
81a0a858		_memset_int
81acf7c1		_LZero
81b22ca8	cellAtracMulti	cellAtracMultiSetDataAndGetMemSize
81bfeae8	cellSailRec	cellSailFeederVideoFinalize
81daf880		_LCsubcr
81eed68c	cell_FreeType2	FT_Get_CMap_Language_ID
81f33783	sys_fs	cellFsStReadPutCurrentAddr
81f83db9	cellCamera	cellCameraReset
81fe030c	cellCelpEnc	cellCelpEncEncodeFrame
82054d11	cellSsl	_cellSslConvertSslVersion
820c8dce	libsynth2	cellSoundSynth2GetAddr
820dae1a	cellPngDec	cellPngDecDestroy
8217e783		cosh
82275c1c	cellSpurs	cellSpursAttributeSetMemoryContainerForSpuThread
823759d3		_ZNKSt7num_putIwSt19ostreambuf_iteratorIwSt11char_traitsIwEEE6do_putES3_RSt8ios_basewl
824433f0	libvdec	cellVdecEndSeq
827ca646	sys_net	_sys_net_lib_reset_libnetctl_queue
8297f1ec	sceNp	sceNpManagerRequestTicket2
82a3cc30		wcschr
82a4561a		_put_fd
82ced772	cellSysutilAvc2	cellSysutilAvc2GetWindowShowStatus
82d5ecdf	cellL10n	EucJpZen2Han
82df80d1	cellGcmSys	cellGcmGpadNotifyCaptureSurface
82f294b2	cellOvis	cellOvisGetOverlayTableSize
831d70a5		memcpy
8325e02d	cellMic	cellMicInit
832df17e	cellAudio	cellAudioAdd6chData
833e6b0e		cimag
833f4516	libad_async	sceAdAsyncSpaceOpen
8341b529		_ZNSt13basic_filebufIwSt11char_traitsIwEE8overflowEi
8342b757		utime
834f5917		ccosh
83668b8e	cellSysutil	cellWebBrowserConfig
838fa4f0	cellSpurs	cellSpursTryJoinTask2
838fe0a5	cell_FreeType2	FT_Get_Sfnt_Name_Count
83b2cc6f		_Znwj
83bca135		_ZNKSt11logic_error4whatEv
83cba890		_ZNSt6locale5facetD2Ev
83d65529	sceNpClans	sceNpClansPostChallenge
83e79a23	cellSysconfPs1emu	cellSysconfPs1emu_83E79A23
83faa354	cellHttpUtil	cellHttpUtilBase64Encoder
84023c03		_ZSt12setprecisioni
840c5239	cellSpursJq	cellSpursJobQueueGetHandleCount
8421b9c7	cellSsl	SSL_new
842cb14d		_log1pf4
842e7e06	sys_fs	cellFsChown
84378ddc		wcsncpy
8440537c	sceNp	sceNpLookupTerm
8451edf0		sqrtf
8461e528	sysPrxForUser	sys_time_get_system_time
846eadc6	libsynth2	cellSoundSynth2Config
847d2380	cellAdec	cellAdecClose
84bb6774	sysPrxForUser	sys_prx_get_module_info
84ce959c	cell_FreeType2	FT_MulDiv
84d2f6d5	cellSpurs	cellSpursSetMaxContention
84e8b238	cellSsl	SSL_want
84f154b2	cellMusicDecodeUtility	cellMusicDecodeInitializeSystemWorkload
8528c19a	cellVideoPlayerUtility	cellVideoPlayerGetTransferPictureInfo
853be146	sys_net	_sce_net_add_name_server_with_char
854bc7c7		_ZNSt7num_getIcSt19istreambuf_iteratorIcSt11char_traitsIcEEED0Ev
8555fe15	cellL10n	UTF32stoUTF16s
855da8c6	cellSailRec	cellSailVideoConverterProcess
856ff5c0	sceNpClans	sceNpClansGetMemberList
857024e6	cellSsl	SSL_CTX_set_options
8572bce2	cellGcmSys	cellGcmGetReportDataAddressLocation
85a969b6	cell_FreeType2	FT_Init_FreeType
85b07126	cellSail	cellSailMp4MovieGetTrackById
85b3c6da		_ZNKSt8_Locinfo7_GetcvtEv
85ba062f		_ZNSt15basic_streambufIcSt11char_traitsIcEE7_UnlockEv
85beffcc	cellSail	cellSailPlayerCloseStream
85c80b7f	cell_FreeType2	FT_RoundFix
85cd04cd	cellSpursJq	_cellSpursJobQueuePortPushJobBody
85dc6981	libmedi	cellMediatorPostReports
85e1b8da	cellCamera	cellCameraOpen
85fb7363	cellHttp	cellHttpClientSetConnectionStateCallback
86001386	cellSsl	R_time_import
860b1756	sceNp	sceNpLookupTitleSmallStorageAsync
860fc741	cellL10n	GBKtoUTF8
861237f8	cellSpurs	cellSpursUnsetGlobalExceptionEventHandler
86532174		imaxdiv
8657c8f5	cellFont	cellFontSetEffectSlant
865acf74	cellPrintUtility	cellPrintStartPage
866f6aec	sys_fs	cellFsStReadWaitCallback
867275d7		_Stoul
867956a4		_ZNSt9basic_iosIcSt11char_traitsIcEED1Ev
867f7b8b	cellL10n	ToEucJpUpper
868531a3		_ZdaPvj
8692fcd2	cellOskExtUtility	cellOskDialogExtRegisterConfirmWordFilterCallback
869e328d	cellM4AacDec2ch	_SceAdecCorrectPtsValue_M4Aac2ch
86b4c669		tolower_ascii
86c66cfc		_ZNSsD1Ev
86c864a2	cellSpurs	cellSpursGetJobChainId
86cae679	cellSailRec	cellSailFeederVideoNotifySessionError
86d53e9e	libsnd3	cellSnd3Pitch2Note
86f19f82	cellNetAoi	cellNetAoiTerm
8713c859		link
871506ea		_ZNSbIwSt11char_traitsIwESaIwEE6assignERKS2_jj
871af804	cellSync2	cellSync2CondSignal
8725a1a7		_memset_vmx
8729f617		_ZNSt10ostrstreamC1EPciNSt5_IosbIiE9_OpenmodeE
87406734	cellGame	cellGameThemeInstallFromBuffer
87630976	cellSpurs	cellSpursEventFlagAttachLv2EventQueue
878472f0	sys_net	sys_net_get_name_server
8793ef97	cellMusicUtility	cellMusicGetSelectionContext2
87a08d29	cellMic	cellMicGetFormatDsp
87b1f5eb		_ZNSt9exceptionD0Ev
87bd650f	cellFont	cellFontGraphicsSetDrawType
87c71b06	cellVoice	cellVoicePausePort
87c87495	sysPrxForUser	sys_rsxaudio_finalize
87e8f748		memset_vmx
88052736		_ZTv0_n12_NSt10ostrstreamD0Ev
8809cdfd		_Getpwctytab
881583c3	cellCelp8Dec	_SceAdecCorrectPtsValue_Celp8
882689f2		_Makeloc
882e7760		raw_spu_write_uchar
8835c3c2	cell_FreeType2	FT_Get_MM_Var
883e1f16		_ZNKSt11logic_error8_DoraiseEv
884b021b		_ZNKSt5ctypeIwE8_DowidenEc
886d0747	cellSysutil	cellSysutilRegisterCallbackDispatcher
887572d5	cellSysutil	cellVideoOutGetState
8889e6b9	libsnd3	cellSnd3SMFPlay
889c4159	cell_FreeType2	FT_Outline_Get_BBox
889cccb0		llroundl
889d5804		_Dunscale
88b71a4c	cellHttp	cellHttpClientSetConnectionWaitStatus
88be4799	cellFont	cellFontRenderCharGlyphImage
88e009f5		vwprintf
88f03575	sys_net	setsockopt
88f79869	cellHttp	cellHttpClientSetCacheStatus
88f8340b	cellL10n	UCS2stoJISs
88fb4a66		recipf4fast
890f9e5a	cellSpurs	cellSpursEventFlagGetDirection
891c6291	cellMic	cellMicSetMultiMicNotifyEventQueue
89236c86	cellL10n	UTF8stoGB18030s
892f2590		fegetround
893305fa	sysPrxForUser	sys_raw_spu_load
89456724	cellSysutilAvc2	cellSysutilAvc2InitParam
895c604c	cellHttp	cellHttpTransactionGetSslCipherName
895cdb49		fmaxf
896e1bfd		spu_thread_write_uchar
8985b5b6	sysPrxForUser	_sys_heap_stats
898c77bf	cellLibprof	cellUserTraceTerminate
89902d47	cellSsl	SSLCERT_NAME_get_entry
899d1587	cellSailRec	cellSailFeederAudioFinalize
89b507b3		catanhl
89b62f56		_Etentox
89be28f2	cellAudio	cellAudioPortStart
89c9917c	sys_net	sys_net_read_dump
89d1d168		_LAtan
89f6f026		time
89f8a567	cellImeJpUtility	cellImeJpGetConfirmYomiString
89fb856e	cell_FreeType2	FT_Get_Sfnt_Table
8a00f264	sys_io	cellPadPeriphGetData
8a092450	libsnd3	cellSnd3KeyOnByTone
8a264d71	cellSubDisplay	cellSubDisplayGetPeerNum
8a2f159b	sysPrxForUser	console_getc
8a35c887	cellFont	cellFontEndGraphics
8a40a618	cellSysutilAvc2	cellSysutilAvc2GetWindowSize
8a4cb646	cellSysutil	cellWebBrowserCreateWithConfig
8a561d92	sysPrxForUser	_sys_heap_free
8a56f148	cellL10n	EUCKRstoUHCs
8a5dbb58	cellSysutil	cellWebComponentCreate
8a632038	cellFont	cellFontGetResolutionDpi
8a665143		_ZNSt8_Locinfo8_AddcatsEiPKc
8a6830e7		abort
8a71132c		remove
8a847b51		tmpfile
8a85674d	cellSpurs	_cellSpursLFQueuePushBody
8a85d688		_ZNKSt7num_putIwSt19ostreambuf_iteratorIwSt11char_traitsIwEEE6do_putES3_RSt8ios_basewx
8aa188e3	cellMusicUtility	cellMusicGetVolume
8aa5fcd3	cellHttp	cellHttpClientSetTotalPoolSize
8aa68668	cellNetAoi	cellNetAoiStop
8aae07c2	cellSync2	cellSync2CondSignalAll
8ab0abc6		strncpy
8ac398f1	cellRudp	cellRudpPollDestroy
8ad11d24	cellSysutil	_ZN4cxml8Document18GetDocumentElementEv
8ad5666c	libsnd3	cellSnd3GetVoiceByID
8adadf65	cellSpurs	_cellSpursTaskAttribute2Initialize
8afb8356	cellFiber	cellFiberPpuSendSignal
8b14be9c	cell_FreeType2	FTC_CMapCache_Lookup
8b168769		fdiml
8b209ca2	sceNp2	sceNpMatching2GetRoomDataInternal
8b300f66	cellJpgDec	cellJpgDecExtCreate
8b33f863	cellPngDec	cellPngDecExtReadHeader
8b3eba69	cellNetCtl	cellNetCtlGetState
8b439438		clearerr
8b5551a4	cellAdec	cellAdecOpenEx
8b60c469	cellOskExtUtility	cellOskDialogExtUpdateInputText
8b6baa01	cellFiber	cellFiberPpuFinalizeScheduler
8b72cda1	sys_io	cellPadGetData
8b7bbd73	sceNp	sceNpMatchingSendInvitationGUI
8b7ed64b	cellSysutil	cellSaveDataAutoSave2
8b8231e5	sys_io	cellPadLddGetPortNo
8b8a2f48	cellSysutil	cellSaveDataUserFixedDelete
8b9d8dd2		iswpunct
8bb03ab8	sysPrxForUser	sys_game_board_storage_write
8bb41f47	cellImeJpUtility	cellImeJpPostConvert
8bb608e4	cellHttpUtil	cellHttpUtilParseUriPath
8bb8a16a	cellFontFT	FTFaceH_GetRenderScale
8bd01379	cellDtcpIpUtility	cellDtcpIpOpen
8bd1deb2		_LTgamma
8bd67efc		erf
8bde5ebf	cellGcmSys	cellGcmSetUserCommand
8bedefa8	cellHttp	cellHttpGetCookie
8befac67	libgem	cellGemGetCameraState
8bfd4395		_ZNSt9basic_iosIwSt11char_traitsIwEE4initEPSt15basic_streambufIwS1_Eb
8c2bb498	sysPrxForUser	sys_spinlock_initialize
8c2e6d06		_ZNKSt8messagesIwE7do_openERKSsRKSt6locale
8c2f5be3	cellSysutilAvc2	cellSysutilAvc2SetStreamPriority
8c3afd4c		_ZSt10unexpectedv
8c692521	cellDmux	cellDmuxClose
8c69d32b	cellSsl	SSLv3_client_method
8c6b8d39		_ZNSt13basic_filebufIcSt11char_traitsIcEED1Ev
8c760b52	sceNp	sceNpUtilCmpOnlineId
8c7ad5ed	cellDTSdec	_SceAdecCorrectPtsValue_DtsCore
8c85369b		_f_fminf
8c97a96c	cellSpursJq	cellSpursShutdownJobQueue
8ca53dde	cellCamera	cellCameraIsAvailable
8cb6bfdc		_Locsum
8cb722d5	sys_fs	cellFsWriteWithOffset
8cbdcbac	cellVideoPlayerUtility	cellVideoPlayerSetDownloadPosition
8ccdba38	cellL10n	UTF8stoUTF32s
8ccf05ed	sys_net	sys_net_abort_resolver
8cd56eee	cellCamera	cellCameraSetAttribute
8cda1f3b		_ZSt10_GetloctxtIcSt19istreambuf_iteratorIcSt11char_traitsIcEEEiRT0_S5_jPKT_
8cdf8c70	cellGcmSys	cellGcmGetDefaultSegmentWordSize
8ce4cffa	cellSpursJq	cellSpursJoinJobQueue
8ceedd21	sceNpTrophy	sceNpTrophyUnlockTrophy
8cfef376		__tls_get_addr
8d14d09b	cellPhotoUtility	cellPhotoExportFromFileWithCopy
8d1b77fb	sys_net	sys_net_abort_socket
8d1d096c	sceNp	sceNpCommerceInitProductCategory
8d1ff475	cellSail	cellSailRendererVideoInitialize
8d229f8e	cellMic	cellMicClose
8d3f8d49	sceNp2	sceNpMatching2SignalingGetPingInfo
8d4518a0	sceNp	sceNpCommerceSetDataFlagFinish
8d45f21a	cellWMAPROdec	_SceAdecCorrectPtsValue_WmaPro
8d4e266b		_ZNKSt8_Locinfo9_GetctypeEv
8d5858db		_f_exp2f
8d79a5f9	cell_FreeType2	FT_Get_PS_Font_Info
8d7ffaf1		_WStopfx
8dcff2cd	sys_fs	cellFsSymbolicLink
8ddd0d85	sceNpTus	sceNpTusGetData
8df0057f	sceNpCommerce2	sceNpCommerce2AbortReq
8df28ff9	sys_fs	cellFsStReadStart
8dfabc0a	cellFontFT	FTCacheStream_CacheInit
8e01379e		cacoshf
8e06d13b	sys_io	sys_config_unregister_io_error_handler
8e2484f1		_Emul
8e258fa0		cacos
8e3f2c40	cellFont	cellFontGlyphRenderImageVertical
8e3f7ee1	cellHttp	cellHttpRequestSetChunkedTransferStatus
8e505175	cellSsl	cellSslCertGetRsaPublicKeyModulus
8e52ee08	cellHttpUtil	cellHttpUtilBase64Decoder
8e5cfe9f	sceNp2	sceNpMatching2GetServerIdListLocal
8e6c5bb9	cellHttpUtil	cellHttpUtilFormUrlDecode
8e785b97	sceNpClans	sceNpClansRetrievePostedChallenges
8e7d2f24	libmixer	cellSurMixerFinalize
8e8bc444	cellSysutil	cellVideoOutRegisterCallback
8e930999	sceNp2	sceNpUtilBuildCdnUrl
8ea23deb	cellHttpUtil	cellHttpUtilMergeUriPath
8eaf47a3	cellHttp	cellHttpClientSetAutoAuthentication
8eb0e65f	cellAtrac	cellAtracDecode
8ecae294		nextafter
8ed310e5	cellSysutilAvcExt	cellSysutilAvcExtGetWindowRotation
8ed71e8b		_WGetfld
8ef85e47		_WPuttxt
8effb7fd	cellGcmSys	_cellGcmFunc2
8f122ef8	cellSpurs	cellSpursTasksetAttributeSetTasksetSize
8f2bcdb5		_logf4
8f3e1687	sys_net	_sys_net_lib_sync_clear
8f46325b	sceNpCommerce2	sceNpCommerce2GetProductInfoStart
8f472054	cellL10n	UTF8stoEUCCNs
8f5dd179		_Nnl
8f6e2ca0	libvdec	cellVdecGetPicItemEx
8f71c5b2	sys_fs	cellFsStReadWait
8f7aea15	cellFontFT	FTFaceH_GetRenderBufferSize
8f87a06b	sceNpTus	sceNpTusInit
8f87ed0c		_Times
8f96319e		log10l
8fa764f3		_ZNSt6_WinitC1Ev
8fb7bac7		_sqrtf4fast
8fc281f7	cellHttp	cellHttpCookieFlush
8fd1d549	sceNpSns	sceNpSnsFbCreateHandle
8fdf50b2	cellSpurs	cellSpursAddUrgentCall
8fe376a6	cellSearchUtility	cellSearchCancel
8ff02267	cellImeJpUtility	cellImeJpAllowExtensionCharacters
90010029		gets
9003b1f2	cellHttpUtil	cellHttpUtilEscapeUri
900d1fa4		_ZNSt8time_putIwSt19ostreambuf_iteratorIwSt11char_traitsIwEEED0Ev
901815c3	cellNetCtl	cellNetCtlDelHandler
9027fd99		_WStoldx
9034e538	cellSpurs	cellSpursTaskGetContextSaveAreaSize
903afa37		_ZTv0_n12_NSt13basic_ostreamIwSt11char_traitsIwEED0Ev
903f66eb	cellSsl	SSL_CTX_set_verify_mode
90457fe3		raw_spu_read_long
90460081	cellUsbd	cellUsbdUnregisterExtraLdd
904dbd32		_ZNSt6locale7_LocimpC1Eb
904e646b		cargl
9050617d	sceNpCommerce2	sceNpCommerce2DoServiceListFinishAsync
90b27880		strtoumax
90b9465e	cellFont	cellFontRenderSurfaceInit
90c2bb19	cellSysutilAp	cellSysutilApOff
90c82bfc	cellSpurs	cellSpursInitializeForSpuSharing
90c88f84	cellSpursJq	cellSpursJobQueuePortGetJobQueue
90e392cf	cellSpursJq	_cellSpursJobQueuePortPushJobBody2
90e9b5d2	cellL10n	EUCJPstoUCS2s
90ef2963	cellPngEnc	cellPngEncWaitForOutput
90f0242f		_f_sinf
90f2798c	cellSsl	BIO_new_mem
90fc9a59	cellPamf	cellPamfGetHeaderSize2
91066667	cellSpurs	cellSpursQueuePopBody
9110708a		modfl
9111ec36		_ZNSt13messages_baseD0Ev
9117df20	cellSysutil	cellHddGameCheck
9119cfd1	cellAtracMulti	cellAtracMultiResetPlayPosition
913d5fd3	libsnd3	cellSnd3SMFUnbind
9153bdf4	sceNp	sceNpBasicGetMessageAttachmentEntryCount
915455b3	cellSpursJq	cellSpursJobQueueSendSignal
9164efd1	cell_FreeType2	FT_Set_Var_Blend_Coordinates
917d6e9b	cell_FreeType2	FT_Set_Renderer
918288fb	cellSysutil	cellStorageDataImport
91840669	sceNp	sceNpUtilCanonicalizeNpIdForPs3
91959ed6		_ZNKSt5ctypeIcE9do_narrowEcc
9197915f	cellSpurs	cellSpursTaskGenerateLsPattern
91a1beaa	sys_fs	cellFsSetDiscReadRetrySetting
91a34a5b	sceNpTus	sceNpTusGetFriendsVariable
91a99765	cellL10n	UHCtoUCS2
91b0e37e		_ZSt14set_unexpectedPFvvE
91cdfdb0		asinf4fast
91d287f6	cellSail	cellSailPlayerSetEsAudioMuted
91d59f69	sys_fs	cellFsGetPath
91f2b7b0	cellSync	cellSyncMutexUnlock
91f8843d	sceNpCommerce2	sceNpCommerce2CreateSessionFinish
9232baea		_FDtest
92342aa4	cell_FreeType2	FT_Request_Size
9234f738		raw_spu_read_int
9245e01b		_divf4
92590d52	cellSail	cellSailDescriptorInquireCapability
9268d6e7		_ZNKSt7num_getIwSt19istreambuf_iteratorIwSt11char_traitsIwEEE6do_getES3_S3_RSt8ios_baseRNSt5_IosbIiE8_IostateERj
9281e87a	sceNp	sceNpCommerceGetDataFlagFinish
92852b93	sys_net	_sys_net_lib_ioctl
928ac5f8	libgem	cellGemTrackHues
928fbe36		_ZTv0_n12_NSdD1Ev
9295b0fd	cell_FreeType2	FT_Done_Size
92a76580	cellSsl	SSL_CTX_free
92b50ebc	cellMusicExportUtility	cellMusicExportProgress
92c43f6d		_Eps
92cc4b34	libgem	cellGemGetImageState
92cff6ed	cellSpurs	cellSpursQueuePushBody
92d48677	cellAtracMulti	cellAtracMultiGetInternalErrorInfo
92d5c77b	sceNpMatchingInt	sceNpMatchingGetRoomListWithoutGUI
92e4d899	cellRudp	cellRudpRead
92eaf6ca	cellSail	cellSailPlayerSetRendererAudio
9306d15b	cellFontFT	FTFaceH_GetRenderScalePixel
931ff25a	cellL10n	L10nConvertStr
93248b92	cellSpursJq	cellSpursJobQueueUnsetExceptionEventHandler
9338a07a	cellJpgDec	cellJpgDecClose
933b103d	cellSysutil	_ZN8cxmlutil8SetFloatERKN4cxml7ElementEPKcf
93427cb9		setbuf
9344d41f	sceNp2	sceNpMatching2GrantRoomOwner
934abb00	cellSpursJq	cellSpursJobQueuePort2AllocateJobDescriptor
936df4aa	sceNp	sceNpCommerceGetProductId
9379e36e		tanf
938013a0	cellSysutil	cellSysutilGetSystemParamString
93806525	cellGcmSys	cellGcmGetCurrentDisplayBufferId
938ac642	cellSubDisplay	cellSubDisplayGetVideoBuffer
938bfcf7		spu_thread_write_char
938fb946		_tanf4fast
9396be1d	cellSpursJq	_cellSpursJobQueuePortPushSync
93a3e3ac		tolower
93c523c6	cellSysutil	cellWebBrowserConfigSetNotifyHook2
93c638e9		_ZNSt19istreambuf_iteratorIwSt11char_traitsIwEE5_PeekEv
93ced48d	cellSysutil	cellWebBrowserShutdown
93d4ae69	cellGameExec	cellGameGetList
93e938e5	cellHttp	cellHttpTransactionGetSslCipherVersion
94034c95	cellSpurs	cellSpursTasksetUnsetExceptionEventHandler
9413678f	cellDtcpIpUtility	cellDtcpIpCheckActivation
941f9c4e	cellPesmUtility	cellPesmUnloadAsync
942dbdc4	sceNpClans	sceNpClansSendMembershipResponse
943231d1	sys_net	_sce_net_set_name_server
9439e4cd		wcsncat
944b28e8	sceNp2	sceNpMatching2SignalingCancelPeerNetInfo
9452f4f8	sceNp	sceNpCommerceGetCategoryImageURL
9458f464	sceNp	sceNpCustomMenuRegisterExceptionList
94671b4f	cellSsl	SSL_CIPHER_get_version
946ecca0	cellSail	cellSailSourceNotifyReadCompleted
947ae18e		_LHypot
947c7b8a	cellFontFT	FTManager_CloseFace
947efb0b	cellSpurs	cellSpursEventFlagGetTasksetAddress
94862702	cellSysutil	cellMsgDialogProgressBarInc
94989003	sceNpTus	sceNpTusAddAndGetVariable
949bb14c	cellL10n	GBKstoUTF8s
94c49383		_ZdlPvS_
94d51f92	cellVoice	cellVoiceStartEx
94e21701	cellSearchUtility	cellSearchGetContentIdByOffset
94e9f81d	cellGameExec	cellGameGetHomeLaunchOptionPath
94fa1f5b		_ZNSt15basic_streambufIwSt11char_traitsIwEE5uflowEv
95082493		_ZNKSt8messagesIcE6do_getEiiiRKSs
950d53c1	cellSail	cellSailPlayerCancel
95180230	cellSpurs	_cellSpursAttributeInitialize
952269c9	cellSail	cellSailPlayerGetParameter
9549d22c	sceNpTus	sceNpTusGetMultiUserVariableVUserAsync
954f48f8	cellSail	cellSailRendererVideoNotifyCallCompleted
9553af65	cellSail	cellSailFutureFinalize
9557ac9b	cellL10n	UTF8toUHC
9558ed08		lrintf
958323cf	cellHttp	cellHttpRequestGetContentLength
9598d4b3	cellRtc	cellRtcSetDosTime
959c4441	sys_net	_sys_net_lib_abort
95ae2cde	cellSaveData	cellSaveDataUserFixedExport
95b43c9d		_ZNSt6locale7_LocimpD2Ev
95c7bba3	sceNp	sceNpSignalingTerminateConnection
95cae771	cellGifDec	cellGifDecExtSetParameter
95dfecb1		_FCsubcc
95e788c3	cellVpost	cellVpostQueryAttr
95ee1695	cellSail	cellSailSourceNotifyStreamOut
95f7d9d9	cellMusicUtility	cellMusicGetPlaybackStatus
96022eef	cellSsl	SSLCERT_NAME_cmp
961688d1		f_nearbyintf
9616e336		_FHypot
96328741	sysPrxForUser	_sys_process_at_Exitspawn
9638f766	cellHttp	cellHttpInitCookie
9647570b	sys_net	sendto
964ac044		creall
964cd1b8	cellRec	cellRecStart
96634e42		_ZNKSt9bad_alloc4whatEv
9663a44b	cellSearchUtility	cellSearchGetContentInfoByContentId
967a162b	sys_fs	cellFsFsync
969fc5f7	cellJpgEnc	cellJpgEncClose
96a06212	sceNpTus	sceNpTusSetMultiSlotVariableVUserAsync
96b6baa6		spu_thread_read_mem
96bc2578		_Znajj
96c07adf	cellSysmodule	cellSysmoduleFinalize
96d1b95e		log2f4fast
96e1e748		tls_mutex_attr
96e6303b		_WStoxflt
96ea4de6		wctomb
9700d9cd		clogf
970a3432		cacosh
970d4c22	cellFont	cellFontGraphicsSetupDrawContext
972ab46c	sceNpCommerce2	sceNpCommerce2GetContentInfo
97409f67	cellSpursJq	cellSpursJobQueueSemaphoreTryAcquire
975d4824	cellAuthDialogUtility	cellAuthDialogClose
9763e962	cellUsbd	cellUsbdClosePipe
97670a90	cellUsbPspcm	cellUsbPspcmGetAddr
9768b6d3	cellL10n	UTF32toUTF8
976ca5c2	cellJpgDec	cellJpgDecOpen
97896359		isspace
97911f5f		_ZNSt15basic_streambufIcSt11char_traitsIcEE5uflowEv
9794bb53	sys_lv2dbg	sys_dbg_get_rwlock_information
97a2f6c8	cellSpurs	cellSpursJobHeaderSetJobbin2Param
97b2da6a	cellSysutilAvc2	cellSysutilAvc2LeaveChatRequest
97b95244	cellFont	cellFontGlyphRenderImageHorizontal
97cf128e	cellUsbd	cellUsbdControlTransfer
97e4d75f	libmixer	cellSSPlayerCreate
97f9fbe5	cellHttpUtil	cellHttpUtilCopyHeader
97ff2af1	cellAdec	cellAdecGetPcm
9800573c		_WLdtob
980855ac	cellHttp	cellHttpDestroyClient
980d3ea7		_Getfld
98203e3c	cellSpursJq	_cellSpursJobQueuePushJobBody2
9825a0fc	sceNpCommerce2	sceNpCommerce2DoProductBrowseStartAsync
983be7fc	cellSpursJq	_cellSpursCreateJobQueueWithJobDescriptorPool
983fb9aa	cellGcmSys	cellGcmSetWaitFlip
984ce3d7		_ZNSt8numpunctIcED1Ev
9851f805	sceNp	sceNpScoreTerm
985fc057		_Dbl
9874020d	cellL10n	sjis2eucjp
987e260e	cellSheap	cellKeySheapQueueNew
9886810c		_FDnorm
9891bf45		_ZNKSt7_MpunctIwE16do_thousands_sepEv
98947a6e	cellMusicUtility	cellMusicSetPlaybackCommand2
9897fbd1	cellSail	cellSailPlayerRemoveDescriptor
98ac5524	cellFont	cellFontGetFontIdCode
98ce061c	cellHttp	cellHttpClientGetMinSslVersion
98d5b343	cellSpurs	cellSpursShutdownWorkload
98d8e375	libsnd3	cellSnd3SMFStop
98db2f48	cell_FreeType2	FT_Free
98f0eeab		raw_spu_write_ulong
98f74c9a	sceNp2	sceNpMatching2SignalingGetLocalNetInfo
99040a1d	cell_FreeType2	FT_Remove_Module
99316997	cellSpursJq	_cellSpursJobQueuePushBody
99406d0b	sys_fs	cellFsChmod
9949bf82	cellSysutil	cellGameDataExitBroken
996f7cf8	sysPrxForUser	_sys_strncat
99782342		strncasecmp_ascii
9997e6b6	cellSysutil	cellSysutilGameDataAssignVmc
999c0dc5	cellSailRec	cellSailFeederAudioNotifySessionEnd
99a6c261		catanf
99a72146		vsnprintf
99ab1a26	cellNetCtl	cellGameUpdateInit
99ac9952	sceNp	sceNpCommerceSetDataFlagStart
99b13034	cellRtc	cellRtcSetTick
99b38ce7		wmemmove
99c228fc		roundl
99c88692	sysPrxForUser	_sys_strcpy
99d397ac	cellGcmSys	cellGcmGetReport
99efe171	cellAtrac	cellAtracIsSecondBufferNeeded
99fb73d1	cellAtrac	cellAtracGetBufferInfoForResetting
9a0159af	cellGcmSys	cellGcmGetReportDataAddress
9a0e7d23	cellL10n	UCS2toEUCCN
9a13d6b8	cellL10n	UTF8stoUHCs
9a194306		_ZNSt8time_getIcSt19istreambuf_iteratorIcSt11char_traitsIcEEE5_InitERKSt8_Locinfo
9a318259	sys_net	sys_net_set_lib_name_server
9a449047		_ZNSt7_MpunctIwEC2Ejb
9a556a5f	cellFontFT	FTFaceH_Close
9a62982a	sys_net	_sys_net_lib_sync_wait
9a71e740	cellSailRec	cellSailComposerGetStreamParameter
9a72059d	cellL10n	EUCKRtoUCS2
9a72232d	sceNpClans	sceNpClansCreateRequest
9a7a71b5	cell_FreeType2	FT_Get_WinFNT_Header
9a81e583		fmodf
9a87bb3a		_Getmbcurmax
9aa6a321	cellRudp	cellRudpAccept
9aa7a8b3		_ZNSt10istrstreamD2Ev
9ab20793	cellPamf	cellPamfReaderGetStreamTypeAndChannel
9abe8c74		wprintf
9ad7fbd1	sceNp	sceNpSignalingGetLocalNetInfo
9adae986	cellSsl	SSLCERT_NAME_get_entry_count
9ade62e5	cellDtcpIpUtility	cellDtcpIpInitialize
9aeb5432	cellSpurs	cellSpursBarrierGetTasksetAddress
9af30eaf		casin
9afa5d71		_ZNSt10money_baseD2Ev
9b1210c6	cellL10n	UTF32toUTF16
9b244272	cellCelpEnc	cellCelpEncWaitForOutput
9b4e3a74	cellJpgEnc	cellJpgEncWaitForOutput
9b5358f9		_ZNKSt7_MpunctIcE16do_positive_signEv
9b820047	sceNpClans	sceNpClansInit
9b882495	sys_fs	cellFsGetDirectoryEntries
9b9714a4	libgem	cellGemClearStatusFlags
9b98d258	cellCamera	cellCameraRemoveNotifyEventQueue
9ba3e97f	sceNp	_Z29_sce_np_sysutil_cxml_set_npidRN4cxml8DocumentERNS_7ElementEPKcPK7SceNpId
9ba451e4	cellGcmSys	cellGcmSetDefaultFifoSize
9bb876f4	cellSsl	SSL_CIPHER_get_bits
9bd1f890	sceNpTrophy	sceNpTrophyGetLatestTrophies
9c056962	sys_net	socket
9c300489	cellSpursJq	cellSpursJobQueueSetExceptionEventHandler
9c40d1f9		_ZNKSt8numpunctIwE16do_decimal_pointEv
9c486668		_ZNSt6locale7_Locimp9_MakexlocERKSt8_LocinfoiPS0_PKS_
9c7028a5		spu_thread_write_uint
9c8454c9		_LSnan
9c8be729	cell_FreeType2	FT_Outline_Check
9c8d3ff7	cellFont	cellFontGlyphGetOutlineVertexes
9c9605ee	sysPrxForUser	sys_rsxaudio_start_process
9c9d7b0d		strtold
9c9fe6a4	cellSysutil	cellWebBrowserConfigSetFunction
9ca9ffa7	cellSysutil	cellHddGameSetSystemVer
9cab08d1		spu_thread_write_int
9cac2085	sceNpClans	sceNpClansChangeMemberRole
9cb12c89	cellOskExtUtility	cellOskDialogExtDisableHalfByteKana
9cb73ee0		_ZSt6_ThrowRKSt9exception
9cbce3f2	sceNp2	sceNpMatching2CreateContext
9cc0cf44	sceNpTus	sceNpTusSetDataVUserAsync
9ccdcc95	cellPngDec	cellPngDecReadHeader
9cd8135b	cellL10n	EUCCNstoUCS2s
9cde07cc	sceNpCommerce2	sceNpCommerce2GetProductInfoListStart
9ce52809	cellL10n	SBCSstoUCS2s
9ce5ac0b	sceNpPlus	sceNpManagerIsSP
9cf1ab77	cellL10n	UTF8stoJISs
9cfc0eaf		_ZNSiD1Ev
9d0f4af1	cellVoice	cellVoiceSetPortAttr
9d11991d	libmedi	cellMediatorGetProviderUrl
9d140351		_Destroytls
9d14dc46	cellL10n	ToSjisKata
9d2ec4ff		sys_process_spawn
9d30bdce	cellSail	cellSailSourceInitialize
9d3c0f81	sysPrxForUser	sys_mempool_destroy
9d6a8167		_ZNSbIwSt11char_traitsIwESaIwEE5eraseEjj
9d6af72a	cellSysutil	cellMsgDialogProgressBarSetMsg
9d74740f	cell_FreeType2	FT_Get_Sfnt_Name
9d792718	cellFontFT	FTFaceH_SetCompositeCodes
9d98afa0	cellSysutil	cellSysutilRegisterCallback
9d9cb96b	sceNpCommerce2	sceNpCommerce2DestroyGetCategoryContentsResult
9da74bb6	cell_FreeType2	FT_Load_Char
9dafc0d9	cellRtc	cellRtcGetCurrentTick
9db622e8	sceNp2	sceNpAuthAbortOAuthRequest
9dbbe07d		_ZNKSt9money_getIcSt19istreambuf_iteratorIcSt11char_traitsIcEEE8_GetmfldERS3_S5_bRSt8ios_base
9dc040e4		_Deletegloballocale
9dc04436	cellGcmSys	cellGcmBindZcull
9dcb4bcb		_ZNKSt8time_getIwSt19istreambuf_iteratorIwSt11char_traitsIwEEE14do_get_weekdayES3_S3_RSt8ios_baseRNSt5_IosbIiE8_IostateEPSt2tm
9dcbcb5d	cellSpurs	cellSpursAttributeEnableSystemWorkload
9dcde367	cellL10n	jis2eucjp
9ddb9dc3	sys_lv2dbg	sys_dbg_get_spu_thread_group_status
9dfdad46	cellSysutil	cellAudioOutUnregisterCallback
9e0623b5	sysPrxForUser	sys_game_watchdog_start
9e0fafd3	cellSysutilAvcExt	cellSysutilAvcExtStartMicDetection
9e19072b	cellFont	cellFontOpenFontMemory
9e1dff96	libgem	cellGemGetInfo
9e25c72d	cellFiber	_cellFiberPpuSchedulerAttributeInitialize
9e289062		_f_ceilf
9e2b935a	cell_FreeType2	FT_Get_Postscript_Name
9e33ab8f	cellScreenShotUtility	cellScreenShotEnable
9e3ada21		logl
9e3b1e16	cellFont	cellFontAdjustGlyphExpandBuffer
9e48e5dd	cellSsl	SSL_shutdown
9e4b1db8	cellAudio	cellAudioAdd2chData
9e67e0dd	cellSysutilAp	cellSysutilApGetRequiredMemSize
9e741d47		_ZNSsC1ERKSs
9e8130b6		ccos
9e9d7d42	cellPngDec	cellPngDecExtSetParameter
9eb084db	cellCelpEnc	cellCelpEncOpenEx
9eb25e00		strcoll
9eba183c	cell_FreeType2	FT_Library_Version
9ec52258	cellL10n	BIG5toUCS2
9ec88ae6		_ZNKSt5ctypeIwE10do_tolowerEPwPKw
9ee9f97e	sceNp	sceNpLookupTitleStorage
9eee5387		truncate64
9ef60bf3		_ZNKSt5ctypeIwE10do_tolowerEw
9f03dd3e		lgammaf
9f04f7af	sysPrxForUser	_sys_printf
9f0efc6e		exp2l
9f1795df	cellVpost	cellVpostOpenExt
9f18429d	sysPrxForUser	sys_prx_start_module
9f46f5a4		tgammaf
9f4beb25	cellSsl	SSL_write
9f528cd3		_ZNKSt7codecvtIccSt9_MbstatetE6do_outERS0_PKcS4_RS4_PcS6_RS6_
9f65bd34		fdimf4
9f67bfbd	sceNpTus	sceNpTusGetFriendsVariableAsync
9f70c475	cellVoice	cellVoiceDeletePort
9f72add3	cellSpurs	cellSpursJoinTaskset
9f78f052		cos
9f950780	sysPrxForUser	sys_game_get_rtc_status
9f951810	sys_fs	cellFsAioFinish
9f959451		_ZNSt13basic_istreamIwSt11char_traitsIwEED1Ev
9faa12be	cellSysutilAvconfExt	cellVideoOutConfigure2
9facb533		_ZNSt13messages_baseD1Ev
9fb97b10	cellSysutil	cellWebBrowserNavigate2
9fc527e3	cellSsl	SSL_get_version
9fcb567b	cellSpurs	cellSpursGetTasksetInfo
9fd2eea9		_ZNSt8_LocinfoC2EiPKc
9fd61d8e	libad_async	sceAdAsyncFlushReports
9fded78a		_acosf4
9fef70c2	cellSpurs	cellSpursJobChainAttributeSetName
9ff08d57		_Clearlocks
a0160c30		_copysignf4
a01ee33a	sys_fs	cellFsRegisterConversionCallback
a03ef587	libgem	cellGemPrepareCamera
a0661626	cellMusicUtility	cellMusicSetPlaybackCommand
a07c3d2f	cellRtc	cellRtcFormatRfc2822LocalTime
a0ab76d5		_absi4
a0bc0efb		mallinfo
a0d463c0	cellL10n	UCS2toGBK
a0d9223c	cellHttp	cellHttpTransactionCloseConnection
a0ddba8e		_Stoulx
a114ec67	cellGcmSys	cellGcmMapMainMemory
a11552f6	cellSysutil	cellSysutilGetBgmPlaybackStatus
a11ba28b	cell_FreeType2	FT_New_Library
a121a224	cellSpurs	cellSpursTaskAttributeSetExitCodeContainer
a146a143	sysPrxForUser	sys_mempool_allocate_block
a14c6000	libmedi	cellMediatorReliablePostReports
a15f35fe	sceNp	sceNpBasicGetPlayersHistoryEntryCount
a165daae	cellFont	cellFontGetRenderScalePoint
a1709abd	sceNp	sceNpManagerGetEntitlementById
a193143c	cellSysmodule	cellSysmoduleSetMemcontainer
a19fb9de	cellL10n	UTF16toUTF32
a1b25841	cellSheap	cellKeySheapInitialize
a1c6fc55		_ZNSt13basic_filebufIwSt11char_traitsIwEE7_UnlockEv
a1dbb466		_Gettime
a1de25c2		_ZTv0_n12_NSt10ostrstreamD1Ev
a1f9eafe	sysPrxForUser	_sys_sprintf
a20827a8		ctanl
a21aa896	libvdec	cellVdecGetPictureExt
a22d5dda		_ZNSt8messagesIcED0Ev
a26a2e9c	cell_FreeType2	FT_Alloc
a26aa437	cellSysutilAvc2	cellSysutilAvc2IsMicAttached
a2720df2	cellSysutil	cellSysutilPacketWrite
a27c95ca	cellFiber	cellFiberPpuUtilWorkerControlFinalize
a284bd1d	sceNp	sceNpMatchingSetRoomSearchFlag
a285139d	sysPrxForUser	sys_spinlock_lock
a2945229		_WGetint
a297525e	cellSysutil	_cellSysutilGetSystemParamInt
a298cad2	cellL10n	l10n_convert_str
a29ca82e	cell_FreeType2	FT_Get_X11_Font_Format
a2b01449	sceNp2	sceNpMatching2GetSignalingOptParamLocal
a2b22757	sys_net	sys_netset_if_up
a2b8af7c	cellVideoPlayerUtility	cellVideoPlayerStartThumbnail
a2c7ba64	sysPrxForUser	sys_prx_exitspawn_with_level
a2c81938		_LSin
a2d4189b	cellDmux	cellDmuxQueryAttr
a2d6cbd2	sys_lv2dbg	sys_dbg_get_semaphore_information
a2fd0ec5		_ZNSt13basic_filebufIcSt11char_traitsIcEE9pbackfailEi
a30d4797		wcstoll
a322db75	cellSysutil	cellVideoOutGetResolutionAvailability
a328cc35	sys_io	cellMouseGetRawData
a330ad84	sysPrxForUser	sys_prx_load_module_on_memcontainer_by_fd
a342a73f	cellMinisSaveData	cellMinisSaveDataListSave
a3440924		closedir
a3457869	cellHttpUtil	cellHttpUtilParseProxy
a34c4b6f	cellHttp	cellHttpClientSetHeader
a34fa0eb	cellL10n	EUCJPstoJISs
a35033e8		_ZNKSt5ctypeIwE8do_widenEPKcS2_Pw
a36335a5	cellSysutil	cellSysutilDisableBgmPlaybackEx
a37c3e51		_ZNKSt5ctypeIwE8do_widenEc
a37fed15	cellSail	cellSailFutureSet
a397d042	sys_fs	cellFsLseek
a39fe9dc	cellHttp	cellHttpEndCache
a3abfadb	sceNpTus	sceNpTusGetMultiSlotDataStatusVUser
a3da58f6		rand_real1_TT800
a3db855c	cellRudp	cellRudpPollControl
a3e3be68	sysPrxForUser	sys_ppu_thread_once
a3f5c3b2		_ZNSt9strstreamD2Ev
a400d82e	cellSync2	cellSync2MutexLock
a4088179	cellUsbd	cellUsbdRegisterCompositeLdd
a41342dc	cellFont	cellFontGraphicsGetFontRGBA
a41ef7e8	cellGcmSys	cellGcmSetFlipHandler
a42ac07a	cellMic	cellMicOpenRaw
a433147a		_ZNSt8messagesIcE7_GetcatEPPKNSt6locale5facetE
a445cd55	cellRemotePlay	cellRemotePlayGetPeerInfo
a4578433		fmin
a4599cf3	cellFiber	cellFiberPpuWaitFlag
a45a0313		mspace_create
a464c70a		_ZNKSt9money_putIwSt19ostreambuf_iteratorIwSt11char_traitsIwEEE6do_putES3_bRSt8ios_basewRKSbIwS2_SaIwEE
a46a70a1		atanhl
a47c09ff	cellGcmSys	cellGcmSetFlipStatus
a483d50d		_rv2d
a48be428	cellSail	cellSailMp4TrackGetTrackInfo
a4a5ddb4	cellUsbPspcm	cellUsbPspcmCancelBind
a4a9a309	cellMPL1dec	_SceAdecCorrectPtsValue_mpmcl1
a4afeb98	cell_FreeType2	FT_Stroker_BeginSubPath
a4bfae51	cellJpgEnc	cellJpgEncOpen
a4c9ba65	cellAudio	cellAudioCreateNotifyEventQueueEx
a4ca5cf2		llroundf
a4dd11cc	cellSysutil	cellWebBrowserConfigGetHeapSize
a4e6c423	cell_FreeType2	FT_Select_Charmap
a4ed7dfe	cellSysutil	cellSaveDataDelete
a4f6a919		_ZThn8_NSdD1Ev
a4f73351	cellFontFT	FTFaceH_GetBoundingBoxMinY
a50777c6	sys_net	shutdown
a5146299	cellL10n	UTF8stoARIBs
a5151b13	cellGcmSys	cellGcmSetFlipStatus2
a52d2ae4	cellMic	cellMicGetType
a5306edb		_ZNSt10moneypunctIwLb1EED1Ev
a5362e73	cellSync	cellSyncQueueClear
a53800c2		_malloc_finalize_lv2
a53d12ae	cellGcmSys	cellGcmSetDisplayBuffer
a547adde	cellGcmSys	cellGcmGetControlRegister
a562099c		_ZNSt7num_getIcSt19istreambuf_iteratorIcSt11char_traitsIcEEED1Ev
a56557b6		catan
a568db82		spu_thread_read_ushort
a57cc615		iswspace
a58943f8	cellSysutil	cellWebBrowserCreateWithRect2
a58c1554	cell_FreeType2	FT_List_Iterate
a58df87f	cellSync	cellSyncQueueTryPop
a592cd2f	libmixer	cellSSPlayerStop
a5a863fe	sceNpCommerce2	sceNpCommerce2SetBGDLAvailability
a5a86557	sys_net	sys_net_get_test_param
a5bc0e19		getchar
a5bccb47	cellSubDisplay	cellSubDisplayStart
a5cdf57e	cellPngDec	cellPngDecGetsPLT
a5d06bf0	sysPrxForUser	sys_prx_get_module_list
a5d0b260		acoshl
a5dacf92	cellSsl	ERR_get_error
a5e1fa60	cellNetCtl	cellGameUpdateCheckStartWithoutDialogAsync
a5f12145	cellSysutil	cellWebBrowserCreate2
a5f85e4d	sys_io	cellKbSetCodeType
a60023ef	cell_FreeType2	FT_Outline_New
a6004249	cellFiber	cellFiberPpuJoinFiber
a609f3e9	cellL10n	JISstoEUCJPs
a60ff5c9	cellL10n	EucJpHan2Zen
a61674a4	libsynth2	cellSoundSynth2Note2Pitch
a6463518		__rename
a650df19		toupper
a65886b8		_Findloc
a65ce0f8	cellCamera	cellCameraResetPost
a6669751	cellSync	cellSyncRwmTryRead
a69c749c	cellSync2	cellSync2MutexTryLock
a6a31a38	sceNpClans	sceNpClansCreateClan
a6b180ac	cellGcmSys	cellGcmGetReportDataLocation
a6dc25d1	cellFont	cellFontSetupRenderEffectWeight
a6eb0b62	cell_FreeType2	FT_Get_Kerning
a6ec00f4	cell_FreeType2	FT_Add_Module
a700bc7d		_ZNKSt7codecvtIwcSt9_MbstatetE6do_outERS0_PKwS4_RS4_PcS6_RS6_
a703a51d	sys_io	cellPadGetInfo2
a70737da	cellRudp	cellRudpFlush
a713f8cf		modf
a72a7595		calloc
a73bf47e	cellSpurs	_cellSpursWorkloadFlagReceiver
a742c04e	cell_FreeType2	FT_OpenType_Validate
a74e5a27		_ZNKSt6localeeqERKS_
a755b005	cellHttp	cellHttpSendRequest
a75640e8	cellGcmSys	cellGcmUnbindZcull
a7658186		log1pf4
a765d029	sys_net	sys_net_get_sockinfo_ex
a789e631	cellSpurs	cellSpursShutdownTaskset
a797790f		wcsstr
a7978f59	cellJpgDec	cellJpgDecCreate
a7993bf3	sceNpTus	sceNpTusAddAndGetVariableVUserAsync
a79c4516		_ZNSt15basic_streambufIcSt11char_traitsIcEED0Ev
a7a0045a	cellSsl	SSLCERT_get_issuer_name
a7a090e5	sceNp	sceNpScorePollAsync
a7a94892	cellSpurs	cellSpursJoinTask2
a7b2103a	cellFont	cellFontDelete
a7bff757	sceNp	sceNpManagerGetStatus
a7c066de	cellSpurs	cellSpursJoinJobChain
a7d7329c	libsnd3	cellSnd3VoiceSetSustainHold
a7ede268	cellGcmSys	cellGcmReserveIoMapSize
a7f9e716	cellSpurs	cellSpursGetWorkloadData
a7fabf4d	sceNpTrophy	sceNpTrophyTerm
a7fd2f5b	cellCamera	cellCameraSetNotifyEventQueue2
a80bf223	cellGame	cellGameGetLocalWebContentPath
a823836b		ilogb
a82d70da		_Tlsget
a835be11		__cxa_atexit
a839a4d9	cellSpurs	cellSpursAttributeSetSpuThreadGroupType
a849d0a7	cellSail	cellSailPlayerOpenEsUser
a84fbc36	cellPesmUtility	cellPesmGetSinf
a84fd3c3	sysPs2Disc	sysPs2Disc_A84FD3C3
a85a4951	sceNp	sceNpCommerceGetSkuDescription
a8615dc8	cellMusicDecodeUtility	cellMusicDecodeFinalize
a86b28e3	cellRudp	cellRudpGetSizeWritable
a874036a		wcstof
a876c911	cellOvis	cellOvisInitializeOverlayTable
a881b744	cellMusicDecodeUtility	cellMusicDecodeRead
a885cc9b	cellFont	cellFontOpenFontset
a8a6f615		TlsSetValue
a8afa7d4	sceNp	sceNpBasicGetCustomInvitationEntryCount
a8b07f1b		wmemcpy
a8c16038		_FDsign
a8cf8451	sceNp	sceNpSignalingDestroyCtx
a8d180e8		_Cbuild
a8d907ff		_LErf_small
a8dc0efa	cellSysutilAvc2	cellSysutilAvc2CreateWindow
a8ece2e0		_ZSt9use_facetISt10moneypunctIwLb0EEERKT_RKSt6locale
a8f64fdb		_ZNKSt5ctypeIcE10do_tolowerEPcPKc
a8fae920	cellFont	cellFontGlyphGetOutlineControlDistance
a9072dee	cellSync	cellSyncMutexInitialize
a90c4ff2		_ZNSt8time_getIcSt19istreambuf_iteratorIcSt11char_traitsIcEEE7_GetcatEPPKNSt6locale5facetE
a9116516		_ZNSs6appendEjc
a91b0402	cellGcmSys	cellGcmSetVBlankHandler
a92bcc85		cabs
a931356e	cellMinisSaveData	cellMinisSaveDataListAutoSave
a94be0fa		_ZNSt13basic_filebufIwSt11char_traitsIwEE9_EndwriteEv
a957adcc		_ZNKSt5ctypeIcE9do_narrowEPKcS2_cPc
a963619c	cellL10n	isEucJpKigou
a971e5a3	cellSysutil	_ZN8cxmlutil8GetFloatERKN4cxml7ElementEPKcPf
a975ebb4	sceNpCommerce2	sceNpCommerce2GetProductInfoCreateReq
a985a03b	cellPesmUtility	cellPesmStartMovieRec
a9879a33	sysPrxForUser	sys_rsxaudio_create_connection
a9a079e0	sys_net	inet_aton
a9a439e0	cellSysutil	cellWebBrowserConfigSetUnknownMIMETypeHook2
a9a76fb8	cellL10n	UCS2toUTF8
a9b04535	fs_utility_init	fs_utility_init_A9B04535
a9b0c1d9	cellSysutil	cellGameDataGetSizeKB
a9b62ac8	cellSysutil	cellWebBrowserConfigSetViewRect2
a9e039c4		erfcf
a9e5bb16		_ZNKSt7num_getIcSt19istreambuf_iteratorIcSt11char_traitsIcEEE6do_getES3_S3_RSt8ios_baseRNSt5_IosbIiE8_IostateERm
a9e6103e	sceNp2	sceNpMatching2RegisterSignalingCallback
a9e81214	cellJpgEnc	cellJpgEncEncodePicture
a9f5b75c	cellSysutilAvc2	cellSysutilAvc2GetSpeakerMuting
a9f68eff		qsort
a9f703e3	cellJpgDec	cellJpgDecExtOpen
a9f945b3	sceNpCommerce2	sceNpCommerce2DoProductCodeFinishAsync
aa16695f	sceNp	sceNpDrmProcessExitSpawn
aa1d1f57	cellImeJpUtility	cellImeJpBackspaceWord
aa1e687d		isgraph
aa266d35		_malloc_init
aa2a3287	cellImeJpUtility	cellImeJpShortenConvertArea
aa355278	cellSync	cellSyncLFQueueInitialize
aa3b4bcd	sys_fs	cellFsGetFreeSize
aa520d9f		_ZNSt6locale7_Locimp7_AddfacEPNS_5facetEj
aa6269a8	cellSpurs	cellSpursInitializeWithAttribute
aa6c2c43	sceNp2	sceNpMatching2ClearEventData
aa6d9bff	sysPrxForUser	sys_prx_load_module_on_memcontainer
aa7912b5	sceNpClans	sceNpClansKickMember
aa860d4c		_Wctype
aa9635d7		strcat
aa9ed7ff	sceNpSns	sceNpSnsFbCheckConfig
aaa270dc		_LCdivcr
aabeb869	cellHttpUtil	cellHttpUtilSweepPath
aadb7c12	sceNp2	sceNp2Term
aae64804		_ZNSt8ios_base8_FindarrEi
aafa17b8	cellSail	cellSailPlayerIsPaused
ab1c55ab	cellHttp	cellHttpClientSetPerHostPoolSize
ab211d97		_ZNKSt7num_putIcSt19ostreambuf_iteratorIcSt11char_traitsIcEEE6do_putES3_RSt8ios_basecb
ab377381		log2f
ab447704	sys_net	sys_net_open_dump
ab475d53	sys_lv2dbg	sys_dbg_set_mask_to_ppu_exception_handler
ab4c7ca1		_CWcsxfrm
ab5832fd		_ZNSt10money_baseD1Ev
ab6b6dbf	cellAtrac	cellAtracGetLoopInfo
ab77019f		fstat
ab779874		module_stop
aba1c563	cellFiber	cellFiberPpuContextRun
abb1b16e	libmixer	cellSurMixerUtilNoteToRatio
abb8cc3d	cellVpost	cellVpostExec
abc27420		wcstoul
abc3cd2c	cellSysutil	cellStorageDataExport
abcb26a1	sys_net	sys_netset_get_status
abd92bcc		_ZNSt7collateIwE7_GetcatEPPKNSt6locale5facetE
abdc2b49		_ZNSt9money_getIwSt19istreambuf_iteratorIwSt11char_traitsIwEEE7_GetcatEPPKNSt6locale5facetE
abdccc7a		f_atan2f
abe090e3	cellUsbPspcm	cellUsbPspcmBind
abf629c1	cellKey2char	cellKey2CharOpen
ac14b8e3	cellDtcpIpUtility	cellDtcpIpGetDecryptedData
ac16777e	cellSysutil	cellWebBrowserConfigSetStatusHook2
ac170042	cellSysutilAvc2	cellSysutilAvc2ShowWindow
ac495eb8	libad_core	sceAdGetAssetInfo
ac58ad2b	cellSysutil	cellSysutilEnableBgmPlaybackEx
ac5ba03a	cellMic	cellMicGetSignalAttr
ac66568c	sceNp	sceNpMatchingCreateCtx
ac6693d8	cellImeJpUtility	cellImeJpModeCaretRight
ac6c23c0		_ZNKSt7num_getIcSt19istreambuf_iteratorIcSt11char_traitsIcEEE6do_getES3_S3_RSt8ios_baseRNSt5_IosbIiE8_IostateERy
ac6fc404	sysPrxForUser	sys_ppu_thread_unregister_atexit
ac758d20		wmemcmp
ac77eb78	cellUsbd	cellUsbdBulkTransfer
ac78c1f3	sceNpCommerce2	sceNpCommerce2GetContentRatingInfoFromCategoryInfo
ac893127		fgetc
ac98b03a	sceNp2	sceNpMatching2GetUserInfoList
ac9c3b1f	cellSail	cellSailDescriptorGetCapabilities
acad8fb6	sysPrxForUser	sys_game_watchdog_clear
acb9ee8e	sceNp	sceNpBasicUnregisterHandler
acca2f83		copysignf
ace0cfba	sceNpClans	sceNpClansSearchByName
ace90be4		_Dtentox
acee8542	cellGcmSys	cellGcmSetFlipImmediate
acfc8dbc	cellSpurs	cellSpursInitialize
ad049ecf	cellMic	cellMicGetFormatEx
ad04cddd	cellMusicUtility	cellMusicSelectContents2
ad12e5c9	sceNp	_Z31_sce_np_sysutil_send_packet_subiRN4cxml8DocumentE
ad17e787		_Dint
ad1c6f02	cellHttp	cellHttpTransactionGetSslVersion
ad218faf	sceNp	sceNpDrmIsAvailable
ad3777a2		_ZNSt13basic_filebufIcSt11char_traitsIcEE8overflowEi
ad382a99		_ZdlPvRKSt9nothrow_t
ad3a093d		_LCosh
ad443e79		_Erf_one
ad5d3e57		_FLgamma
ad62a342		ldiv
ad6a2e5b	cellHttp	cellHttpSessionCookieFlush
ad6d839f		_ZNSt12codecvt_baseD0Ev
ad6dbac2		_ZNKSt7num_getIwSt19istreambuf_iteratorIwSt11char_traitsIwEEE6do_getES3_S3_RSt8ios_baseRNSt5_IosbIiE8_IostateERm
ad7d8f38	cellPhotoDecodeUtil	cellPhotoDecodeFinalize
ad8d9839	cellRtcAlarm	cellRtcAlarmNotification
ad8e9ad0		_Initlocks
ada45b84	sceNpClans	sceNpClansPostAnnouncement
adc0a4b2	cellHttp	cellHttpClientPollConnections
adc2263b		_ZNSt15basic_streambufIcSt11char_traitsIcEE6xsputnEPKci
adcc5ada	sceNp	_Z37sce_np_matching_set_matching2_runningb
add66b5c	cellHttp	cellHttpClientSetResponseBufferMax
addce673		erfcl
adedbebf	cellFiber	cellFiberPpuSchedulerTraceStart
ae16a145	libmixer	cellSurMixerUtilGetLevelFromDB
ae4e590e	sceNpTus	sceNpTusGetDataVUser
ae6a21d5	cellVoice	cellVoiceConnectIPortToOPort
ae6eb491	cellSsl	cellSslCertGetIssuerName
ae7d042f		_ZNSt7codecvtIwcSt9_MbstatetE7_GetcatEPPKNSt6locale5facetE
aea59ceb		_ZNSt10ctype_baseD0Ev
aeb2ec57	sys_net	_sys_net_lib_usleep
aeb78725	sysPrxForUser	sys_lwmutex_trylock
aec7c970		lseek
aed08db1	cell_FreeType2	FT_Has_PS_Glyph_Names
aed82c21	cellSysutilAvcExt	cellSysutilAvcExtGetWindowAlpha
aed9d6cd	cellSail	cellSailPlayerCloseEsUser
aede4b03	sysPrxForUser	_sys_heap_delete_heap
aee1e0c2	cellSubDisplay	cellSubDisplayAudioOutBlocking
aee75751	cellSysutilAvc2	cellSysutilAvc2SetWindowSize
aee8cf71	sceNp	sceNpCommerceGetCategoryId
af002043		independent_comalloc
af02e7de	cellSsl	_cellSslPemReadX509
af18d499	cellL10n	GB18030toUCS2
af1c7a1d	cellSpursJq	_cellSpursJobQueuePushJobListBody
af310ae6	cellSailRec	cellSailFeederAudioNotifySessionError
af3eba5a	sceNp	sceNpCommerceDoCheckoutFinishAsync
af41d6c8	cellPesmUtility	cellPesmInitEntry
af44a615		fgets
af505def	sceNp	sceNpBasicGetMatchingInvitationEntryCount
af57d9c9	sceNp	sceNpCommerceGetCurrencyDecimals
af6bdcb0		_Nonfatal_Assert
af73a64e	cellHttp	cellHttpRequestSetContentLength
af86c77a	sceNpSns	sceNpSnsFbLoadThrottle
af89fdbd		_Assert
af8bb012	cellJpgDec	cellJpgDecDecodeData
af985783	sceNpTus	sceNpTusDeleteMultiSlotVariable
afa13040		f_llrintf
afa39179		_WPutstr
afa99ead	libgem	cellGemCalibrate
afafedb1	cellVideoPlayerUtility	cellVideoPlayerEndThumbnail
afc21c3e	sys_net	sys_net_get_routing_table_af
afc62605	sceNp	sceNpUtilSetPlatformType
afcfdad7		_Lgamma
afd605b3	cellSysutil	cellHddGameExitBroken
afd9a625		cimagf
afdde4b2	libsnd3	cellSnd3SMFPause
afe5ebc4	cell_FreeType2	FT_CeilFix
afef640d	sceNp	sceNpBasicGetFriendListEntryCount
aff080a4	sysPrxForUser	sys_ppu_thread_exit
aff7627a	cellSync	_cellSyncLFQueueGetSignalAddress
affdadc0	cellSysutil	cellSysutilAvcSetSpeakerVolumeLevel
b00f408a	sceNpMatchingInt	sceNpMatchingGetRoomListGUI
b015a84e	cellFont	cellFontGetRevisionFlags
b020684e	sceNpMatchingInt	sceNpMatchingGetRoomInfoNoLimit
b02a43bc	cellSsl	SSLCERT_free
b0594b2d	cellFiber	cellFiberPpuGetScheduler
b0647e5a	cellCamera	cellCameraSetNotifyEventQueue
b082003b	sceNp	sceNpScoreGetClansRankingByRange
b0a1f8c6	cellGame	cellGameContentErrorDialog
b0a59804	sys_net	bind
b0c185b7		_ZNSt10moneypunctIcLb1EE7_GetcatEPPKNSt6locale5facetE
b0c51412	sceNp2	sceNpMatching2GetRoomMemberDataInternal
b0e7c2f3		_ZNSiD0Ev
b0fa1592		clog10l
b120f6ca		close
b153629c	cellPngDec	cellPngDecGetgAMA
b1550b3c		_ZNKSt7num_putIcSt19ostreambuf_iteratorIcSt11char_traitsIcEEE6do_putES3_RSt8ios_basecx
b15e9321	sys_net	sys_netset_get_key_value
b17b79d0		isalpha
b1840b53	sys_fs	cellFsSdataOpen
b18cc115		freopen
b1991509	cellSailRec	cellSailComposerGetEsVideoParameter
b1a2c38f	cellVoice	cellVoiceInitEx
b1ac1fa3		_ZNSt15basic_streambufIwSt11char_traitsIwEE6xsgetnEPwi
b1bd7a61	sysPrxForUser	sys_rsxaudio_close_connection
b1c02d66	sceNp	sceNpCommerceGetCurrencyInfo
b1cc43e3		_CStrftime
b1d696f7		_ZNKSt8numpunctIcE12do_falsenameEv
b1e0718b	sceNp	sceNpManagerGetAccountRegion
b1f4779d		spu_thread_printf
b202f0e8	cellMusicExportUtility	cellMusicExportFromFile
b20f87b3	sys_crashdump	sys_crash_dump_set_user_log_area
b2176b06	cellDtcpIpUtility	cellDtcpIpStopSequence
b229e6bf	cell_FreeType2	FT_Load_Glyph
b2336ba7	cellMusicUtility	cellMusicSelectContents
b23d5a13	cellNetCtl	cellNetCtlAddHandlerGameInt
b23e3bd1	sceNpCommerce2	sceNpCommerce2DoProductBrowseFinishAsync
b23f070a	cellAtracMulti	cellAtracMultiCreateDecoderExt
b24bd2f8		logbf
b24cb8d6		_Locterm
b257540b	sysPrxForUser	sys_mmapper_allocate_memory
b2702e15		wcrtomb
b2748a9f		_Freeloc
b276f1f6	cellFont	cellFontCloseFont
b27c8ae7	sysPrxForUser	sys_prx_load_module_list
b287748c	cellRtcAlarm	cellRtcAlarmStopRunning
b2b6cdd0	cellSysutil	cellSysconfOpen
b2c16321	cellMic	cellMicSetDeviceAttr
b2d054df	cellMusicDecodeUtility	cellMusicDecodeRead2
b2e761d4	cellGcmSys	cellGcmResetFlipStatus
b2fcf2c8	sysPrxForUser	_sys_heap_create_heap
b30042ce		lldiv
b30780eb	cellMic	cellMicGetSignalState
b326f699		_ZNKSt9money_putIcSt19ostreambuf_iteratorIcSt11char_traitsIcEEE6do_putES3_bRSt8ios_basece
b3361be6	cellL10n	UHCtoUTF8
b33ef042		_ZNSt8bad_castD0Ev
b348c5c2		_LLgamma
b3516536	cellUserInfo	cellUserInfoEnableOverlay
b367c6e3	cellGame	cellGameDeleteGameData
b37982ea		_Getstr
b3a48079	cellFiber	cellFiberPpuContextFinalize
b3a84880	libmixer	cellSSPlayerPlay
b3ac3478	sceNpTrophy	sceNpTrophyGetTrophyUnlockState
b3afee8b	sys_fs	cellFsStReadGetRingBuf
b3bbcf2a	sysPrxForUser	_sys_spu_printf_detach_thread
b3c495bd		imaxabs
b3d304b2	cellFont	cellFontPatchWorks
b3d30b0d	cellSailRec	cellSailVideoConverterCanProcess
b3d98d59		_rand_real1_TT800
b3f05af3		_ZNKSt7collateIcE12do_transformEPKcS2_
b400f226		isupper_ascii
b40ca175	cellPngDec	cellPngDecGetTextChunk
b412a8dc		_LDint
b4225825		mbsinit
b422b005	cellFont	cellFontRenderSurfaceSetScissor
b4335a81	cellNetAoi	cellNetAoiGetRemotePeerInfo
b4352488		_ZNKSt9money_putIcSt19ostreambuf_iteratorIcSt11char_traitsIcEEE6do_putES3_bRSt8ios_basecRKSs
b43c25c7		wcstoull
b47470e1	cellSysutil	_ZN16sysutil_cxmlutil11FixedMemory5BeginEi
b48636c4	sys_net	sys_net_show_ifconfig
b498bf77	cellSysmodule	cellSysmoduleUnloadModuleInternal
b499d895	cell_FreeType2	FT_Glyph_To_Bitmap
b49eea74		_init_malloc_lock0
b4a54446		_Stofx
b4a8791f		_ZNSt8time_putIwSt19ostreambuf_iteratorIwSt11char_traitsIwEEED1Ev
b4c4624d	libsnd3	cellSnd3Synthesis
b4c9b4f9	cellMusicExportUtility	cellMusicExportInitialize
b4d112af	cellFont	cellFontGlyphGetVertexesGlyphSize
b4ef29d5		f_floorf
b4f4513e		_Tgamma
b4f4a829	cellSsl	SSL_CTX_new
b4fa3111	cellHttp	cellHttpInitCache
b4fc7078		_close_all_FILE
b4fe75e1	cellPngDec	cellPngDecGetpCAL
b509ab64		_ZNSt10moneypunctIcLb1EED1Ev
b529d259		isalnum
b52e1bda	cellSpurs	cellSpursSetPriority
b53436e7	cellSpursJq	_cellSpursJobQueuePort2PushJobListBody
b53b3d42	cellSysutil	cellWebBrowserCreateWithConfigFull
b53c54fa	cellSysutil	cellOskDialogSetKeyLayoutOption
b53fa02e		_ZnwjjRKSt9nothrow_t
b54cc9a1		f_sinf
b5542e5a	cellVideoPlayerUtility	cellVideoPlayerOpen
b5573004	sceNpTrophy	sceNpTrophyGetUserInfo
b569849d		reallocalign
b56ef5a1	cellAudio	cellAudioSetNotifyEventQueueEx
b57bdf7b		iswxdigit
b5955e77	cellGcmSys	cellGcmGpadCaptureSnapshot
b5961d4e		_sincosf4fast
b59872ef	cellSysutil	_ZN16sysutil_cxmlutil11FixedMemory8AllocateEN4cxml14AllocationTypeEPvS3_jPS3_Pj
b598a495		fmodl
b5b84f80		_LDenorm
b5bbfbea	cell_FreeType2	FT_OpenType_Free
b5c11938	cellAtrac	cellAtracGetInternalErrorInfo
b5cb2d56	sceNp	sceNpBasicRecvMessageAttachment
b5d2f53b		_Touptab
b5d353e8		_LDtentox
b5e28191		_FSin
b6002508		_Putstr
b6017827	sceNp	sceNpLookupAvatarImage
b602e328	cellCamera	cellCameraGetExtensionUnit
b60d42a5	cellGifDec	cellGifDecCreate
b6257e3d		strncasecmp
b6369393	sysPrxForUser	_sys_heap_get_total_free_size
b641168e	cellMusicDecodeUtility	cellMusicDecodeInitialize2SystemWorkload
b66d1c46	sceNp	sceNpManagerGetEntitlementIdList
b680e240		wcstombs
b68d5625	sys_net	sys_net_finalize_network
b6a4d760		_ZNSt13basic_filebufIwSt11char_traitsIwEE7seekposESt4fposISt9_MbstatetENSt5_IosbIiE9_OpenmodeE
b6a6ad5a	cellFontFT	FTFaceH_GetBoundingBoxMaxY
b6a7ba7a		_ZNSt7num_getIwSt19istreambuf_iteratorIwSt11char_traitsIwEEED0Ev
b6aab704	cell_FreeType2	FT_List_Remove
b6af290e		_WFrprep
b6bbcd5d	libvdec	cellVdecOpen
b6bcb4a1	cellRudp	cellRudpEnd
b6d84526	cellSysutil	cellOskDialogAbort
b6d92ac3		strcasecmp
b6e45343	cellL10n	MSJIStoUCS2
b6f5f98c		_FRteps
b6feb84b	cellHttp	cellHttpClientSetTransactionStateCallback
b72bc4e6	cellSysutil	cellDiscGameGetBootDiscInfo
b738027a		strtok_r
b74f7b8f		_ZNSt6locale7_LocimpC2ERKS0_
b7696143		nextafterf
b79012ba		modff
b792ca1a	cellSpurs	cellSpursLFQueueGetTasksetAddress
b794631e		_WStofx
b7a45caf	cellGame	cellGameGetParamInt
b7ab5127		wcsrchr
b7b4ecee	cellSail	cellSailRendererAudioNotifyCallCompleted
b7b793ed		get_state_TT800
b7ba4aeb		_WStoul
b7cb7d05	cellHttp	cellHttpClientSetConnectionWaitTimeout
b7cef4a6	cellL10n	UTF8toGBK
b7d3427f		iscntrl_ascii
b7dcbfdd		__Setgloballocale
b7e08f7a	cellL10n	kuten2sjis
b80ca215		_ZNSt13basic_filebufIwSt11char_traitsIwEE5imbueERKSt6locale
b81b9777	cellSysutilAvc2	cellSysutilAvc2EnumPlayers
b81cd66a		mbrlen
b829398e	cellSsl	R_time_new
b8436ee5	cellPamf	cellPamfReaderInitialize
b8474eff	cellSpurs	_cellSpursTaskAttributeInitialize
b84f5c81	cellMusicDecodeUtility	cellMusicDecodeSetSelectionContext
b851aacf	sceNp2	sceNpMatching2SetRoomMemberDataInternal
b856b63f	cellSysutilAvc2	cellSysutilAvc2GetWindowString
b87c4b43		_ZNSt12strstreambuf6freezeEb
b8836b50		_ZNSt9exception18_Set_raise_handlerEPFvRKS_E
b89105ca	cellDtcpIpUtility	cellDtcpIpSeek
b89863bc		_rsqrtf4fast
b8aa984e		_expf4
b8e8ff22	sceNpTus	sceNpTusWaitAsync
b8ec13a5		_ZNKSt7num_putIwSt19ostreambuf_iteratorIwSt11char_traitsIwEEE6do_putES3_RSt8ios_basewb
b8ef56a6	libgem	cellGemGetHuePixels
b905ebb7	cellPngDec	cellPngDecGethIST
b90c871b	cellFiber	cellFiberPpuContextCheckStackLimit
b91967bc	cellAtracMulti	cellAtracMultiGetLoopInfo
b91eb3d2	cellJpgDec	cellJpgDecExtReadHeader
b94b9d13		_Dtest
b9562c1a	cellSailRec	cellSailComposerTryGetEsAudioAu
b96f2f5d	cellSysutil	cellSaveDataGetEnableOverlay
b96fb26e	cellPngDec	cellPngDecGettRNS
b980b76e	cellSail	cellSailMp4MovieGetBrand
b988502c	cellRudp	cellRudpListen
b995662e	sysPrxForUser	sys_raw_spu_image_load
b9a2282d		_ZNSt15basic_streambufIcSt11char_traitsIcEE8overflowEi
b9b430c2	cell_FreeType2	FT_Set_Charmap
b9bc6207	cellSpurs	cellSpursAttachLv2EventQueue
b9bf1078	sysPrxForUser	_sys_heap_alloc_heap_memory
b9cf473d	cellL10n	UTF8toSBCS
b9d2ad22		remquol
b9da87d3	sys_lv2dbg	sys_dbg_get_coredump_params
b9ed25d4		raw_spu_read_ulong
b9f93bbb	sceNp	sceNpScoreCreateTitleCtx
ba0b6300		_ZNSt9basic_iosIwSt11char_traitsIwEED1Ev
ba136594		csinf
ba161d45	cellMinisSaveData	cellMinisSaveDataListLoad
ba39ab02	cellPesmUtility	cellPesmEndMovieRec
ba50bc23	cellCelpEnc	cellCelpEncOpenExt
ba578d19	sceNp2	sceNpMatching2JoinProhibitiveRoom
ba5961ca	cellSync	_cellSyncLFQueuePushBody
ba5bee48	cellSync	cellSyncRwmTryWrite
ba62681f		mspace_memalign
ba65de6d	sceNp	sceNpCommerceGetChildCategoryInfo
ba78e51f	cellHttp	cellHttpClientGetRecvTimeout
ba84eab5		coshl
ba85ce08		_ZNSt12strstreambufD2Ev
ba8c569e	sceNpSns	sceNpSnsFbGetLongAccessToken
ba901fe6	sys_fs	cellFsMkdir
baa15803		_ZSt4setwi
bab62b99		_sys_process_wait_for_game_process
bab91fc9	sceNp	sceNpBasicGetPlayersHistoryEntry
babf714b	cellFiber	cellFiberPpuUtilWorkerControlWakeup
baedf689	sceNpTrophy	sceNpTrophyGetTrophyIcon
baf11866		ceilf
bafd6409	sys_io	cellPadLddDataInsert
bb0ae221	sys_lv2dbg	sys_dbg_get_address_from_dabr
bb165807		expm1f
bb208b20		cbrtf4fast
bb2877f2	sceNpTus	sceNpTusGetMultiSlotVariableAsync
bb42a9dd	cellGcmSys	_cellGcmFunc13
bb4599c5		_ZNSt11logic_errorD1Ev
bb543189	cellRtc	cellRtcSetTime_t
bb5c565b	cellCamera	cellCameraStopPost
bb605c96		pvalloc
bb68d76e	cellSpurs	cellSpursJobChainAttributeSetHaltOnError
bb6c0eb2	cellHttp	cellHttpClientSetSendBufferSize
bb712718		_ZnwjRKSt9nothrow_t
bb761c89		remquof
bb7cd1ae	sysPs2Disc	sysPs2Disc_BB7CD1AE
bbaa300b		f_log1pf
bbb244b7	sceNpTus	sceNpTusTryAndSetVariableAsync
bbb47cd8	cellSheap	cellSheapInitialize
bbbc2c1c	cellCelp8Enc	cellCelp8EncEnd
bbd4582f		_Setloc
bbf7354e		fegetexceptflag
bc00d5ef	cellSysutil	cellSysutilSharedMemoryFree
bc05ef31	sceNpClans	sceNpClansSendInvitation
bc1d69c5		atoll
bc374779		_Getlname
bc5ad91c		_ZNKSt7collateIwE10do_compareEPKwS2_S2_S2_
bc5af0b5		fgetwc
bc7b4b8e		ctime
bc8c081d	cell_FreeType2	FTC_ImageCache_New
bc96d751	cellSync2	cellSync2CondWait
bc982946	cellGcmSys	cellGcmSetDefaultCommandBuffer
bc9a0086		module_start
bcc09fe7	sceNp	sceNpBasicRegisterHandler
bccd70dd	cellSysutil	cellSysutilAvcCancelJoinRequest
bcdbb2ab	sceNp	sceNpBasicAddPlayersHistoryAsync
bcfecdae	cellGcmSys	cellGcmGetVBlankCount2
bd100dbc	cellGcmSys	cellGcmSetTileInfo
bd140e12		_ZNKSt8time_getIcSt19istreambuf_iteratorIcSt11char_traitsIcEEE11do_get_timeES3_S3_RSt8ios_baseRNSt5_IosbIiE8_IostateEPSt2tm
bd1635f4	cellSail	cellSailDescriptorGetMediaInfo
bd1c5d6b	cellSpursJq	_cellSpursJobQueuePortPushFlush
bd273a88	sys_fs	cellFsStReadGetRegid
bd28fdbf	sceNp	sceNpInit
bd2fa0a7	cellGcmSys	cellGcmUpdateCursor
bd316983		_ZNSt8numpunctIcE5_InitERKSt8_Locinfo
bd35830b		_ZdaPvjS_
bd49eab2	sceNpCommerce2	sceNpCommerce2GetCategoryInfo
bd554bcb	cellUsbd	cellUsbdRegisterExtraLdd2
bd58ea5a		_ZNSt19ostreambuf_iteratorIwSt11char_traitsIwEEaSEw
bd591197	cellSailRec	cellSailFeederAudioInitialize
bd5a59fc	cellNetCtl	cellNetCtlInit
bd679cc1	cellImeJpUtility	cellImeJpTemporalConfirm
bd69e584	sys_lv2dbg	sys_dbg_get_spu_thread_group_name
bd6d60d9	cellGcmSys	cellGcmSetInvalidateTile
bd7410d9		recipf4
bd75f78b	cellAdec	cellAdecGetPcmItem
bd8bb75c		asinhf
bda26024		_ZNSt9strstreamD0Ev
bdaca3af	cellNetAoi	cellNetAoiStart
bdb18f83	sysPrxForUser	_sys_malloc
bdb2251a	cellSail	cellSailSourceSetDiagHandler
bdbd2428	cellUsbd	cellUsbdGetDeviceSpeed
bdc07fd5	sceNp	sceNpManagerGetNetworkTime
bdcf8383	cellOskExtUtility	cellOskDialogExtRegisterKeyboardEventHookCallbackEx
bdd44ee3	cellL10n	SJIStoUCS2
bdf21b0f	cellSail	cellSailPlayerBoot
bdfd51e2	cellMic	cellMicSysShareStop
be07c708	sceNp	sceNpManagerGetOnlineId
be07f05e	cellAtrac	cellAtracGetSecondBufferInfo
be0e3ee2	sceNp	sceNpDrmVerifyUpgradeLicense2
be11beaa		_wremove
be251a29		islower_ascii
be3af96e	sceNp	sceNpUtilCanonicalizeNpIdForPsp
be42e661	cellL10n	eucjpzen2han
be50b11e	cellMusicUtility	cellMusicInitialize2
be5be3ba	sys_io	cellPadSetSensorMode
be6e5c58		spu_thread_read_uchar
be81c71c	sceNp	sceNpBasicSetPresenceDetails
be8d5485	cellL10n	UCS2stoARIBs
bea17389	cellHttp	cellHttpResponseGetAllHeaders
beb600ac	cellSpurs	cellSpursCreateTask
bec43f86		raw_spu_read_ptr
bed85cb8	cellSysutil	cellWebBrowserDestroy
bedab73a	libsnd3	cellSnd3NoteOff
bedccc74	cellSail	cellSailPlayerRegisterSource
bedd8ebf	libsnd3	cellSnd3VoiceKeyOnByTone
bef53a2b	cellVoice	cellVoiceGetBitRate
bef554a4	sys_fs	cellFsUtime
bef887e5	sceNp	sceNpScoreGetClanMemberGameDataAsync
befe3869	cellL10n	isSjisKigou
bf014813	sceNp2	sceNpMatching2SignalingSetCtxOpt
bf022284	cellSysutilAvc2	cellSysutilAvc2LeaveChat
bf23f2e7		cprojl
bf47c5dd	cellCamera	cellCameraInit
bf5bf5ea		lseek64
bf5f58ea	sceNpCommerce2	sceNpCommerce2GetProductInfoGetResult
bf607ec6	sceNp	sceNpBasicGetClanMessageEntryCount
bf6e3659	cellHttp	cellHttpClientSetRecvBufferSize
bf8ee5bb		sys_process_spawn_with_memory_budget
bf97b657	cell_FreeType2	FT_New_Memory
bf9b8d72	cellSail	cellSailPlayerCloseEsAudio
bf9c3609		_ZNKSt5ctypeIwE10do_toupperEPwPKw
bf9cd933	cellFiber	cellFiberPpuSchedulerTraceInitialize
bf9eea93	sceNp	sceNpLookupAvatarImageAsync
bfab7616	cellSearchUtility	cellSearchFinalize
bfc03768	cellKey2char	cellKey2CharSetMode
bfca88d3	cellFiber	cellFiberPpuUtilWorkerControlCreateFiber
bfcd1b3b		_Getdst
bfce3285	sys_io	cellKbEnd
bfda6837		_f_log10f
bfea28ab	cellSpursJq	cellSpursJobQueuePort2PushFlush
bfea60fa	cellSpurs	cellSpursKickJobChain
bff6e8d3	cellSailRec	cellSailFeederVideoNotifySessionEnd
c013acd8		_ZNSt8ios_base8_CallfnsENS_5eventE
c0158d8b	cellSpurs	cellSpursAddWorkloadWithAttribute
c01b4e7c	cellSysutil	cellAudioOutGetSoundAvailability
c01d9f97		printf
c044fab1	cellSail	cellSailDescriptorOpen
c04777b1	libmixer	cellSurMixerCreate
c04a7d42	cellPrintUtility	cellPrintEndJob
c04e2438	cellFiber	cellFiberPpuUtilWorkerControlShutdown
c05545fd	sceNpSns	sceNpSnsFbTerm
c0609820		nearbyintf
c06a4cd8		_ZNSt7_MpunctIwED1Ev
c07896f9	libgem	cellGemPrepareVideoConvert
c08cc0f9	cellSync2	cellSync2QueueEstimateBufferSize
c08cc41d		wcstod
c09e2f23	cellSail	cellSailAviStreamGetMediaType
c0ab5cbb	sceNp2	sceNpAuthOAuthTerm
c0bcf25e		_logf4fast
c0c94a6c	cellSsl	SSL_alert_type_string_long
c0e27b2c		_Makestab
c0eb9266	sys_lv2dbg	sys_dbg_finalize_ppu_exception_handler
c0ed0522	cellSearchUtility	cellSearchStartSceneSearchInVideo
c10931cb	cellSpurs	cellSpursCreateTasksetWithAttribute
c11f8056	cellFiber	_cellFiberPpuAttributeInitialize
c141037d	cell_FreeType2	FT_Get_PFR_Kerning
c155a73f		_WStoull
c15be817	cellVideoExportUtility	cellVideoExportFinalize
c15e657e		spu_raw_sprintf
c17259de	cellFont	cellFontGenerateCharGlyph
c1786c81	cellImeJpUtility	cellImeJpSetFixInputMode
c1a71972		_d2rv
c1ad7ced	cellRudp	cellRudpActivate
c1b4bbb9		raw_spu_write_char
c1c507e7	sys_fs	cellFsAioRead
c1c8737c		_Getptoupper
c1eb3b92	sceNpCommerce2	sceNpCommerce2EmptyStoreCheckFinish
c20a2975	cell_FreeType2	FT_Stroker_GetCounts
c21ee635	sys_lv2dbg	sys_dbg_read_spu_thread_context
c22563c4	cellMusicDecodeUtility	cellMusicDecodeSelectContents2
c2261290	cell_FreeType2	FT_Bitmap_Done
c22c79b5	cellSysutil	cellSaveDataAutoLoad
c22cebd8		_ZNSt8messagesIwED1Ev
c24af1d7	cellUsbd	cellUsbdSetThreadPriority
c24e39fc	cell_FreeType2	FT_List_Add
c25d60f0	cellFontFT	FTFaceH_GetBoundingBoxHeight
c267987b	cellRemotePlay	cellRemotePlayGetSharedMemory
c291e698		exit
c2acdf43	cellSpurs	_cellSpursTasksetAttribute2Initialize
c2bb48bc	cellImeJpUtility	cellImeJpConvertBackward
c2ced2b7	sceNpUtil	sceNpUtilBandwidthTestInitStart
c2d8cf95	cellRtc	cellRtcGetDayOfWeek
c2d90ec9	cellSail	cellSailMp4MovieGetTrackByTypeAndIndex
c2db09c5	libad_async	sceAdAsyncSpaceClose
c2e18da8	sceNpTus	sceNpTusDeleteMultiSlotVariableVUserAsync
c2e2f30d	cellSailRec	cellSailFeederAudioNotifyCallCompleted
c2f38ff1	sys_net	_sce_net_set_default_gateway
c324f60c	libmedi	cellMediatorCloseContext
c3273d9b	cellSysutilAvconfExt	cellAudioOutGetAvailableDeviceInfo
c343ee10	cellSpursJq	cellSpursGetJobQueueId
c3476d0c	sysPrxForUser	sys_lwmutex_destroy
c353353a	sys_lv2dbg	sys_dbg_initialize_ppu_exception_handler
c357b33a		frexpl
c35ed665	cellSysutilAvc2	cellSysutilAvc2SetSpeakerMuting
c3610dbd	cellMic	cellMicSysShareOpen
c39173a4	cellSpursJq	_cellSpursJobQueuePort2CopyPushJobBody
c3a7e8f2	cell_FreeType2	FT_Stroker_ExportBorder
c3a991ee	sceNp	sceNpScoreGetRankingByNpIdPcId
c3b65d96	cell_FreeType2	FT_Get_PS_Font_Private
c3b8f109	cellSailRec	cellSailComposerGetEsVideoAu
c3c598e2		spu_printf_initialize
c3d24eb3		_ZNSt9basic_iosIwSt11char_traitsIwEED0Ev
c3e14cbe		memcmp
c406dd09		cbrtf4
c407844f	cellRudp	cellRudpInitiate
c4100412	sceNpMatchingInt	sceNpMatchingCancelRequestGUI
c414faa5	cellMic	cellMicReadDsp
c4178000		_rand_real3_TT800
c41c6e5d		_Scanf
c41d676d		_ZNSt9time_baseD2Ev
c41e1198	cellPngDec	cellPngDecGetsCAL
c41f01db		fminf4
c427890c	cellSysutil	cellOskDialogSetInitialKeyLayout
c457b203	cellSail	cellSailSourceNotifyCloseCompleted
c461563c	cellMic	cellMicCommand
c4617ddc	cellSailRec	cellSailRecorderBoot
c477c0f6		f_lroundf
c4796a45	cellImeJpUtility	cellImeJpGetCandidateListSize
c47c5c22	cellResc	cellRescGetFlipStatus
c47d0812	cellGcmSys	cellGcmSetCursorEnable
c4808fd7	cellRtc	cellRtcGetCurrentSecureTick
c4843b74	cellSpursJq	_cellSpursJobQueuePushJobBody
c485d207	cellSpursJq	cellSpursJobQueuePort2Destroy
c48d5002	cellRtc	cellRtcConvertUtcToLocalTime
c4b6cd8f	sceNp	sceNpScoreGetRankingByNpIdPcIdAsync
c4c600f3	cellSsl	R_time_cmp
c4c7993b		_ZNSbIwSt11char_traitsIwESaIwEE5_TidyEbj
c4cccd1f		modff4
c4e51fbf	sceNpTus	sceNpTusDeleteMultiSlotVariableVUser
c4f573b8	cellVoice	cellVoiceWriteToIPortEx2
c4fd6121	sysPrxForUser	_sys_qsort
c50303b2	cellVideoPlayerUtility	cellVideoPlayerSetVolume
c53ab1c0		_ZNSt8numpunctIwE5_InitERKSt8_Locinfo
c5447a90	cellOskExtUtility	cellOskDialogExtSetPointerEnable
c54aad2a	cellPesmUtility	cellPesmEncryptSample2
c55e338b	cellUserInfo	cellUserInfoGetList
c56defb5	cellSpurs	cellSpursGetNumSpuThread
c57337f8		_Fofind
c5977986		_ZNSt8ios_base7_AddstdEv
c5b5b2f3	cellSsl	BIO_ptr_ctrl
c5bc0fac	cellRtc	cellRtcParseDateTime
c5c09834		strstr
c5c5eed3	cellAtracMulti	cellAtracMultiGetSoundInfo
c5dee254	cellSync2	cellSync2SemaphoreInitialize
c5eef17f	sys_lv2dbg	sys_dbg_read_ppu_thread_context
c5f4cf82	sceNp	sceNpScoreDestroyTransactionCtx
c611029a	sceNp	sceNpUtilGetPlatformType
c612a38e		_ZNSt6_WinitD1Ev
c62b758d	cellL10n	UTF8stoEUCJPs
c6328caa	cellMic	cellMicEnd
c63c354f		_Exit
c66ba67e	sceNpTus	sceNpTusGetMultiUserDataStatusAsync
c6771f43	cellHttp	cellHttpGetCacheInfo
c69b2427		labs
c6b63b7e	sceNp2	sceNpMatching2DeleteServerContext
c6c93d62	cellSysutilAvc2	cellSysutilAvc2Load
c6d7ec13	sys_lv2dbg	sys_dbg_unregister_ppu_exception_handler
c6e09225		_ZNSt13basic_filebufIwSt11char_traitsIwEE5_InitEPSt6_FiletNS2_7_InitflE
c6ea0fd0		_ZNSt6locale7classicEv
c6f18e84		_ZNKSt9money_getIwSt19istreambuf_iteratorIwSt11char_traitsIwEEE6do_getES3_S3_bRSt8ios_baseRNSt5_IosbIiE8_IostateERSbIwS2_SaIwEE
c7020f62	cellSysutilAvconfExt	cellVideoOutSetGamma
c7087631	cellSysutilAvconfExt	cellAudioOutRegisterDevice
c7369fce		_Atan
c757c2aa	libvdec	cellVdecStartSeq
c7622586	libgem	cellGemHSVtoRGB
c765b995	cellSpurs	cellSpursGetWorkloadFlag
c76bc1b4	cellCamera	cellCameraOpenAsync
c78ac9d0		scalbn
c78df618		rand_real3_TT800
c79173ff	cellHttp	cellHttpCookieExport
c79278ec		_ZNSt15basic_streambufIcSt11char_traitsIcEE5imbueERKSt6locale
c7931798		_ZNKSt12_String_base5_XranEv
c7afc42a	sceNpCommerce2	sceNpCommerce2DoServiceListStartAsync
c7b45a19		_LFpcomp
c7b62ab8		spu_thread_write_ullong
c7bdb7eb	cellRtc	cellRtcGetTick
c7bdcb4c	cellL10n	UCS2toEUCKR
c7cf1182	cellVoice	cellVoiceInit
c7d0ee0c		_ZNKSt8time_getIwSt19istreambuf_iteratorIwSt11char_traitsIwEEE16do_get_monthnameES3_S3_RSt8ios_baseRNSt5_IosbIiE8_IostateEPSt2tm
c7f1d407		fmal
c7fb73d6		f_lrintf
c815b219	sceNpTus	sceNpTusDeleteMultiSlotDataVUserAsync
c81ccf8a	cellSearchUtility	cellSearchInitialize
c82191e3	sys_net	_sce_net_flush_route
c82558ce	cellPngEnc	cellPngEncOpenEx
c839bb4c	sysPrxForUser	sys_rsxaudio_initialize
c848d425	sceNpTus	sceNpTusGetMultiSlotDataStatus
c851a4c0	cellSysutilAvcExt	cellSysutilAvcExtStartVoiceDetection
c862f7c8		_ZNSt12strstreambuf8overflowEi
c880f37d	sceNpUtil	sceNpUtilBandwidthTestGetStatus
c8910002		ilogbl
c8971db5	cellSysutil	cellWebBrowserSetLocalContentsAdditionalTitleID
c8b94ee5	cell_FreeType2	FT_Get_BDF_Property
c8dd9279		expm1
c8f3bd09	cellGcmSys	cellGcmGetCurrentField
c9030138	sys_io	cellMouseInit
c90f4bbc		_atan2f4
c9151906	cellNetAoi	cellNetAoiGetLocalInfo
c9157d30	sys_net	_sys_net_h_errno_loc
c91c8ece	cellFont	cellFontGetBindingRenderer
c93200de	cellSysmodule	cellSysmoduleLoadModuleFile
c944fa56	cellL10n	SBCStoUCS2
c9471fac		_Mtxinit
c9481758		_tanf4
c94b27e3		_WStof
c94f6939	sys_net	accept
c94fcc63		cbrtl
c95b20d3		fputwc
c9607d35		_Stopfx
c9645c41	cellSysutil	cellGameDataCheckCreate2
c96e89e9	cellSysutil	cellAudioOutSetCopyControl
c977e1ea		fetestexcept
c97a17d7		vsscanf
c97dc2a7	libsnd3	cellSnd3VoiceKeyOff
c982a84a	libvdec	cellVdecQueryAttrEx
c984bf53		roundf
c99ee313	sceNpUtil	sceNpUtilBandwidthTestAbort
c9a95fcb	cellAtrac	cellAtracGetVacantSize
c9b78f58	cellL10n	MSJISstoUCS2s
c9c3ef14	cellPrintUtility	cellPrintLoadAsync
c9c536ce		_ldexpf4
c9dc3ac5	sys_fs	cellFsTruncate
ca0a2d04	sceNp	sceNpSignalingGetConnectionStatus
ca0ea996	sceNpCommerce2	sceNpCommerce2GetCategoryContentsGetResult
ca239640		fmodf4
ca39c4b2	sceNp	sceNpLookupTitleSmallStorage
ca4181b4	sceNpClans	sceNpClansGetClanList
ca463458		_Log
ca4c4600	cellSpurs	cellSpursFinalize
ca5ac370	cellAudio	cellAudioQuit
ca8181c1	cellPamf	cellPamfGetHeaderSize
ca872c41	cellGameExec	cellGameExecGame
ca9a60bf	sysPrxForUser	sys_mempool_create
caabd992	cellGcmSys	cellGcmInitDefaultFifoMode
caaf7ae7		cprojf
cab654bf		_Once_ctor
cac167a5		_Cmulcc
cac7e7d7	cellMic	cellMicSysShareStart
cac83a05		_ZNSt6locale7_LocimpC2Eb
cac9fc34	cellHttp	cellHttpClientSetUserAgent
caed32c1	cellFont	cellFontGenerateCharGlyphVertical
cb1e777f	cellDtcpIpUtility	cellDtcpIpStartSequence
cb377e36	sys_lv2dbg	sys_dbg_get_lwmutex_information
cb4edaec	cellSsl	BER_read_item
cb588dba	sys_fs	cellFsFGetBlockSize
cb6599c0		exp2f
cb6a147e		_cosf4fast
cb7d00a4		_ZNSt6_WinitD2Ev
cb82e0dc		_ZSt13set_terminatePFvvE
cb85ac70		mspace_malloc
cb90c761	cellRtc	cellRtcGetTime_t
cb9c535b		strftime
cbac7ad7		memchr
cbbc20b7	cellImeJpUtility	cellImeJpAllConvertCancel
cbc06973	cellPesmUtility	cellPesmFinalize2
cbdc3a6d		raw_spu_write_int
cbdf9afb		_log10f4fast
cbe0c10a	cellSysutilAvcExt	cellSysutilAvcExtGetSurfacePointer
cbe74ad3		_ZNKSt8messagesIwE8do_closeEi
cbf1758b	sys_fs	cellFsGetDirentCount
cc131b91	cellSysutilAvcExt	cellSysutilAvcExtStopMicDetection
cc1633cc	cellL10n	l10n_get_converter
cc18cd2c	sceNpCommerce2	sceNpCommerce2CreateSessionStart
cc20195f	cell_FreeType2	FT_New_Face
cc3cca60	cellSail	cellSailAviStreamGetHeader
cc5e0c72		_divi4
cc79f55d		_ZNKSt7_MpunctIcE16do_negative_signEv
cc7a31cd	sceNpTus	sceNpTusGetMultiUserVariableAsync
cc86a8f6	sceNpTus	sceNpTusSetMultiSlotVariable
cc946d56	sceNp	sceNpScoreGetFriendsRankingAsync
cc987ba6	cellSail	cellSailPlayerDumpImage
cca68e9c		putwc
ccbe2e69	sceNp	sceNpCommerceGetSkuImageURL
ccc66f11		_FSinh
cccd3257	cellSpudll	cellSpudllGetImageSize
ccce71bd	cellRtc	cellRtcTickAddSeconds
ccf0aeff	cellSysutilAvc2	cellSysutilAvc2SetAttribute
ccf14bd5		_ZNSt7num_getIwSt19istreambuf_iteratorIwSt11char_traitsIwEEE7_GetcatEPPKNSt6locale5facetE
ccf57336	cellHttp	cellHttpClientGetSslVersion
ccff1284	cellDmux	cellDmuxResetStreamAndWaitDone
cd1a3f23	cellRudp	cellRudpGetStatus
cd33ed4f		_ZNSbIwSt11char_traitsIwESaIwEEC1Ev
cd33f3e2	cellVpost	cellVpostOpen
cd48ad62	cellCelp8Enc	cellCelp8EncOpenEx
cd7bc431	cellAudio	cellAudioPortOpen
cdafdf19		_ZNSt15basic_streambufIcSt11char_traitsIcEE9showmanycEv
cdc6aefd	cellSysutil	cellSaveDataUserAutoLoad
ce4374f6	cellGame	cellGamePatchCheck
ce653b6c		_ZNSt6_MutexC2Ev
ce6705c3		_ZNKSt7num_getIwSt19istreambuf_iteratorIwSt11char_traitsIwEEE8_GetifldEPcRS3_S6_NSt5_IosbIiE9_FmtflagsERKSt6locale
ce6780c9	cellSysutilAvc2	cellSysutilAvc2UnloadAsync2
ce6cb776	cellOvis	cellOvisFixSpuSegments
ce6d7791	libgem	cellGemForceRGB
ce6dc0f0	sceNpClans	sceNpClansRemoveChallenge
ce7a9e76		isprint_ascii
ce81c7f0	sceNp	sceNpLookupCreateTitleCtx
ce853fbf	cellSpurs	cellSpursTraceStart
ce8c6abc		_ZNSt8ios_base4InitC2Ev
ce91ff18		nanf
ceb2eb36	cellImeJpUtility	cellImeJpOpenExt
cecbcdc4		_Frv2d
cece771f	cellSync	cellSyncRwmRead
ced17573	cellSysutil	cellSaveDataFixedDelete
ced4dda9	cellFont	cellFontGetRenderEffectSlant
cee3c5a0	cell_FreeType2	FT_Set_MM_Blend_Coordinates
ceeebc7a	sceNp	sceNpProfileCallGui
cf01d5d4	cellAtrac	cellAtracGetSoundInfo
cf115fcc	libsnd3	cellSnd3UnbindSoundData
cf11c3d6	cellRtc	cellRtcParseRfc3339
cf1aaefa	cellPrintUtility	cellSysutilPrintInit
cf1cbcf5	libad_async	sceAdAsyncCloseContext
cf34969c	sys_fs	cellFsStReadGetStatus
cf51864b	sceNp	sceNpDrmGetTimelimit
cf863219		_Fwprep
cf89f218	cellSpursJq	_cellSpursJobQueuePort2PushJobBody
cf9b4d80		_ZNSt10moneypunctIwLb1EED0Ev
cfad36de	cellSysutil	_ZN4cxml8DocumentC1Ev
cfbfb7a7		spu_printf_detach_thread
cfd469e4	sceNp	sceNpCommerceGetProductCategoryFinish
cfd82265	cell_FreeType2	FT_Stroker_Rewind
cfdd8e87	cellSysutil	cellSysutilDisableBgmPlayback
cfdf24bb	cellSysutil	cellVideoOutDebugSetMonitorType
cfee82d8		_remainderf4
cffc42a5	libvdec	cellVdecSetFrameRateExt
d0066b17	cellFiber	cellFiberPpuContextSwitch
d00a6988	cellAdec	cellAdecOpen
d01b570d	cellGcmSys	cellGcmSetGraphicsHandler
d0230671	cellPamf	cellPamfReaderGetNumberOfSpecificStreams
d02ef83d	cellL10n	GB18030stoUTF8s
d03cea35	sceNp	sceNpCommerceGetDataFlagState
d053f113	sceNp	sceNpBasicGetCustomInvitationEntry
d05ea37c		_ZNKSt19istreambuf_iteratorIwSt11char_traitsIwEEdeEv
d06918c4	cellSync	cellSyncMutexTryLock
d06c90a4	cellHttp	cellHttpClientGetPerPipelineMax
d08b68da	cellFontFT	FTCacheStream_CacheEnd
d0958814	sceNp	sceNpSignalingGetPeerNetInfoResult
d0a5d727	cellNetCtl	cellGameUpdateCheckStartAsync
d0b1d189	cellGcmSys	cellGcmSetTile
d0e766fe	cellUsbd	cellUsbdInit
d0ea47a7	sysPrxForUser	sys_prx_unregister_library
d0ebd14f	cellSailRec	cellSailComposerGetEsAudioParameter
d0fd3ca8		_hypotf4
d125b89e		conjf
d12673a0	cell_FreeType2	FT_Set_Pixel_Sizes
d127cd3e	cellMic	cellMicSysShareInit
d12e40ae	sceNp	sceNpLookupNpIdAsync
d1462438	cellSail	cellSailSoundAdapterFinalize
d14e784d	cellVoice	cellVoicePausePortAll
d14ece90		strtol
d18b0627	cellSsl	BIO_set_cb_arg
d1a3574c		clog10f
d1a40ef4	cellPamf	cellPamfVerify
d1ad4570	sysPrxForUser	_sys_heap_get_mallinfo
d1ada7ae	libad_core	sceAdCloseContext
d1b043b7		_ZSt10_MaklocchrIwET_cPS0_RKSt7_Cvtvec
d1b0d146	cellSync2	cellSync2SemaphoreAcquire
d1ca0503	cellResc	cellRescVideoOutResolutionId2RescBufferMode
d1d55a90	cellSail	cellSailPlayerSetPaused
d1d69cb8		_Stod
d1ec0b25	cellHttp	cellHttpClientGetHeader
d1ee6195		_ZNKSt8time_putIcSt19ostreambuf_iteratorIcSt11char_traitsIcEEE6do_putES3_RSt8ios_basecPKSt2tmcc
d208f91d	sceNp	sceNpUtilCmpNpId
d20d7798	sceNp	sceNpMatchingKickRoomMemberWithOpt
d20f6601		independent_calloc
d231e30a		ldexpl
d24e3928	cellGame	cellGameThemeInstall
d276ff1f	cellHttp	cellHttpEnd
d28ef6dd		_Hypot
d29fe5e3	cellRemotePlay	cellRemotePlayEncryptAllData
d2a666c9		ctanh
d2a99b1e		isprint
d2ac48d7		iswalnum
d2bc5bfd	cellPngDec	cellPngDecOpen
d2e23fa9	cellSpurs	cellSpursSetExceptionEventHandler
d2f9d93d		_ZNKSt7num_putIwSt19ostreambuf_iteratorIwSt11char_traitsIwEEE6do_putES3_RSt8ios_basewe
d3039d4d	sysPrxForUser	_sys_strncpy
d3346dc4	sceNpClans	sceNpClansRemovePostedChallenge
d338a65a	sys_fs	cellFsFdatasync
d33ad4d0	cellHttp	cellHttpAuthCacheSetEntryMax
d34a420d	cellGcmSys	cellGcmSetZcull
d356aefd		_ZNSt6_Mutex7_UnlockEv
d360dcb4		fileno
d374fa07	libsynth2	cellSoundSynth2GetParam
d3758645	cellResc	cellRescSetVBlankHandler
d3790a86	cellSysutil	cellOskDialogSetDeviceMask
d37b127a	libgem	cellGemGetInertialState
d37fb694	cellSailRec	cellSailRecorderCancel
d38f4018		_ZSt11_MaklocbyteIwEcT_RKSt7_Cvtvec
d3964a09		__spu_thread_putfld
d3a346a8		tanl
d3a84be1	cellVoice	cellVoiceStop
d3ad63e4	cellScreenShotUtility	cellScreenShotSetParameter
d3cdd694	cellSysutil	_ZN4cxml8Document12RegisterFileEPKvjPNS_4FileE
d3ea496b	cellOskExtUtility	cellOskDialogExtUpdatePointerDisplayPos
d3fc3606	cellImeJpUtility	cellImeJpGetConfirmString
d3fcd411	cellHttp	cellHttpClientGetSendBufferSize
d4049de0	cellSail	cellSailMp4MovieIsCompatibleBrand
d40723d6		fread
d40f3f2c		erff
d417eeb5		_Stoull
d41d3bd2	cellRtc	cellRtcTickAddHours
d425ac7d	cellPesmUtility	cellPesmCloseDevice
d42657dd	cellSysutilAvc2	cellSysutilAvc2StartStreaming2
d42904b7		fabsl
d43a130e	sceNpCommerce2	sceNpCommerce2DoCheckoutFinishAsync
d45c3481	cellPesmUtility	cellPesmInitEntry2
d477852d		logf
d47cc666	cellHttp	cellHttpTransactionReleaseConnection
d4838fbd		_ZNKSt7num_putIwSt19ostreambuf_iteratorIwSt11char_traitsIwEEE6do_putES3_RSt8ios_basewm
d48eaae1		scalblnl
d4912ee3		_FDscale
d4ba5b31		_ZNSt8_LocinfoC2EPKc
d4c180d4	cellDTSHDCOREdec	_SceAdecCorrectPtsValue_DtsHd_Core
d4c6b098	sys_net	sys_netset_open
d4d80ea5	cellVoice	cellVoiceSetMuteFlagAll
d4f37b9d		tanhf
d50277ad		tan
d51bfae7	cellSync2	cellSync2MutexEstimateBufferSize
d5244a29		_ZNSt10moneypunctIwLb1EE7_GetcatEPPKNSt6locale5facetE
d5263dea	cellUsbd	cellUsbdGetThreadPriority
d526fd70	cellSysutil	_ZNK4cxml9Attribute6GetIntEPi
d54039cb		fegettrapenable
d55dbc11	cellMusicDecodeUtility	cellMusicDecodeInitialize
d59aa307	cellSync	cellSyncLFQueueGetDirection
d59c193c		_Nan
d5adc4b2		cpowl
d5ae37d8	cellVoice	cellVoiceSetVolume
d5c5ee3d		_ZNKSt7num_getIcSt19istreambuf_iteratorIcSt11char_traitsIcEEE6do_getES3_S3_RSt8ios_baseRNSt5_IosbIiE8_IostateERj
d5c8cb55		spu_thread_write_ushort
d5d0b256	cellSpurs	cellSpursJobGuardNotify
d5d38552		_LCaddcc
d5f9a15b	cellSail	cellSailDescriptorGetStreamType
d612fa16		_Sinh
d62f5d76	cellFont	cellFontDeleteGlyph
d632a727	cellHttp	cellHttpEndExternalCache
d632bcbf	cellFontFT	FTManager_Done_FreeType
d6551cd1	sceNpClans	sceNpClansDestroyRequest
d666931f	cellRudp	cellRudpGetLocalInfo
d6811aa7	cellVoice	cellVoiceGetSignalState
d698385d		_Ldbl
d69c513d		_Wcscollx
d6ee1090		_ZNKSt9money_getIcSt19istreambuf_iteratorIcSt11char_traitsIcEEE6do_getES3_S3_bRSt8ios_baseRNSt5_IosbIiE8_IostateERe
d6f3fc82	cellRemotePlay	cellRemotePlayStopPeerVideoOut
d70df92a		_FCaddcr
d725f320	sys_lv2coredump	sys_lv2coredump_D725F320
d73321ed		_ZNSt10ostrstreamD1Ev
d737fd2d	sceNp	sceNpLookupWaitAsync
d73938df	sys_fs	cellFsStReadFinish
d7471088	cellHttp	cellHttpClientSetConnTimeout
d7653782		sinhf
d76a16da		_fmaf4
d76b2e07		_ZNKSt7codecvtIwcSt9_MbstatetE13do_max_lengthEv
d784459d		isupper
d78744b4	cellSsl	TLSv1_client_method
d78b41cb	cell_FreeType2	FT_Stroker_LineTo
d78efcc3		_ZNSt12strstreambuf9underflowEv
d7938b8d	cellSail	cellSailPlayerCreateDescriptor
d7a617f5	cellSysutil	cellWebBrowserConfigSetViewCondition2
d7a7a433	cellSearchUtility	cellSearchGetContentInfoGameComment
d7aa552e	sceNp2	sceNpAuthCreateOAuthRequest
d7bc220d		_ZNSt8time_putIcSt19ostreambuf_iteratorIcSt11char_traitsIcEEED1Ev
d7d3cd5d	cellHttp	cellHttpClientSetProxy
d7d6272f	cellSysutilAvc2	cellSysutilAvc2HideScreen
d7d873fb	libsynth2	cellSoundSynth2VoiceTrans
d7d92e51		_ZNSt9money_putIcSt19ostreambuf_iteratorIcSt11char_traitsIcEEED0Ev
d7dc3a8f		strtod
d7f0afaa	cell_FreeType2	FT_Vector_From_Polar
d7f43016		module_info
d7fb1fa6	sceNp	sceNpFriendlistCustom
d8270894		fdim
d830062a	sys_lv2dbg	sys_dbg_signal_to_coredump_handler
d830252c		_ZNSt12strstreambuf5_InitEiPcS0_i
d8310700	cellRudp	cellRudpPollWait
d8352a40	cellHttp	cellHttpClientSetSslClientCertificate
d83ab0c9	cellSync2	cellSync2QueuePop
d84b3689		_ZdlPv
d84daeb9	cellSailRec	cellSailFeederVideoNotifyCallCompleted
d85f2d10	cellAtracMulti	cellAtracMultiGetMaxSample
d86380d8	cellSpurs	cellSpursGetJobPipelineInfo
d8685383	cellSysutilAvcExt	cellSysutilAvcExtInitOptionParam
d86acb12	cellAtracMulti	cellAtracMultiDecode
d8721e2c	cellL10n	SJISstoEUCJPs
d87d972d	cellUsbd	cellUsbdResetDevice
d8a473a3	sceNpCommerce2	sceNpCommerce2InitGetCategoryContentsResult
d8aeb94a		_ZNSt8messagesIcED1Ev
d8b23008		_ZNSt8ios_baseD2Ev
d8b4eb20		__spu_thread_puttxt
d8c4096d		atan2f4
d8cb24cb	cellL10n	UTF32stoUCS2s
d8d157f5		f_expf
d8ea91f8	cellJpgDec	cellJpgDecDestroy
d8eaee9f	cellFont	cellFontGetCharGlyphMetrics
d8f3972d	cellUsbd	cellUsbdAllocateMemoryFromContainer
d8f79f4c		log10
d8f88e1a	cellGcmSys	_cellGcmSetFlipCommandWithWaitLabel
d912b0f4	cell_FreeType2	FT_Glyph_Transform
d93d52b1		_ZNSt9money_putIwSt19ostreambuf_iteratorIwSt11char_traitsIwEEED1Ev
d9674905		mspace_reallocalign
d97852b7		sinl
d97b0687		_Ctype
d97ce5d4		fesetround
d990858b	cellL10n	BIG5stoUTF8s
d9956ce7	sceNpCommerce2	sceNpCommerce2GetGameProductInfoFromGetProductInfoListResult
d9a0a879	cellGcmSys	cellGcmGetZcullInfo
d9a12c5e		_ZNKSt5ctypeIcE10do_toupperEPcPKc
d9a4f812		atoff
d9b7653e	cellGcmSys	cellGcmUnbindTile
d9b8c0ee	cellSysmodule	cellSysmoduleLoadModuleInternal
d9c0b463	cellRtc	cellRtcFormatRfc3339
d9c63afb	cellVideoPlayerUtility	cellVideoPlayerGetOutputStereoPicture
d9c9f093	cell_FreeType2	FT_Stroker_New
d9d8af82		_ZNSt15basic_streambufIwSt11char_traitsIwEE8overflowEi
d9ea3457	cellPamf	cellPamfReaderGetNumberOfEp
d9ea5709	cellSysutil	cellSysutilAvcHidePanel
d9f73b7b	libsnd3	cellSnd3GetVoice
d9fb1224	cellL10n	EUCCNtoUCS2
d9fdcec2	sceNpCommerce2	sceNpCommerce2CreateCtx
da0eb71a	sysPrxForUser	sys_lwcond_create
da0fb37e	cellFontFT	FTFaceH_FontStyleName
da1088ce		_ZNSt6locale5facet7_IncrefEv
da1b159a		_ZNSt6_MutexD2Ev
da217d1f		atanl
da31fc5d		_FFpcomp
da423963	libsnd3	cellSnd3SetSustainHold
da43f526	cellAtracMulti	cellAtracMultiSetLoopNum
da5469b3		_ZNSt9time_baseD0Ev
da56bfaa	cellHttp	cellHttpAuthCacheImport
da5a7eb8		strtoul
da67b37f	cellL10n	UTF8stoSBCSs
da8e322d	sceNpCommerce2	sceNpCommerce2GetPrice
daa5cd20	cellGame	cellGameSetParamString
dab029aa	cellAudio	cellAudioAddData
dab0a910		_ZNSt15basic_streambufIwSt11char_traitsIwEE9pbackfailEi
dadab118	libmixer	cellAANConnect
dae2d351	sceNp	sceNpMatchingGrantOwnership
daeada07		mallopt
daf3996f		_ZNSt6locale6globalERKS_
db14b37b	sys_lv2dbg	sys_dbg_set_address_to_dabr
db19194c	sceNpCommerce2	sceNpCommerce2GetGameSkuInfoFromGameProductInfo
db215455	cellRtcAlarm	cellRtcAlarmGetStatus
db23e867	cellGcmSys	cellGcmUnmapIoAddress
db2e4dc2	sceNp	sceNpScoreGetGameDataAsync
db5eae26		_ZNSt13basic_filebufIcSt11char_traitsIcEE5_InitEPSt6_FiletNS2_7_InitflE
db615095	cell_FreeType2	FT_Done_Glyph
db6b3250	sysPrxForUser	sys_spu_elf_get_segments
db70296c	cellPamf	cellPamfReaderGetMuxRateBound
db769b32	cellGcmSys	cellGcmMapLocalMemory
db819e03	cellUsbd	cellUsbdGetDeviceLocation
db864d11	cellUsbPspcm	cellUsbPspcmWaitData
db869f20	sys_fs	cellFsAioInit
db87b088	sceNp2	sceNpMatching2SetDefaultRequestOptParam
db9819f3	cellGame	cellGameDataCheck
dbc76e6d	libsnd3	cellSnd3SMFGetPlayPanpot
dbdb909f	sceNp	sceNpCommerceGetDataFlagStart
dbe32ed4	cellSail	cellSailPlayerIsEsVideoMuted
dbe84071	sceNp2	sceNpMatching2SignalingGetPeerNetInfo
dbf22bd1	cellRec	cellRecQueryMemSize
dbf300ca	sceNpClans	sceNpClansJoinClan
dbf4c59c	sys_io	cellPadGetCapabilityInfo
dbf70550	cellMusicDecodeUtility	cellMusicDecodeGetSelectionContext
dc09357e	cellGcmSys	cellGcmSetFlip
dc0c889c		_ZNSt8ios_base7copyfmtERKS_
dc14974c		fmaf4
dc151707		_f_log2f
dc3aa14b	cellNetAoi	cellNetAoiAddPeer
dc405507	cellHttp	cellHttpClientGetVersion
dc494430	cellGcmSys	cellGcmSetSecondVHandler
dc4d7540		_ZNSt5ctypeIwED1Ev
dc54886c	cellL10n	UCS2stoEUCKRs
dc578057	sysPrxForUser	sys_mmapper_map_memory
dc65ab00		_ZNSt9money_putIcSt19ostreambuf_iteratorIcSt11char_traitsIcEEED1Ev
dc751b40	sys_net	send
dc7ed599	cellHttp	cellHttpClientSetPerPipelineMax
dc9462c5	cellVideoPlayerUtility	cellVideoPlayerGetPlaybackStatus
dc981b5f		_ZNSt13basic_filebufIcSt11char_traitsIcEE9underflowEv
dca13593	cellSpurs	cellSpursTasksetAttributeEnableClearLS
dcad8026	libmixer	cellSurMixerStart
dcb6b27d	sceNp2	sceNpMatching2RegisterRoomEventCallback
dcdf003a	cellHttp	cellHttpAuthCacheFlush
dce51399	cellSysutil	cellWebComponentDestroy
dd000886	cellVoice	cellVoiceRemoveNotifyEventQueue
dd0c1e09	sysPrxForUser	_sys_spu_printf_attach_group
dd1b59f0	cellMic	cellMicOpen
dd3b27ac	sysPrxForUser	_sys_spu_printf_finalize
dd3d7ec0	cellVideoPlayerUtility	cellVideoPlayerSetTransferComplete
dd5ebdeb	cellL10n	UTF8stoSJISs
dd6e2008	cellSsl	SSLCERT_get_extension
dd724314	cellMic	cellMicStart
dd8660d2		atan2f4fast
dd8b1d47		_ZNSs5eraseEjj
dd91f304	cell_FreeType2	FT_Get_TrueType_Engine_Type
dd92118e		ceill
ddbac025		strcasecmp_ascii
ddc71a75		_SCE_Assert
ddc81b5a	cellSpurs	cellSpursTraceStop
ddce7d15	sceNp	sceNpScoreGetBoardInfoAsync
ddd19a89	cellMic	cellMicStartEx
dddabb32		remainderf
dde35a0c	cellVoice	cellVoiceSetMuteFlag
ddebd2a5	cellSail	cellSailAviMovieGetStreamByTypeAndIndex
de1bb092		init_by_array_TT800
de2f9c85		sys_process_atexit
de32a334		_Exitspawn
de509ead	cellPhotoUtility	cellPhotoExportProgress
de54e2fc	libgem	cellGemReset
de58c4c2	cellUsbd	cellUsbdIsochronousTransfer
de6afc37	cellSysutilAvc2	cellSysutilAvc2HideWindow
de6d308b	sceNp2	sceNpMatching2GetRoomPasswordLocal
de7833f2		_log2f4fast
de7ab33d	sceNpCommerce2	sceNpCommerce2DoProductCodeStartAsync
de7aff7a		memcpy16
de8cef62	cellSsl	SSL_do_handshake
de9b7905	cellAtracMulti	cellAtracMultiGetBufferInfoForResetting
dea29ef4	sys_net	sys_net_get_if_list
debee2af		strchr
dece76a6		acosf
ded17c26	sceNp	sceNpScoreGetClansMembersRankingByNpId
dee0836c	cellFont	cellFontExtend
deefdfa7	sys_io	cellKbSetReadMode
def86a83		isxdigit_ascii
defa1c17	cellL10n	UTF8stoHZs
defe3230		_ZNSt8ios_baseD1Ev
df0120c2	cellSpursJq	_cellSpursJobQueuePushFlush
df07be79	cellVideoPlayerUtility	cellVideoPlayerGetOutputPicture
df1e09e1		_ZNKSt5ctypeIwE9do_narrowEPKwS2_cPc
df2ed367	cellSysutilAvc2	cellSysutilAvc2GetVoiceMuting
df3c532a	cellSync2	_cellSync2CondAttributeInitialize
df5553ef	cellSail	cellSailDescriptorClearEs
df5a2432	cellRudp	cellRudpPollCancel
df6476bd	cellGcmSys	cellGcmSetWaitFlipUnsafe
df7edb4d		_ZSt9use_facetISt10moneypunctIwLb1EEERKT_RKSt6locale
df856979	sys_lv2dbg	sys_dbg_get_event_flag_information
df982d2c	cellAdec	cellAdecOpenExt
dfa9d08d	libad_core	sceAdGetSpaceInfo
dfab73aa	cellAtrac	cellAtracGetRemainFrame
dfb52083		_Stoxflt
dfd41734		_Exp
dfd63b62	sceNp	sceNpLookupUserProfile
dfd899b7	cellSailRec	cellSailComposerTryGetEsVideoAu
dfdd302e	cellSysutil	cellDiscGameRegisterDiscChangeCallback
dff1cda2	cellSail	cellSailRendererVideoNotifyOutputEos
dffb4e3c		casinl
dfff32cf	cellRtc	cellRtcGetDosTime
e01b199e	cellFont	cellFontGlyphRenderImage
e035f7d6	sceNp	sceNpBasicGetEvent
e03c7ab1		_Fspos
e0443a44	cellMusicExportUtility	cellMusicExportInitialize2
e0719847	sceNpTus	sceNpTusDeleteMultiSlotData
e075fabc	cellDmux	cellDmuxOpenExt
e08f3910	cellJpgDec	cellJpgDecSetParameter
e0998dbf	sysPrxForUser	sys_prx_get_module_id_by_name
e0a6dbe4	cellSpurs	_cellSpursSendSignal
e0ace309	cellDtcpIpUtility	cellDtcpIpSetEncryptedData
e0bc8d86		_Loctab
e0cef79e	cellResc	cellRescCreateInterlaceTable
e0da8efd	sysPrxForUser	sys_spu_image_close
e0e1ae12	cellVoice	cellVoiceEnd
e0ecbb45	cellRtc	cellRtcTickAddMonths
e0f90e44	sceNpCommerce2	sceNpCommerce2InitGetProductInfoListResult
e10183ce	sys_io	cellMouseEnd
e1288c47		atanhf
e12a2fbe	cellSailRec	cellSailRecorderReplaceEventHandler
e12c8c19	cellRemotePlay	cellRemotePlayGetComparativeVolume
e13ef6fc	libvdec	cellVdecSetFrameRate
e14ca62d	cellSpurs	cellSpursCreateTask2
e14cae97	cellSailRec	cellSailProfileSetEsAudioParameter
e15679fe	cellSailRec	cellSailVideoConverterGetResult
e15939c3	sys_fs	cellFsChangeFileSizeByFdWithoutAllocation
e15f38d9	cellSailRec	cellSailComposerFinalize
e163977f	cellPngDec	cellPngDecGetPLTE
e16de678	cellSailRec	cellSailVideoConverterCanGetResult
e16e679a	cellFont	cellFontGetEffectSlant
e1731df3	cellSpursJq	_cellSpursJobQueuePort2PushAndReleaseJobBody
e177fd02		_ZNSt7_MpunctIcED2Ev
e1858899		_Getpwctrtab
e186f9ac	cellSysutil	cellSysutilPacketBegin
e18c273c	cellSync	cellSyncLFQueueDepth
e196beab		_ZNSt9money_getIwSt19istreambuf_iteratorIwSt11char_traitsIwEEED0Ev
e1bc7add	cellSync	_cellSyncLFQueuePopBody
e1bd3587		fclose
e1c71b05		ccoshl
e1c9f675	sceNp	sceNpBasicMarkMessageAsUsed
e1e7b5ac	sceNpCommerce2	sceNpCommerce2GetProductInfoListCreateReq
e1e83c65		strncmp
e1ec7b6a	cellSysutil	cellSysutil_E1EC7B6A
e1f85a80	libgem	cellGemEnd
e1fb0ebd	cellHttpUtil	cellHttpUtilParseHeader
e206c08f		_ZNSt13basic_filebufIwSt11char_traitsIwEED0Ev
e22d74a4	cellRtc	cellRtcSetSystemTime
e22ed55d	cellSysutil	cellWebBrowserConfigSetFunction2
e2434507	sys_net	sys_net_set_netemu_test_param
e2485f79	cellSubDisplay	cellSubDisplayGetPeerList
e24eea19	sceNp	sceNpMatchingGetRoomListLimitGUI
e2590f60	sceNpClans	sceNpClansRemoveAnnouncement
e25c7b03	cellCamera	cellCameraRead2
e2877bea	sceNp	sceNpCommerceDestroyCtx
e28b206b	cellCamera	cellCameraReadComplete
e2b2ac5a		_ZNSt6locale5facet9_RegisterEv
e2b596ec		ccosf
e2c5274a		_WStoflt
e2de89e6		csqrtf
e2e65cfc	libgem	cellGemEnableMagnetometer2
e2ea549b	cellAdec	cellAdecEndSeq
e2eabb32	cellL10n	eucjp2kuten
e2f14dcf	cellFont	cellFontStatic
e2f1d4b2		tanh
e315a0b2	cellGcmSys	cellGcmGetConfiguration
e31bd1ca	cellDtcpIpUtility	cellDtcpIpClose
e31cc0d3		_ilogbf4
e34a25c8	cellSsl	SSL_get_error
e36c660e	sceNp	sceNpCommerceDoCheckoutStartAsync
e3812672		fdopen
e3bf9a28	sceNpTrophy	sceNpTrophyCreateContext
e3c424b3	cellHttp	cellHttpTransactionGetSslCipherString
e3cc73f3		puts
e3d28395	sys_fs	cellFsSetAttribute
e3d91db3		raw_spu_read_double
e3e379b8		_expf4fast
e3e4f0d6	libgem	cellGemInvalidateCalibration
e3edd790		_ZNSt8bad_castD1Ev
e3f56f62	cellSailRec	cellSailRecorderCloseStream
e3fbf64d	cellUsbPspcm	cellUsbPspcmRegister
e4046afe	cellAudio	cellAudioGetPortBlockTag
e40ba755		strtok
e40e3dfc	cellSysutilAvc2	cellSysutilAvc2GetScreenShowStatus
e4416e82	cellPngDec	cellPngDecGetsRGB
e442faa8	sys_io	cellPadLddUnregisterController
e44827ed	sys_fs	cellFsAclWrite
e44874f3	cellGcmSys	cellGcmSysGetLastVBlankTime
e44bf0bf		atof
e4645af8	cellSysutilAvconfExt	cellAudioOutSetDeviceMode
e469fb20		_Atexit
e46f3662	cell_FreeType2	FT_Cos
e48348e9		vprintf
e492a675	cellFiber	cellFiberPpuHasRunnableFiber
e4944a1c	cellSpurs	cellSpursCreateTask2WithBinInfo
e4969d9d	cell_FreeType2	FT_Vector_Unit
e4ac32ca	sceNp2	sceNpMatching2GetRoomDataExternalList
e4b8fc4d	cellCelpDec	_SceAdecCorrectPtsValue_Celp
e4c51d4c		wcstoimax
e4cc15ba	cellImeJpUtility	cellImeJpGetCandidateList
e5073959	cellSsl	SSL_read
e51a4944	sceNpCommerce2	sceNpCommerce2GetGameProductInfoFromContentInfo
e5282470	cellFontFT	FTFaceH_GetMaxHorizontalAdvance
e528a368		_ZNKSt7_MpunctIcE14do_curr_symbolEv
e535b0d3	cellSail	cellSailPlayerStart
e53f91f2	cellGifDec	cellGifDecExtReadHeader
e5443be7	cellSpurs	cellSpursQueueAttachLv2EventQueue
e54f1fe0		_ZNKSt9bad_alloc8_DoraiseEv
e558748d	cellSysutil	cellVideoOutGetResolution
e55a4804	cellSsl	SSL_set_ssl_method
e584836c		_LPoly
e58fc9b5		erfl
e5a0be9f		_powf4fast
e5d2293f		_Force_raise
e5e0572a	cellSailRec	cellSailFeederVideoNotifyFrameOut
e5e1dcbc		_ZNSt15basic_streambufIwSt11char_traitsIwEE5imbueERKSt6locale
e5e2b09d	cellSysutil	cellAudioOutGetNumberOfDevice
e5ea65e8		feraiseexcept
e5ea9e2b		_Isdst
e5f09c80		llabs
e60ee9e5		fputws
e61cb17a	sys_net	_sys_net_lib_free
e61f7ee9	sceNpMatchingInt	sceNpMatchingSendRoomMessage
e63eb964	cellMinisSaveData	cellMinisSaveDataListDelete
e64582b3	cellSysutil	cellOskDialogLoadAsyncExt
e6547e35		_ZNSt8messagesIwED0Ev
e665f9a9	cellFiber	cellFiberPpuSchedulerTraceStop
e667985a		_ZNSt8time_putIcSt19ostreambuf_iteratorIcSt11char_traitsIcEEED0Ev
e66bac36	sysPrxForUser	console_putc
e68a65ac	cellUsbPspcm	cellUsbPspcmReset
e68e4744	cell_FreeType2	FT_DivFix
e6a7de0a		ungetc
e6b37362	cellSheap	cellKeySheapBufferDelete
e6c1ff41		llrint
e6c43c58	cellOskExtUtility	cellOskDialogExtEnableHalfByteKana
e6c7d333	cellHttp	cellHttpClientSetMinSslVersion
e6c8f3f9	sceNp	sceNpDrmProcessExitSpawn2
e6d4202f	cellHttp	cellHttpsEnd
e6d9e234	cellL10n	UTF8toBIG5
e6f2c1e7	sysPrxForUser	sys_process_exit
e6f5711b	cellL10n	UTF16stoUTF8s
e7086f05	cellRtc	cellRtcGetWin32FileTime
e70f874e	cellSpursJq	cellSpursJobQueueAttributeSetGrabParameters
e717ac73	cellSpurs	cellSpursTaskExitCodeTryGet
e73c90ba	libad_core	sceAdGetConnectionInfo
e73cb0d2	cellSearchUtility	cellSearchPrepareFile
e74b2cb1	cellGifDec	cellGifDecDestroy
e74ce7bd	cellMusicUtility	cellMusicSetVolume
e7563ce6	fs_utility_init	fs_utility_init_E7563CE6
e75c40f2	sysPrxForUser	sys_process_get_paramsfo
e75f6e21		_ZNKSt12length_error8_DoraiseEv
e76964f5	sysPrxForUser	sys_game_board_storage_read
e769e5cf		fmod
e76c9700	cellImeJpUtility	cellImeJpModeCaretLeft
e76e79ab	cellUsbPspcm	cellUsbPspcmCancelWaitData
e77fafb5	cellSysutil	_ZN8cxmlutil6SetIntERKN4cxml7ElementEPKci
e7951dee	cellSysutil	cellGameDataCheckCreate
e7a3bc7a	sceNp2	sceNpMatching2CreateJoinRoom
e7b0e69a	cellSpurs	cellSpursJobSetMaxGrab
e7d8449e		_ZdlPvjS_
e7d9f074	cellSysutil	_ZNK4cxml7Element14GetNextSiblingEv
e7dcd3b4	sceNp	sceNpManagerRegisterCallback
e7dd87e1	cellSpurs	cellSpursGetTasksetId
e7def231		_Getfloat
e7ebf1ef	cell_FreeType2	FT_Stroker_Set
e7ef3a80	sysPrxForUser	sys_prx_load_module_list_on_memcontainer
e7fa820b	cellSysutil	cellSaveDataEnableOverlay
e800f586	cellOskExtUtility	cellOskDialogExtRegisterForceFinishCallback
e82969e2	sceNpClans	sceNpClansAbortRequest
e82a422d		_ZNKSt8numpunctIwE11do_truenameEv
e839380f	cellMic	cellMicStopEx
e840f449	cellUsbPspcm	cellUsbPspcmWaitResetAsync
e847341f	sceNpTus	sceNpTusSetDataAsync
e853d388	sceNp	sceNpSignalingGetConnectionFromNpId
e857a0ca	cellFont	cellFontRenderCharGlyphImageVertical
e8586ec6	cellPamf	cellPamfReaderGetEpIteratorWithIndex
e8691be5		_ZNSt5ctypeIwED0Ev
e89071ad		isalpha_ascii
e897c835	cellSheap	cellKeySheapBarrierNew
e8a67160	sceNp	sceNpScoreGetClansMembersRankingByNpIdAsync
e8b1c18d	cellSysutilAvcExt	cellSysutilAvcExtSetWindowZorder
e8bb13ff	sceNp2	sceNpAuthGetAuthorizationCode
e8c15f8a		_ZNSt7_MpunctIwED2Ev
e8d86c43	cellSailRec	cellSailProfileSetStreamParameter
e8dee79c	cellSysutil	cellWebBrowserDestroy2
e8fcf1f8		acosf4fast
e90effea	cellMusicExportUtility	cellMusicExportFinalize
e9137453		fwprintf
e913a166		logf4fast
e92f3fb8		_f_fmaf
e93abfca		ctan
e956bf64	cell_FreeType2	FT_Done_FreeType
e956dc64	cellL10n	JISstoUCS2s
e95bfc2c	cellHttp	cellHttpGetMemoryInfo
e95ffa0a		sys_process_wait_for_game_process
e97c9bd4	cellPngDec	cellPngDecSetParameter
e9892674		_FGamma_big
e9946648	sceNp2	sceNpMatching2SignalingGetCtxOpt
e9a1bd84	sysPrxForUser	sys_lwcond_signal_all
e9a2cc40		raw_spu_write_long
e9ac8223		_LCmulcr
e9b560a5		sscanf
e9bf2110	cellSync	_cellSyncLFQueueGetPushPointer
e9d7a4ae		_ZNKSt8time_putIwSt19ostreambuf_iteratorIwSt11char_traitsIwEEE6do_putES3_RSt8ios_basewPKSt2tmcc
e9f501df		crealf
ea1e83e3		f_logf
ea2d4881	cellImeJpUtility	cellImeJpGetConvertYomiString
ea2e9ffc	sceNp	sceNpLookupCreateTransactionCtx
ea6dc1ad	cellFiber	cellFiberPpuUtilWorkerControlCheckFlags
ea7e20fc	cellSailRec	cellSailRecorderUnregisterComposer
ea8b6003	libsnd3	cellSnd3Exit
eabc3d00	cellL10n	GB18030toUTF8
eac62795		_Cdivcc
eac7ca2c		ceilf4
eace53d6		_FDenorm
eadcb5ca	sceNpMatchingInt	sceNpMatchingCreateRoomWithoutGUI
eae879dc	cellImeJpUtility	cellImeJpConvertCancel
eb22bb86	cellRtc	cellRtcSetCurrentTick
eb26298c		gmtime
eb27885b	cellAuthDialogUtility	cellAuthDialogAbort
eb3b1212	cell_FreeType2	FT_Outline_Reverse
eb3dc670	cellL10n	UTF8toSJIS
eb40c9ec		rand_real2_TT800
eb41cc68	cellL10n	ARIBstoUCS2s
eb51aa38	cellPrintUtility	cellPrintUnloadAsync
eb5f2544	sceNp	sceNpCommerceGetProductName
eb685b83	cellL10n	UCS2stoUTF32s
eb6c50fb	cellSysutilAvconfExt	cellAudioInSetDeviceMode
eb6f95fb	cellCamera	cellCameraCtrlExtensionUnit
eb6fcff1	cellSysutilAvconfExt	cellAudioInRegisterDevice
eb76301c		_ZNSt15basic_streambufIcSt11char_traitsIcEE9pbackfailEi
eb7a3d84	sceNp	sceNpManagerGetChatRestrictionFlag
eb81a467	cellSync2	cellSync2MutexInitialize
eb8abe73		vwscanf
eb9c1e5e	cellHttp	cellHttpClientGetCookieStatus
eb9d78d8	cellSysutil	cellSysutilAvcGetLayoutMode
eb9df054	sceNp	sceNpCommerceGetCategoryInfo
eba8d4ec	cellSail	cellSailPlayerStop
ebae29c0	cellL10n	UCS2stoSBCSs
ebb3b2bd	cellDmux	cellDmuxFlushEs
ebb4e08a		hypotf
ebb8e70a	libvdec	cellVdecStartSeqExt
ebd4b51d		_ZNKSt8time_getIwSt19istreambuf_iteratorIwSt11char_traitsIwEEE11do_get_yearES3_S3_RSt8ios_baseRNSt5_IosbIiE8_IostateEPSt2tm
ebe5f72f	sysPrxForUser	sys_spu_image_import
ec0a1fbf	sceNp	sceNpBasicSendMessage
ec2e26b6	cellPesmUtility	cellPesmPrepareRec
ec324c8f	sceNpCommerce2	sceNpCommerce2GetContentRatingInfoFromGameProductInfo
ec43b983		_f_sqrtf
ec68442c	cellSpurs	cellSpursQueueGetDirection
ec7da0c8		_atan2f4fast
ec7de355	cellM2BCdec	_SceAdecCorrectPtsValue_mpmc
ec89a187	cellFontFT	cellFontFTGetRevisionFlags
ec9e7cb9		spu_thread_read_llong
eca056df		_Locale
eca938ca	cellSysutil	cellSysutilAvcSetAttribute
ecd503de	sceNp	sceNpBasicGetMessageEntryCount
ecdcf2ab	sys_fs	cellFsWrite
ecddba69		_WStodx
ece969c0		_ZTv0_n12_NSt10istrstreamD0Ev
ecf56150	cellSail	cellSailPlayerSetRendererVideo
ed05c265		sqrtf4
ed136702	cellSheap	cellKeySheapRwmDelete
ed20e079	cellSearchUtility	cellSearchGetMusicSelectionContextOfSingleTrack
ed30f1fa	cellAtracMulti	cellAtracMultiGetSecondBufferInfo
ed3da02b		_Znwjj
ed4a0148	cellPhotoUtility	cellPhotoExportFinalize
ed58e3ec	cellSail	cellSailAuReceiverFinalize
ed5d8dd6	cellSsl	BIO_ctrl
ed5d96af	cellSysutil	cellAudioOutGetConfiguration
ed6ec979		fsetpos
ed773f5f	cellSync	cellSyncRwmWrite
ed993147	cellHttp	cellHttpRequestAddHeader
ed9d1ac5		f_tanf
eda48c80		malloc_trim
eda86c48		copysignf4
edadd797	cellSysutil	cellSaveDataDelete2
edc34e1a	cellSysutil	cellDiscGameUnregisterDiscChangeCallback
eddcee2c		init_TT800
edec777d		_Ttotm
ee05b0c1	cellHttp	cellHttpClientGetUserAgent
ee0cc40c	sceNp	_sceNpSysutilClientMalloc
ee0db701		_Csubcr
ee204ac6		f_ceilf
ee2731d3	cellDDPdec	_SceAdecCorrectPtsValue_Ddp
ee303936		_Dsign
ee3b604d	cellFiber	cellFiberPpuInitializeScheduler
ee41e16a	cellRudp	cellRudpBind
ee530059	sceNp	sceNpCommerceGetSkuName
ee5b20d9	sceNp	sceNpScoreAbortTransaction
ee64cf8e	sceNp	sceNpMatchingGetRoomSearchFlag
ee6c6a39	cellL10n	UCS2stoBIG5s
ee724c99	cellSail	cellSailSourceFinalize
ee7528f3	cellSysutil	cellWebBrowserConfigSetRequestHook2
ee853baf		_ZNSt13basic_filebufIwSt11char_traitsIwEE4syncEv
ee94b99b	cellSail	cellSailDescriptorSetParameter
eeb810ec	cell_FreeType2	FT_Outline_Transform
eec22809	cellSail	cellSailSoundAdapterUpdateAvSync
eed82401		_f_logf
eede898c	cellImeJpUtility	cellImeJpConfirmPrediction
eeeb4f3e		_get_state_TT800
eef51be0	sceNpCommerce2	sceNpCommerce2ExecuteStoreBrowse
eef75113	sysPrxForUser	_sys_toupper
eeffc9a6		_wrename
ef110b6b		unlink
ef25075b		_FXbig
ef3efa34	sys_fs	cellFsFstat
ef4d8ad7	libvdec	cellVdecOpenExt
ef5a353d	cellSysutil	cellSaveDataListLoad
ef62751c		_ZNKSt8time_getIcSt19istreambuf_iteratorIcSt11char_traitsIcEEE13do_date_orderEv
ef645654	sceNpCommerce2	sceNpCommerce2GetGameProductInfo
ef666b52	sysBdMediaId	sys_get_bd_media_id
ef66c4b7	cellSpursJq	_cellSpursJobQueuePortCopyPushJobBody2
ef68c17c	sysPrxForUser	sys_prx_load_module_by_fd
ef6f90d8		_ZNKSt5ctypeIwE11do_scan_notEsPKwS2_
ef87a695	sysPrxForUser	sys_lwcond_signal
ef8eafcd	sceNpCommerce2	sceNpCommerce2DestroyGetProductInfoResult
ef959a6d		_ZThn8_NSt9strstreamD0Ev
ef9d42d5	cellGame	cellGameGetSizeKB
efbd9357	sceNp2	sceNpMatching2GetLobbyInfoList
efd00f54	cellGcmSys	cellGcmUnmapEaIoAddress
efddaf6c	cellSysconfPs1emu	cellSysconfPs1emu_EFDDAF6C
efeb2679	cellSpurs	_cellSpursWorkloadAttributeInitialize
effe5a16	sceNp2	sceNpMatching2GetLobbyMemberIdListLocal
efff8779	sceNp2	sceNpMatching2SendLobbyInvitation
f001a741		_ZNSt12strstreambufD1Ev
f00401d2		_ZNSt9basic_iosIcSt11char_traitsIcEED0Ev
f01ac471	cellSheap	cellKeySheapRwmNew
f01deff8		_ZNKSt7codecvtIwcSt9_MbstatetE5do_inERS0_PKcS4_RS4_PwS6_RS6_
f01e5fd4	libsynth2	cellSoundSynth2SetCoreAttr
f03dcc29	cellFont	cellFontInitializeWithRevision
f042b14f	sceNp	sceNpDrmIsAvailable2
f05df017		_ZNSt5ctypeIcE7_GetcatEPPKNSt6locale5facetE
f05df789	cellHttpUtil	cellHttpUtilCopyUri
f0645452	sys_net	_sys_net_lib_set_libnetctl_queue
f06a6415	cellSync	cellSyncBarrierNotify
f06eed36		wmemset
f0776a44		wcscmp
f0865182	cellPrintUtility	cellPrintLoadAsync2
f08ba0d0	cellNetCtl	cellNetCtlDisconnectGameInt
f0947035		ctanhf
f0958f73	cellRec	cellRecSetInfo
f0a73832	sys_fs	cellFsLsnRead2
f0a9182b	sceNp	sceNpFriendlist
f0ab77c1		ccoshf
f0aece0d	sysPrxForUser	sys_prx_unload_module
f0b1e399	sceNp	sceNpScoreRecordScoreAsync
f0b47a17	cellSsl	SSLCERT_NAME_oneline
f0da95de	cellGifDec	cellGifDecReadHeader
f0e022c6		getc
f0e1471c	cellSync2	cellSync2QueueGetDepth
f0ec3ccc	cellSysutil	cellOskDialogSetLayoutMode
f0f87a60	sceNpTrophy	sceNpTrophyGetTrophyDetails
f11b8dd5	cellAtracMulti	cellAtracMultiGetChannel
f11fe0f1	cellSpursJq	cellSpursJobQueuePort2Create
f125e044	cellSync2	cellSync2QueueInitialize
f127e816		_ZNSt10istrstreamD1Ev
f12eecc8	sys_fs	cellFsRename
f1446a40	cellSail	cellSailPlayerSetEsVideoMuted
f1543f02		_ZNKSt8_Locinfo8_GetcollEv
f16379fa	cellFont	cellFontUnbindRenderer
f16568af		_FAtan
f16d10cb	cellVideoPlayerUtility	cellVideoPlayerPlaybackControl
f197ccaa	cellAtracMulti	cellAtracMultiGetSamplingRate
f19c5e94		sincosf4
f19d9442	libmixer	cellSSPlayerRemove
f1a443e7	cellSysutil	cellWebBrowserCreateRender2
f1aaa2f8		conj
f1b77918	sceNp	sceNpScoreSanitizeComment
f1c86c92		_ZNKSt12out_of_range8_DoraiseEv
f1cff87d		_ZNSt10ctype_baseD2Ev
f1d3552d	cellSpurs	cellSpursReadyCountCompareAndSwap
f1dcfa71	cellL10n	UCS2stoUHCs
f1f0e5da	cellSailRec	cellSailComposerNotifySessionError
f20df7fc	cellUsbPspcm	cellUsbPspcmCalcPoolSize
f220f751	sysConsoleId	sys_get_console_id
f244e799	cellSpursJq	_cellSpursCreateJobQueue
f24cb963	cellMusicDecodeUtility	cellMusicDecodeSelectContents
f254768c	sys_lv2dbg	sys_dbg_disable_floating_point_enabled_exception
f25f197d	cellSail	cellSailSoundAdapterGetFormat
f283c143	sceNp	sceNpDrmExecuteGamePurchase
f289f0cd	cellSail	cellSailSourceNotifySessionError
f2b3338a	sceNp	sceNpBasicGetBlockListEntry
f2b85dff	cellCelpEnc	cellCelpEncEnd
f2b9ab86		_ZNKSt7num_getIwSt19istreambuf_iteratorIwSt11char_traitsIwEEE6do_getES3_S3_RSt8ios_baseRNSt5_IosbIiE8_IostateERf
f2bbbee9		_Litob
f2c4a425	cellSysutil	cellSysutilAvcByeRequest
f2ccad4f	cellFiber	cellFiberPpuUtilWorkerControlInitializeWithAttribute
f2f9c183	cellWMALSLdec	_SceAdecCorrectPtsValue_WmaLsl
f2fca4b2		spu_thread_write_llong
f30ac754	sceNp2	sceNpAuthOAuthInit
f30d3407		_ZNKSt7num_putIwSt19ostreambuf_iteratorIwSt11char_traitsIwEEE6do_putES3_RSt8ios_basewd
f31731bb	cellSpurs	cellSpursRunJobChain
f33291eb	sceNp	sceNpScoreGetFriendsRanking
f356418c		open
f39005fc		_Gamma_big
f3af1093	cellDTSHDdec	_SceAdecCorrectPtsValue_DtsHd
f3b4b43e	cellSysutil	cellOskDialogSetInitialInputDevice
f3b5ff77	cellSysutilAvc2	cellSysutilAvc2Unload2
f3bd7d08		_cbrtf4fast
f3dbf5a7	cellSysutil	cellSysutilSetBgmPlaybackExtraParam
f3e81219	cellFiber	cellFiberPpuCheckStackLimit
f3ec0258		round
f3ef3678		wcscspn
f3f974b8	cellMinisSaveData	cellMinisSaveDataFixedSave
f4009a94	cellSail	cellSailSourceNotifyMediaStateChanged
f41355f9		wcscpy
f418ee84		_WFwprep
f4207734		spu_thread_write_ulong
f42c0df8	sceNp	sceNpManagerGetOnlineName
f439728e	cellL10n	SJIStoEUCJP
f43c647a	sceNp2	sceNpMatching2ContextStop
f44b6c30	cellPngDec	cellPngDecGetiCCP
f44c0e1d	sys_fs	cellFsGetDirent
f463981c	cellNetCtl	cellGameUpdateCheckFinishAsyncEx
f46d8ae5	sceNpTus	sceNpTssGetDataNoLimit
f481967f	cellSysutil	cellSysutilAvcGetAttribute
f49f40c0		WaitForSPUsToEmptySNRs
f4a2d52b	sceNpClans	sceNpClansUpdateMemberInfo
f4aa8b27	cellSysutil	cellSysutilAvcCancelByeRequest
f4ad6ea8		ldexp
f4babd3f	sceNp2	sceNpMatching2Init2
f4cf5435	cell_FreeType2	FTC_Manager_Done
f4e0f607	sceNp	sceNpScoreGetBoardInfo
f4e3caa0	cellSysutil	cellAudioOutGetState
f51dc289		_ZNSt7codecvtIccSt9_MbstatetED1Ev
f52639ea	cellGame	cellGameBootCheck
f53021e0		_ZNSt8bad_castC1Ev
f5313d34	cellSsl	ERR_peek_error
f5363608	sceNpTus	sceNpTusDeleteMultiSlotVariableAsync
f5376485	cellFontFT	FTFaceH_GetBoundingBoxWidth
f537d837		_truncf4
f5507729	cellSpurs	cellSpursEventFlagSet
f5747e1f	cellSail	cellSailPlayerSetAuReceiver
f57d74e3	cellSailRec	cellSailRecorderFinalize
f57e1d6f	sysPrxForUser	console_write
f582308d	cellRtc	cellRtcGetSystemTime
f5825c7d		_ZNSt7collateIwED1Ev
f584de56		_ZNSt6locale7_Locimp8_MakelocERKSt8_LocinfoiPS0_PKS_
f58e83a5		_Znaj
f5992ec8	cellImeJpUtility	cellImeJpSetInputCharType
f59e1da8	sceNp	sceNpFriendlistAbortGui
f5a32994		_Getpcostate
f5cd1e19		cosf4
f5d9d571	sys_io	sys_config_remove_service_listener
f5de6363	cellSpursJq	cellSpursJobQueuePortInitializeWithDescriptorBuffer
f5ef229c		_Getpwcostate
f5f39114	sys_net	_sys_net_lib_thread_join
f5f7dda8		towupper
f5ff5f31	sceNp	sceNpUtilCmpNpIdInOrder
f60a8a69	cellSail	cellSailPlayerReopenEsVideo
f60be06f	sceNpTus	sceNpTusAddAndGetVariableVUser
f6139b58	sceNpCommerce2	sceNpCommerce2DestroyGetProductInfoListResult
f61609d6	cellPamf	cellPamfReaderGetPresentationEndTime
f629ed67	cellVoice	cellVoiceGetPortAttr
f638c45e	cell_FreeType2	FTC_Manager_LookupSize
f6482036	cellSaveData	cellSaveDataUserGetListItem
f65544ee	sys_io	cellPadSetActDirect
f67a7e17		_ZNSt13basic_filebufIwSt11char_traitsIwEE5uflowEv
f67c1c4b	cell_FreeType2	FT_Outline_Render
f68e2ac9		_init_malloc_lock
f691d443	fs_utility_init	fs_utility_init_F691D443
f6acd0bc	cellGameExec	cellGameGetBootGameInfo
f6c23560	cellDmux	cellDmuxOpenEx
f6c6900c	cellFiber	cellFiberPpuCheckFlags
f6f5fbca	cellSheap	cellKeySheapBarrierDelete
f7261881	cell_FreeType2	FT_Glyph_StrokeBorder
f73f6afc		_ZNSt13basic_filebufIcSt11char_traitsIcEE7seekoffElNSt5_IosbIiE8_SeekdirENS4_9_OpenmodeE
f7583d67		vscanf
f7681b9a	cellL10n	UTF8stoUTF16s
f76847c2	sceNp	sceNpScoreRecordGameDataAsync
f7715a5b	cellFontFT	FTFaceH_SetRenderScalePixel
f7844153		_f_fmaxf
f7845d1c		_ZNSt7_MpunctIcED1Ev
f78a4a76	cell_FreeType2	FT_Atan2
f7908e27		strcspn
f798f5e3	sceNpCommerce2	sceNpCommerce2InitGetProductInfoResult
f798f853	cellSsl	SSLCERT_verify
f7a14a22		realloc
f7a19060	cellFont	cellFontGetScalePoint
f7aaa8e2	cellFont	cellFontGraphicsGetLineRGBA
f7acd655	sys_net	_sys_net_lib_bnet_control
f7ba51fd		_ZNSt13basic_ostreamIwSt11char_traitsIwEED0Ev
f7d2c560	cellSsl	SSL_CTX_set_info_cb
f7d51596		scanf
f7ddb471		_Setgloballocale
f7e4a50a	libmedi	cellMediatorGetStatus
f7f7fb20	sysPrxForUser	_sys_free
f80196c1	cellGcmSys	cellGcmGetLabelAddress
f806c54c	sceNp	sceNpMatchingLeaveRoom
f80e31e5	cellMusicDecodeUtility	cellMusicDecodeInitialize2
f8115d69	cellSysutil	cellGameRegisterDiscChangeCallback
f819be91	sceNpTus	sceNpTusSetMultiSlotVariableVUser
f81eca25	cellSysutil	cellMsgDialogOpen
f8206492	cellSsl	cellSslCertGetPublicKey
f8244c5e	cellFontFT	FTManager_Init_FreeType
f82bbf7c	cellMic	cellMicSysShareEnd
f82e2ef7	cellSysutil	cellHddGameGetSizeKB
f83a372f		f_fmaf
f83e8d95		_ZNKSt5ctypeIcE10do_tolowerEc
f83f8182	sys_io	cellPadSetPressMode
f841a537	cellSail	cellSailRendererAudioNotifyFrameDone
f843818d	cellSpurs	cellSpursReadyCountStore
f8467de2	cellSsl	SSL_get_current_cipher
f8509925	cellRtc	cellRtcTickAddMicroseconds
f885420c	cell_FreeType2	FT_Stroker_ConicTo
f88f26c4		fwrite
f8935fe3		spu_thread_write_float
f89dc648		strpbrk
f8a175ec	cellSysutil	cellSaveDataAutoSave
f8b1ab0c	cellAtracMulti	cellAtracMultiIsSecondBufferNeeded
f8c8b9ff	cellNetCtl	cellNetCtlGetScanInfoGameInt
f8d95c49	cell_FreeType2	cellFreeType2Ex
f8e5d9a0	sys_fs	cellFsStReadStop
f9073a24	cellMusicUtility	cellMusicGetVolume2
f91639f9	cellMusicDecodeUtility	cellMusicDecodeGetSelectionContext2
f91abda3	cellImeJpUtility	cellImeJpGetConvertString
f92217c5	cellHttp	cellHttpAuthCacheGetEntryMax
f926d22f	cell_FreeType2	FTC_ImageCache_Lookup
f930cc21	libad_core	sceAdConnectContext
f94baa80	sys_fs	cellFsUnregisterL10nCallbacks
f95b7769		powf4fast
f9677a46	cellFontFT	cellFontInitLibraryFreeType
f972c733	cellHttp	cellHttpCookieExportWithClientId
f9732ac8	sceNp	sceNpCustomMenuActionSetActivation
f9883d3b	cellUsbPspcm	cellUsbPspcmRecv
f99da2fc		fabsf4
f9a53f35	cellPrintUtility	cellPrintOpenConfig
f9a7e8a5	cellSubDisplay	cellSubDisplayInit
f9b1896d	cellL10n	SJISstoUCS2s
f9bfdc72	cellGcmSys	cellGcmSetCursorImageOffset
f9d31f75	cell_FreeType2	FT_Attach_Stream
f9dae72c		setjmp
f9dba140		_Mtxlock
f9e26b72		_Once_dtor
f9ff46a1		_ZNSt13basic_filebufIwSt11char_traitsIwEE7seekoffElNSt5_IosbIiE8_SeekdirENS4_9_OpenmodeE
fa00d211		read
fa0583c6	sceNp2	sceNpMatching2SetLobbyMemberDataInternal
fa07d320	cellUsbPspcm	cellUsbPspcmClose
fa0c2de0	cellFontFT	cellFontFTGetInitializedRevisionFlags
fa160f24	cellCamera	cellCameraIsOpen
fa214d8a	libsnd3	cellSnd3SMFSetPlayChannel
fa28434b		log2l
fa293e88	cellAtrac	cellAtracCreateDecoder
fa34723f	cell_FreeType2	FT_Vector_Polarize
fa4a675a	cellL10n	BIG5stoUCS2s
fa611df4	cellSysutilAvconfExt	cellAudioOutConfigure2
fa6bcc17	cellSysutilAvconfExt	cellAudioInUnregisterDevice
fa765d42		_Cdivcr
fa7f693d	sysPrxForUser	_sys_vprintf
fa8d5f95	cellFiber	cellFiberPpuExit
fa97afbf		feupdateenv
faa275a4	cellSysutilAvconfExt	cellVideoOutGetScreenSize
facb3ced	cellSpursJq	cellSpursJobQueuePort2Sync
fade48b2	cellRudp	cellRudpProcessEvents
fae4b063		_Strcollx
fae9e727		_f_copysignf
faec8c60		fprintf
fafd69a4	sys_net	__sys_net_lib_calloc
fb02c9d2	cellSsl	cellSslInit
fb0f0018		_Makewct
fb12b7fc	cellDtcpIpUtility	cellDtcpIpSuspendActivationForDebug
fb1e70a0	cellSysutil	_ZN8cxmlutil9SetStringERKN4cxml7ElementEPKcS5_
fb2081fd		vfprintf
fb2bd688		_Stdout
fb3341ba	cellFont	cellFontSetResolutionDpi
fb36c588		_ZNSt9strstreamC1EPciNSt5_IosbIiE9_OpenmodeE
fb51fc61	cellRtc	cellRtcCompareTick
fb5887f9	libgem	cellGemIsTrackableHue
fb5db080	sysPrxForUser	_sys_memcmp
fb6e6213		log1pf4fast
fb793f27	cellRemotePlay	cellRemotePlayBreak
fb81426d		iswlower
fb81c03e	cellGcmSys	cellGcmGetMaxIoMapSize
fb87cf5e	sceNp	sceNpLookupDestroyTransactionCtx
fb8ea4d2		_Fd2rv
fb932a56		atan2f
fba04f37	sys_net	recv
fbb4047a		lroundf
fbc82301	sceNp	sceNpScoreGetRankingByRange
fbd5c856	cellSysutil	cellSaveDataAutoLoad2
fbe551d3	cellPamf	cellPamfReaderGetEpWithIndex
fbe88922		_FErfc
fbf5fe40	cellFiber	cellFiberPpuSetPriority
fbf7e9e4	cellRudp	cellRudpGetMaxSegmentSize
fc0428a6		strdup
fc216890	sceNpCommerce2	sceNpCommerce2GetCategoryInfoFromContentInfo
fc2873a9	cellSysutilAvc2	cellSysutilAvc2GetWindowPosition
fc3045d9	cellMinisSaveData	cellMinisSaveDataAutoLoad
fc48b03f	cellSync	cellSyncRwmInitialize
fc526b72	cellSpursJq	cellSpursJobQueuePort2PushSync
fc52a7a9	sysPrxForUser	sys_game_process_exitspawn
fc563813		_ZNKSt7codecvtIccSt9_MbstatetE5do_inERS0_PKcS4_RS4_PcS6_RS6_
fc5baf8a	cellSail	cellSailPlayerSetRepeatMode
fc60575c		__spu_thread_printf
fc606237		mbsrtowcs
fc6f4e74	cellScreenShotUtility	cellScreenShotDisable
fc7d346e	sceNpTus	sceNpTusGetMultiSlotVariableVUserAsync
fc825dda		_ZNSt7num_putIwSt19ostreambuf_iteratorIwSt11char_traitsIwEEE7_GetcatEPPKNSt6locale5facetE
fc839bd4	cellSail	cellSailPlayerDestroyDescriptor
fcac2e8e		mbstowcs
fcac355a	sceNp	sceNpCommerceCreateCtx
fcc91a83	cellFontFT	FTManager_OpenFileFace
fce39343	cellHttp	cellHttpClientGetAuthenticationCacheStatus
fce6d30a	sceNpTrophy	sceNpTrophyGetTrophyInfo
fce9e764	cellGcmSys	cellGcmInitSystemMode
fcedabc3		_fmodf4
fcf08193		expf
fcfaf246	cellMic	cellMicStop
fd0cb96d		spu_thread_read_short
fd0e1cac	cellSysmodule	cellSysmoduleUnloadModuleEx
fd0eb5ae	sceNp	sceNpSignalingDeactivateConnection
fd2566b4	cellCelp8Enc	cellCelp8EncClose
fd39ae13	sceNp	sceNpBasicGetFriendPresenceByNpId
fd461e85		spu_thread_write_ldouble
fd58f18a	sys_net	_sce_net_get_name_server
fd5b7c04	cell_FreeType2	FT_Bitmap_Convert
fd61dff5	sceNp	_Z32_sce_np_sysutil_cxml_prepare_docPN16sysutil_cxmlutil11FixedMemoryERN4cxml8DocumentEPKcRNS2_7ElementES6_i
fd6a1ddb		raw_spu_read_llong
fd81f6ca		_Stoflt
fda12276	cellMic	cellMicGetFormatAux
fdb828d0	cellFontFT	FTFaceH_GetKerning
fdb8f926	sys_net	sys_net_free_thread_context
fdbbe469	cellMic	cellMicGetDeviceIdentifier
fdbf6ac5	cellL10n	UTF8stoUCS2s
fdec16e1		cacoshl
fe0261aa		mspace_free
fe23dbe9		_log2f4
fe37a7f4	sceNp	sceNpManagerGetNpId
fe468b7a		_ZTv0_n12_NSdD0Ev
fe630fd9		isblank
fe669845	cellSysutil	cellWebBrowserConfigSetHeapSize2
fe74e8e7	cellSync	_cellSyncLFQueueCompletePopPointer
fe7aefb7	cellSsl	SSL_CTX_use_certificate
fe7d5e4f	cell_FreeType2	FT_Set_Var_Design_Coordinates
fe88e97e		fscanf
fe9a6dd7	cellFont	cellFontGetCharGlyphMetricsVertical
feb4107c		_ZNSt12codecvt_baseD2Ev
fecc05b6		__sys_time
fee11e72	sceNp2	sceNpMatching2RegisterRoomMessageCallback
fee33481	libgem	cellGemGetStatusFlags
fef776ee	libsnd3	cellSnd3NoteOnByTone
fefbe065		_Stderr
fefd7d3a		_ZNKSt7num_getIwSt19istreambuf_iteratorIwSt11char_traitsIwEEE6do_getES3_S3_RSt8ios_baseRNSt5_IosbIiE8_IostateERy
ff036800		cpowf
ff03cc79	cellSpursJq	cellSpursJobQueueAttributeSetIsHaltOnError
ff0a21b7	sys_io	cellKbRead
ff0a2378	sceNp	sceNpLookupUserProfileAsync
ff0fa43a	cellVoice	cellVoiceResetPort
ff20157b	cellSailRec	cellSailRecorderGetParameter
ff299e03	sceNpTrophy	sceNpTrophyGetGameIcon
ff2d2f98	cell_FreeType2	FT_Matrix_Invert
ff2f0cc7		_FEps
ff34c76c	sysPrxForUser	sys_rsxaudio_stop_process
ff3626fd	cellAudio	cellAudioRemoveNotifyEventQueue
ff42dcc3	sys_fs	cellFsClosedir
ff689124		strtoimax
ff6f6ebe	libvdec	cellVdecQueryAttr
ff7a7bd2	cellSpursJq	cellSpursJobQueueOpen
ff8ac661	cellSsl	BIO_dump
ff9d259c	cellRudp	cellRudpGetOption
ffa3d791	cellNetCtl	cellGameUpdateCheckFinishAsync
ffaf3218		_ZTv0_n12_NSoD0Ev
ffb28491	cellSearchUtility	cellSearchGetContentInfoPath
ffbae95e		asctime
ffbd876b		__raw_spu_puttxt
ffc1a59a	cellSsl	R_time_export
ffc74003	cellHttp	cellHttpClientGetPerHostPoolSize
ffd58aa4	cellSail	cellSailGraphicsAdapterGetFormat
ffe0160e	cellGcmSys	cellGcmSetVBlankFrequency
fff6ef55		_ZNKSt7num_getIwSt19istreambuf_iteratorIwSt11char_traitsIwEEE6do_getES3_S3_RSt8ios_baseRNSt5_IosbIiE8_IostateERb
fffe79bf		_LCmulcc
