ordinal	packet	name	source	ref	fw_from	fw_to
1	none	sys_process_getpid	cellgov	cellgov_ps3_abi::lv2::syscall::PROCESS_GETPID	none	none
1	none	sys_process_getpid	psdevwiki	https://www.psdevwiki.com/ps3/LV2_Functions_and_Syscalls	none	none
1	none	sys_process_getpid	psl1ght	ppu/include/lv2/syscalls.h:SYSCALL_PROCESS_GETPID	none	none
2	none	sys_process_wait_for_child	psdevwiki	https://www.psdevwiki.com/ps3/LV2_Functions_and_Syscalls	none	none
2	none	sys_process_wait_for_child	psl1ght	ppu/include/lv2/syscalls.h:SYSCALL_PROCESS_WAIT_FOR_CHILD	none	none
3	none	sys_process_exit	psdevwiki	https://www.psdevwiki.com/ps3/LV2_Functions_and_Syscalls	none	none
4	none	sys_process_get_status	cellgov	cellgov_ps3_abi::lv2::syscall::PROCESS_GET_STATUS	none	none
4	none	sys_process_get_status	psdevwiki	https://www.psdevwiki.com/ps3/LV2_Functions_and_Syscalls	none	none
4	none	sys_process_get_status	psl1ght	ppu/include/lv2/syscalls.h:SYSCALL_PROCESS_GET_STATUS	none	none
5	none	sys_process_detach_child	psdevwiki	https://www.psdevwiki.com/ps3/LV2_Functions_and_Syscalls	none	none
5	none	sys_process_detach_child	psl1ght	ppu/include/lv2/syscalls.h:SYSCALL_PROCESS_DETACH_CHILD	none	none
12	none	sys_process_get_number_of_object	cellgov	cellgov_ps3_abi::lv2::syscall::PROCESS_GET_NUMBER_OF_OBJECT	none	none
12	none	sys_process_get_number_of_object	psdevwiki	https://www.psdevwiki.com/ps3/LV2_Functions_and_Syscalls	none	none
12	none	sys_process_get_number_of_object	psl1ght	ppu/include/lv2/syscalls.h:SYSCALL_PROCESS_GET_NUMBER_OF_OBJECT	none	none
13	none	sys_process_get_id	psdevwiki	https://www.psdevwiki.com/ps3/LV2_Functions_and_Syscalls	none	none
13	none	sys_process_get_id	psl1ght	ppu/include/lv2/syscalls.h:SYSCALL_PROCESS_GET_ID	none	none
14	none	sys_process_is_spu_lock_line_reservation_address	cellgov	cellgov_ps3_abi::lv2::syscall::PROCESS_IS_SPU_LOCK_LINE_RESERVATION_ADDRESS	none	none
14	none	sys_process_is_spu_lock_line_reservation_address	psdevwiki	https://www.psdevwiki.com/ps3/LV2_Functions_and_Syscalls	none	none
14	none	sys_process_is_spu_lock_line_reservation_address	psl1ght	ppu/include/lv2/syscalls.h:SYSCALL_PROCESS_IS_SPU_LOCK_LINE_RESERVATION_ADDRESS	none	none
18	none	sys_process_getppid	cellgov	cellgov_ps3_abi::lv2::syscall::PROCESS_GETPPID	none	none
18	none	sys_process_getppid	psdevwiki	https://www.psdevwiki.com/ps3/LV2_Functions_and_Syscalls	none	none
18	none	sys_process_getppid	psl1ght	ppu/include/lv2/syscalls.h:SYSCALL_PROCESS_GETPPID	none	none
19	none	sys_process_kill	psdevwiki	https://www.psdevwiki.com/ps3/LV2_Functions_and_Syscalls	none	none
19	none	sys_process_kill	psl1ght	ppu/include/lv2/syscalls.h:SYSCALL_PROCESS_KILL	none	none
21	none	_sys_process_spawn	cellgov	cellgov_ps3_abi::lv2::syscall::PROCESS_SPAWN	none	none
21	none	_sys_process_spawn	psdevwiki	https://www.psdevwiki.com/ps3/LV2_Functions_and_Syscalls	none	none
22	none	sys_process_exit	cellgov	cellgov_ps3_abi::lv2::syscall::PROCESS_EXIT	none	none
22	none	sys_process_exit2	psdevwiki	https://www.psdevwiki.com/ps3/LV2_Functions_and_Syscalls	none	none
23	none	sys_process_wait_for_child2	psdevwiki	https://www.psdevwiki.com/ps3/LV2_Functions_and_Syscalls	none	none
23	none	sys_process_wait_for_child2	psl1ght	ppu/include/lv2/syscalls.h:SYSCALL_PROCESS_WAIT_FOR_CHILD2	none	none
25	none	sys_process_get_sdk_version	cellgov	cellgov_ps3_abi::lv2::syscall::PROCESS_GET_SDK_VERSION	none	none
25	none	sys_process_get_sdk_version	psdevwiki	https://www.psdevwiki.com/ps3/LV2_Functions_and_Syscalls	none	none
25	none	sys_process_get_sdk_version	psl1ght	ppu/include/lv2/syscalls.h:SYSCALL_PROCESS_GET_SDK_VERSION	none	none
26	none	_sys_process_exit2	cellgov	cellgov_ps3_abi::lv2::syscall::PROCESS_EXIT2	none	none
27	none	sys_process_spawns_a_self2	cellgov	cellgov_ps3_abi::lv2::syscall::PROCESS_SPAWNS_A_SELF2	none	none
30	none	_sys_process_get_paramsfo	cellgov	cellgov_ps3_abi::lv2::syscall::PROCESS_GET_PARAMSFO	none	none
30	none	_sys_process_get_paramsfo	psdevwiki	https://www.psdevwiki.com/ps3/LV2_Functions_and_Syscalls	none	none
31	none	sys_process_get_ppu_guid	cellgov	cellgov_ps3_abi::lv2::syscall::PROCESS_GET_PPU_GUID	none	none
31	none	sys_process_get_ppu_guid	psdevwiki	https://www.psdevwiki.com/ps3/LV2_Functions_and_Syscalls	none	none
31	none	sys_process_get_ppu_guid	psl1ght	ppu/include/lv2/syscalls.h:SYSCALL_PROCESS_GET_PPU_GUID	none	none
41	none	sys_ppu_thread_exit	cellgov	cellgov_ps3_abi::lv2::syscall::PPU_THREAD_EXIT	none	none
41	none	sys_ppu_thread_exit	psdevwiki	https://www.psdevwiki.com/ps3/LV2_Functions_and_Syscalls	none	none
43	none	sys_ppu_thread_yield	cellgov	cellgov_ps3_abi::lv2::syscall::PPU_THREAD_YIELD	none	none
43	none	sys_ppu_thread_yield	psdevwiki	https://www.psdevwiki.com/ps3/LV2_Functions_and_Syscalls	none	none
43	none	sys_ppu_thread_yield	psl1ght	ppu/include/lv2/syscalls.h:SYSCALL_PPU_THREAD_YIELD	none	none
44	none	sys_ppu_thread_join	cellgov	cellgov_ps3_abi::lv2::syscall::PPU_THREAD_JOIN	none	none
44	none	sys_ppu_thread_join	psdevwiki	https://www.psdevwiki.com/ps3/LV2_Functions_and_Syscalls	none	none
44	none	sys_ppu_thread_join	psl1ght	ppu/include/lv2/syscalls.h:SYSCALL_PPU_THREAD_JOIN	none	none
45	none	sys_ppu_thread_detach	psdevwiki	https://www.psdevwiki.com/ps3/LV2_Functions_and_Syscalls	none	none
45	none	sys_ppu_thread_detach	psl1ght	ppu/include/lv2/syscalls.h:SYSCALL_PPU_THREAD_DETACH	none	none
46	none	sys_ppu_thread_get_join_state	psdevwiki	https://www.psdevwiki.com/ps3/LV2_Functions_and_Syscalls	none	none
46	none	sys_ppu_thread_get_join_state	psl1ght	ppu/include/lv2/syscalls.h:SYSCALL_PPU_THREAD_GET_JOIN_STATE	none	none
47	none	sys_ppu_thread_set_priority	cellgov	cellgov_ps3_abi::lv2::syscall::PPU_THREAD_SET_PRIORITY	none	none
47	none	sys_ppu_thread_set_priority	psdevwiki	https://www.psdevwiki.com/ps3/LV2_Functions_and_Syscalls	none	none
47	none	sys_ppu_thread_set_priority	psl1ght	ppu/include/lv2/syscalls.h:SYSCALL_PPU_THREAD_SET_PRIORITY	none	none
48	none	sys_ppu_thread_get_priority	cellgov	cellgov_ps3_abi::lv2::syscall::PPU_THREAD_GET_PRIORITY	none	none
48	none	sys_ppu_thread_get_priority	psdevwiki	https://www.psdevwiki.com/ps3/LV2_Functions_and_Syscalls	none	none
48	none	sys_ppu_thread_get_priority	psl1ght	ppu/include/lv2/syscalls.h:SYSCALL_PPU_THREAD_GET_PRIORITY	none	none
49	none	sys_ppu_thread_get_stack_information	psdevwiki	https://www.psdevwiki.com/ps3/LV2_Functions_and_Syscalls	none	none
49	none	sys_ppu_thread_get_stack_information	psl1ght	ppu/include/lv2/syscalls.h:SYSCALL_PPU_THREAD_GET_STACK_INFORMATION	none	none
50	none	sys_ppu_thread_stop	psdevwiki	https://www.psdevwiki.com/ps3/LV2_Functions_and_Syscalls	none	none
51	none	sys_ppu_thread_restart	psdevwiki	https://www.psdevwiki.com/ps3/LV2_Functions_and_Syscalls	none	none
52	none	_sys_ppu_thread_create	cellgov	cellgov_ps3_abi::lv2::syscall::PPU_THREAD_CREATE	none	none
52	none	sys_ppu_thread_create	psdevwiki	https://www.psdevwiki.com/ps3/LV2_Functions_and_Syscalls	none	none
53	none	sys_ppu_thread_start	cellgov	cellgov_ps3_abi::lv2::syscall::PPU_THREAD_START	none	none
53	none	sys_ppu_thread_start	psdevwiki	https://www.psdevwiki.com/ps3/LV2_Functions_and_Syscalls	none	none
56	none	sys_ppu_thread_rename	psdevwiki	https://www.psdevwiki.com/ps3/LV2_Functions_and_Syscalls	none	none
56	none	sys_ppu_thread_rename	psl1ght	ppu/include/lv2/syscalls.h:SYSCALL_PPU_THREAD_RENAME	none	none
57	none	sys_ppu_thread_recover_page_fault	psdevwiki	https://www.psdevwiki.com/ps3/LV2_Functions_and_Syscalls	none	none
57	none	sys_ppu_thread_recover_page_fault	psl1ght	ppu/include/lv2/syscalls.h:SYSCALL_PPU_THREAD_RECOVER_PAGE_FAULT	none	none
58	none	sys_ppu_thread_get_page_fault_context	psdevwiki	https://www.psdevwiki.com/ps3/LV2_Functions_and_Syscalls	none	none
58	none	sys_ppu_thread_get_page_fault_context	psl1ght	ppu/include/lv2/syscalls.h:SYSCALL_PPU_THREAD_GET_PAGE_FAULT_CONTEXT	none	none
60	none	sys_trace_create	psdevwiki	https://www.psdevwiki.com/ps3/LV2_Functions_and_Syscalls	none	none
61	none	sys_trace_start	psdevwiki	https://www.psdevwiki.com/ps3/LV2_Functions_and_Syscalls	none	none
62	none	sys_trace_stop	psdevwiki	https://www.psdevwiki.com/ps3/LV2_Functions_and_Syscalls	none	none
63	none	sys_trace_update_top_index	psdevwiki	https://www.psdevwiki.com/ps3/LV2_Functions_and_Syscalls	none	none
64	none	sys_trace_destroy	psdevwiki	https://www.psdevwiki.com/ps3/LV2_Functions_and_Syscalls	none	none
65	none	sys_trace_drain	psdevwiki	https://www.psdevwiki.com/ps3/LV2_Functions_and_Syscalls	none	none
66	none	sys_trace_attach_process	psdevwiki	https://www.psdevwiki.com/ps3/LV2_Functions_and_Syscalls	none	none
67	none	sys_trace_allocate_buffer	psdevwiki	https://www.psdevwiki.com/ps3/LV2_Functions_and_Syscalls	none	none
67	none	sys_trace_allocate_buffer	psl1ght	ppu/include/lv2/syscalls.h:SYSCALL_TRACE_ALLOCATE_BUFFER	none	none
68	none	sys_trace_free_buffer	psdevwiki	https://www.psdevwiki.com/ps3/LV2_Functions_and_Syscalls	none	none
68	none	sys_trace_free_buffer	psl1ght	ppu/include/lv2/syscalls.h:SYSCALL_TRACE_FREE_BUFFER	none	none
69	none	sys_trace_create2	psdevwiki	https://www.psdevwiki.com/ps3/LV2_Functions_and_Syscalls	none	none
69	none	sys_trace_create2	psl1ght	ppu/include/lv2/syscalls.h:SYSCALL_TRACE_CREATE2	none	none
70	none	sys_timer_create	cellgov	cellgov_ps3_abi::lv2::syscall::TIMER_CREATE	none	none
70	none	sys_timer_create	psdevwiki	https://www.psdevwiki.com/ps3/LV2_Functions_and_Syscalls	none	none
70	none	sys_timer_create	psl1ght	ppu/include/lv2/syscalls.h:SYSCALL_TIMER_CREATE	none	none
71	none	sys_timer_destroy	cellgov	cellgov_ps3_abi::lv2::syscall::TIMER_DESTROY	none	none
71	none	sys_timer_destroy	psdevwiki	https://www.psdevwiki.com/ps3/LV2_Functions_and_Syscalls	none	none
71	none	sys_timer_destroy	psl1ght	ppu/include/lv2/syscalls.h:SYSCALL_TIMER_DESTROY	none	none
72	none	sys_timer_get_information	psdevwiki	https://www.psdevwiki.com/ps3/LV2_Functions_and_Syscalls	none	none
72	none	sys_timer_get_information	psl1ght	ppu/include/lv2/syscalls.h:SYSCALL_TIMER_GET_INFORMATION	none	none
73	none	sys_timer_start	psdevwiki	https://www.psdevwiki.com/ps3/LV2_Functions_and_Syscalls	none	none
73	none	sys_timer_start	psl1ght	ppu/include/lv2/syscalls.h:SYSCALL_TIMER_START	none	none
74	none	sys_timer_stop	psdevwiki	https://www.psdevwiki.com/ps3/LV2_Functions_and_Syscalls	none	none
74	none	sys_timer_stop	psl1ght	ppu/include/lv2/syscalls.h:SYSCALL_TIMER_STOP	none	none
75	none	sys_timer_connect_event_queue	psdevwiki	https://www.psdevwiki.com/ps3/LV2_Functions_and_Syscalls	none	none
75	none	sys_timer_connect_event_queue	psl1ght	ppu/include/lv2/syscalls.h:SYSCALL_TIMER_CONNECT_EVENT_QUEUE	none	none
76	none	sys_timer_disconnect_event_queue	psdevwiki	https://www.psdevwiki.com/ps3/LV2_Functions_and_Syscalls	none	none
76	none	sys_timer_disconnect_event_queue	psl1ght	ppu/include/lv2/syscalls.h:SYSCALL_TIMER_DISCONNECT_EVENT_QUEUE	none	none
77	none	sys_trace_create2_in_cbepm	psdevwiki	https://www.psdevwiki.com/ps3/LV2_Functions_and_Syscalls	none	none
77	none	sys_trace_create2_in_cbepm	psl1ght	ppu/include/lv2/syscalls.h:SYSCALL_TRACE_CREATE2_IN_CBEPM	none	none
80	none	sys_interrupt_tag_create	psdevwiki	https://www.psdevwiki.com/ps3/LV2_Functions_and_Syscalls	none	none
80	none	sys_interrupt_tag_create	psl1ght	ppu/include/lv2/syscalls.h:SYSCALL_INTERRUPT_TAG_CREATE	none	none
81	none	sys_interrupt_tag_destroy	psdevwiki	https://www.psdevwiki.com/ps3/LV2_Functions_and_Syscalls	none	none
81	none	sys_interrupt_tag_destroy	psl1ght	ppu/include/lv2/syscalls.h:SYSCALL_INTERRUPT_TAG_DESTROY	none	none
82	none	sys_event_flag_create	cellgov	cellgov_ps3_abi::lv2::syscall::EVENT_FLAG_CREATE	none	none
82	none	sys_event_flag_create	psdevwiki	https://www.psdevwiki.com/ps3/LV2_Functions_and_Syscalls	none	none
82	none	sys_event_flag_create	psl1ght	ppu/include/lv2/syscalls.h:SYSCALL_EVENT_FLAG_CREATE	none	none
83	none	sys_event_flag_destroy	cellgov	cellgov_ps3_abi::lv2::syscall::EVENT_FLAG_DESTROY	none	none
83	none	sys_event_flag_destroy	psdevwiki	https://www.psdevwiki.com/ps3/LV2_Functions_and_Syscalls	none	none
83	none	sys_event_flag_destroy	psl1ght	ppu/include/lv2/syscalls.h:SYSCALL_EVENT_FLAG_DESTROY	none	none
84	none	sys_interrupt_thread_establish	psdevwiki	https://www.psdevwiki.com/ps3/LV2_Functions_and_Syscalls	none	none
84	none	sys_interrupt_thread_establish	psl1ght	ppu/include/lv2/syscalls.h:SYSCALL_INTERRUPT_THREAD_ESTABLISH	none	none
85	none	sys_event_flag_wait	cellgov	cellgov_ps3_abi::lv2::syscall::EVENT_FLAG_WAIT	none	none
85	none	sys_event_flag_wait	psdevwiki	https://www.psdevwiki.com/ps3/LV2_Functions_and_Syscalls	none	none
85	none	sys_event_flag_wait	psl1ght	ppu/include/lv2/syscalls.h:SYSCALL_EVENT_FLAG_WAIT	none	none
86	none	sys_event_flag_trywait	cellgov	cellgov_ps3_abi::lv2::syscall::EVENT_FLAG_TRY_WAIT	none	none
86	none	sys_event_flag_trywait	psdevwiki	https://www.psdevwiki.com/ps3/LV2_Functions_and_Syscalls	none	none
86	none	sys_event_flag_trywait	psl1ght	ppu/include/lv2/syscalls.h:SYSCALL_EVENT_FLAG_TRYWAIT	none	none
87	none	sys_event_flag_set	cellgov	cellgov_ps3_abi::lv2::syscall::EVENT_FLAG_SET	none	none
87	none	sys_event_flag_set	psdevwiki	https://www.psdevwiki.com/ps3/LV2_Functions_and_Syscalls	none	none
87	none	sys_event_flag_set	psl1ght	ppu/include/lv2/syscalls.h:SYSCALL_EVENT_FLAG_SET	none	none
88	none	sys_interrupt_thread_eoi	psdevwiki	https://www.psdevwiki.com/ps3/LV2_Functions_and_Syscalls	none	none
88	none	sys_interrupt_thread_eoi	psl1ght	ppu/include/lv2/syscalls.h:SYSCALL_INTERRUPT_THREAD_EOI	none	none
89	none	sys_interrupt_thread_disestablish	psdevwiki	https://www.psdevwiki.com/ps3/LV2_Functions_and_Syscalls	none	none
89	none	sys_interrupt_thread_disestablish	psl1ght	ppu/include/lv2/syscalls.h:SYSCALL_INTERRUPT_THREAD_DISESTABLISH	none	none
90	none	sys_semaphore_create	cellgov	cellgov_ps3_abi::lv2::syscall::SEMAPHORE_CREATE	none	none
90	none	sys_semaphore_create	psdevwiki	https://www.psdevwiki.com/ps3/LV2_Functions_and_Syscalls	none	none
90	none	sys_semaphore_create	psl1ght	ppu/include/lv2/syscalls.h:SYSCALL_SEMAPHORE_CREATE	none	none
91	none	sys_semaphore_destroy	cellgov	cellgov_ps3_abi::lv2::syscall::SEMAPHORE_DESTROY	none	none
91	none	sys_semaphore_destroy	psdevwiki	https://www.psdevwiki.com/ps3/LV2_Functions_and_Syscalls	none	none
91	none	sys_semaphore_destroy	psl1ght	ppu/include/lv2/syscalls.h:SYSCALL_SEMAPHORE_DESTROY	none	none
92	none	sys_semaphore_wait	cellgov	cellgov_ps3_abi::lv2::syscall::SEMAPHORE_WAIT	none	none
92	none	sys_semaphore_wait	psdevwiki	https://www.psdevwiki.com/ps3/LV2_Functions_and_Syscalls	none	none
92	none	sys_semaphore_wait	psl1ght	ppu/include/lv2/syscalls.h:SYSCALL_SEMAPHORE_WAIT	none	none
93	none	sys_semaphore_trywait	cellgov	cellgov_ps3_abi::lv2::syscall::SEMAPHORE_TRY_WAIT	none	none
93	none	sys_semaphore_trywait	psdevwiki	https://www.psdevwiki.com/ps3/LV2_Functions_and_Syscalls	none	none
93	none	sys_semaphore_trywait	psl1ght	ppu/include/lv2/syscalls.h:SYSCALL_SEMAPHORE_TRYWAIT	none	none
94	none	sys_semaphore_post	cellgov	cellgov_ps3_abi::lv2::syscall::SEMAPHORE_POST	none	none
94	none	sys_semaphore_post	psdevwiki	https://www.psdevwiki.com/ps3/LV2_Functions_and_Syscalls	none	none
94	none	sys_semaphore_post	psl1ght	ppu/include/lv2/syscalls.h:SYSCALL_SEMAPHORE_POST	none	none
95	none	sys_lwmutex_create	cellgov	cellgov_ps3_abi::lv2::syscall::LWMUTEX_CREATE	none	none
95	none	_sys_lwmutex_create	psdevwiki	https://www.psdevwiki.com/ps3/LV2_Functions_and_Syscalls	none	none
96	none	sys_lwmutex_destroy	cellgov	cellgov_ps3_abi::lv2::syscall::LWMUTEX_DESTROY	none	none
96	none	_sys_lwmutex_destroy	psdevwiki	https://www.psdevwiki.com/ps3/LV2_Functions_and_Syscalls	none	none
97	none	sys_lwmutex_lock	cellgov	cellgov_ps3_abi::lv2::syscall::LWMUTEX_LOCK	none	none
97	none	_sys_lwmutex_lock	psdevwiki	https://www.psdevwiki.com/ps3/LV2_Functions_and_Syscalls	none	none
98	none	sys_lwmutex_unlock	cellgov	cellgov_ps3_abi::lv2::syscall::LWMUTEX_UNLOCK	none	none
98	none	_sys_lwmutex_unlock	psdevwiki	https://www.psdevwiki.com/ps3/LV2_Functions_and_Syscalls	none	none
99	none	sys_lwmutex_trylock	cellgov	cellgov_ps3_abi::lv2::syscall::LWMUTEX_TRYLOCK	none	none
99	none	_sys_lwmutex_trylock	psdevwiki	https://www.psdevwiki.com/ps3/LV2_Functions_and_Syscalls	none	none
100	none	sys_mutex_create	cellgov	cellgov_ps3_abi::lv2::syscall::MUTEX_CREATE	none	none
100	none	sys_mutex_create	psdevwiki	https://www.psdevwiki.com/ps3/LV2_Functions_and_Syscalls	none	none
100	none	sys_mutex_create	psl1ght	ppu/include/lv2/syscalls.h:SYSCALL_MUTEX_CREATE	none	none
101	none	sys_mutex_destroy	cellgov	cellgov_ps3_abi::lv2::syscall::MUTEX_DESTROY	none	none
101	none	sys_mutex_destroy	psdevwiki	https://www.psdevwiki.com/ps3/LV2_Functions_and_Syscalls	none	none
101	none	sys_mutex_destroy	psl1ght	ppu/include/lv2/syscalls.h:SYSCALL_MUTEX_DESTROY	none	none
102	none	sys_mutex_lock	cellgov	cellgov_ps3_abi::lv2::syscall::MUTEX_LOCK	none	none
102	none	sys_mutex_lock	psdevwiki	https://www.psdevwiki.com/ps3/LV2_Functions_and_Syscalls	none	none
102	none	sys_mutex_lock	psl1ght	ppu/include/lv2/syscalls.h:SYSCALL_MUTEX_LOCK	none	none
103	none	sys_mutex_trylock	cellgov	cellgov_ps3_abi::lv2::syscall::MUTEX_TRYLOCK	none	none
103	none	sys_mutex_trylock	psdevwiki	https://www.psdevwiki.com/ps3/LV2_Functions_and_Syscalls	none	none
103	none	sys_mutex_trylock	psl1ght	ppu/include/lv2/syscalls.h:SYSCALL_MUTEX_TRYLOCK	none	none
104	none	sys_mutex_unlock	cellgov	cellgov_ps3_abi::lv2::syscall::MUTEX_UNLOCK	none	none
104	none	sys_mutex_unlock	psdevwiki	https://www.psdevwiki.com/ps3/LV2_Functions_and_Syscalls	none	none
104	none	sys_mutex_unlock	psl1ght	ppu/include/lv2/syscalls.h:SYSCALL_MUTEX_UNLOCK	none	none
105	none	sys_cond_create	cellgov	cellgov_ps3_abi::lv2::syscall::COND_CREATE	none	none
105	none	sys_cond_create	psdevwiki	https://www.psdevwiki.com/ps3/LV2_Functions_and_Syscalls	none	none
105	none	sys_cond_create	psl1ght	ppu/include/lv2/syscalls.h:SYSCALL_COND_CREATE	none	none
106	none	sys_cond_destroy	cellgov	cellgov_ps3_abi::lv2::syscall::COND_DESTROY	none	none
106	none	sys_cond_destroy	psdevwiki	https://www.psdevwiki.com/ps3/LV2_Functions_and_Syscalls	none	none
106	none	sys_cond_destroy	psl1ght	ppu/include/lv2/syscalls.h:SYSCALL_COND_DESTROY	none	none
107	none	sys_cond_wait	cellgov	cellgov_ps3_abi::lv2::syscall::COND_WAIT	none	none
107	none	sys_cond_wait	psdevwiki	https://www.psdevwiki.com/ps3/LV2_Functions_and_Syscalls	none	none
107	none	sys_cond_wait	psl1ght	ppu/include/lv2/syscalls.h:SYSCALL_COND_WAIT	none	none
108	none	sys_cond_signal	cellgov	cellgov_ps3_abi::lv2::syscall::COND_SIGNAL	none	none
108	none	sys_cond_signal	psdevwiki	https://www.psdevwiki.com/ps3/LV2_Functions_and_Syscalls	none	none
108	none	sys_cond_signal	psl1ght	ppu/include/lv2/syscalls.h:SYSCALL_COND_SIGNAL	none	none
109	none	sys_cond_signal_all	cellgov	cellgov_ps3_abi::lv2::syscall::COND_SIGNAL_ALL	none	none
109	none	sys_cond_signal_all	psdevwiki	https://www.psdevwiki.com/ps3/LV2_Functions_and_Syscalls	none	none
109	none	sys_cond_signal_all	psl1ght	ppu/include/lv2/syscalls.h:SYSCALL_COND_SIGNAL_ALL	none	none
110	none	sys_cond_signal_to	cellgov	cellgov_ps3_abi::lv2::syscall::COND_SIGNAL_TO	none	none
110	none	sys_cond_signal_to	psdevwiki	https://www.psdevwiki.com/ps3/LV2_Functions_and_Syscalls	none	none
110	none	sys_cond_signal_to	psl1ght	ppu/include/lv2/syscalls.h:SYSCALL_COND_SIGNAL_TO	none	none
111	none	_sys_lwcond_create	psdevwiki	https://www.psdevwiki.com/ps3/LV2_Functions_and_Syscalls	none	none
112	none	_sys_lwcond_destroy	psdevwiki	https://www.psdevwiki.com/ps3/LV2_Functions_and_Syscalls	none	none
113	none	_sys_lwcond_queue_wait	psdevwiki	https://www.psdevwiki.com/ps3/LV2_Functions_and_Syscalls	none	none
114	none	sys_semaphore_get_value	cellgov	cellgov_ps3_abi::lv2::syscall::SEMAPHORE_GET_VALUE	none	none
114	none	sys_semaphore_get_value	psdevwiki	https://www.psdevwiki.com/ps3/LV2_Functions_and_Syscalls	none	none
114	none	sys_semaphore_get_value	psl1ght	ppu/include/lv2/syscalls.h:SYSCALL_SEMAPHORE_GET_VALUE	none	none
115	none	_sys_lwcond_signal	psdevwiki	https://www.psdevwiki.com/ps3/LV2_Functions_and_Syscalls	none	none
116	none	_sys_lwcond_signal_all	psdevwiki	https://www.psdevwiki.com/ps3/LV2_Functions_and_Syscalls	none	none
117	none	_sys_lwmutex_unlock2	psdevwiki	https://www.psdevwiki.com/ps3/LV2_Functions_and_Syscalls	none	none
118	none	sys_event_flag_clear	cellgov	cellgov_ps3_abi::lv2::syscall::EVENT_FLAG_CLEAR	none	none
118	none	sys_event_flag_clear	psdevwiki	https://www.psdevwiki.com/ps3/LV2_Functions_and_Syscalls	none	none
118	none	sys_event_flag_clear	psl1ght	ppu/include/lv2/syscalls.h:SYSCALL_EVENT_FLAG_CLEAR	none	none
119	none	sys_time_get_rtc	psdevwiki	https://www.psdevwiki.com/ps3/LV2_Functions_and_Syscalls	none	none
120	none	sys_rwlock_create	cellgov	cellgov_ps3_abi::lv2::syscall::RWLOCK_CREATE	none	none
120	none	sys_rwlock_create	psdevwiki	https://www.psdevwiki.com/ps3/LV2_Functions_and_Syscalls	none	none
120	none	sys_rwlock_create	psl1ght	ppu/include/lv2/syscalls.h:SYSCALL_RWLOCK_CREATE	none	none
121	none	sys_rwlock_destroy	cellgov	cellgov_ps3_abi::lv2::syscall::RWLOCK_DESTROY	none	none
121	none	sys_rwlock_destroy	psdevwiki	https://www.psdevwiki.com/ps3/LV2_Functions_and_Syscalls	none	none
121	none	sys_rwlock_destroy	psl1ght	ppu/include/lv2/syscalls.h:SYSCALL_RWLOCK_DESTROY	none	none
122	none	sys_rwlock_rlock	psdevwiki	https://www.psdevwiki.com/ps3/LV2_Functions_and_Syscalls	none	none
122	none	sys_rwlock_rlock	psl1ght	ppu/include/lv2/syscalls.h:SYSCALL_RWLOCK_RLOCK	none	none
123	none	sys_rwlock_tryrlock	psdevwiki	https://www.psdevwiki.com/ps3/LV2_Functions_and_Syscalls	none	none
123	none	sys_rwlock_tryrlock	psl1ght	ppu/include/lv2/syscalls.h:SYSCALL_RWLOCK_TRYRLOCK	none	none
124	none	sys_rwlock_runlock	psdevwiki	https://www.psdevwiki.com/ps3/LV2_Functions_and_Syscalls	none	none
124	none	sys_rwlock_runlock	psl1ght	ppu/include/lv2/syscalls.h:SYSCALL_RWLOCK_RUNLOCK	none	none
125	none	sys_rwlock_wlock	psdevwiki	https://www.psdevwiki.com/ps3/LV2_Functions_and_Syscalls	none	none
125	none	sys_rwlock_wlock	psl1ght	ppu/include/lv2/syscalls.h:SYSCALL_RWLOCK_WLOCK	none	none
126	none	sys_rwlock_trywlock	psdevwiki	https://www.psdevwiki.com/ps3/LV2_Functions_and_Syscalls	none	none
127	none	sys_rwlock_wunlock	psdevwiki	https://www.psdevwiki.com/ps3/LV2_Functions_and_Syscalls	none	none
127	none	sys_rwlock_wunlock	psl1ght	ppu/include/lv2/syscalls.h:SYSCALL_RWLOCK_WUNLOCK	none	none
128	none	sys_event_queue_create	cellgov	cellgov_ps3_abi::lv2::syscall::EVENT_QUEUE_CREATE	none	none
128	none	sys_event_queue_create	psdevwiki	https://www.psdevwiki.com/ps3/LV2_Functions_and_Syscalls	none	none
128	none	sys_event_queue_create	psl1ght	ppu/include/lv2/syscalls.h:SYSCALL_EVENT_QUEUE_CREATE	none	none
129	none	sys_event_queue_destroy	cellgov	cellgov_ps3_abi::lv2::syscall::EVENT_QUEUE_DESTROY	none	none
129	none	sys_event_queue_destroy	psdevwiki	https://www.psdevwiki.com/ps3/LV2_Functions_and_Syscalls	none	none
129	none	sys_event_queue_destroy	psl1ght	ppu/include/lv2/syscalls.h:SYSCALL_EVENT_QUEUE_DESTROY	none	none
130	none	sys_event_queue_receive	cellgov	cellgov_ps3_abi::lv2::syscall::EVENT_QUEUE_RECEIVE	none	none
130	none	sys_event_queue_receive	psdevwiki	https://www.psdevwiki.com/ps3/LV2_Functions_and_Syscalls	none	none
130	none	sys_event_queue_receive	psl1ght	ppu/include/lv2/syscalls.h:SYSCALL_EVENT_QUEUE_RECEIVE	none	none
131	none	sys_event_queue_tryreceive	cellgov	cellgov_ps3_abi::lv2::syscall::EVENT_QUEUE_TRY_RECEIVE	none	none
131	none	sys_event_queue_tryreceive	psdevwiki	https://www.psdevwiki.com/ps3/LV2_Functions_and_Syscalls	none	none
131	none	sys_event_queue_tryreceive	psl1ght	ppu/include/lv2/syscalls.h:SYSCALL_EVENT_QUEUE_TRYRECEIVE	none	none
132	none	sys_event_flag_cancel	cellgov	cellgov_ps3_abi::lv2::syscall::EVENT_FLAG_CANCEL	none	none
132	none	sys_event_flag_cancel	psdevwiki	https://www.psdevwiki.com/ps3/LV2_Functions_and_Syscalls	none	none
132	none	sys_event_flag_cancel	psl1ght	ppu/include/lv2/syscalls.h:SYSCALL_EVENT_FLAG_CANCEL	none	none
133	none	sys_event_queue_drain	psdevwiki	https://www.psdevwiki.com/ps3/LV2_Functions_and_Syscalls	none	none
133	none	sys_event_queue_drain	psl1ght	ppu/include/lv2/syscalls.h:SYSCALL_EVENT_QUEUE_DRAIN	none	none
134	none	sys_event_port_create	cellgov	cellgov_ps3_abi::lv2::syscall::EVENT_PORT_CREATE	none	none
134	none	sys_event_port_create	psdevwiki	https://www.psdevwiki.com/ps3/LV2_Functions_and_Syscalls	none	none
134	none	sys_event_port_create	psl1ght	ppu/include/lv2/syscalls.h:SYSCALL_EVENT_PORT_CREATE	none	none
135	none	sys_event_port_destroy	cellgov	cellgov_ps3_abi::lv2::syscall::EVENT_PORT_DESTROY	none	none
135	none	sys_event_port_destroy	psdevwiki	https://www.psdevwiki.com/ps3/LV2_Functions_and_Syscalls	none	none
135	none	sys_event_port_destroy	psl1ght	ppu/include/lv2/syscalls.h:SYSCALL_EVENT_PORT_DESTROY	none	none
136	none	sys_event_port_connect_local	cellgov	cellgov_ps3_abi::lv2::syscall::EVENT_PORT_CONNECT_LOCAL	none	none
136	none	sys_event_port_connect_local	psdevwiki	https://www.psdevwiki.com/ps3/LV2_Functions_and_Syscalls	none	none
136	none	sys_event_port_connect_local	psl1ght	ppu/include/lv2/syscalls.h:SYSCALL_EVENT_PORT_CONNECT_LOCAL	none	none
137	none	sys_event_port_disconnect	cellgov	cellgov_ps3_abi::lv2::syscall::EVENT_PORT_DISCONNECT	none	none
137	none	sys_event_port_disconnect	psdevwiki	https://www.psdevwiki.com/ps3/LV2_Functions_and_Syscalls	none	none
137	none	sys_event_port_disconnect	psl1ght	ppu/include/lv2/syscalls.h:SYSCALL_EVENT_PORT_DISCONNECT	none	none
138	none	sys_event_port_send	cellgov	cellgov_ps3_abi::lv2::syscall::EVENT_PORT_SEND	none	none
138	none	sys_event_port_send	psdevwiki	https://www.psdevwiki.com/ps3/LV2_Functions_and_Syscalls	none	none
138	none	sys_event_port_send	psl1ght	ppu/include/lv2/syscalls.h:SYSCALL_EVENT_PORT_SEND	none	none
139	none	sys_event_flag_get	cellgov	cellgov_ps3_abi::lv2::syscall::EVENT_FLAG_GET	none	none
139	none	sys_event_flag_get	psdevwiki	https://www.psdevwiki.com/ps3/LV2_Functions_and_Syscalls	none	none
139	none	sys_event_flag_get	psl1ght	ppu/include/lv2/syscalls.h:SYSCALL_EVENT_FLAG_GET	none	none
140	none	sys_event_port_connect_ipc	cellgov	cellgov_ps3_abi::lv2::syscall::EVENT_PORT_CONNECT_IPC	none	none
140	none	sys_event_port_connect_ipc	psdevwiki	https://www.psdevwiki.com/ps3/LV2_Functions_and_Syscalls	none	none
140	none	sys_event_port_connect_ipc	psl1ght	ppu/include/lv2/syscalls.h:SYSCALL_EVENT_PORT_CONNECT_IPC	none	none
141	none	sys_timer_usleep	cellgov	cellgov_ps3_abi::lv2::syscall::TIMER_USLEEP	none	none
141	none	sys_timer_usleep	psdevwiki	https://www.psdevwiki.com/ps3/LV2_Functions_and_Syscalls	none	none
141	none	sys_timer_usleep	psl1ght	ppu/include/lv2/syscalls.h:SYSCALL_TIMER_USLEEP	none	none
142	none	sys_timer_sleep	cellgov	cellgov_ps3_abi::lv2::syscall::TIMER_SLEEP	none	none
142	none	sys_timer_sleep	psdevwiki	https://www.psdevwiki.com/ps3/LV2_Functions_and_Syscalls	none	none
142	none	sys_timer_sleep	psl1ght	ppu/include/lv2/syscalls.h:SYSCALL_TIMER_SLEEP	none	none
143	none	sys_time_set_timezone	psdevwiki	https://www.psdevwiki.com/ps3/LV2_Functions_and_Syscalls	none	none
144	none	sys_time_get_timezone	cellgov	cellgov_ps3_abi::lv2::syscall::TIME_GET_TIMEZONE	none	none
144	none	sys_time_get_timezone	psdevwiki	https://www.psdevwiki.com/ps3/LV2_Functions_and_Syscalls	none	none
145	none	sys_time_get_current_time	cellgov	cellgov_ps3_abi::lv2::syscall::TIME_GET_CURRENT_TIME	none	none
145	none	sys_time_get_current_time	psdevwiki	https://www.psdevwiki.com/ps3/LV2_Functions_and_Syscalls	none	none
145	none	sys_time_get_current_time	psl1ght	ppu/include/lv2/syscalls.h:SYSCALL_TIME_GET_CURRENT_TIME	none	none
146	none	sys_time_set_current_time	psdevwiki	https://www.psdevwiki.com/ps3/LV2_Functions_and_Syscalls	none	none
146	none	sys_time_set_current_time	psl1ght	ppu/include/lv2/syscalls.h:SYSCALL_TIME_SET_CURRENT_TIME	none	none
147	none	sys_time_get_timebase_frequency	cellgov	cellgov_ps3_abi::lv2::syscall::TIME_GET_TIMEBASE_FREQUENCY	none	none
147	none	sys_time_get_timebase_frequency	psdevwiki	https://www.psdevwiki.com/ps3/LV2_Functions_and_Syscalls	none	none
147	none	sys_time_get_timebase_frequency	psl1ght	ppu/include/lv2/syscalls.h:SYSCALL_TIME_GET_TIMEBASE_FREQUENCY	none	none
148	none	sys_rwlock_trywlock	psdevwiki	https://www.psdevwiki.com/ps3/LV2_Functions_and_Syscalls	none	none
148	none	sys_rwlock_trywlock	psl1ght	ppu/include/lv2/syscalls.h:SYSCALL_RWLOCK_TRYWLOCK	none	none
150	none	sys_raw_spu_create_interrupt_tag	psdevwiki	https://www.psdevwiki.com/ps3/LV2_Functions_and_Syscalls	none	none
150	none	sys_spu_create_interrupt_tag	psl1ght	ppu/include/lv2/syscalls.h:SYSCALL_SPU_CREATE_INTERRUPT_TAG	none	none
151	none	sys_raw_spu_set_int_mask	psdevwiki	https://www.psdevwiki.com/ps3/LV2_Functions_and_Syscalls	none	none
151	none	sys_spu_set_int_mask	psl1ght	ppu/include/lv2/syscalls.h:SYSCALL_SPU_SET_INT_MASK	none	none
152	none	sys_raw_spu_get_int_mask	psdevwiki	https://www.psdevwiki.com/ps3/LV2_Functions_and_Syscalls	none	none
152	none	sys_spu_get_int_mask	psl1ght	ppu/include/lv2/syscalls.h:SYSCALL_SPU_GET_INT_MASK	none	none
153	none	sys_raw_spu_set_int_stat	psdevwiki	https://www.psdevwiki.com/ps3/LV2_Functions_and_Syscalls	none	none
153	none	sys_spu_set_int_stat	psl1ght	ppu/include/lv2/syscalls.h:SYSCALL_SPU_SET_INT_STAT	none	none
154	none	sys_raw_spu_get_int_stat	psdevwiki	https://www.psdevwiki.com/ps3/LV2_Functions_and_Syscalls	none	none
154	none	sys_spu_get_int_stat	psl1ght	ppu/include/lv2/syscalls.h:SYSCALL_SPU_GET_INT_STAT	none	none
155	none	sys_spu_image_get_information	psdevwiki	https://www.psdevwiki.com/ps3/LV2_Functions_and_Syscalls	none	none
156	none	sys_spu_image_open	cellgov	cellgov_ps3_abi::lv2::syscall::SPU_IMAGE_OPEN	none	none
156	none	sys_spu_image_open	psdevwiki	https://www.psdevwiki.com/ps3/LV2_Functions_and_Syscalls	none	none
156	none	sys_spu_image_open	psl1ght	ppu/include/lv2/syscalls.h:SYSCALL_SPU_IMAGE_OPEN	none	none
157	none	sys_spu_image_import	psdevwiki	https://www.psdevwiki.com/ps3/LV2_Functions_and_Syscalls	none	none
158	none	sys_spu_image_import	cellgov	cellgov_ps3_abi::lv2::syscall::SPU_IMAGE_IMPORT	none	none
158	none	sys_spu_image_close	psdevwiki	https://www.psdevwiki.com/ps3/LV2_Functions_and_Syscalls	none	none
159	none	sys_spu_image_get_segments	psdevwiki	https://www.psdevwiki.com/ps3/LV2_Functions_and_Syscalls	none	none
160	none	sys_raw_spu_create	psdevwiki	https://www.psdevwiki.com/ps3/LV2_Functions_and_Syscalls	none	none
160	none	sys_spu_create	psl1ght	ppu/include/lv2/syscalls.h:SYSCALL_SPU_CREATE	none	none
161	none	sys_raw_spu_destroy	psdevwiki	https://www.psdevwiki.com/ps3/LV2_Functions_and_Syscalls	none	none
161	none	sys_spu_destroy	psl1ght	ppu/include/lv2/syscalls.h:SYSCALL_SPU_DESTROY	none	none
163	none	sys_raw_spu_read_puint_mb	psdevwiki	https://www.psdevwiki.com/ps3/LV2_Functions_and_Syscalls	none	none
163	none	sys_spu_read_puint_mb	psl1ght	ppu/include/lv2/syscalls.h:SYSCALL_SPU_READ_PUINT_MB	none	none
165	none	sys_spu_thread_get_exit_status	psdevwiki	https://www.psdevwiki.com/ps3/LV2_Functions_and_Syscalls	none	none
165	none	sys_spu_thread_get_exit_status	psl1ght	ppu/include/lv2/syscalls.h:SYSCALL_SPU_THREAD_GET_EXIT_STATUS	none	none
166	none	sys_spu_thread_set_argument	psdevwiki	https://www.psdevwiki.com/ps3/LV2_Functions_and_Syscalls	none	none
166	none	sys_spu_thread_set_argument	psl1ght	ppu/include/lv2/syscalls.h:SYSCALL_SPU_THREAD_SET_ARGUMENT	none	none
167	none	sys_spu_thread_group_start_on_exit	psdevwiki	https://www.psdevwiki.com/ps3/LV2_Functions_and_Syscalls	none	none
167	none	sys_spu_thread_group_start_on_exit	psl1ght	ppu/include/lv2/syscalls.h:SYSCALL_SPU_THREAD_GROUP_START_ON_EXIT	none	none
169	none	sys_spu_initialize	cellgov	cellgov_ps3_abi::lv2::syscall::SPU_INITIALIZE	none	none
169	none	sys_spu_initialize	psdevwiki	https://www.psdevwiki.com/ps3/LV2_Functions_and_Syscalls	none	none
169	none	sys_spu_initialize	psl1ght	ppu/include/lv2/syscalls.h:SYSCALL_SPU_INITIALIZE	none	none
170	none	sys_spu_thread_group_create	cellgov	cellgov_ps3_abi::lv2::syscall::SPU_THREAD_GROUP_CREATE	none	none
170	none	sys_spu_thread_group_create	psdevwiki	https://www.psdevwiki.com/ps3/LV2_Functions_and_Syscalls	none	none
170	none	sys_spu_thread_group_create	psl1ght	ppu/include/lv2/syscalls.h:SYSCALL_SPU_THREAD_GROUP_CREATE	none	none
171	none	sys_spu_thread_group_destroy	cellgov	cellgov_ps3_abi::lv2::syscall::SPU_THREAD_GROUP_DESTROY	none	none
171	none	sys_spu_thread_group_destroy	psdevwiki	https://www.psdevwiki.com/ps3/LV2_Functions_and_Syscalls	none	none
171	none	sys_spu_thread_group_destroy	psl1ght	ppu/include/lv2/syscalls.h:SYSCALL_SPU_THREAD_GROUP_DESTROY	none	none
172	none	sys_spu_thread_initialize	cellgov	cellgov_ps3_abi::lv2::syscall::SPU_THREAD_INITIALIZE	none	none
172	none	sys_spu_thread_initialize	psdevwiki	https://www.psdevwiki.com/ps3/LV2_Functions_and_Syscalls	none	none
172	none	sys_spu_thread_initialize	psl1ght	ppu/include/lv2/syscalls.h:SYSCALL_SPU_THREAD_INITIALIZE	none	none
173	none	sys_spu_thread_group_start	cellgov	cellgov_ps3_abi::lv2::syscall::SPU_THREAD_GROUP_START	none	none
173	none	sys_spu_thread_group_start	psdevwiki	https://www.psdevwiki.com/ps3/LV2_Functions_and_Syscalls	none	none
173	none	sys_spu_thread_group_start	psl1ght	ppu/include/lv2/syscalls.h:SYSCALL_SPU_THREAD_GROUP_START	none	none
174	none	sys_spu_thread_group_suspend	psdevwiki	https://www.psdevwiki.com/ps3/LV2_Functions_and_Syscalls	none	none
174	none	sys_spu_thread_group_suspend	psl1ght	ppu/include/lv2/syscalls.h:SYSCALL_SPU_THREAD_GROUP_SUSPEND	none	none
175	none	sys_spu_thread_group_resume	psdevwiki	https://www.psdevwiki.com/ps3/LV2_Functions_and_Syscalls	none	none
175	none	sys_spu_thread_group_resume	psl1ght	ppu/include/lv2/syscalls.h:SYSCALL_SPU_THREAD_GROUP_RESUME	none	none
176	none	sys_spu_thread_group_yield	psdevwiki	https://www.psdevwiki.com/ps3/LV2_Functions_and_Syscalls	none	none
176	none	sys_spu_thread_group_yield	psl1ght	ppu/include/lv2/syscalls.h:SYSCALL_SPU_THREAD_GROUP_YIELD	none	none
177	none	sys_spu_thread_group_terminate	cellgov	cellgov_ps3_abi::lv2::syscall::SPU_THREAD_GROUP_TERMINATE	none	none
177	none	sys_spu_thread_group_terminate	psdevwiki	https://www.psdevwiki.com/ps3/LV2_Functions_and_Syscalls	none	none
177	none	sys_spu_thread_group_terminate	psl1ght	ppu/include/lv2/syscalls.h:SYSCALL_SPU_THREAD_GROUP_TERMINATE	none	none
178	none	sys_spu_thread_group_join	cellgov	cellgov_ps3_abi::lv2::syscall::SPU_THREAD_GROUP_JOIN	none	none
178	none	sys_spu_thread_group_join	psdevwiki	https://www.psdevwiki.com/ps3/LV2_Functions_and_Syscalls	none	none
178	none	sys_spu_thread_group_join	psl1ght	ppu/include/lv2/syscalls.h:SYSCALL_SPU_THREAD_GROUP_JOIN	none	none
179	none	sys_spu_thread_group_set_priority	psdevwiki	https://www.psdevwiki.com/ps3/LV2_Functions_and_Syscalls	none	none
179	none	sys_spu_thread_group_set_priority	psl1ght	ppu/include/lv2/syscalls.h:SYSCALL_SPU_THREAD_GROUP_SET_PRIORITY	none	none
180	none	sys_spu_thread_group_get_priority	psdevwiki	https://www.psdevwiki.com/ps3/LV2_Functions_and_Syscalls	none	none
180	none	sys_spu_thread_group_get_priority	psl1ght	ppu/include/lv2/syscalls.h:SYSCALL_SPU_THREAD_GROUP_GET_PRIORITY	none	none
181	none	sys_spu_thread_write_ls	psdevwiki	https://www.psdevwiki.com/ps3/LV2_Functions_and_Syscalls	none	none
181	none	sys_spu_thread_write_ls	psl1ght	ppu/include/lv2/syscalls.h:SYSCALL_SPU_THREAD_WRITE_LS	none	none
182	none	sys_spu_thread_read_ls	psdevwiki	https://www.psdevwiki.com/ps3/LV2_Functions_and_Syscalls	none	none
182	none	sys_spu_thread_read_ls	psl1ght	ppu/include/lv2/syscalls.h:SYSCALL_SPU_THREAD_READ_LS	none	none
184	none	sys_spu_thread_write_snr	psdevwiki	https://www.psdevwiki.com/ps3/LV2_Functions_and_Syscalls	none	none
184	none	sys_spu_thread_write_snr	psl1ght	ppu/include/lv2/syscalls.h:SYSCALL_SPU_THREAD_WRITE_SNR	none	none
185	none	sys_spu_thread_group_connect_event	psdevwiki	https://www.psdevwiki.com/ps3/LV2_Functions_and_Syscalls	none	none
185	none	sys_spu_thread_group_connect_event	psl1ght	ppu/include/lv2/syscalls.h:SYSCALL_SPU_THREAD_GROUP_CONNECT_EVENT	none	none
186	none	sys_spu_thread_group_disconnect_event	psdevwiki	https://www.psdevwiki.com/ps3/LV2_Functions_and_Syscalls	none	none
186	none	sys_spu_thread_group_disconnect_event	psl1ght	ppu/include/lv2/syscalls.h:SYSCALL_SPU_THREAD_GROUP_DISCONNECT_EVENT	none	none
187	none	sys_spu_thread_set_spu_cfg	psdevwiki	https://www.psdevwiki.com/ps3/LV2_Functions_and_Syscalls	none	none
187	none	sys_spu_thread_set_spu_cfg	psl1ght	ppu/include/lv2/syscalls.h:SYSCALL_SPU_THREAD_SET_SPU_CFG	none	none
188	none	sys_spu_thread_get_spu_cfg	psdevwiki	https://www.psdevwiki.com/ps3/LV2_Functions_and_Syscalls	none	none
188	none	sys_spu_thread_get_spu_cfg	psl1ght	ppu/include/lv2/syscalls.h:SYSCALL_SPU_THREAD_GET_SPU_CFG	none	none
190	none	sys_spu_thread_write_ls_mb	cellgov	cellgov_ps3_abi::lv2::syscall::SPU_THREAD_WRITE_MB	none	none
190	none	sys_spu_thread_write_spu_mb	psdevwiki	https://www.psdevwiki.com/ps3/LV2_Functions_and_Syscalls	none	none
190	none	sys_spu_thread_write_spu_mb	psl1ght	ppu/include/lv2/syscalls.h:SYSCALL_SPU_THREAD_WRITE_SPU_MB	none	none
191	none	sys_spu_thread_connect_event	psdevwiki	https://www.psdevwiki.com/ps3/LV2_Functions_and_Syscalls	none	none
191	none	sys_spu_thread_connect_event	psl1ght	ppu/include/lv2/syscalls.h:SYSCALL_SPU_THREAD_CONNECT_EVENT	none	none
192	none	sys_spu_thread_disconnect_event	psdevwiki	https://www.psdevwiki.com/ps3/LV2_Functions_and_Syscalls	none	none
192	none	sys_spu_thread_disconnect_event	psl1ght	ppu/include/lv2/syscalls.h:SYSCALL_SPU_THREAD_DISCONNECT_EVENT	none	none
193	none	sys_spu_thread_bind_queue	psdevwiki	https://www.psdevwiki.com/ps3/LV2_Functions_and_Syscalls	none	none
193	none	sys_spu_thread_bind_queue	psl1ght	ppu/include/lv2/syscalls.h:SYSCALL_SPU_THREAD_BIND_QUEUE	none	none
194	none	sys_spu_thread_unbind_queue	psdevwiki	https://www.psdevwiki.com/ps3/LV2_Functions_and_Syscalls	none	none
194	none	sys_spu_thread_unbind_queue	psl1ght	ppu/include/lv2/syscalls.h:SYSCALL_SPU_THREAD_UNBIND_QUEUE	none	none
196	none	sys_raw_spu_set_spu_cfg	psdevwiki	https://www.psdevwiki.com/ps3/LV2_Functions_and_Syscalls	none	none
196	none	sys_spu_set_spu_cfg	psl1ght	ppu/include/lv2/syscalls.h:SYSCALL_SPU_SET_SPU_CFG	none	none
197	none	sys_raw_spu_get_spu_cfg	psdevwiki	https://www.psdevwiki.com/ps3/LV2_Functions_and_Syscalls	none	none
197	none	sys_spu_get_spu_cfg	psl1ght	ppu/include/lv2/syscalls.h:SYSCALL_SPU_GET_SPU_CFG	none	none
198	none	sys_spu_thread_recover_page_fault	psdevwiki	https://www.psdevwiki.com/ps3/LV2_Functions_and_Syscalls	none	none
198	none	sys_spu_thread_recover_page_fault	psl1ght	ppu/include/lv2/syscalls.h:SYSCALL_SPU_THREAD_RECOVER_PAGE_FAULT	none	none
199	none	sys_raw_spu_recover_page_fault	psdevwiki	https://www.psdevwiki.com/ps3/LV2_Functions_and_Syscalls	none	none
199	none	sys_spu_recover_page_fault	psl1ght	ppu/include/lv2/syscalls.h:SYSCALL_SPU_RECOVER_PAGE_FAULT	none	none
215	none	sys_dbg_mat_set_condition	psdevwiki	https://www.psdevwiki.com/ps3/LV2_Functions_and_Syscalls	none	none
216	none	sys_dbg_mat_get_condition	psdevwiki	https://www.psdevwiki.com/ps3/LV2_Functions_and_Syscalls	none	none
230	none	sys_isolated_spu_create	psdevwiki	https://www.psdevwiki.com/ps3/LV2_Functions_and_Syscalls	none	none
231	none	sys_isolated_spu_destroy	psdevwiki	https://www.psdevwiki.com/ps3/LV2_Functions_and_Syscalls	none	none
232	none	sys_isolated_spu_start	psdevwiki	https://www.psdevwiki.com/ps3/LV2_Functions_and_Syscalls	none	none
233	none	sys_isolated_spu_create_interrupt_tag	psdevwiki	https://www.psdevwiki.com/ps3/LV2_Functions_and_Syscalls	none	none
234	none	sys_isolated_spu_set_int_mask	psdevwiki	https://www.psdevwiki.com/ps3/LV2_Functions_and_Syscalls	none	none
235	none	sys_isolated_spu_get_int_mask	psdevwiki	https://www.psdevwiki.com/ps3/LV2_Functions_and_Syscalls	none	none
236	none	sys_isolated_spu_set_int_stat	psdevwiki	https://www.psdevwiki.com/ps3/LV2_Functions_and_Syscalls	none	none
237	none	sys_isolated_spu_get_int_stat	psdevwiki	https://www.psdevwiki.com/ps3/LV2_Functions_and_Syscalls	none	none
238	none	sys_isolated_spu_set_spu_cfg	psdevwiki	https://www.psdevwiki.com/ps3/LV2_Functions_and_Syscalls	none	none
239	none	sys_isolated_spu_get_spu_cfg	psdevwiki	https://www.psdevwiki.com/ps3/LV2_Functions_and_Syscalls	none	none
240	none	sys_isolated_spu_read_puint_mb	psdevwiki	https://www.psdevwiki.com/ps3/LV2_Functions_and_Syscalls	none	none
244	none	sys_spu_thread_group_system_set_next_group	psdevwiki	https://www.psdevwiki.com/ps3/LV2_Functions_and_Syscalls	none	none
245	none	sys_spu_thread_group_system_unset_next_group	psdevwiki	https://www.psdevwiki.com/ps3/LV2_Functions_and_Syscalls	none	none
246	none	sys_spu_thread_group_system_set_switch_group	psdevwiki	https://www.psdevwiki.com/ps3/LV2_Functions_and_Syscalls	none	none
247	none	sys_spu_thread_group_system_unset_switch_group	psdevwiki	https://www.psdevwiki.com/ps3/LV2_Functions_and_Syscalls	none	none
250	none	sys_spu_thread_group_set_cooperative_victims	psdevwiki	https://www.psdevwiki.com/ps3/LV2_Functions_and_Syscalls	none	none
250	none	sys_spu_thread_group_set_cooperative_victims	psl1ght	ppu/include/lv2/syscalls.h:SYSCALL_SPU_THREAD_GROUP_SET_COOPERATIVE_VICTIMS	none	none
251	none	sys_spu_thread_group_connect_event_all_threads	psdevwiki	https://www.psdevwiki.com/ps3/LV2_Functions_and_Syscalls	none	none
251	none	sys_spu_thread_group_connect_event_all_threads	psl1ght	ppu/include/lv2/syscalls.h:SYSCALL_SPU_THREAD_GROUP_CONNECT_EVENT_ALL_THREADS	none	none
252	none	sys_spu_thread_group_disconnect_event_all_threads	psdevwiki	https://www.psdevwiki.com/ps3/LV2_Functions_and_Syscalls	none	none
252	none	sys_spu_thread_group_disconnect_event_all_threads	psl1ght	ppu/include/lv2/syscalls.h:SYSCALL_SPU_THREAD_GROUP_DISCONNECT_EVENT_ALL_THREADS	none	none
253	none	sys_spu_thread_group_get_cooperative_information	psdevwiki	https://www.psdevwiki.com/ps3/LV2_Functions_and_Syscalls	none	none
254	none	sys_spu_thread_group_log	psdevwiki	https://www.psdevwiki.com/ps3/LV2_Functions_and_Syscalls	none	none
254	none	sys_spu_thread_group_log	psl1ght	ppu/include/lv2/syscalls.h:SYSCALL_SPU_THREAD_GROUP_LOG	none	none
260	none	sys_spu_image_open_by_fd	psdevwiki	https://www.psdevwiki.com/ps3/LV2_Functions_and_Syscalls	none	none
260	none	sys_spu_image_open_by_fd	psl1ght	ppu/include/lv2/syscalls.h:SYSCALL_SPU_IMAGE_OPEN_BY_FD	none	none
300	none	sys_vm_memory_map	psdevwiki	https://www.psdevwiki.com/ps3/LV2_Functions_and_Syscalls	none	none
300	none	sys_vm_memory_map	psl1ght	ppu/include/lv2/syscalls.h:SYSCALL_VM_MEMORY_MAP	none	none
301	none	sys_vm_unmap	psdevwiki	https://www.psdevwiki.com/ps3/LV2_Functions_and_Syscalls	none	none
301	none	sys_vm_unmap	psl1ght	ppu/include/lv2/syscalls.h:SYSCALL_VM_UNMAP	none	none
302	none	sys_vm_append_memory	psdevwiki	https://www.psdevwiki.com/ps3/LV2_Functions_and_Syscalls	none	none
302	none	sys_vm_append_memory	psl1ght	ppu/include/lv2/syscalls.h:SYSCALL_VM_APPEND_MEMORY	none	none
303	none	sys_vm_return_memory	psdevwiki	https://www.psdevwiki.com/ps3/LV2_Functions_and_Syscalls	none	none
303	none	sys_vm_return_memory	psl1ght	ppu/include/lv2/syscalls.h:SYSCALL_VM_RETURN_MEMORY	none	none
304	none	sys_vm_lock	psdevwiki	https://www.psdevwiki.com/ps3/LV2_Functions_and_Syscalls	none	none
304	none	sys_vm_lock	psl1ght	ppu/include/lv2/syscalls.h:SYSCALL_VM_LOCK	none	none
305	none	sys_vm_unlock	psdevwiki	https://www.psdevwiki.com/ps3/LV2_Functions_and_Syscalls	none	none
305	none	sys_vm_unlock	psl1ght	ppu/include/lv2/syscalls.h:SYSCALL_VM_UNLOCK	none	none
306	none	sys_vm_touch	psdevwiki	https://www.psdevwiki.com/ps3/LV2_Functions_and_Syscalls	none	none
306	none	sys_vm_touch	psl1ght	ppu/include/lv2/syscalls.h:SYSCALL_VM_TOUCH	none	none
307	none	sys_vm_flush	psdevwiki	https://www.psdevwiki.com/ps3/LV2_Functions_and_Syscalls	none	none
307	none	sys_vm_flush	psl1ght	ppu/include/lv2/syscalls.h:SYSCALL_VM_FLUSH	none	none
308	none	sys_vm_invalidate	psdevwiki	https://www.psdevwiki.com/ps3/LV2_Functions_and_Syscalls	none	none
308	none	sys_vm_invalidate	psl1ght	ppu/include/lv2/syscalls.h:SYSCALL_VM_INVALIDATE	none	none
309	none	sys_vm_store	psdevwiki	https://www.psdevwiki.com/ps3/LV2_Functions_and_Syscalls	none	none
309	none	sys_vm_store	psl1ght	ppu/include/lv2/syscalls.h:SYSCALL_VM_STORE	none	none
310	none	sys_vm_sync	psdevwiki	https://www.psdevwiki.com/ps3/LV2_Functions_and_Syscalls	none	none
310	none	sys_vm_sync	psl1ght	ppu/include/lv2/syscalls.h:SYSCALL_VM_SYNC	none	none
311	none	sys_vm_test	psdevwiki	https://www.psdevwiki.com/ps3/LV2_Functions_and_Syscalls	none	none
311	none	sys_vm_test	psl1ght	ppu/include/lv2/syscalls.h:SYSCALL_VM_TEST	none	none
312	none	sys_vm_get_statistics	psdevwiki	https://www.psdevwiki.com/ps3/LV2_Functions_and_Syscalls	none	none
312	none	sys_vm_get_statistics	psl1ght	ppu/include/lv2/syscalls.h:SYSCALL_VM_GET_STATISTICS	none	none
324	none	sys_memory_container_create	cellgov	cellgov_ps3_abi::lv2::syscall::MEMORY_CONTAINER_CREATE_324	none	none
324	none	sys_memory_container_create	psdevwiki	https://www.psdevwiki.com/ps3/LV2_Functions_and_Syscalls	none	none
324	none	sys_memory_container_create	psl1ght	ppu/include/lv2/syscalls.h:SYSCALL_MEMORY_CONTAINER_CREATE	none	none
325	none	sys_memory_container_destroy	psdevwiki	https://www.psdevwiki.com/ps3/LV2_Functions_and_Syscalls	none	none
325	none	sys_memory_container_destroy	psl1ght	ppu/include/lv2/syscalls.h:SYSCALL_MEMORY_CONTAINER_DESTROY	none	none
326	none	sys_mmapper_allocate_fixed_address	psdevwiki	https://www.psdevwiki.com/ps3/LV2_Functions_and_Syscalls	none	none
326	none	sys_mmapper_allocate_fixed_address	psl1ght	ppu/include/lv2/syscalls.h:SYSCALL_MMAPPER_ALLOCATE_FIXED_ADDRESS	none	none
327	none	sys_mmapper_enable_page_fault_notification	psdevwiki	https://www.psdevwiki.com/ps3/LV2_Functions_and_Syscalls	none	none
327	none	sys_mmapper_enable_page_fault_notification	psl1ght	ppu/include/lv2/syscalls.h:SYSCALL_MMAPPER_ENABLE_PAGE_FAULT_NOTIFICATION	none	none
328	none	sys_mmapper_allocate_shared_memory_from_container_ext	psdevwiki	https://www.psdevwiki.com/ps3/LV2_Functions_and_Syscalls	none	none
329	none	sys_mmapper_free_shared_memory	psdevwiki	https://www.psdevwiki.com/ps3/LV2_Functions_and_Syscalls	none	none
330	none	sys_mmapper_allocate_address	cellgov	cellgov_ps3_abi::lv2::syscall::MMAPPER_ALLOCATE_ADDRESS	none	none
330	none	sys_mmapper_allocate_address	psdevwiki	https://www.psdevwiki.com/ps3/LV2_Functions_and_Syscalls	none	none
330	none	sys_mmapper_allocate_address	psl1ght	ppu/include/lv2/syscalls.h:SYSCALL_MMAPPER_ALLOCATE_ADDRESS	none	none
331	none	sys_mmapper_free_address	psdevwiki	https://www.psdevwiki.com/ps3/LV2_Functions_and_Syscalls	none	none
331	none	sys_mmapper_free_address	psl1ght	ppu/include/lv2/syscalls.h:SYSCALL_MMAPPER_FREE_ADDRESS	none	none
332	none	sys_mmapper_allocate_shared_memory	cellgov	cellgov_ps3_abi::lv2::syscall::MMAPPER_ALLOCATE_SHARED_MEMORY	none	none
332	none	sys_mmapper_allocate_shared_memory	psdevwiki	https://www.psdevwiki.com/ps3/LV2_Functions_and_Syscalls	none	none
333	none	sys_mmapper_set_shared_memory_flag	psdevwiki	https://www.psdevwiki.com/ps3/LV2_Functions_and_Syscalls	none	none
334	none	sys_mmapper_map_shared_memory	cellgov	cellgov_ps3_abi::lv2::syscall::MMAPPER_MAP_SHARED_MEMORY	none	none
334	none	sys_mmapper_map_shared_memory	psdevwiki	https://www.psdevwiki.com/ps3/LV2_Functions_and_Syscalls	none	none
335	none	sys_mmapper_unmap_shared_memory	psdevwiki	https://www.psdevwiki.com/ps3/LV2_Functions_and_Syscalls	none	none
336	none	sys_mmapper_change_address_access_right	psdevwiki	https://www.psdevwiki.com/ps3/LV2_Functions_and_Syscalls	none	none
336	none	sys_mmapper_change_address_access_right	psl1ght	ppu/include/lv2/syscalls.h:SYSCALL_MMAPPER_CHANGE_ADDRESS_ACCESS_RIGHT	none	none
337	none	sys_mmapper_search_and_map	cellgov	cellgov_ps3_abi::lv2::syscall::MMAPPER_SEARCH_AND_MAP	none	none
337	none	sys_mmapper_search_and_map	psdevwiki	https://www.psdevwiki.com/ps3/LV2_Functions_and_Syscalls	none	none
337	none	sys_mmapper_search_and_map	psl1ght	ppu/include/lv2/syscalls.h:SYSCALL_MMAPPER_SEARCH_AND_MAP	none	none
338	none	sys_mmapper_get_shared_memory_attribute	psdevwiki	https://www.psdevwiki.com/ps3/LV2_Functions_and_Syscalls	none	none
339	none	sys_mmapper_allocate_shared_memory_ext	cellgov	cellgov_ps3_abi::lv2::syscall::MMAPPER_ALLOCATE_SHARED_MEMORY_EXT	none	none
339	none	sys_mmapper_allocate_shared_memory_ext	psdevwiki	https://www.psdevwiki.com/ps3/LV2_Functions_and_Syscalls	none	none
341	none	sys_memory_container_create	cellgov	cellgov_ps3_abi::lv2::syscall::MEMORY_CONTAINER_CREATE	none	none
341	none	_sys_memory_container_create	psdevwiki	https://www.psdevwiki.com/ps3/LV2_Functions_and_Syscalls	none	none
342	none	sys_memory_container_destroy	psdevwiki	https://www.psdevwiki.com/ps3/LV2_Functions_and_Syscalls	none	none
343	none	sys_memory_container_get_size	psdevwiki	https://www.psdevwiki.com/ps3/LV2_Functions_and_Syscalls	none	none
343	none	sys_memory_container_get_size	psl1ght	ppu/include/lv2/syscalls.h:SYSCALL_MEMORY_CONTAINER_GET_SIZE	none	none
344	none	sys_memory_budget_set	psdevwiki	https://www.psdevwiki.com/ps3/LV2_Functions_and_Syscalls	none	none
348	none	sys_memory_allocate	cellgov	cellgov_ps3_abi::lv2::syscall::MEMORY_ALLOCATE	none	none
348	none	sys_memory_allocate	psdevwiki	https://www.psdevwiki.com/ps3/LV2_Functions_and_Syscalls	none	none
348	none	sys_memory_allocate	psl1ght	ppu/include/lv2/syscalls.h:SYSCALL_MEMORY_ALLOCATE	none	none
349	none	sys_memory_free	cellgov	cellgov_ps3_abi::lv2::syscall::MEMORY_FREE	none	none
349	none	sys_memory_free	psdevwiki	https://www.psdevwiki.com/ps3/LV2_Functions_and_Syscalls	none	none
349	none	sys_memory_free	psl1ght	ppu/include/lv2/syscalls.h:SYSCALL_MEMORY_FREE	none	none
350	none	sys_memory_allocate_from_container	cellgov	cellgov_ps3_abi::lv2::syscall::MEMORY_ALLOCATE_FROM_CONTAINER	none	none
350	none	sys_memory_allocate_from_container	psdevwiki	https://www.psdevwiki.com/ps3/LV2_Functions_and_Syscalls	none	none
350	none	sys_memory_allocate_from_container	psl1ght	ppu/include/lv2/syscalls.h:SYSCALL_MEMORY_ALLOCATE_FROM_CONTAINER	none	none
351	none	sys_memory_get_page_attribute	psdevwiki	https://www.psdevwiki.com/ps3/LV2_Functions_and_Syscalls	none	none
351	none	sys_memory_get_page_attribute	psl1ght	ppu/include/lv2/syscalls.h:SYSCALL_MEMORY_GET_PAGE_ATTRIBUTE	none	none
352	none	sys_memory_get_user_memory_size	cellgov	cellgov_ps3_abi::lv2::syscall::MEMORY_GET_USER_MEMORY_SIZE	none	none
352	none	sys_memory_get_user_memory_size	psdevwiki	https://www.psdevwiki.com/ps3/LV2_Functions_and_Syscalls	none	none
352	none	sys_memory_get_user_memory_size	psl1ght	ppu/include/lv2/syscalls.h:SYSCALL_MEMORY_GET_USER_MEMORY_SIZE	none	none
353	none	sys_memory_get_user_memory_stat	psdevwiki	https://www.psdevwiki.com/ps3/LV2_Functions_and_Syscalls	none	none
356	none	sys_memory_allocate_colored	psdevwiki	https://www.psdevwiki.com/ps3/LV2_Functions_and_Syscalls	none	none
361	none	sys_memory_allocate_from_container_colored	psdevwiki	https://www.psdevwiki.com/ps3/LV2_Functions_and_Syscalls	none	none
362	none	sys_mmapper_allocate_shared_memory_from_container	cellgov	cellgov_ps3_abi::lv2::syscall::MMAPPER_ALLOCATE_SHARED_MEMORY_FROM_CONTAINER	none	none
362	none	sys_mmapper_allocate_memory_from_container	psdevwiki	https://www.psdevwiki.com/ps3/LV2_Functions_and_Syscalls	none	none
367	none	sys_uart_initialize	cellgov	cellgov_ps3_abi::lv2::syscall::UART_INITIALIZE	none	none
367	none	sys_uart_initialize	psdevwiki	https://www.psdevwiki.com/ps3/LV2_Functions_and_Syscalls	none	none
368	none	sys_uart_receive	cellgov	cellgov_ps3_abi::lv2::syscall::UART_RECEIVE	none	none
368	none	sys_uart_receive	psdevwiki	https://www.psdevwiki.com/ps3/LV2_Functions_and_Syscalls	none	none
369	none	sys_uart_send	cellgov	cellgov_ps3_abi::lv2::syscall::UART_SEND	none	none
369	none	sys_uart_send	psdevwiki	https://www.psdevwiki.com/ps3/LV2_Functions_and_Syscalls	none	none
370	none	sys_uart_get_params	cellgov	cellgov_ps3_abi::lv2::syscall::UART_GET_PARAMS	none	none
370	none	sys_uart_get_params	psdevwiki	https://www.psdevwiki.com/ps3/LV2_Functions_and_Syscalls	none	none
372	none	sys_game_watchdog_start	psdevwiki	https://www.psdevwiki.com/ps3/LV2_Functions_and_Syscalls	none	none
373	none	sys_game_watchdog_stop	psdevwiki	https://www.psdevwiki.com/ps3/LV2_Functions_and_Syscalls	none	none
374	none	sys_game_watchdog_clear	psdevwiki	https://www.psdevwiki.com/ps3/LV2_Functions_and_Syscalls	none	none
375	none	sys_game_set_system_sw_version	psdevwiki	https://www.psdevwiki.com/ps3/LV2_Functions_and_Syscalls	none	none
376	none	sys_game_get_system_sw_version	psdevwiki	https://www.psdevwiki.com/ps3/LV2_Functions_and_Syscalls	none	none
377	none	sys_sm_set_shop_mode	psdevwiki	https://www.psdevwiki.com/ps3/LV2_Functions_and_Syscalls	none	none
378	none	sys_sm_get_ext_event2	psdevwiki	https://www.psdevwiki.com/ps3/LV2_Functions_and_Syscalls	none	none
379	none	sys_sm_shutdown	psdevwiki	https://www.psdevwiki.com/ps3/LV2_Functions_and_Syscalls	none	none
380	none	sys_sm_get_params	psdevwiki	https://www.psdevwiki.com/ps3/LV2_Functions_and_Syscalls	none	none
381	none	sys_sm_get_inter_lpar_parameter	psdevwiki	https://www.psdevwiki.com/ps3/LV2_Functions_and_Syscalls	none	none
382	none	sys_sm_initialize	psdevwiki	https://www.psdevwiki.com/ps3/LV2_Functions_and_Syscalls	none	none
383	none	sys_game_get_temperature	psdevwiki	https://www.psdevwiki.com/ps3/LV2_Functions_and_Syscalls	none	none
384	none	sys_sm_get_tzpb	psdevwiki	https://www.psdevwiki.com/ps3/LV2_Functions_and_Syscalls	none	none
385	none	sys_sm_request_led	psdevwiki	https://www.psdevwiki.com/ps3/LV2_Functions_and_Syscalls	none	none
386	none	sys_sm_control_led	psdevwiki	https://www.psdevwiki.com/ps3/LV2_Functions_and_Syscalls	none	none
387	none	sys_sm_get_system_info	psdevwiki	https://www.psdevwiki.com/ps3/LV2_Functions_and_Syscalls	none	none
388	none	sys_sm_ring_buzzer_too	psdevwiki	https://www.psdevwiki.com/ps3/LV2_Functions_and_Syscalls	none	none
389	none	sys_sm_set_fan_policy	psdevwiki	https://www.psdevwiki.com/ps3/LV2_Functions_and_Syscalls	none	none
390	none	sys_sm_request_error_log	psdevwiki	https://www.psdevwiki.com/ps3/LV2_Functions_and_Syscalls	none	none
391	none	sys_sm_request_be_count	psdevwiki	https://www.psdevwiki.com/ps3/LV2_Functions_and_Syscalls	none	none
392	none	sys_sm_ring_buzzer	psdevwiki	https://www.psdevwiki.com/ps3/LV2_Functions_and_Syscalls	none	none
393	none	sys_sm_get_hw_config	psdevwiki	https://www.psdevwiki.com/ps3/LV2_Functions_and_Syscalls	none	none
394	none	sys_sm_request_scversion	psdevwiki	https://www.psdevwiki.com/ps3/LV2_Functions_and_Syscalls	none	none
395	none	sys_sm_request_system_event_log	psdevwiki	https://www.psdevwiki.com/ps3/LV2_Functions_and_Syscalls	none	none
396	none	sys_sm_set_rtc_alarm	psdevwiki	https://www.psdevwiki.com/ps3/LV2_Functions_and_Syscalls	none	none
397	none	sys_sm_get_rtc_alarm	psdevwiki	https://www.psdevwiki.com/ps3/LV2_Functions_and_Syscalls	none	none
398	none	sys_console_write	psdevwiki	https://www.psdevwiki.com/ps3/LV2_Functions_and_Syscalls	none	none
402	none	sys_tty_read	cellgov	cellgov_ps3_abi::lv2::syscall::TTY_READ	none	none
402	none	sys_tty_read	psdevwiki	https://www.psdevwiki.com/ps3/LV2_Functions_and_Syscalls	none	none
402	none	sys_tty_read	psl1ght	ppu/include/lv2/syscalls.h:SYSCALL_TTY_READ	none	none
403	none	sys_tty_write	cellgov	cellgov_ps3_abi::lv2::syscall::TTY_WRITE	none	none
403	none	sys_tty_write	psdevwiki	https://www.psdevwiki.com/ps3/LV2_Functions_and_Syscalls	none	none
403	none	sys_tty_write	psl1ght	ppu/include/lv2/syscalls.h:SYSCALL_TTY_WRITE	none	none
409	none	sys_sm_get_fan_policy	psdevwiki	https://www.psdevwiki.com/ps3/LV2_Functions_and_Syscalls	none	none
410	none	sys_game_board_storage_read	psdevwiki	https://www.psdevwiki.com/ps3/LV2_Functions_and_Syscalls	none	none
411	none	sys_game_board_storage_write	psdevwiki	https://www.psdevwiki.com/ps3/LV2_Functions_and_Syscalls	none	none
412	none	sys_game_get_rtc_status	psdevwiki	https://www.psdevwiki.com/ps3/LV2_Functions_and_Syscalls	none	none
450	none	sys_overlay_load_module	psdevwiki	https://www.psdevwiki.com/ps3/LV2_Functions_and_Syscalls	none	none
450	none	sys_overlay_load_module	psl1ght	ppu/include/lv2/syscalls.h:SYSCALL_OVERLAY_LOAD_MODULE	none	none
451	none	sys_overlay_unload_module	psdevwiki	https://www.psdevwiki.com/ps3/LV2_Functions_and_Syscalls	none	none
451	none	sys_overlay_unload_module	psl1ght	ppu/include/lv2/syscalls.h:SYSCALL_OVERLAY_UNLOAD_MODULE	none	none
452	none	sys_overlay_get_module_list	psdevwiki	https://www.psdevwiki.com/ps3/LV2_Functions_and_Syscalls	none	none
452	none	sys_overlay_get_module_list	psl1ght	ppu/include/lv2/syscalls.h:SYSCALL_OVERLAY_GET_MODULE_LIST	none	none
453	none	sys_overlay_get_module_info	psdevwiki	https://www.psdevwiki.com/ps3/LV2_Functions_and_Syscalls	none	none
453	none	sys_overlay_get_module_info	psl1ght	ppu/include/lv2/syscalls.h:SYSCALL_OVERLAY_GET_MODULE_INFO	none	none
454	none	sys_overlay_load_module_by_fd	psdevwiki	https://www.psdevwiki.com/ps3/LV2_Functions_and_Syscalls	none	none
454	none	sys_overlay_load_module_by_fd	psl1ght	ppu/include/lv2/syscalls.h:SYSCALL_OVERLAY_LOAD_MODULE_BY_FD	none	none
455	none	sys_overlay_get_module_info2	psdevwiki	https://www.psdevwiki.com/ps3/LV2_Functions_and_Syscalls	none	none
455	none	sys_overlay_get_module_info2	psl1ght	ppu/include/lv2/syscalls.h:SYSCALL_OVERLAY_GET_MODULE_INFO2	none	none
456	none	sys_overlay_get_sdk_version	psdevwiki	https://www.psdevwiki.com/ps3/LV2_Functions_and_Syscalls	none	none
456	none	sys_overlay_get_sdk_version	psl1ght	ppu/include/lv2/syscalls.h:SYSCALL_OVERLAY_GET_SDK_VERSION	none	none
457	none	sys_overlay_get_module_dbg_info	psdevwiki	https://www.psdevwiki.com/ps3/LV2_Functions_and_Syscalls	none	none
460	none	sys_prx_dbg_get_module_id_list	psdevwiki	https://www.psdevwiki.com/ps3/LV2_Functions_and_Syscalls	none	none
461	none	sys_prx_get_module_id_by_address	psdevwiki	https://www.psdevwiki.com/ps3/LV2_Functions_and_Syscalls	none	none
461	none	sys_prx_get_module_id_by_address	psl1ght	ppu/include/lv2/syscalls.h:SYSCALL_PRX_GET_MODULE_ID_BY_ADDRESS	none	none
463	none	sys_prx_load_module_by_fd	psdevwiki	https://www.psdevwiki.com/ps3/LV2_Functions_and_Syscalls	none	none
463	none	sys_prx_load_module_by_fd	psl1ght	ppu/include/lv2/syscalls.h:SYSCALL_PRX_LOAD_MODULE_BY_FD	none	none
464	none	sys_prx_load_module_on_memcontainer_by_fd	psdevwiki	https://www.psdevwiki.com/ps3/LV2_Functions_and_Syscalls	none	none
464	none	sys_prx_load_module_on_memcontainer_by_fd	psl1ght	ppu/include/lv2/syscalls.h:SYSCALL_PRX_LOAD_MODULE_ON_MEMCONTAINER_BY_FD	none	none
465	none	sys_prx_load_module_list	psdevwiki	https://www.psdevwiki.com/ps3/LV2_Functions_and_Syscalls	none	none
465	none	sys_prx_load_module_list	psl1ght	ppu/include/lv2/syscalls.h:SYSCALL_PRX_LOAD_MODULE_LIST	none	none
466	none	sys_prx_load_module_list_on_memcontainer	psdevwiki	https://www.psdevwiki.com/ps3/LV2_Functions_and_Syscalls	none	none
466	none	sys_prx_load_module_list_on_memcontainer	psl1ght	ppu/include/lv2/syscalls.h:SYSCALL_PRX_LOAD_MODULE_LIST_ON_MEMCONTAINER	none	none
467	none	sys_prx_get_ppu_guid	psdevwiki	https://www.psdevwiki.com/ps3/LV2_Functions_and_Syscalls	none	none
467	none	sys_prx_get_ppu_guid	psl1ght	ppu/include/lv2/syscalls.h:SYSCALL_PRX_GET_PPU_GUID	none	none
470	none	sys_npdrm_check_ekc	psdevwiki	https://www.psdevwiki.com/ps3/LV2_Functions_and_Syscalls	none	none
471	none	sys_npdrm_regist_ekc	psdevwiki	https://www.psdevwiki.com/ps3/LV2_Functions_and_Syscalls	none	none
480	none	_sys_prx_load_module	cellgov	cellgov_ps3_abi::lv2::syscall::SYS_PRX_LOAD_MODULE	none	none
480	none	sys_prx_load_module	psdevwiki	https://www.psdevwiki.com/ps3/LV2_Functions_and_Syscalls	none	none
480	none	sys_prx_load_module	psl1ght	ppu/include/lv2/syscalls.h:SYSCALL_PRX_LOAD_MODULE	none	none
481	none	_sys_prx_start_module	cellgov	cellgov_ps3_abi::lv2::syscall::SYS_PRX_START_MODULE	none	none
481	none	sys_prx_start_module	psdevwiki	https://www.psdevwiki.com/ps3/LV2_Functions_and_Syscalls	none	none
481	none	sys_prx_start_module	psl1ght	ppu/include/lv2/syscalls.h:SYSCALL_PRX_START_MODULE	none	none
482	none	_sys_prx_stop_module	cellgov	cellgov_ps3_abi::lv2::syscall::SYS_PRX_STOP_MODULE	none	none
482	none	sys_prx_stop_module	psdevwiki	https://www.psdevwiki.com/ps3/LV2_Functions_and_Syscalls	none	none
482	none	sys_prx_stop_module	psl1ght	ppu/include/lv2/syscalls.h:SYSCALL_PRX_STOP_MODULE	none	none
483	none	_sys_prx_unload_module	cellgov	cellgov_ps3_abi::lv2::syscall::SYS_PRX_UNLOAD_MODULE	none	none
483	none	sys_prx_unload_module	psdevwiki	https://www.psdevwiki.com/ps3/LV2_Functions_and_Syscalls	none	none
483	none	sys_prx_unload_module	psl1ght	ppu/include/lv2/syscalls.h:SYSCALL_PRX_UNLOAD_MODULE	none	none
484	none	_sys_prx_register_module	cellgov	cellgov_ps3_abi::lv2::syscall::SYS_PRX_REGISTER_MODULE	none	none
484	none	sys_prx_register_module	psdevwiki	https://www.psdevwiki.com/ps3/LV2_Functions_and_Syscalls	none	none
484	none	sys_prx_register_module	psl1ght	ppu/include/lv2/syscalls.h:SYSCALL_PRX_REGISTER_MODULE	none	none
485	none	sys_prx_query_module	psdevwiki	https://www.psdevwiki.com/ps3/LV2_Functions_and_Syscalls	none	none
485	none	sys_prx_query_module	psl1ght	ppu/include/lv2/syscalls.h:SYSCALL_PRX_QUERY_MODULE	none	none
486	none	_sys_prx_register_library	cellgov	cellgov_ps3_abi::lv2::syscall::SYS_PRX_REGISTER_LIBRARY	none	none
486	none	sys_prx_register_library	psdevwiki	https://www.psdevwiki.com/ps3/LV2_Functions_and_Syscalls	none	none
486	none	sys_prx_register_library	psl1ght	ppu/include/lv2/syscalls.h:SYSCALL_PRX_REGISTER_LIBRARY	none	none
487	none	sys_prx_unregister_library	psdevwiki	https://www.psdevwiki.com/ps3/LV2_Functions_and_Syscalls	none	none
487	none	sys_prx_unregister_library	psl1ght	ppu/include/lv2/syscalls.h:SYSCALL_PRX_UNREGISTER_LIBRARY	none	none
488	none	sys_prx_link_library	psdevwiki	https://www.psdevwiki.com/ps3/LV2_Functions_and_Syscalls	none	none
488	none	sys_prx_link_library	psl1ght	ppu/include/lv2/syscalls.h:SYSCALL_PRX_LINK_LIBRARY	none	none
489	none	sys_prx_unlink_library	psdevwiki	https://www.psdevwiki.com/ps3/LV2_Functions_and_Syscalls	none	none
489	none	sys_prx_unlink_library	psl1ght	ppu/include/lv2/syscalls.h:SYSCALL_PRX_UNLINK_LIBRARY	none	none
490	none	sys_prx_query_library	psdevwiki	https://www.psdevwiki.com/ps3/LV2_Functions_and_Syscalls	none	none
490	none	sys_prx_query_library	psl1ght	ppu/include/lv2/syscalls.h:SYSCALL_PRX_QUERY_LIBRARY	none	none
492	none	sys_prx_dbg_get_module_list	psdevwiki	https://www.psdevwiki.com/ps3/LV2_Functions_and_Syscalls	none	none
493	none	sys_prx_dbg_get_module_info	psdevwiki	https://www.psdevwiki.com/ps3/LV2_Functions_and_Syscalls	none	none
494	none	_sys_prx_get_module_list	cellgov	cellgov_ps3_abi::lv2::syscall::SYS_PRX_GET_MODULE_LIST	none	none
494	none	sys_prx_get_module_list	psdevwiki	https://www.psdevwiki.com/ps3/LV2_Functions_and_Syscalls	none	none
494	none	sys_prx_get_module_list	psl1ght	ppu/include/lv2/syscalls.h:SYSCALL_PRX_GET_MODULE_LIST	none	none
495	none	sys_prx_get_module_info	psdevwiki	https://www.psdevwiki.com/ps3/LV2_Functions_and_Syscalls	none	none
495	none	sys_prx_get_module_info	psl1ght	ppu/include/lv2/syscalls.h:SYSCALL_PRX_GET_MODULE_INFO	none	none
496	none	sys_prx_get_module_id_by_name	psdevwiki	https://www.psdevwiki.com/ps3/LV2_Functions_and_Syscalls	none	none
496	none	sys_prx_get_module_id_by_name	psl1ght	ppu/include/lv2/syscalls.h:SYSCALL_PRX_GET_MODULE_ID_BY_NAME	none	none
497	none	_sys_prx_load_module_on_memcontainer	cellgov	cellgov_ps3_abi::lv2::syscall::SYS_PRX_LOAD_MODULE_ON_MEMCONTAINER	none	none
497	none	sys_prx_load_module_on_memcontainer	psdevwiki	https://www.psdevwiki.com/ps3/LV2_Functions_and_Syscalls	none	none
497	none	sys_prx_load_module_on_memcontainer	psl1ght	ppu/include/lv2/syscalls.h:SYSCALL_PRX_LOAD_MODULE_ON_MEMCONTAINER	none	none
498	none	sys_prx_start	psdevwiki	https://www.psdevwiki.com/ps3/LV2_Functions_and_Syscalls	none	none
498	none	sys_prx_start	psl1ght	ppu/include/lv2/syscalls.h:SYSCALL_PRX_START	none	none
499	none	sys_prx_stop	psdevwiki	https://www.psdevwiki.com/ps3/LV2_Functions_and_Syscalls	none	none
499	none	sys_prx_stop	psl1ght	ppu/include/lv2/syscalls.h:SYSCALL_PRX_STOP	none	none
500	none	sys_hid_manager_open	psdevwiki	https://www.psdevwiki.com/ps3/LV2_Functions_and_Syscalls	none	none
501	none	sys_hid_manager_close	psdevwiki	https://www.psdevwiki.com/ps3/LV2_Functions_and_Syscalls	none	none
502	none	sys_hid_manager_read	psdevwiki	https://www.psdevwiki.com/ps3/LV2_Functions_and_Syscalls	none	none
503	none	sys_hid_manager_ioctl	psdevwiki	https://www.psdevwiki.com/ps3/LV2_Functions_and_Syscalls	none	none
504	none	sys_hid_manager_map_logical_id_to_port_id	psdevwiki	https://www.psdevwiki.com/ps3/LV2_Functions_and_Syscalls	none	none
505	none	sys_hid_manager_unmap_logical_id_to_port_id	psdevwiki	https://www.psdevwiki.com/ps3/LV2_Functions_and_Syscalls	none	none
506	none	sys_hid_manager_add_hot_key_observer	psdevwiki	https://www.psdevwiki.com/ps3/LV2_Functions_and_Syscalls	none	none
507	none	sys_hid_manager_remove_hot_key_observer	psdevwiki	https://www.psdevwiki.com/ps3/LV2_Functions_and_Syscalls	none	none
508	none	sys_hid_manager_grab_focus	psdevwiki	https://www.psdevwiki.com/ps3/LV2_Functions_and_Syscalls	none	none
509	none	sys_hid_manager_release_focus	psdevwiki	https://www.psdevwiki.com/ps3/LV2_Functions_and_Syscalls	none	none
510	none	sys_hid_manager_check_focus	psdevwiki	https://www.psdevwiki.com/ps3/LV2_Functions_and_Syscalls	none	none
511	none	sys_hid_manager_set_master_process	psdevwiki	https://www.psdevwiki.com/ps3/LV2_Functions_and_Syscalls	none	none
512	none	sys_hid_manager_is_process_permission_root	cellgov	cellgov_ps3_abi::lv2::syscall::HID_IS_ROOT	none	none
516	none	sys_config_open	cellgov	cellgov_ps3_abi::lv2::syscall::CONFIG_OPEN	none	none
516	none	sys_config_open	psdevwiki	https://www.psdevwiki.com/ps3/LV2_Functions_and_Syscalls	none	none
517	none	sys_config_close	cellgov	cellgov_ps3_abi::lv2::syscall::CONFIG_CLOSE	none	none
517	none	sys_config_close	psdevwiki	https://www.psdevwiki.com/ps3/LV2_Functions_and_Syscalls	none	none
518	none	sys_config_get_service_event	cellgov	cellgov_ps3_abi::lv2::syscall::CONFIG_GET_SERVICE_EVENT	none	none
518	none	sys_config_get_service_event	psdevwiki	https://www.psdevwiki.com/ps3/LV2_Functions_and_Syscalls	none	none
519	none	sys_config_add_service_listener	cellgov	cellgov_ps3_abi::lv2::syscall::CONFIG_ADD_SERVICE_LISTENER	none	none
519	none	sys_config_add_service_listener	psdevwiki	https://www.psdevwiki.com/ps3/LV2_Functions_and_Syscalls	none	none
520	none	sys_config_remove_service_listener	cellgov	cellgov_ps3_abi::lv2::syscall::CONFIG_REMOVE_SERVICE_LISTENER	none	none
520	none	sys_config_remove_service_listener	psdevwiki	https://www.psdevwiki.com/ps3/LV2_Functions_and_Syscalls	none	none
521	none	sys_config_register_service	cellgov	cellgov_ps3_abi::lv2::syscall::CONFIG_REGISTER_SERVICE	none	none
521	none	sys_config_register_service	psdevwiki	https://www.psdevwiki.com/ps3/LV2_Functions_and_Syscalls	none	none
522	none	sys_config_unregister_service	cellgov	cellgov_ps3_abi::lv2::syscall::CONFIG_UNREGISTER_SERVICE	none	none
522	none	sys_config_unregister_service	psdevwiki	https://www.psdevwiki.com/ps3/LV2_Functions_and_Syscalls	none	none
523	none	sys_config_io_event	psdevwiki	https://www.psdevwiki.com/ps3/LV2_Functions_and_Syscalls	none	none
524	none	sys_config_register_io_error_listener	psdevwiki	https://www.psdevwiki.com/ps3/LV2_Functions_and_Syscalls	none	none
525	none	sys_config_unregister_io_error_listener	psdevwiki	https://www.psdevwiki.com/ps3/LV2_Functions_and_Syscalls	none	none
530	none	sys_usbd_initialize	cellgov	cellgov_ps3_abi::lv2::syscall::USBD_INITIALIZE	none	none
530	none	sys_usbd_initialize	psdevwiki	https://www.psdevwiki.com/ps3/LV2_Functions_and_Syscalls	none	none
531	none	sys_usbd_finalize	cellgov	cellgov_ps3_abi::lv2::syscall::USBD_FINALIZE	none	none
531	none	sys_usbd_finalize	psdevwiki	https://www.psdevwiki.com/ps3/LV2_Functions_and_Syscalls	none	none
532	none	sys_usbd_get_device_list	cellgov	cellgov_ps3_abi::lv2::syscall::USBD_GET_DEVICE_LIST	none	none
532	none	sys_usbd_get_device_list	psdevwiki	https://www.psdevwiki.com/ps3/LV2_Functions_and_Syscalls	none	none
533	none	sys_usbd_get_descriptor_size	cellgov	cellgov_ps3_abi::lv2::syscall::USBD_GET_DESCRIPTOR_SIZE	none	none
533	none	sys_usbd_get_descriptor_size	psdevwiki	https://www.psdevwiki.com/ps3/LV2_Functions_and_Syscalls	none	none
534	none	sys_usbd_get_descriptor	cellgov	cellgov_ps3_abi::lv2::syscall::USBD_GET_DESCRIPTOR	none	none
534	none	sys_usbd_get_descriptor	psdevwiki	https://www.psdevwiki.com/ps3/LV2_Functions_and_Syscalls	none	none
535	none	sys_usbd_register_ldd	cellgov	cellgov_ps3_abi::lv2::syscall::USBD_REGISTER_LDD	none	none
535	none	sys_usbd_register_ldd	psdevwiki	https://www.psdevwiki.com/ps3/LV2_Functions_and_Syscalls	none	none
536	none	sys_usbd_unregister_ldd	cellgov	cellgov_ps3_abi::lv2::syscall::USBD_UNREGISTER_LDD	none	none
536	none	sys_usbd_unregister_ldd	psdevwiki	https://www.psdevwiki.com/ps3/LV2_Functions_and_Syscalls	none	none
537	none	sys_usbd_open_pipe	cellgov	cellgov_ps3_abi::lv2::syscall::USBD_OPEN_PIPE	none	none
537	none	sys_usbd_open_pipe	psdevwiki	https://www.psdevwiki.com/ps3/LV2_Functions_and_Syscalls	none	none
538	none	sys_usbd_open_default_pipe	cellgov	cellgov_ps3_abi::lv2::syscall::USBD_OPEN_DEFAULT_PIPE	none	none
538	none	sys_usbd_open_default_pipe	psdevwiki	https://www.psdevwiki.com/ps3/LV2_Functions_and_Syscalls	none	none
539	none	sys_usbd_close_pipe	cellgov	cellgov_ps3_abi::lv2::syscall::USBD_CLOSE_PIPE	none	none
539	none	sys_usbd_close_pipe	psdevwiki	https://www.psdevwiki.com/ps3/LV2_Functions_and_Syscalls	none	none
540	none	sys_usbd_receive_event	cellgov	cellgov_ps3_abi::lv2::syscall::USBD_RECEIVE_EVENT	none	none
540	none	sys_usbd_receive_event	psdevwiki	https://www.psdevwiki.com/ps3/LV2_Functions_and_Syscalls	none	none
541	none	sys_usbd_detect_event	cellgov	cellgov_ps3_abi::lv2::syscall::USBD_DETECT_EVENT	none	none
541	none	sys_usbd_detect_event	psdevwiki	https://www.psdevwiki.com/ps3/LV2_Functions_and_Syscalls	none	none
542	none	sys_usbd_attach	psdevwiki	https://www.psdevwiki.com/ps3/LV2_Functions_and_Syscalls	none	none
543	none	sys_usbd_transfer_data	psdevwiki	https://www.psdevwiki.com/ps3/LV2_Functions_and_Syscalls	none	none
544	none	sys_usbd_isochronous_transfer_data	psdevwiki	https://www.psdevwiki.com/ps3/LV2_Functions_and_Syscalls	none	none
545	none	sys_usbd_get_transfer_status	psdevwiki	https://www.psdevwiki.com/ps3/LV2_Functions_and_Syscalls	none	none
546	none	sys_usbd_get_isochronous_transfer_status	psdevwiki	https://www.psdevwiki.com/ps3/LV2_Functions_and_Syscalls	none	none
547	none	sys_usbd_get_device_location	psdevwiki	https://www.psdevwiki.com/ps3/LV2_Functions_and_Syscalls	none	none
548	none	sys_usbd_send_event	psdevwiki	https://www.psdevwiki.com/ps3/LV2_Functions_and_Syscalls	none	none
549	none	sys_usbd_event_port_send	psdevwiki	https://www.psdevwiki.com/ps3/LV2_Functions_and_Syscalls	none	none
550	none	sys_usbd_allocate_memory	psdevwiki	https://www.psdevwiki.com/ps3/LV2_Functions_and_Syscalls	none	none
551	none	sys_usbd_free_memory	psdevwiki	https://www.psdevwiki.com/ps3/LV2_Functions_and_Syscalls	none	none
556	none	sys_usbd_get_device_speed	psdevwiki	https://www.psdevwiki.com/ps3/LV2_Functions_and_Syscalls	none	none
558	none	sys_usbd_unregister_extra_ldd	psdevwiki	https://www.psdevwiki.com/ps3/LV2_Functions_and_Syscalls	none	none
559	none	sys_usbd_register_extra_ldd	psdevwiki	https://www.psdevwiki.com/ps3/LV2_Functions_and_Syscalls	none	none
570	none	sys_pad_ldd_register_controller	psdevwiki	https://www.psdevwiki.com/ps3/LV2_Functions_and_Syscalls	none	none
571	none	sys_pad_ldd_unregister_controller	psdevwiki	https://www.psdevwiki.com/ps3/LV2_Functions_and_Syscalls	none	none
572	none	sys_pad_ldd_data_insert	psdevwiki	https://www.psdevwiki.com/ps3/LV2_Functions_and_Syscalls	none	none
573	none	sys_pad_dbg_ldd_set_data_insert_mode	psdevwiki	https://www.psdevwiki.com/ps3/LV2_Functions_and_Syscalls	none	none
574	none	sys_pad_ldd_register_controller	psdevwiki	https://www.psdevwiki.com/ps3/LV2_Functions_and_Syscalls	none	none
575	none	sys_pad_ldd_get_port_no	psdevwiki	https://www.psdevwiki.com/ps3/LV2_Functions_and_Syscalls	none	none
583	none	sys_bt_read_firmware_version	psdevwiki	https://www.psdevwiki.com/ps3/LV2_Functions_and_Syscalls	none	none
584	none	sys_bt_complete_wake_on_host	psdevwiki	https://www.psdevwiki.com/ps3/LV2_Functions_and_Syscalls	none	none
585	none	sys_bt_disable_bluetooth	psdevwiki	https://www.psdevwiki.com/ps3/LV2_Functions_and_Syscalls	none	none
586	none	sys_bt_enable_bluetooth	psdevwiki	https://www.psdevwiki.com/ps3/LV2_Functions_and_Syscalls	none	none
587	none	sys_bt_bccmd	psdevwiki	https://www.psdevwiki.com/ps3/LV2_Functions_and_Syscalls	none	none
588	none	sys_bt_read_hq	psdevwiki	https://www.psdevwiki.com/ps3/LV2_Functions_and_Syscalls	none	none
589	none	sys_bt_hid_get_remote_status	psdevwiki	https://www.psdevwiki.com/ps3/LV2_Functions_and_Syscalls	none	none
590	none	sys_bt_register_controller	psdevwiki	https://www.psdevwiki.com/ps3/LV2_Functions_and_Syscalls	none	none
591	none	sys_bt_clear_registered_contoller	psdevwiki	https://www.psdevwiki.com/ps3/LV2_Functions_and_Syscalls	none	none
592	none	sys_bt_connect_accept_controller	psdevwiki	https://www.psdevwiki.com/ps3/LV2_Functions_and_Syscalls	none	none
593	none	sys_bt_get_local_bdaddress	psdevwiki	https://www.psdevwiki.com/ps3/LV2_Functions_and_Syscalls	none	none
594	none	sys_bt_hid_get_data	psdevwiki	https://www.psdevwiki.com/ps3/LV2_Functions_and_Syscalls	none	none
595	none	sys_bt_hid_set_report	psdevwiki	https://www.psdevwiki.com/ps3/LV2_Functions_and_Syscalls	none	none
596	none	sys_bt_sched_log	psdevwiki	https://www.psdevwiki.com/ps3/LV2_Functions_and_Syscalls	none	none
597	none	sys_bt_cancel_connect_accept_controller	psdevwiki	https://www.psdevwiki.com/ps3/LV2_Functions_and_Syscalls	none	none
600	none	sys_storage_open	psdevwiki	https://www.psdevwiki.com/ps3/LV2_Functions_and_Syscalls	none	none
600	none	sys_storage_open	psl1ght	ppu/include/lv2/syscalls.h:SYSCALL_STORAGE_OPEN	none	none
601	none	sys_storage_close	psdevwiki	https://www.psdevwiki.com/ps3/LV2_Functions_and_Syscalls	none	none
601	none	sys_storage_close	psl1ght	ppu/include/lv2/syscalls.h:SYSCALL_STORAGE_CLOSE	none	none
602	none	sys_storage_read	psdevwiki	https://www.psdevwiki.com/ps3/LV2_Functions_and_Syscalls	none	none
602	none	sys_storage_read	psl1ght	ppu/include/lv2/syscalls.h:SYSCALL_STORAGE_READ	none	none
603	none	sys_storage_write	psdevwiki	https://www.psdevwiki.com/ps3/LV2_Functions_and_Syscalls	none	none
603	none	sys_storage_write	psl1ght	ppu/include/lv2/syscalls.h:SYSCALL_STORAGE_WRITE	none	none
604	none	sys_storage_send_device_command	psdevwiki	https://www.psdevwiki.com/ps3/LV2_Functions_and_Syscalls	none	none
604	none	sys_storage_send_device_command	psl1ght	ppu/include/lv2/syscalls.h:SYSCALL_STORAGE_SEND_DEVICE_COMMAND	none	none
605	none	sys_storage_async_configure	psdevwiki	https://www.psdevwiki.com/ps3/LV2_Functions_and_Syscalls	none	none
605	none	sys_storage_async_configure	psl1ght	ppu/include/lv2/syscalls.h:SYSCALL_STORAGE_ASYNC_CONFIGURE	none	none
606	none	sys_storage_async_read	psdevwiki	https://www.psdevwiki.com/ps3/LV2_Functions_and_Syscalls	none	none
606	none	sys_storage_async_read	psl1ght	ppu/include/lv2/syscalls.h:SYSCALL_STORAGE_ASYNC_READ	none	none
607	none	sys_storage_async_write	psdevwiki	https://www.psdevwiki.com/ps3/LV2_Functions_and_Syscalls	none	none
607	none	sys_storage_async_write	psl1ght	ppu/include/lv2/syscalls.h:SYSCALL_STORAGE_ASYNC_WRITE	none	none
608	none	sys_storage_async_cancel	psdevwiki	https://www.psdevwiki.com/ps3/LV2_Functions_and_Syscalls	none	none
608	none	sys_storage_async_cancel	psl1ght	ppu/include/lv2/syscalls.h:SYSCALL_STORAGE_ASYNC_CANCEL	none	none
609	none	sys_storage_get_device_info	psdevwiki	https://www.psdevwiki.com/ps3/LV2_Functions_and_Syscalls	none	none
609	none	sys_storage_get_device_info	psl1ght	ppu/include/lv2/syscalls.h:SYSCALL_STORAGE_GET_DEVICE_INFO	none	none
610	none	sys_storage_get_device_config	psdevwiki	https://www.psdevwiki.com/ps3/LV2_Functions_and_Syscalls	none	none
610	none	sys_storage_get_device_config	psl1ght	ppu/include/lv2/syscalls.h:SYSCALL_STORAGE_GET_DEVICE_CONFIG	none	none
611	none	sys_storage_report_devices	psdevwiki	https://www.psdevwiki.com/ps3/LV2_Functions_and_Syscalls	none	none
611	none	sys_storage_report_devices	psl1ght	ppu/include/lv2/syscalls.h:SYSCALL_STORAGE_REPORT_DEVICES	none	none
612	none	sys_storage_configure_medium_event	psdevwiki	https://www.psdevwiki.com/ps3/LV2_Functions_and_Syscalls	none	none
612	none	sys_storage_configure_medium_event	psl1ght	ppu/include/lv2/syscalls.h:SYSCALL_STORAGE_CONFIGURE_MEDIUM_EVENT	none	none
613	none	sys_storage_set_medium_polling_interval	psdevwiki	https://www.psdevwiki.com/ps3/LV2_Functions_and_Syscalls	none	none
613	none	sys_storage_set_medium_polling_interval	psl1ght	ppu/include/lv2/syscalls.h:SYSCALL_STORAGE_SET_MEDIUM_POLLING_INTERVAL	none	none
614	none	sys_storage_create_region	psdevwiki	https://www.psdevwiki.com/ps3/LV2_Functions_and_Syscalls	none	none
614	none	sys_storage_create_region	psl1ght	ppu/include/lv2/syscalls.h:SYSCALL_STORAGE_CREATE_REGION	none	none
615	none	sys_storage_delete_region	psdevwiki	https://www.psdevwiki.com/ps3/LV2_Functions_and_Syscalls	none	none
615	none	sys_storage_delete_region	psl1ght	ppu/include/lv2/syscalls.h:SYSCALL_STORAGE_DELETE_REGION	none	none
616	none	sys_storage_execute_device_command	psdevwiki	https://www.psdevwiki.com/ps3/LV2_Functions_and_Syscalls	none	none
616	none	sys_storage_execute_device_command	psl1ght	ppu/include/lv2/syscalls.h:SYSCALL_STORAGE_EXECUTE_DEVICE_COMMAND	none	none
617	none	sys_storage_check_region_acl	psdevwiki	https://www.psdevwiki.com/ps3/LV2_Functions_and_Syscalls	none	none
617	none	sys_storage_get_region_acl	psl1ght	ppu/include/lv2/syscalls.h:SYSCALL_STORAGE_GET_REGION_ACL	none	none
618	none	sys_storage_set_region_acl	psdevwiki	https://www.psdevwiki.com/ps3/LV2_Functions_and_Syscalls	none	none
618	none	sys_storage_set_region_acl	psl1ght	ppu/include/lv2/syscalls.h:SYSCALL_STORAGE_SET_REGION_ACL	none	none
619	none	sys_storage_async_send_device_command	psdevwiki	https://www.psdevwiki.com/ps3/LV2_Functions_and_Syscalls	none	none
619	none	sys_storage_async_send_device_command	psl1ght	ppu/include/lv2/syscalls.h:SYSCALL_STORAGE_ASYNC_SEND_DEVICE_COMMAND	none	none
621	none	sys_gamepad_ycon_if	cellgov	cellgov_ps3_abi::lv2::syscall::GAMEPAD_YCON_IF	none	none
621	none	sys_gamepad_ycon_if	psdevwiki	https://www.psdevwiki.com/ps3/LV2_Functions_and_Syscalls	none	none
622	none	sys_storage_get_region_offset	psdevwiki	https://www.psdevwiki.com/ps3/LV2_Functions_and_Syscalls	none	none
622	none	sys_storage_get_region_offset	psl1ght	ppu/include/lv2/syscalls.h:SYSCALL_STORAGE_GET_REGION_OFFSET	none	none
623	none	sys_storage_set_emulated_speed	psdevwiki	https://www.psdevwiki.com/ps3/LV2_Functions_and_Syscalls	none	none
623	none	sys_storage_set_emulated_speed	psl1ght	ppu/include/lv2/syscalls.h:SYSCALL_STORAGE_SET_EMULATED_SPEED	none	none
624	none	sys_io_buffer_create	psdevwiki	https://www.psdevwiki.com/ps3/LV2_Functions_and_Syscalls	none	none
624	none	sys_io_buffer_create	psl1ght	ppu/include/lv2/syscalls.h:SYSCALL_IO_BUFFER_CREATE	none	none
625	none	sys_io_buffer_destroy	psdevwiki	https://www.psdevwiki.com/ps3/LV2_Functions_and_Syscalls	none	none
625	none	sys_io_buffer_destroy	psl1ght	ppu/include/lv2/syscalls.h:SYSCALL_IO_BUFFER_DESTROY	none	none
626	none	sys_io_buffer_allocate	psdevwiki	https://www.psdevwiki.com/ps3/LV2_Functions_and_Syscalls	none	none
626	none	sys_io_buffer_allocate	psl1ght	ppu/include/lv2/syscalls.h:SYSCALL_IO_BUFFER_ALLOCATE	none	none
627	none	sys_io_buffer_free	psdevwiki	https://www.psdevwiki.com/ps3/LV2_Functions_and_Syscalls	none	none
627	none	sys_io_buffer_free	psl1ght	ppu/include/lv2/syscalls.h:SYSCALL_IO_BUFFER_FREE	none	none
630	none	sys_gpio_set	psdevwiki	https://www.psdevwiki.com/ps3/LV2_Functions_and_Syscalls	none	none
630	none	sys_gpio_set	psl1ght	ppu/include/lv2/syscalls.h:SYSCALL_GPIO_SET	none	none
631	none	sys_gpio_get	psdevwiki	https://www.psdevwiki.com/ps3/LV2_Functions_and_Syscalls	none	none
631	none	sys_gpio_get	psl1ght	ppu/include/lv2/syscalls.h:SYSCALL_GPIO_GET	none	none
633	none	sys_fsw_connect_event	psdevwiki	https://www.psdevwiki.com/ps3/LV2_Functions_and_Syscalls	none	none
633	none	sys_fsw_connect_event	psl1ght	ppu/include/lv2/syscalls.h:SYSCALL_FSW_CONNECT_EVENT	none	none
634	none	sys_fsw_disconnect_event	psdevwiki	https://www.psdevwiki.com/ps3/LV2_Functions_and_Syscalls	none	none
634	none	sys_fsw_disconnect_event	psl1ght	ppu/include/lv2/syscalls.h:SYSCALL_FSW_DISCONNECT_EVENT	none	none
640	none	sys_usbbtaudio_initialize	psdevwiki	https://www.psdevwiki.com/ps3/LV2_Functions_and_Syscalls	none	none
641	none	sys_usbbtaudio_finalize	psdevwiki	https://www.psdevwiki.com/ps3/LV2_Functions_and_Syscalls	none	none
642	none	sys_usbbtaudio_discovery	psdevwiki	https://www.psdevwiki.com/ps3/LV2_Functions_and_Syscalls	none	none
643	none	sys_usbbtaudio_cancel_discovery	psdevwiki	https://www.psdevwiki.com/ps3/LV2_Functions_and_Syscalls	none	none
644	none	sys_usbbtaudio_pairing	psdevwiki	https://www.psdevwiki.com/ps3/LV2_Functions_and_Syscalls	none	none
645	none	sys_usbbtaudio_set_passkey	psdevwiki	https://www.psdevwiki.com/ps3/LV2_Functions_and_Syscalls	none	none
646	none	sys_usbbtaudio_connect	psdevwiki	https://www.psdevwiki.com/ps3/LV2_Functions_and_Syscalls	none	none
647	none	sys_usbbtaudio_disconnect	psdevwiki	https://www.psdevwiki.com/ps3/LV2_Functions_and_Syscalls	none	none
650	none	sys_rsxaudio_initialize	psdevwiki	https://www.psdevwiki.com/ps3/LV2_Functions_and_Syscalls	none	none
651	none	sys_rsxaudio_finalize	psdevwiki	https://www.psdevwiki.com/ps3/LV2_Functions_and_Syscalls	none	none
652	none	sys_rsxaudio_import_shared_memory	psdevwiki	https://www.psdevwiki.com/ps3/LV2_Functions_and_Syscalls	none	none
653	none	sys_rsxaudio_unimport_shared_memory	psdevwiki	https://www.psdevwiki.com/ps3/LV2_Functions_and_Syscalls	none	none
654	none	sys_rsxaudio_create_connection	psdevwiki	https://www.psdevwiki.com/ps3/LV2_Functions_and_Syscalls	none	none
655	none	sys_rsxaudio_close_connection	psdevwiki	https://www.psdevwiki.com/ps3/LV2_Functions_and_Syscalls	none	none
656	none	sys_rsxaudio_prepare_process	psdevwiki	https://www.psdevwiki.com/ps3/LV2_Functions_and_Syscalls	none	none
657	none	sys_rsxaudio_start_process	psdevwiki	https://www.psdevwiki.com/ps3/LV2_Functions_and_Syscalls	none	none
658	none	sys_rsxaudio_stop_process	psdevwiki	https://www.psdevwiki.com/ps3/LV2_Functions_and_Syscalls	none	none
659	none	sys_rsxaudio_get_dma_param	psdevwiki	https://www.psdevwiki.com/ps3/LV2_Functions_and_Syscalls	none	none
666	none	sys_rsx_device_open	psdevwiki	https://www.psdevwiki.com/ps3/LV2_Functions_and_Syscalls	none	none
666	none	sys_rsx_device_open	psl1ght	ppu/include/lv2/syscalls.h:SYSCALL_RSX_DEVICE_OPEN	none	none
667	none	sys_rsx_device_close	psdevwiki	https://www.psdevwiki.com/ps3/LV2_Functions_and_Syscalls	none	none
667	none	sys_rsx_device_close	psl1ght	ppu/include/lv2/syscalls.h:SYSCALL_RSX_DEVICE_CLOSE	none	none
668	none	sys_rsx_memory_allocate	cellgov	cellgov_ps3_abi::lv2::syscall::SYS_RSX_MEMORY_ALLOCATE	none	none
668	none	sys_rsx_memory_allocate	psdevwiki	https://www.psdevwiki.com/ps3/LV2_Functions_and_Syscalls	none	none
668	none	sys_rsx_memory_allocate	psl1ght	ppu/include/lv2/syscalls.h:SYSCALL_RSX_MEMORY_ALLOCATE	none	none
669	none	sys_rsx_memory_free	cellgov	cellgov_ps3_abi::lv2::syscall::SYS_RSX_MEMORY_FREE	none	none
669	none	sys_rsx_memory_free	psdevwiki	https://www.psdevwiki.com/ps3/LV2_Functions_and_Syscalls	none	none
669	none	sys_rsx_memory_free	psl1ght	ppu/include/lv2/syscalls.h:SYSCALL_RSX_MEMORY_FREE	none	none
670	none	sys_rsx_context_allocate	cellgov	cellgov_ps3_abi::lv2::syscall::SYS_RSX_CONTEXT_ALLOCATE	none	none
670	none	sys_rsx_context_allocate	psdevwiki	https://www.psdevwiki.com/ps3/LV2_Functions_and_Syscalls	none	none
670	none	sys_rsx_context_allocate	psl1ght	ppu/include/lv2/syscalls.h:SYSCALL_RSX_CONTEXT_ALLOCATE	none	none
671	none	sys_rsx_context_free	cellgov	cellgov_ps3_abi::lv2::syscall::SYS_RSX_CONTEXT_FREE	none	none
671	none	sys_rsx_context_free	psdevwiki	https://www.psdevwiki.com/ps3/LV2_Functions_and_Syscalls	none	none
671	none	sys_rsx_context_free	psl1ght	ppu/include/lv2/syscalls.h:SYSCALL_RSX_CONTEXT_FREE	none	none
672	none	sys_rsx_context_iomap	cellgov	cellgov_ps3_abi::lv2::syscall::SYS_RSX_CONTEXT_IOMAP	none	none
672	none	sys_rsx_context_iomap	psdevwiki	https://www.psdevwiki.com/ps3/LV2_Functions_and_Syscalls	none	none
672	none	sys_rsx_context_iomap	psl1ght	ppu/include/lv2/syscalls.h:SYSCALL_RSX_CONTEXT_IOMAP	none	none
673	none	sys_rsx_context_iounmap	psdevwiki	https://www.psdevwiki.com/ps3/LV2_Functions_and_Syscalls	none	none
673	none	sys_rsx_context_iounmap	psl1ght	ppu/include/lv2/syscalls.h:SYSCALL_RSX_CONTEXT_IOUNMAP	none	none
674	none	sys_rsx_context_attribute	cellgov	cellgov_ps3_abi::lv2::syscall::SYS_RSX_CONTEXT_ATTRIBUTE	none	none
674	none	sys_rsx_context_attribute	psdevwiki	https://www.psdevwiki.com/ps3/LV2_Functions_and_Syscalls	none	none
674	none	sys_rsx_context_attribute	psl1ght	ppu/include/lv2/syscalls.h:SYSCALL_RSX_CONTEXT_ATTRIBUTE	none	none
675	none	sys_rsx_device_map	cellgov	cellgov_ps3_abi::lv2::syscall::SYS_RSX_DEVICE_MAP	none	none
675	none	sys_rsx_device_map	psdevwiki	https://www.psdevwiki.com/ps3/LV2_Functions_and_Syscalls	none	none
675	none	sys_rsx_device_map	psl1ght	ppu/include/lv2/syscalls.h:SYSCALL_RSX_DEVICE_MAP	none	none
676	none	sys_rsx_device_unmap	psdevwiki	https://www.psdevwiki.com/ps3/LV2_Functions_and_Syscalls	none	none
676	none	sys_rsx_device_unmap	psl1ght	ppu/include/lv2/syscalls.h:SYSCALL_RSX_DEVICE_UNMAP	none	none
677	none	sys_rsx_attribute	cellgov	cellgov_ps3_abi::lv2::syscall::RSX_ATTRIBUTE	none	none
677	none	sys_rsx_attribute	psdevwiki	https://www.psdevwiki.com/ps3/LV2_Functions_and_Syscalls	none	none
677	none	sys_rsx_attribute	psl1ght	ppu/include/lv2/syscalls.h:SYSCALL_RSX_ATTRIBUTE	none	none
699	none	sys_bdemu_send_command	psdevwiki	https://www.psdevwiki.com/ps3/LV2_Functions_and_Syscalls	none	none
699	none	sys_bdemu_send_command	psl1ght	ppu/include/lv2/syscalls.h:SYSCALL_BDEMU_SEND_COMMAND	none	none
700	none	sys_net_bnet_accept	psdevwiki	https://www.psdevwiki.com/ps3/LV2_Functions_and_Syscalls	none	none
701	none	sys_net_bnet_bind	psdevwiki	https://www.psdevwiki.com/ps3/LV2_Functions_and_Syscalls	none	none
702	none	sys_net_bnet_connect	psdevwiki	https://www.psdevwiki.com/ps3/LV2_Functions_and_Syscalls	none	none
703	none	sys_net_bnet_getpeername	psdevwiki	https://www.psdevwiki.com/ps3/LV2_Functions_and_Syscalls	none	none
704	none	sys_net_bnet_getsockname	psdevwiki	https://www.psdevwiki.com/ps3/LV2_Functions_and_Syscalls	none	none
705	none	sys_net_bnet_getsockopt	psdevwiki	https://www.psdevwiki.com/ps3/LV2_Functions_and_Syscalls	none	none
706	none	sys_net_bnet_listen	psdevwiki	https://www.psdevwiki.com/ps3/LV2_Functions_and_Syscalls	none	none
707	none	sys_net_bnet_recvfrom	psdevwiki	https://www.psdevwiki.com/ps3/LV2_Functions_and_Syscalls	none	none
708	none	sys_net_bnet_recvmsg	psdevwiki	https://www.psdevwiki.com/ps3/LV2_Functions_and_Syscalls	none	none
709	none	sys_net_bnet_sendmsg	psdevwiki	https://www.psdevwiki.com/ps3/LV2_Functions_and_Syscalls	none	none
710	none	sys_net_bnet_sendto	psdevwiki	https://www.psdevwiki.com/ps3/LV2_Functions_and_Syscalls	none	none
711	none	sys_net_bnet_setsockop	psdevwiki	https://www.psdevwiki.com/ps3/LV2_Functions_and_Syscalls	none	none
712	none	sys_net_bnet_shutdown	psdevwiki	https://www.psdevwiki.com/ps3/LV2_Functions_and_Syscalls	none	none
713	none	sys_net_bnet_socket	psdevwiki	https://www.psdevwiki.com/ps3/LV2_Functions_and_Syscalls	none	none
714	none	sys_net_bnet_close	psdevwiki	https://www.psdevwiki.com/ps3/LV2_Functions_and_Syscalls	none	none
715	none	sys_net_bnet_poll	psdevwiki	https://www.psdevwiki.com/ps3/LV2_Functions_and_Syscalls	none	none
716	none	sys_net_bnet_select	psdevwiki	https://www.psdevwiki.com/ps3/LV2_Functions_and_Syscalls	none	none
717	none	sys_net_open_dump	psdevwiki	https://www.psdevwiki.com/ps3/LV2_Functions_and_Syscalls	none	none
718	none	sys_net_read_dump	psdevwiki	https://www.psdevwiki.com/ps3/LV2_Functions_and_Syscalls	none	none
719	none	sys_net_close_dump	psdevwiki	https://www.psdevwiki.com/ps3/LV2_Functions_and_Syscalls	none	none
720	none	sys_net_write_dump	psdevwiki	https://www.psdevwiki.com/ps3/LV2_Functions_and_Syscalls	none	none
721	none	sys_net_abort	psdevwiki	https://www.psdevwiki.com/ps3/LV2_Functions_and_Syscalls	none	none
722	none	sys_net_infoctl	psdevwiki	https://www.psdevwiki.com/ps3/LV2_Functions_and_Syscalls	none	none
723	none	sys_net_control	psdevwiki	https://www.psdevwiki.com/ps3/LV2_Functions_and_Syscalls	none	none
724	none	sys_net_bnet_ioctl	psdevwiki	https://www.psdevwiki.com/ps3/LV2_Functions_and_Syscalls	none	none
725	none	sys_net_bnet_sysctl	psdevwiki	https://www.psdevwiki.com/ps3/LV2_Functions_and_Syscalls	none	none
726	none	sys_net_eurus_post_command	psdevwiki	https://www.psdevwiki.com/ps3/LV2_Functions_and_Syscalls	none	none
800	none	sys_fs_test	psdevwiki	https://www.psdevwiki.com/ps3/LV2_Functions_and_Syscalls	none	none
801	none	sys_fs_open	cellgov	cellgov_ps3_abi::lv2::syscall::FS_OPEN	none	none
801	none	sys_fs_open	psdevwiki	https://www.psdevwiki.com/ps3/LV2_Functions_and_Syscalls	none	none
802	none	sys_fs_read	cellgov	cellgov_ps3_abi::lv2::syscall::FS_READ	none	none
802	none	sys_fs_read	psdevwiki	https://www.psdevwiki.com/ps3/LV2_Functions_and_Syscalls	none	none
803	none	sys_fs_write	cellgov	cellgov_ps3_abi::lv2::syscall::FS_WRITE	none	none
803	none	sys_fs_write	psdevwiki	https://www.psdevwiki.com/ps3/LV2_Functions_and_Syscalls	none	none
804	none	sys_fs_close	cellgov	cellgov_ps3_abi::lv2::syscall::FS_CLOSE	none	none
804	none	sys_fs_close	psdevwiki	https://www.psdevwiki.com/ps3/LV2_Functions_and_Syscalls	none	none
805	none	sys_fs_opendir	cellgov	cellgov_ps3_abi::lv2::syscall::FS_OPENDIR	none	none
805	none	sys_fs_opendir	psdevwiki	https://www.psdevwiki.com/ps3/LV2_Functions_and_Syscalls	none	none
806	none	sys_fs_readdir	cellgov	cellgov_ps3_abi::lv2::syscall::FS_READDIR	none	none
806	none	sys_fs_readdir	psdevwiki	https://www.psdevwiki.com/ps3/LV2_Functions_and_Syscalls	none	none
807	none	sys_fs_closedir	cellgov	cellgov_ps3_abi::lv2::syscall::FS_CLOSEDIR	none	none
807	none	sys_fs_closedir	psdevwiki	https://www.psdevwiki.com/ps3/LV2_Functions_and_Syscalls	none	none
808	none	sys_fs_stat	cellgov	cellgov_ps3_abi::lv2::syscall::FS_STAT	none	none
808	none	sys_fs_stat	psdevwiki	https://www.psdevwiki.com/ps3/LV2_Functions_and_Syscalls	none	none
809	none	sys_fs_fstat	cellgov	cellgov_ps3_abi::lv2::syscall::FS_FSTAT	none	none
809	none	sys_fs_fstat	psdevwiki	https://www.psdevwiki.com/ps3/LV2_Functions_and_Syscalls	none	none
810	none	sys_fs_link	psdevwiki	https://www.psdevwiki.com/ps3/LV2_Functions_and_Syscalls	none	none
811	none	sys_fs_mkdir	psdevwiki	https://www.psdevwiki.com/ps3/LV2_Functions_and_Syscalls	none	none
812	none	sys_fs_rename	psdevwiki	https://www.psdevwiki.com/ps3/LV2_Functions_and_Syscalls	none	none
813	none	sys_fs_rmdir	psdevwiki	https://www.psdevwiki.com/ps3/LV2_Functions_and_Syscalls	none	none
814	none	sys_fs_unlink	psdevwiki	https://www.psdevwiki.com/ps3/LV2_Functions_and_Syscalls	none	none
815	none	sys_fs_utime	psdevwiki	https://www.psdevwiki.com/ps3/LV2_Functions_and_Syscalls	none	none
816	none	sys_fs_access	psdevwiki	https://www.psdevwiki.com/ps3/LV2_Functions_and_Syscalls	none	none
817	none	sys_fs_fcntl	psdevwiki	https://www.psdevwiki.com/ps3/LV2_Functions_and_Syscalls	none	none
818	none	sys_fs_lseek	cellgov	cellgov_ps3_abi::lv2::syscall::FS_LSEEK	none	none
818	none	sys_fs_lseek	psdevwiki	https://www.psdevwiki.com/ps3/LV2_Functions_and_Syscalls	none	none
819	none	sys_fs_fdatasync	psdevwiki	https://www.psdevwiki.com/ps3/LV2_Functions_and_Syscalls	none	none
820	none	sys_fs_fsync	psdevwiki	https://www.psdevwiki.com/ps3/LV2_Functions_and_Syscalls	none	none
821	none	sys_fs_fget_block_size	psdevwiki	https://www.psdevwiki.com/ps3/LV2_Functions_and_Syscalls	none	none
822	none	sys_fs_get_block_size	psdevwiki	https://www.psdevwiki.com/ps3/LV2_Functions_and_Syscalls	none	none
823	none	sys_fs_acl_read	psdevwiki	https://www.psdevwiki.com/ps3/LV2_Functions_and_Syscalls	none	none
824	none	sys_fs_acl_write	psdevwiki	https://www.psdevwiki.com/ps3/LV2_Functions_and_Syscalls	none	none
825	none	sys_fs_lsn_get_cda_size	psdevwiki	https://www.psdevwiki.com/ps3/LV2_Functions_and_Syscalls	none	none
826	none	sys_fs_lsn_get_cda	psdevwiki	https://www.psdevwiki.com/ps3/LV2_Functions_and_Syscalls	none	none
827	none	sys_fs_lsn_lock	psdevwiki	https://www.psdevwiki.com/ps3/LV2_Functions_and_Syscalls	none	none
828	none	sys_fs_lsn_unlock	psdevwiki	https://www.psdevwiki.com/ps3/LV2_Functions_and_Syscalls	none	none
829	none	sys_fs_lsn_read	psdevwiki	https://www.psdevwiki.com/ps3/LV2_Functions_and_Syscalls	none	none
830	none	sys_fs_lsn_write	psdevwiki	https://www.psdevwiki.com/ps3/LV2_Functions_and_Syscalls	none	none
831	none	sys_fs_truncate	psdevwiki	https://www.psdevwiki.com/ps3/LV2_Functions_and_Syscalls	none	none
832	none	sys_fs_ftruncate	psdevwiki	https://www.psdevwiki.com/ps3/LV2_Functions_and_Syscalls	none	none
833	none	sys_fs_symbolic_link	psdevwiki	https://www.psdevwiki.com/ps3/LV2_Functions_and_Syscalls	none	none
834	none	sys_fs_chmod	psdevwiki	https://www.psdevwiki.com/ps3/LV2_Functions_and_Syscalls	none	none
835	none	sys_fs_chown	psdevwiki	https://www.psdevwiki.com/ps3/LV2_Functions_and_Syscalls	none	none
836	none	sys_fs_newfs	psdevwiki	https://www.psdevwiki.com/ps3/LV2_Functions_and_Syscalls	none	none
837	none	sys_fs_mount	psdevwiki	https://www.psdevwiki.com/ps3/LV2_Functions_and_Syscalls	none	none
838	none	sys_fs_unmount	psdevwiki	https://www.psdevwiki.com/ps3/LV2_Functions_and_Syscalls	none	none
839	none	sys_fs_sync	psdevwiki	https://www.psdevwiki.com/ps3/LV2_Functions_and_Syscalls	none	none
840	none	sys_fs_disk_free	psdevwiki	https://www.psdevwiki.com/ps3/LV2_Functions_and_Syscalls	none	none
841	none	sys_fs_get_mount_info_size	psdevwiki	https://www.psdevwiki.com/ps3/LV2_Functions_and_Syscalls	none	none
842	none	sys_fs_get_mount_info	psdevwiki	https://www.psdevwiki.com/ps3/LV2_Functions_and_Syscalls	none	none
843	none	sys_fs_get_fs_info_size	psdevwiki	https://www.psdevwiki.com/ps3/LV2_Functions_and_Syscalls	none	none
844	none	sys_fs_get_fs_info	psdevwiki	https://www.psdevwiki.com/ps3/LV2_Functions_and_Syscalls	none	none
845	none	sys_fs_mapped_allocate	psdevwiki	https://www.psdevwiki.com/ps3/LV2_Functions_and_Syscalls	none	none
846	none	sys_fs_mapped_free	psdevwiki	https://www.psdevwiki.com/ps3/LV2_Functions_and_Syscalls	none	none
847	none	sys_fs_truncate2	psdevwiki	https://www.psdevwiki.com/ps3/LV2_Functions_and_Syscalls	none	none
860	none	syscall_sys_ss_get_cache_of_analog_sunset_flag	psdevwiki	https://www.psdevwiki.com/ps3/LV2_Functions_and_Syscalls	none	none
861	none	sys_ss_protected_file_db	psdevwiki	https://www.psdevwiki.com/ps3/LV2_Functions_and_Syscalls	none	none
862	none	sys_ss_virtual_trm_manager	psdevwiki	https://www.psdevwiki.com/ps3/LV2_Functions_and_Syscalls	none	none
863	none	sys_ss_update_manager	psdevwiki	https://www.psdevwiki.com/ps3/LV2_Functions_and_Syscalls	none	none
864	none	sys_ss_sec_hw_framework	psdevwiki	https://www.psdevwiki.com/ps3/LV2_Functions_and_Syscalls	none	none
865	none	sys_ss_random_number_generator	psdevwiki	https://www.psdevwiki.com/ps3/LV2_Functions_and_Syscalls	none	none
866	none	sys_ss_secure_rtc	psdevwiki	https://www.psdevwiki.com/ps3/LV2_Functions_and_Syscalls	none	none
867	none	sys_ss_appliance_info_manager	psdevwiki	https://www.psdevwiki.com/ps3/LV2_Functions_and_Syscalls	none	none
868	none	sys_ss_individual_info_manager	psdevwiki	https://www.psdevwiki.com/ps3/LV2_Functions_and_Syscalls	none	none
869	none	sys_ss_factory_data_manager	psdevwiki	https://www.psdevwiki.com/ps3/LV2_Functions_and_Syscalls	none	none
870	none	sys_ss_get_console_id	psdevwiki	https://www.psdevwiki.com/ps3/LV2_Functions_and_Syscalls	none	none
871	none	sys_ss_access_control_engine	cellgov	cellgov_ps3_abi::lv2::syscall::SS_ACCESS_CONTROL_ENGINE	none	none
871	none	sys_ss_access_control_engine	psdevwiki	https://www.psdevwiki.com/ps3/LV2_Functions_and_Syscalls	none	none
872	none	sys_ss_get_open_psid	psdevwiki	https://www.psdevwiki.com/ps3/LV2_Functions_and_Syscalls	none	none
872	none	sys_ss_get_open_psid	psl1ght	ppu/include/lv2/syscalls.h:SYSCALL_SS_GET_OPEN_PSID	none	none
873	none	sys_ss_get_cache_of_product_mode	psdevwiki	https://www.psdevwiki.com/ps3/LV2_Functions_and_Syscalls	none	none
874	none	sys_ss_get_cache_of_flash_ext_flag	psdevwiki	https://www.psdevwiki.com/ps3/LV2_Functions_and_Syscalls	none	none
875	none	sys_ss_get_boot_device	psdevwiki	https://www.psdevwiki.com/ps3/LV2_Functions_and_Syscalls	none	none
876	none	sys_ss_disc_access_control	psdevwiki	https://www.psdevwiki.com/ps3/LV2_Functions_and_Syscalls	none	none
878	none	sys_ss_ad_sign	psdevwiki	https://www.psdevwiki.com/ps3/LV2_Functions_and_Syscalls	none	none
879	none	sys_ss_media_id	psdevwiki	https://www.psdevwiki.com/ps3/LV2_Functions_and_Syscalls	none	none
880	none	sys_deci3_open	psdevwiki	https://www.psdevwiki.com/ps3/LV2_Functions_and_Syscalls	none	none
880	none	sys_deci3_open	psl1ght	ppu/include/lv2/syscalls.h:SYSCALL_DECI3_OPEN	none	none
881	none	sys_deci3_create_event_path	psdevwiki	https://www.psdevwiki.com/ps3/LV2_Functions_and_Syscalls	none	none
881	none	sys_deci3_create_event_path	psl1ght	ppu/include/lv2/syscalls.h:SYSCALL_DECI3_CREATE_EVENT_PATH	none	none
882	none	sys_deci3_close	psdevwiki	https://www.psdevwiki.com/ps3/LV2_Functions_and_Syscalls	none	none
882	none	sys_deci3_close	psl1ght	ppu/include/lv2/syscalls.h:SYSCALL_DECI3_CLOSE	none	none
883	none	sys_deci3_send	psdevwiki	https://www.psdevwiki.com/ps3/LV2_Functions_and_Syscalls	none	none
883	none	sys_deci3_send	psl1ght	ppu/include/lv2/syscalls.h:SYSCALL_DECI3_SEND	none	none
884	none	sys_deci3_receive	psdevwiki	https://www.psdevwiki.com/ps3/LV2_Functions_and_Syscalls	none	none
884	none	sys_deci3_receive	psl1ght	ppu/include/lv2/syscalls.h:SYSCALL_DECI3_RECEIVE	none	none
885	none	sys_deci3_open2	psdevwiki	https://www.psdevwiki.com/ps3/LV2_Functions_and_Syscalls	none	none
890	none	sys_deci3_initialize	psdevwiki	https://www.psdevwiki.com/ps3/LV2_Functions_and_Syscalls	none	none
891	none	sys_deci3_terminate	psdevwiki	https://www.psdevwiki.com/ps3/LV2_Functions_and_Syscalls	none	none
892	none	sys_deci3_debug_mode	psdevwiki	https://www.psdevwiki.com/ps3/LV2_Functions_and_Syscalls	none	none
893	none	sys_deci3_show_status	psdevwiki	https://www.psdevwiki.com/ps3/LV2_Functions_and_Syscalls	none	none
894	none	sys_deci3_echo_test	psdevwiki	https://www.psdevwiki.com/ps3/LV2_Functions_and_Syscalls	none	none
895	none	sys_deci3_send_dcmp_packet	psdevwiki	https://www.psdevwiki.com/ps3/LV2_Functions_and_Syscalls	none	none
896	none	sys_deci3_dump_cp_register	psdevwiki	https://www.psdevwiki.com/ps3/LV2_Functions_and_Syscalls	none	none
897	none	sys_deci3_dump_cp_buffer	psdevwiki	https://www.psdevwiki.com/ps3/LV2_Functions_and_Syscalls	none	none
899	none	sys_deci3_test	psdevwiki	https://www.psdevwiki.com/ps3/LV2_Functions_and_Syscalls	none	none
900	none	sys_dbg_stop_processes	psdevwiki	https://www.psdevwiki.com/ps3/LV2_Functions_and_Syscalls	none	none
901	none	sys_dbg_continue_processes	psdevwiki	https://www.psdevwiki.com/ps3/LV2_Functions_and_Syscalls	none	none
902	none	sys_dbg_stop_threads	psdevwiki	https://www.psdevwiki.com/ps3/LV2_Functions_and_Syscalls	none	none
903	none	sys_dbg_continue_threads	psdevwiki	https://www.psdevwiki.com/ps3/LV2_Functions_and_Syscalls	none	none
904	none	sys_dbg_read_process_memory	psdevwiki	https://www.psdevwiki.com/ps3/LV2_Functions_and_Syscalls	none	none
905	none	sys_dbg_write_process_memory	psdevwiki	https://www.psdevwiki.com/ps3/LV2_Functions_and_Syscalls	none	none
906	none	sys_dbg_read_thread_register	psdevwiki	https://www.psdevwiki.com/ps3/LV2_Functions_and_Syscalls	none	none
907	none	sys_dbg_write_thread_register	psdevwiki	https://www.psdevwiki.com/ps3/LV2_Functions_and_Syscalls	none	none
908	none	sys_dbg_get_process_list	psdevwiki	https://www.psdevwiki.com/ps3/LV2_Functions_and_Syscalls	none	none
909	none	sys_dbg_get_thread_list	psdevwiki	https://www.psdevwiki.com/ps3/LV2_Functions_and_Syscalls	none	none
910	none	sys_dbg_get_thread_info	psdevwiki	https://www.psdevwiki.com/ps3/LV2_Functions_and_Syscalls	none	none
911	none	sys_dbg_spu_thread_read_from_ls	psdevwiki	https://www.psdevwiki.com/ps3/LV2_Functions_and_Syscalls	none	none
912	none	sys_dbg_spu_thread_write_to_ls	psdevwiki	https://www.psdevwiki.com/ps3/LV2_Functions_and_Syscalls	none	none
913	none	sys_dbg_kill_process	psdevwiki	https://www.psdevwiki.com/ps3/LV2_Functions_and_Syscalls	none	none
914	none	sys_dbg_get_process_info	psdevwiki	https://www.psdevwiki.com/ps3/LV2_Functions_and_Syscalls	none	none
915	none	sys_dbg_set_run_control_bit_to_spu	psdevwiki	https://www.psdevwiki.com/ps3/LV2_Functions_and_Syscalls	none	none
916	none	sys_dbg_spu_thread_get_exception_cause	psdevwiki	https://www.psdevwiki.com/ps3/LV2_Functions_and_Syscalls	none	none
917	none	sys_dbg_create_kernel_event_queue	psdevwiki	https://www.psdevwiki.com/ps3/LV2_Functions_and_Syscalls	none	none
918	none	sys_dbg_read_kernel_event_queue	psdevwiki	https://www.psdevwiki.com/ps3/LV2_Functions_and_Syscalls	none	none
919	none	sys_dbg_destroy_kernel_event_queue	psdevwiki	https://www.psdevwiki.com/ps3/LV2_Functions_and_Syscalls	none	none
920	none	sys_dbg_get_process_event_ctrl_flag	psdevwiki	https://www.psdevwiki.com/ps3/LV2_Functions_and_Syscalls	none	none
921	none	sys_dbg_set_process_event_cntl_flag	psdevwiki	https://www.psdevwiki.com/ps3/LV2_Functions_and_Syscalls	none	none
922	none	sys_dbg_get_spu_thread_group_event_cntl_flag	psdevwiki	https://www.psdevwiki.com/ps3/LV2_Functions_and_Syscalls	none	none
923	none	sys_dbg_set_spu_thread_group_event_cntl_flag	psdevwiki	https://www.psdevwiki.com/ps3/LV2_Functions_and_Syscalls	none	none
924	none	sys_dbg_get_module_list	psdevwiki	https://www.psdevwiki.com/ps3/LV2_Functions_and_Syscalls	none	none
925	none	sys_dbg_get_raw_spu_list	psdevwiki	https://www.psdevwiki.com/ps3/LV2_Functions_and_Syscalls	none	none
926	none	sys_dbg_initialize_scratch_executable_area	psdevwiki	https://www.psdevwiki.com/ps3/LV2_Functions_and_Syscalls	none	none
927	none	sys_dbg_terminate_scratch_executable_area	psdevwiki	https://www.psdevwiki.com/ps3/LV2_Functions_and_Syscalls	none	none
928	none	sys_dbg_initialize_scratch_data_area	psdevwiki	https://www.psdevwiki.com/ps3/LV2_Functions_and_Syscalls	none	none
929	none	sys_dbg_terminate_scratch_data_area	psdevwiki	https://www.psdevwiki.com/ps3/LV2_Functions_and_Syscalls	none	none
930	none	sys_dbg_get_user_memory_stat	psdevwiki	https://www.psdevwiki.com/ps3/LV2_Functions_and_Syscalls	none	none
931	none	sys_dbg_get_shared_memory_attribute_list	psdevwiki	https://www.psdevwiki.com/ps3/LV2_Functions_and_Syscalls	none	none
932	none	sys_dbg_get_mutex_list	psdevwiki	https://www.psdevwiki.com/ps3/LV2_Functions_and_Syscalls	none	none
933	none	sys_dbg_get_mutex_information	psdevwiki	https://www.psdevwiki.com/ps3/LV2_Functions_and_Syscalls	none	none
934	none	sys_dbg_get_cond_list	psdevwiki	https://www.psdevwiki.com/ps3/LV2_Functions_and_Syscalls	none	none
935	none	sys_dbg_get_cond_information	psdevwiki	https://www.psdevwiki.com/ps3/LV2_Functions_and_Syscalls	none	none
936	none	sys_dbg_get_rwlock_list	psdevwiki	https://www.psdevwiki.com/ps3/LV2_Functions_and_Syscalls	none	none
937	none	sys_dbg_get_rwlock_information	psdevwiki	https://www.psdevwiki.com/ps3/LV2_Functions_and_Syscalls	none	none
938	none	sys_dbg_get_lwmutex_list	psdevwiki	https://www.psdevwiki.com/ps3/LV2_Functions_and_Syscalls	none	none
939	none	sys_dbg_get_address_from_dabr	psdevwiki	https://www.psdevwiki.com/ps3/LV2_Functions_and_Syscalls	none	none
940	none	sys_dbg_set_address_to_dabr	psdevwiki	https://www.psdevwiki.com/ps3/LV2_Functions_and_Syscalls	none	none
941	none	sys_dbg_get_lwmutex_information	psdevwiki	https://www.psdevwiki.com/ps3/LV2_Functions_and_Syscalls	none	none
942	none	sys_dbg_get_event_queue_list	psdevwiki	https://www.psdevwiki.com/ps3/LV2_Functions_and_Syscalls	none	none
943	none	sys_dbg_get_event_queue_information	psdevwiki	https://www.psdevwiki.com/ps3/LV2_Functions_and_Syscalls	none	none
944	none	sys_dbg_initialize_ppu_exception_handler	psdevwiki	https://www.psdevwiki.com/ps3/LV2_Functions_and_Syscalls	none	none
945	none	sys_dbg_finalize_ppu_exception_handler	psdevwiki	https://www.psdevwiki.com/ps3/LV2_Functions_and_Syscalls	none	none
946	none	sys_dbg_get_semaphore_list	psdevwiki	https://www.psdevwiki.com/ps3/LV2_Functions_and_Syscalls	none	none
947	none	sys_dbg_get_semaphore_information	psdevwiki	https://www.psdevwiki.com/ps3/LV2_Functions_and_Syscalls	none	none
948	none	sys_dbg_get_kernel_thread_list	psdevwiki	https://www.psdevwiki.com/ps3/LV2_Functions_and_Syscalls	none	none
949	none	sys_dbg_get_kernel_thread_info	psdevwiki	https://www.psdevwiki.com/ps3/LV2_Functions_and_Syscalls	none	none
950	none	sys_dbg_get_lwcond_list	psdevwiki	https://www.psdevwiki.com/ps3/LV2_Functions_and_Syscalls	none	none
951	none	sys_dbg_get_lwcond_information	psdevwiki	https://www.psdevwiki.com/ps3/LV2_Functions_and_Syscalls	none	none
952	none	sys_dbg_create_scratch_data_area_ext	psdevwiki	https://www.psdevwiki.com/ps3/LV2_Functions_and_Syscalls	none	none
953	none	sys_dbg_vm_get_page_information	psdevwiki	https://www.psdevwiki.com/ps3/LV2_Functions_and_Syscalls	none	none
954	none	sys_dbg_vm_get_info	psdevwiki	https://www.psdevwiki.com/ps3/LV2_Functions_and_Syscalls	none	none
955	none	sys_dbg_enable_floating_point_enabled_exception	psdevwiki	https://www.psdevwiki.com/ps3/LV2_Functions_and_Syscalls	none	none
956	none	sys_dbg_disable_floating_point_enabled_exception	psdevwiki	https://www.psdevwiki.com/ps3/LV2_Functions_and_Syscalls	none	none
957	none	sys_dbg_get_process_memory_container_information	psdevwiki	https://www.psdevwiki.com/ps3/LV2_Functions_and_Syscalls	none	none
960	none	sys_control_performance_monitor	psdevwiki	https://www.psdevwiki.com/ps3/LV2_Functions_and_Syscalls	none	none
961	none	sys_performance_monitor_hidden	psdevwiki	https://www.psdevwiki.com/ps3/LV2_Functions_and_Syscalls	none	none
962	none	sys_performance_monitor_bookmark	psdevwiki	https://www.psdevwiki.com/ps3/LV2_Functions_and_Syscalls	none	none
963	none	sys_lv1_pc_trace_create	psdevwiki	https://www.psdevwiki.com/ps3/LV2_Functions_and_Syscalls	none	none
964	none	sys_lv1_pc_trace_start	psdevwiki	https://www.psdevwiki.com/ps3/LV2_Functions_and_Syscalls	none	none
965	none	sys_lv1_pc_trace_stop	psdevwiki	https://www.psdevwiki.com/ps3/LV2_Functions_and_Syscalls	none	none
966	none	sys_lv1_pc_trace_get_status	psdevwiki	https://www.psdevwiki.com/ps3/LV2_Functions_and_Syscalls	none	none
967	none	sys_lv1_pc_trace_destroy	psdevwiki	https://www.psdevwiki.com/ps3/LV2_Functions_and_Syscalls	none	none
968	none	sys_rsx_trace_ioctl	psdevwiki	https://www.psdevwiki.com/ps3/LV2_Functions_and_Syscalls	none	none
970	none	sys_dbg_get_event_flag_list	psdevwiki	https://www.psdevwiki.com/ps3/LV2_Functions_and_Syscalls	none	none
971	none	sys_dbg_get_event_flag_information	psdevwiki	https://www.psdevwiki.com/ps3/LV2_Functions_and_Syscalls	none	none
975	none	sys_dbg_read_spu_thread_context2	psdevwiki	https://www.psdevwiki.com/ps3/LV2_Functions_and_Syscalls	none	none
976	none	sys_crypto_engine_create	psdevwiki	https://www.psdevwiki.com/ps3/LV2_Functions_and_Syscalls	none	none
977	none	sys_crypto_engine_destroy	psdevwiki	https://www.psdevwiki.com/ps3/LV2_Functions_and_Syscalls	none	none
978	none	sys_crypto_engine_hasher_prepare	psdevwiki	https://www.psdevwiki.com/ps3/LV2_Functions_and_Syscalls	none	none
979	none	sys_crypto_engine_hasher_run	psdevwiki	https://www.psdevwiki.com/ps3/LV2_Functions_and_Syscalls	none	none
980	none	sys_crypto_engine_hasher_get_hash	psdevwiki	https://www.psdevwiki.com/ps3/LV2_Functions_and_Syscalls	none	none
981	none	sys_crypto_engine_cipher_prepare	psdevwiki	https://www.psdevwiki.com/ps3/LV2_Functions_and_Syscalls	none	none
982	none	sys_crypto_engine_cipher_run	psdevwiki	https://www.psdevwiki.com/ps3/LV2_Functions_and_Syscalls	none	none
983	none	sys_crypto_engine_cipher_get_hash	psdevwiki	https://www.psdevwiki.com/ps3/LV2_Functions_and_Syscalls	none	none
984	none	sys_crypto_engine_random_generate	psdevwiki	https://www.psdevwiki.com/ps3/LV2_Functions_and_Syscalls	none	none
