ordinal	implemented_versions	stub_versions	absent_versions
0	none	1.02,1.10,1.11,1.30,1.31,1.32,1.50,1.51,1.54,1.60,1.70,1.80,1.81,1.82,1.90,1.92,1.93,1.94,2.00,2.01,2.10,2.17,2.20,2.30,2.35,2.36,2.40,2.41,2.42,2.43,2.50,2.52,2.53,2.60,2.70,2.76,2.80,3.00,3.01,3.10,3.15,3.16,3.21,3.30,3.40,3.41,3.42,3.50,3.55,3.56,3.60,3.61,3.65,3.66,3.70,3.71,3.72,3.73,4.00,4.01,4.10,4.11,4.20,4.21,4.25,4.30,4.31,4.40,4.41,4.45,4.46,4.50,4.53,4.55,4.60,4.65,4.66,4.70,4.75,4.76,4.78,4.80,4.81,4.82,4.83,4.84,4.85,4.86,4.87,4.88,4.89,4.90,4.91,4.92,4.93	none
1	1.02,1.10,1.11,1.30,1.31,1.32,1.50,1.51,1.54,1.60,1.70,1.80,1.81,1.82,1.90,1.92,1.93,1.94,2.00,2.01,2.10,2.17,2.20,2.30,2.35,2.36,2.40,2.41,2.42,2.43,2.50,2.52,2.53,2.60,2.70,2.76,2.80,3.00,3.01,3.10,3.15,3.16,3.21,3.30,3.40,3.41,3.42,3.50,3.55,3.56,3.60,3.61,3.65,3.66,3.70,3.71,3.72,3.73,4.00,4.01,4.10,4.11,4.20,4.21,4.25,4.30,4.31,4.40,4.41,4.45,4.46,4.50,4.53,4.55,4.60,4.65,4.66,4.70,4.75,4.76,4.78,4.80,4.81,4.82,4.83,4.84,4.85,4.86,4.87,4.88,4.89,4.90,4.91,4.92,4.93	none	none
2	1.02,1.10,1.11,1.30,1.31,1.32,1.50,1.51,1.54,1.60,1.70,1.80,1.81,1.82,1.90,1.92,1.93,1.94,2.00,2.01,2.10,2.17,2.20,2.30,2.35,2.36,2.40,2.41,2.42,2.43,2.50,2.52,2.53,2.60,2.70,2.76,2.80,3.00,3.01,3.10,3.15,3.16,3.21,3.30,3.40,3.41,3.42,3.50,3.55,3.56,3.60,3.61,3.65,3.66,3.70,3.71,3.72,3.73,4.00,4.01,4.10,4.11,4.20,4.21,4.25,4.30,4.31,4.40,4.41,4.45,4.46,4.50,4.53,4.55,4.60,4.65,4.66,4.70,4.75,4.76,4.78,4.80,4.81,4.82,4.83,4.84,4.85,4.86,4.87,4.88,4.89,4.90,4.91,4.92,4.93	none	none
3	1.02,1.10,1.11,1.30,1.31,1.32,1.50,1.51,1.54,1.60,1.70,1.80,1.81,1.82,1.90,1.92,1.93,1.94,2.00,2.01,2.10,2.17,2.20,2.30,2.35,2.36,2.40,2.41,2.42,2.43,2.50,2.52,2.53,2.60,2.70,2.76,2.80,3.00,3.01,3.10,3.15,3.16,3.21,3.30,3.40,3.41,3.42,3.50,3.55,3.56,3.60,3.61,3.65,3.66,3.70,3.71,3.72,3.73,4.00,4.01,4.10,4.11,4.20,4.21,4.25,4.30,4.31,4.40,4.41,4.45,4.46,4.50,4.53,4.55,4.60,4.65,4.66,4.70,4.75,4.76,4.78,4.80,4.81,4.82,4.83,4.84,4.85,4.86,4.87,4.88,4.89,4.90,4.91,4.92,4.93	none	none
4	1.02,1.10,1.11,1.30,1.31,1.32,1.50,1.51,1.54,1.60,1.70,1.80,1.81,1.82,1.90,1.92,1.93,1.94,2.00,2.01,2.10,2.17,2.20,2.30,2.35,2.36,2.40,2.41,2.42,2.43,2.50,2.52,2.53,2.60,2.70,2.76,2.80,3.00,3.01,3.10,3.15,3.16,3.21,3.30,3.40,3.41,3.42,3.50,3.55,3.56,3.60,3.61,3.65,3.66,3.70,3.71,3.72,3.73,4.00,4.01,4.10,4.11,4.20,4.21,4.25,4.30,4.31,4.40,4.41,4.45,4.46,4.50,4.53,4.55,4.60,4.65,4.66,4.70,4.75,4.76,4.78,4.80,4.81,4.82,4.83,4.84,4.85,4.86,4.87,4.88,4.89,4.90,4.91,4.92,4.93	none	none
5	1.02,1.10,1.11,1.30,1.31,1.32,1.50,1.51,1.54,1.60,1.70,1.80,1.81,1.82,1.90,1.92,1.93,1.94,2.00,2.01,2.10,2.17,2.20,2.30,2.35,2.36,2.40,2.41,2.42,2.43,2.50,2.52,2.53,2.60,2.70,2.76,2.80,3.00,3.01,3.10,3.15,3.16,3.21,3.30,3.40,3.41,3.42,3.50,3.55,3.56,3.60,3.61,3.65,3.66,3.70,3.71,3.72,3.73,4.00,4.01,4.10,4.11,4.20,4.21,4.25,4.30,4.31,4.40,4.41,4.45,4.46,4.50,4.53,4.55,4.60,4.65,4.66,4.70,4.75,4.76,4.78,4.80,4.81,4.82,4.83,4.84,4.85,4.86,4.87,4.88,4.89,4.90,4.91,4.92,4.93	none	none
6	1.02,1.10,1.11,1.30,1.31,1.32,1.50,1.51,1.54,1.60,1.70	1.80,1.81,1.82,1.90,1.92,1.93,1.94,2.00,2.01,2.10,2.17,2.20,2.30,2.35,2.36,2.40,2.41,2.42,2.43,2.50,2.52,2.53,2.60,2.70,2.76,2.80,3.00,3.01,3.10,3.15,3.16,3.21,3.30,3.40,3.41,3.42,3.50,3.55,3.56,3.60,3.61,3.65,3.66,3.70,3.71,3.72,3.73,4.00,4.01,4.10,4.11,4.20,4.21,4.25,4.30,4.31,4.40,4.41,4.45,4.46,4.50,4.53,4.55,4.60,4.65,4.66,4.70,4.75,4.76,4.78,4.80,4.81,4.82,4.83,4.84,4.85,4.86,4.87,4.88,4.89,4.90,4.91,4.92,4.93	none
7	1.02,1.10,1.11,1.30,1.31,1.32,1.50,1.51,1.54,1.60,1.70	1.80,1.81,1.82,1.90,1.92,1.93,1.94,2.00,2.01,2.10,2.17,2.20,2.30,2.35,2.36,2.40,2.41,2.42,2.43,2.50,2.52,2.53,2.60,2.70,2.76,2.80,3.00,3.01,3.10,3.15,3.16,3.21,3.30,3.40,3.41,3.42,3.50,3.55,3.56,3.60,3.61,3.65,3.66,3.70,3.71,3.72,3.73,4.00,4.01,4.10,4.11,4.20,4.21,4.25,4.30,4.31,4.40,4.41,4.45,4.46,4.50,4.53,4.55,4.60,4.65,4.66,4.70,4.75,4.76,4.78,4.80,4.81,4.82,4.83,4.84,4.85,4.86,4.87,4.88,4.89,4.90,4.91,4.92,4.93	none
8	1.02,1.10,1.11,1.30,1.31,1.32,1.50,1.51,1.54,1.60,1.70	1.80,1.81,1.82,1.90,1.92,1.93,1.94,2.00,2.01,2.10,2.17,2.20,2.30,2.35,2.36,2.40,2.41,2.42,2.43,2.50,2.52,2.53,2.60,2.70,2.76,2.80,3.00,3.01,3.10,3.15,3.16,3.21,3.30,3.40,3.41,3.42,3.50,3.55,3.56,3.60,3.61,3.65,3.66,3.70,3.71,3.72,3.73,4.00,4.01,4.10,4.11,4.20,4.21,4.25,4.30,4.31,4.40,4.41,4.45,4.46,4.50,4.53,4.55,4.60,4.65,4.66,4.70,4.75,4.76,4.78,4.80,4.81,4.82,4.83,4.84,4.85,4.86,4.87,4.88,4.89,4.90,4.91,4.92,4.93	none
9	1.02,1.10,1.11,1.30,1.31,1.32,1.50,1.51,1.54,1.60,1.70	1.80,1.81,1.82,1.90,1.92,1.93,1.94,2.00,2.01,2.10,2.17,2.20,2.30,2.35,2.36,2.40,2.41,2.42,2.43,2.50,2.52,2.53,2.60,2.70,2.76,2.80,3.00,3.01,3.10,3.15,3.16,3.21,3.30,3.40,3.41,3.42,3.50,3.55,3.56,3.60,3.61,3.65,3.66,3.70,3.71,3.72,3.73,4.00,4.01,4.10,4.11,4.20,4.21,4.25,4.30,4.31,4.40,4.41,4.45,4.46,4.50,4.53,4.55,4.60,4.65,4.66,4.70,4.75,4.76,4.78,4.80,4.81,4.82,4.83,4.84,4.85,4.86,4.87,4.88,4.89,4.90,4.91,4.92,4.93	none
10	1.02,1.10,1.11,1.30,1.31,1.32,1.50,1.51,1.54,1.60,1.70	1.80,1.81,1.82,1.90,1.92,1.93,1.94,2.00,2.01,2.10,2.17,2.20,2.30,2.35,2.36,2.40,2.41,2.42,2.43,2.50,2.52,2.53,2.60,2.70,2.76,2.80,3.00,3.01,3.10,3.15,3.16,3.21,3.30,3.40,3.41,3.42,3.50,3.55,3.56,3.60,3.61,3.65,3.66,3.70,3.71,3.72,3.73,4.00,4.01,4.10,4.11,4.20,4.21,4.25,4.30,4.31,4.40,4.41,4.45,4.46,4.50,4.53,4.55,4.60,4.65,4.66,4.70,4.75,4.76,4.78,4.80,4.81,4.82,4.83,4.84,4.85,4.86,4.87,4.88,4.89,4.90,4.91,4.92,4.93	none
11	1.02,1.10,1.11,1.30,1.31,1.32,1.50,1.51,1.54,1.60,1.70	1.80,1.81,1.82,1.90,1.92,1.93,1.94,2.00,2.01,2.10,2.17,2.20,2.30,2.35,2.36,2.40,2.41,2.42,2.43,2.50,2.52,2.53,2.60,2.70,2.76,2.80,3.00,3.01,3.10,3.15,3.16,3.21,3.30,3.40,3.41,3.42,3.50,3.55,3.56,3.60,3.61,3.65,3.66,3.70,3.71,3.72,3.73,4.00,4.01,4.10,4.11,4.20,4.21,4.25,4.30,4.31,4.40,4.41,4.45,4.46,4.50,4.53,4.55,4.60,4.65,4.66,4.70,4.75,4.76,4.78,4.80,4.81,4.82,4.83,4.84,4.85,4.86,4.87,4.88,4.89,4.90,4.91,4.92,4.93	none
12	1.50,1.51,1.54,1.60,1.70,1.80,1.81,1.82,1.90,1.92,1.93,1.94,2.00,2.01,2.10,2.17,2.20,2.30,2.35,2.36,2.40,2.41,2.42,2.43,2.50,2.52,2.53,2.60,2.70,2.76,2.80,3.00,3.01,3.10,3.15,3.16,3.21,3.30,3.40,3.41,3.42,3.50,3.55,3.56,3.60,3.61,3.65,3.66,3.70,3.71,3.72,3.73,4.00,4.01,4.10,4.11,4.20,4.21,4.25,4.30,4.31,4.40,4.41,4.45,4.46,4.50,4.53,4.55,4.60,4.65,4.66,4.70,4.75,4.76,4.78,4.80,4.81,4.82,4.83,4.84,4.85,4.86,4.87,4.88,4.89,4.90,4.91,4.92,4.93	1.02,1.10,1.11,1.30,1.31,1.32	none
13	1.50,1.51,1.54,1.60,1.70,1.80,1.81,1.82,1.90,1.92,1.93,1.94,2.00,2.01,2.10,2.17,2.20,2.30,2.35,2.36,2.40,2.41,2.42,2.43,2.50,2.52,2.53,2.60,2.70,2.76,2.80,3.00,3.01,3.10,3.15,3.16,3.21,3.30,3.40,3.41,3.42,3.50,3.55,3.56,3.60,3.61,3.65,3.66,3.70,3.71,3.72,3.73,4.00,4.01,4.10,4.11,4.20,4.21,4.25,4.30,4.31,4.40,4.41,4.45,4.46,4.50,4.53,4.55,4.60,4.65,4.66,4.70,4.75,4.76,4.78,4.80,4.81,4.82,4.83,4.84,4.85,4.86,4.87,4.88,4.89,4.90,4.91,4.92,4.93	1.02,1.10,1.11,1.30,1.31,1.32	none
14	1.90,1.92,1.93,1.94,2.00,2.01,2.10,2.17,2.20,2.30,2.35,2.36,2.40,2.41,2.42,2.43,2.50,2.52,2.53,2.60,2.70,2.76,2.80,3.00,3.01,3.10,3.15,3.16,3.21,3.30,3.40,3.41,3.42,3.50,3.55,3.56,3.60,3.61,3.65,3.66,3.70,3.71,3.72,3.73,4.00,4.01,4.10,4.11,4.20,4.21,4.25,4.30,4.31,4.40,4.41,4.45,4.46,4.50,4.53,4.55,4.60,4.65,4.66,4.70,4.75,4.76,4.78,4.80,4.81,4.82,4.83,4.84,4.85,4.86,4.87,4.88,4.89,4.90,4.91,4.92,4.93	1.02,1.10,1.11,1.30,1.31,1.32,1.50,1.51,1.54,1.60,1.70,1.80,1.81,1.82	none
15	none	1.02,1.10,1.11,1.30,1.31,1.32,1.50,1.51,1.54,1.60,1.70,1.80,1.81,1.82,1.90,1.92,1.93,1.94,2.00,2.01,2.10,2.17,2.20,2.30,2.35,2.36,2.40,2.41,2.42,2.43,2.50,2.52,2.53,2.60,2.70,2.76,2.80,3.00,3.01,3.10,3.15,3.16,3.21,3.30,3.40,3.41,3.42,3.50,3.55,3.56,3.60,3.61,3.65,3.66,3.70,3.71,3.72,3.73,4.00,4.01,4.10,4.11,4.20,4.21,4.25,4.30,4.31,4.40,4.41,4.45,4.46,4.50,4.53,4.55,4.60,4.65,4.66,4.70,4.75,4.76,4.78,4.80,4.81,4.82,4.83,4.84,4.85,4.86,4.87,4.88,4.89,4.90,4.91,4.92,4.93	none
16	none	1.02,1.10,1.11,1.30,1.31,1.32,1.50,1.51,1.54,1.60,1.70,1.80,1.81,1.82,1.90,1.92,1.93,1.94,2.00,2.01,2.10,2.17,2.20,2.30,2.35,2.36,2.40,2.41,2.42,2.43,2.50,2.52,2.53,2.60,2.70,2.76,2.80,3.00,3.01,3.10,3.15,3.16,3.21,3.30,3.40,3.41,3.42,3.50,3.55,3.56,3.60,3.61,3.65,3.66,3.70,3.71,3.72,3.73,4.00,4.01,4.10,4.11,4.20,4.21,4.25,4.30,4.31,4.40,4.41,4.45,4.46,4.50,4.53,4.55,4.60,4.65,4.66,4.70,4.75,4.76,4.78,4.80,4.81,4.82,4.83,4.84,4.85,4.86,4.87,4.88,4.89,4.90,4.91,4.92,4.93	none
17	none	1.02,1.10,1.11,1.30,1.31,1.32,1.50,1.51,1.54,1.60,1.70,1.80,1.81,1.82,1.90,1.92,1.93,1.94,2.00,2.01,2.10,2.17,2.20,2.30,2.35,2.36,2.40,2.41,2.42,2.43,2.50,2.52,2.53,2.60,2.70,2.76,2.80,3.00,3.01,3.10,3.15,3.16,3.21,3.30,3.40,3.41,3.42,3.50,3.55,3.56,3.60,3.61,3.65,3.66,3.70,3.71,3.72,3.73,4.00,4.01,4.10,4.11,4.20,4.21,4.25,4.30,4.31,4.40,4.41,4.45,4.46,4.50,4.53,4.55,4.60,4.65,4.66,4.70,4.75,4.76,4.78,4.80,4.81,4.82,4.83,4.84,4.85,4.86,4.87,4.88,4.89,4.90,4.91,4.92,4.93	none
18	1.02,1.10,1.11,1.30,1.31,1.32,1.50,1.51,1.54,1.60,1.70,1.80,1.81,1.82,1.90,1.92,1.93,1.94,2.00,2.01,2.10,2.17,2.20,2.30,2.35,2.36,2.40,2.41,2.42,2.43,2.50,2.52,2.53,2.60,2.70,2.76,2.80,3.00,3.01,3.10,3.15,3.16,3.21,3.30,3.40,3.41,3.42,3.50,3.55,3.56,3.60,3.61,3.65,3.66,3.70,3.71,3.72,3.73,4.00,4.01,4.10,4.11,4.20,4.21,4.25,4.30,4.31,4.40,4.41,4.45,4.46,4.50,4.53,4.55,4.60,4.65,4.66,4.70,4.75,4.76,4.78,4.80,4.81,4.82,4.83,4.84,4.85,4.86,4.87,4.88,4.89,4.90,4.91,4.92,4.93	none	none
19	1.02,1.10,1.11,1.30,1.31,1.32,1.50,1.51,1.54,1.60,1.70,1.80,1.81,1.82,1.90,1.92,1.93,1.94,2.00,2.01,2.10,2.17,2.20,2.30,2.35,2.36,2.40,2.41,2.42,2.43,2.50,2.52,2.53,2.60,2.70,2.76,2.80,3.00,3.01,3.10,3.15,3.16,3.21,3.30,3.40,3.41,3.42,3.50,3.55,3.56,3.60,3.61,3.65,3.66,3.70,3.71,3.72,3.73,4.00,4.01,4.10,4.11,4.20,4.21,4.25,4.30,4.31,4.40,4.41,4.45,4.46,4.50,4.53,4.55,4.60,4.65,4.66,4.70,4.75,4.76,4.78,4.80,4.81,4.82,4.83,4.84,4.85,4.86,4.87,4.88,4.89,4.90,4.91,4.92,4.93	none	none
20	none	1.02,1.10,1.11,1.30,1.31,1.32,1.50,1.51,1.54,1.60,1.70,1.80,1.81,1.82,1.90,1.92,1.93,1.94,2.00,2.01,2.10,2.17,2.20,2.30,2.35,2.36,2.40,2.41,2.42,2.43,2.50,2.52,2.53,2.60,2.70,2.76,2.80,3.00,3.01,3.10,3.15,3.16,3.21,3.30,3.40,3.41,3.42,3.50,3.55,3.56,3.60,3.61,3.65,3.66,3.70,3.71,3.72,3.73,4.00,4.01,4.10,4.11,4.20,4.21,4.25,4.30,4.31,4.40,4.41,4.45,4.46,4.50,4.53,4.55,4.60,4.65,4.66,4.70,4.75,4.76,4.78,4.80,4.81,4.82,4.83,4.84,4.85,4.86,4.87,4.88,4.89,4.90,4.91,4.92,4.93	none
21	1.02,1.10,1.11,1.30,1.31,1.32,1.50,1.51,1.54,1.60,1.70,1.80,1.81,1.82,1.90,1.92,1.93,1.94,2.00,2.01,2.10,2.17,2.20,2.30,2.35,2.36,2.40,2.41,2.42,2.43,2.50,2.52,2.53,2.60,2.70,2.76,2.80,3.00,3.01,3.10,3.15,3.16,3.21,3.30,3.40,3.41,3.42,3.50,3.55,3.56,3.60,3.61,3.65,3.66,3.70,3.71,3.72,3.73,4.00,4.01,4.10,4.11,4.20,4.21,4.25,4.30,4.31,4.40,4.41,4.45,4.46,4.50,4.53,4.55,4.60,4.65,4.66,4.70,4.75,4.76,4.78,4.80,4.81,4.82,4.83,4.84,4.85,4.86,4.87,4.88,4.89,4.90,4.91,4.92,4.93	none	none
22	1.02,1.10,1.11,1.30,1.31,1.32,1.50,1.51,1.54,1.60,1.70,1.80,1.81,1.82,1.90,1.92,1.93,1.94,2.00,2.01,2.10,2.17,2.20,2.30,2.35,2.36,2.40,2.41,2.42,2.43,2.50,2.52,2.53,2.60,2.70,2.76,2.80,3.00,3.01,3.10,3.15,3.16,3.21,3.30,3.40,3.41,3.42,3.50,3.55,3.56,3.60,3.61,3.65,3.66,3.70,3.71,3.72,3.73,4.00,4.01,4.10,4.11,4.20,4.21,4.25,4.30,4.31,4.40,4.41,4.45,4.46,4.50,4.53,4.55,4.60,4.65,4.66,4.70,4.75,4.76,4.78,4.80,4.81,4.82,4.83,4.84,4.85,4.86,4.87,4.88,4.89,4.90,4.91,4.92,4.93	none	none
23	1.02,1.10,1.11,1.30,1.31,1.32,1.50,1.51,1.54,1.60,1.70,1.80,1.81,1.82,1.90,1.92,1.93,1.94,2.00,2.01,2.10,2.17,2.20,2.30,2.35,2.36,2.40,2.41,2.42,2.43,2.50,2.52,2.53,2.60,2.70,2.76,2.80,3.00,3.01,3.10,3.15,3.16,3.21,3.30,3.40,3.41,3.42,3.50,3.55,3.56,3.60,3.61,3.65,3.66,3.70,3.71,3.72,3.73,4.00,4.01,4.10,4.11,4.20,4.21,4.25,4.30,4.31,4.40,4.41,4.45,4.46,4.50,4.53,4.55,4.60,4.65,4.66,4.70,4.75,4.76,4.78,4.80,4.81,4.82,4.83,4.84,4.85,4.86,4.87,4.88,4.89,4.90,4.91,4.92,4.93	none	none
24	1.02,1.10,1.11,1.30,1.31,1.32,1.50,1.51,1.54,1.60,1.70,1.80,1.81,1.82,1.90,1.92,1.93,1.94,2.00,2.01,2.10,2.17,2.20,2.30,2.35,2.36,2.40,2.41,2.42,2.43,2.50,2.52,2.53,2.60,2.70,2.76,2.80,3.00,3.01,3.10,3.15,3.16,3.21,3.30,3.40,3.41,3.42,3.50,3.55,3.56,3.60,3.61,3.65,3.66,3.70,3.71,3.72,3.73,4.00,4.01,4.10,4.11,4.20,4.21,4.25,4.30,4.31,4.40,4.41,4.45,4.46,4.50,4.53,4.55,4.60,4.65,4.66,4.70,4.75,4.76,4.78,4.80,4.81,4.82,4.83,4.84,4.85,4.86,4.87,4.88,4.89,4.90,4.91,4.92,4.93	none	none
25	1.02,1.10,1.11,1.30,1.31,1.32,1.50,1.51,1.54,1.60,1.70,1.80,1.81,1.82,1.90,1.92,1.93,1.94,2.00,2.01,2.10,2.17,2.20,2.30,2.35,2.36,2.40,2.41,2.42,2.43,2.50,2.52,2.53,2.60,2.70,2.76,2.80,3.00,3.01,3.10,3.15,3.16,3.21,3.30,3.40,3.41,3.42,3.50,3.55,3.56,3.60,3.61,3.65,3.66,3.70,3.71,3.72,3.73,4.00,4.01,4.10,4.11,4.20,4.21,4.25,4.30,4.31,4.40,4.41,4.45,4.46,4.50,4.53,4.55,4.60,4.65,4.66,4.70,4.75,4.76,4.78,4.80,4.81,4.82,4.83,4.84,4.85,4.86,4.87,4.88,4.89,4.90,4.91,4.92,4.93	none	none
26	1.02,1.10,1.11,1.30,1.31,1.32,1.50,1.51,1.54,1.60,1.70,1.80,1.81,1.82,1.90,1.92,1.93,1.94,2.00,2.01,2.10,2.17,2.20,2.30,2.35,2.36,2.40,2.41,2.42,2.43,2.50,2.52,2.53,2.60,2.70,2.76,2.80,3.00,3.01,3.10,3.15,3.16,3.21,3.30,3.40,3.41,3.42,3.50,3.55,3.56,3.60,3.61,3.65,3.66,3.70,3.71,3.72,3.73,4.00,4.01,4.10,4.11,4.20,4.21,4.25,4.30,4.31,4.40,4.41,4.45,4.46,4.50,4.53,4.55,4.60,4.65,4.66,4.70,4.75,4.76,4.78,4.80,4.81,4.82,4.83,4.84,4.85,4.86,4.87,4.88,4.89,4.90,4.91,4.92,4.93	none	none
27	1.60,1.70,1.80,1.81,1.82,1.90,1.92,1.93,1.94,2.00,2.01,2.10,2.17,2.20,2.30,2.35,2.36,2.40,2.41,2.42,2.43,2.50,2.52,2.53,2.60,2.70,2.76,2.80,3.00,3.01,3.10,3.15,3.16,3.21,3.30,3.40,3.41,3.42,3.50,3.55,3.56,3.60,3.61,3.65,3.66,3.70,3.71,3.72,3.73,4.00,4.01,4.10,4.11,4.20,4.21,4.25,4.30,4.31,4.40,4.41,4.45,4.46,4.50,4.53,4.55,4.60,4.65,4.66,4.70,4.75,4.76,4.78,4.80,4.81,4.82,4.83,4.84,4.85,4.86,4.87,4.88,4.89,4.90,4.91,4.92,4.93	1.02,1.10,1.11,1.30,1.31,1.32,1.50,1.51,1.54	none
28	1.02,1.10,1.11,1.30,1.31,1.32,1.50,1.51,1.54,1.60,1.70,1.80,1.81,1.82,1.90,1.92,1.93,1.94,2.00,2.01,2.10,2.17,2.20,2.30,2.35,2.36,2.40,2.41,2.42,2.43,2.50,2.52,2.53,2.60,2.70,2.76,2.80,3.00,3.01,3.10,3.15,3.16,3.21,3.30,3.40,3.41,3.42,3.50,3.55,3.56,3.60,3.61,3.65,3.66,3.70,3.71,3.72,3.73,4.00,4.01,4.10,4.11,4.20,4.21,4.25,4.30,4.31,4.40,4.41,4.45,4.46,4.50,4.53,4.55,4.60,4.65,4.66,4.70,4.75,4.76,4.78,4.80,4.81,4.82,4.83,4.84,4.85,4.86,4.87,4.88,4.89,4.90,4.91,4.92,4.93	none	none
29	1.02,1.10,1.11,1.30,1.31,1.32,1.50,1.51,1.54,1.60,1.70,1.80,1.81,1.82,1.90,1.92,1.93,1.94,2.00,2.01,2.10,2.17,2.20,2.30,2.35,2.36,2.40,2.41,2.42,2.43,2.50,2.52,2.53,2.60,2.70,2.76,2.80,3.00,3.01,3.10,3.15,3.16,3.21,3.30,3.40,3.41,3.42,3.50,3.55,3.56,3.60,3.61,3.65,3.66,3.70,3.71,3.72,3.73,4.00,4.01,4.10,4.11,4.20,4.21,4.25,4.30,4.31,4.40,4.41,4.45,4.46,4.50,4.53,4.55,4.60,4.65,4.66,4.70,4.75,4.76,4.78,4.80,4.81,4.82,4.83,4.84,4.85,4.86,4.87,4.88,4.89,4.90,4.91,4.92,4.93	none	none
30	1.60,1.70,1.80,1.81,1.82,1.90,1.92,1.93,1.94,2.00,2.01,2.10,2.17,2.20,2.30,2.35,2.36,2.40,2.41,2.42,2.43,2.50,2.52,2.53,2.60,2.70,2.76,2.80,3.00,3.01,3.10,3.15,3.16,3.21,3.30,3.40,3.41,3.42,3.50,3.55,3.56,3.60,3.61,3.65,3.66,3.70,3.71,3.72,3.73,4.00,4.01,4.10,4.11,4.20,4.21,4.25,4.30,4.31,4.40,4.41,4.45,4.46,4.50,4.53,4.55,4.60,4.65,4.66,4.70,4.75,4.76,4.78,4.80,4.81,4.82,4.83,4.84,4.85,4.86,4.87,4.88,4.89,4.90,4.91,4.92,4.93	1.02,1.10,1.11,1.30,1.31,1.32,1.50,1.51,1.54	none
31	2.50,2.52,2.53,2.60,2.70,2.76,2.80,3.00,3.01,3.10,3.15,3.16,3.21,3.30,3.40,3.41,3.42,3.50,3.55,3.56,3.60,3.61,3.65,3.66,3.70,3.71,3.72,3.73,4.00,4.01,4.10,4.11,4.20,4.21,4.25,4.30,4.31,4.40,4.41,4.45,4.46,4.50,4.53,4.55,4.60,4.65,4.66,4.70,4.75,4.76,4.78,4.80,4.81,4.82,4.83,4.84,4.85,4.86,4.87,4.88,4.89,4.90,4.91,4.92,4.93	1.02,1.10,1.11,1.30,1.31,1.32,1.50,1.51,1.54,1.60,1.70,1.80,1.81,1.82,1.90,1.92,1.93,1.94,2.00,2.01,2.10,2.17,2.20,2.30,2.35,2.36,2.40,2.41,2.42,2.43	none
32	none	1.02,1.10,1.11,1.30,1.31,1.32,1.50,1.51,1.54,1.60,1.70,1.80,1.81,1.82,1.90,1.92,1.93,1.94,2.00,2.01,2.10,2.17,2.20,2.30,2.35,2.36,2.40,2.41,2.42,2.43,2.50,2.52,2.53,2.60,2.70,2.76,2.80,3.00,3.01,3.10,3.15,3.16,3.21,3.30,3.40,3.41,3.42,3.50,3.55,3.56,3.60,3.61,3.65,3.66,3.70,3.71,3.72,3.73,4.00,4.01,4.10,4.11,4.20,4.21,4.25,4.30,4.31,4.40,4.41,4.45,4.46,4.50,4.53,4.55,4.60,4.65,4.66,4.70,4.75,4.76,4.78,4.80,4.81,4.82,4.83,4.84,4.85,4.86,4.87,4.88,4.89,4.90,4.91,4.92,4.93	none
33	none	1.02,1.10,1.11,1.30,1.31,1.32,1.50,1.51,1.54,1.60,1.70,1.80,1.81,1.82,1.90,1.92,1.93,1.94,2.00,2.01,2.10,2.17,2.20,2.30,2.35,2.36,2.40,2.41,2.42,2.43,2.50,2.52,2.53,2.60,2.70,2.76,2.80,3.00,3.01,3.10,3.15,3.16,3.21,3.30,3.40,3.41,3.42,3.50,3.55,3.56,3.60,3.61,3.65,3.66,3.70,3.71,3.72,3.73,4.00,4.01,4.10,4.11,4.20,4.21,4.25,4.30,4.31,4.40,4.41,4.45,4.46,4.50,4.53,4.55,4.60,4.65,4.66,4.70,4.75,4.76,4.78,4.80,4.81,4.82,4.83,4.84,4.85,4.86,4.87,4.88,4.89,4.90,4.91,4.92,4.93	none
34	none	1.02,1.10,1.11,1.30,1.31,1.32,1.50,1.51,1.54,1.60,1.70,1.80,1.81,1.82,1.90,1.92,1.93,1.94,2.00,2.01,2.10,2.17,2.20,2.30,2.35,2.36,2.40,2.41,2.42,2.43,2.50,2.52,2.53,2.60,2.70,2.76,2.80,3.00,3.01,3.10,3.15,3.16,3.21,3.30,3.40,3.41,3.42,3.50,3.55,3.56,3.60,3.61,3.65,3.66,3.70,3.71,3.72,3.73,4.00,4.01,4.10,4.11,4.20,4.21,4.25,4.30,4.31,4.40,4.41,4.45,4.46,4.50,4.53,4.55,4.60,4.65,4.66,4.70,4.75,4.76,4.78,4.80,4.81,4.82,4.83,4.84,4.85,4.86,4.87,4.88,4.89,4.90,4.91,4.92,4.93	none
35	none	1.02,1.10,1.11,1.30,1.31,1.32,1.50,1.51,1.54,1.60,1.70,1.80,1.81,1.82,1.90,1.92,1.93,1.94,2.00,2.01,2.10,2.17,2.20,2.30,2.35,2.36,2.40,2.41,2.42,2.43,2.50,2.52,2.53,2.60,2.70,2.76,2.80,3.00,3.01,3.10,3.15,3.16,3.21,3.30,3.40,3.41,3.42,3.50,3.55,3.56,3.60,3.61,3.65,3.66,3.70,3.71,3.72,3.73,4.00,4.01,4.10,4.11,4.20,4.21,4.25,4.30,4.31,4.40,4.41,4.45,4.46,4.50,4.53,4.55,4.60,4.65,4.66,4.70,4.75,4.76,4.78,4.80,4.81,4.82,4.83,4.84,4.85,4.86,4.87,4.88,4.89,4.90,4.91,4.92,4.93	none
36	none	1.02,1.10,1.11,1.30,1.31,1.32,1.50,1.51,1.54,1.60,1.70,1.80,1.81,1.82,1.90,1.92,1.93,1.94,2.00,2.01,2.10,2.17,2.20,2.30,2.35,2.36,2.40,2.41,2.42,2.43,2.50,2.52,2.53,2.60,2.70,2.76,2.80,3.00,3.01,3.10,3.15,3.16,3.21,3.30,3.40,3.41,3.42,3.50,3.55,3.56,3.60,3.61,3.65,3.66,3.70,3.71,3.72,3.73,4.00,4.01,4.10,4.11,4.20,4.21,4.25,4.30,4.31,4.40,4.41,4.45,4.46,4.50,4.53,4.55,4.60,4.65,4.66,4.70,4.75,4.76,4.78,4.80,4.81,4.82,4.83,4.84,4.85,4.86,4.87,4.88,4.89,4.90,4.91,4.92,4.93	none
37	none	1.02,1.10,1.11,1.30,1.31,1.32,1.50,1.51,1.54,1.60,1.70,1.80,1.81,1.82,1.90,1.92,1.93,1.94,2.00,2.01,2.10,2.17,2.20,2.30,2.35,2.36,2.40,2.41,2.42,2.43,2.50,2.52,2.53,2.60,2.70,2.76,2.80,3.00,3.01,3.10,3.15,3.16,3.21,3.30,3.40,3.41,3.42,3.50,3.55,3.56,3.60,3.61,3.65,3.66,3.70,3.71,3.72,3.73,4.00,4.01,4.10,4.11,4.20,4.21,4.25,4.30,4.31,4.40,4.41,4.45,4.46,4.50,4.53,4.55,4.60,4.65,4.66,4.70,4.75,4.76,4.78,4.80,4.81,4.82,4.83,4.84,4.85,4.86,4.87,4.88,4.89,4.90,4.91,4.92,4.93	none
38	none	1.02,1.10,1.11,1.30,1.31,1.32,1.50,1.51,1.54,1.60,1.70,1.80,1.81,1.82,1.90,1.92,1.93,1.94,2.00,2.01,2.10,2.17,2.20,2.30,2.35,2.36,2.40,2.41,2.42,2.43,2.50,2.52,2.53,2.60,2.70,2.76,2.80,3.00,3.01,3.10,3.15,3.16,3.21,3.30,3.40,3.41,3.42,3.50,3.55,3.56,3.60,3.61,3.65,3.66,3.70,3.71,3.72,3.73,4.00,4.01,4.10,4.11,4.20,4.21,4.25,4.30,4.31,4.40,4.41,4.45,4.46,4.50,4.53,4.55,4.60,4.65,4.66,4.70,4.75,4.76,4.78,4.80,4.81,4.82,4.83,4.84,4.85,4.86,4.87,4.88,4.89,4.90,4.91,4.92,4.93	none
39	none	1.02,1.10,1.11,1.30,1.31,1.32,1.50,1.51,1.54,1.60,1.70,1.80,1.81,1.82,1.90,1.92,1.93,1.94,2.00,2.01,2.10,2.17,2.20,2.30,2.35,2.36,2.40,2.41,2.42,2.43,2.50,2.52,2.53,2.60,2.70,2.76,2.80,3.00,3.01,3.10,3.15,3.16,3.21,3.30,3.40,3.41,3.42,3.50,3.55,3.56,3.60,3.61,3.65,3.66,3.70,3.71,3.72,3.73,4.00,4.01,4.10,4.11,4.20,4.21,4.25,4.30,4.31,4.40,4.41,4.45,4.46,4.50,4.53,4.55,4.60,4.65,4.66,4.70,4.75,4.76,4.78,4.80,4.81,4.82,4.83,4.84,4.85,4.86,4.87,4.88,4.89,4.90,4.91,4.92,4.93	none
40	none	1.02,1.10,1.11,1.30,1.31,1.32,1.50,1.51,1.54,1.60,1.70,1.80,1.81,1.82,1.90,1.92,1.93,1.94,2.00,2.01,2.10,2.17,2.20,2.30,2.35,2.36,2.40,2.41,2.42,2.43,2.50,2.52,2.53,2.60,2.70,2.76,2.80,3.00,3.01,3.10,3.15,3.16,3.21,3.30,3.40,3.41,3.42,3.50,3.55,3.56,3.60,3.61,3.65,3.66,3.70,3.71,3.72,3.73,4.00,4.01,4.10,4.11,4.20,4.21,4.25,4.30,4.31,4.40,4.41,4.45,4.46,4.50,4.53,4.55,4.60,4.65,4.66,4.70,4.75,4.76,4.78,4.80,4.81,4.82,4.83,4.84,4.85,4.86,4.87,4.88,4.89,4.90,4.91,4.92,4.93	none
41	1.02,1.10,1.11,1.30,1.31,1.32,1.50,1.51,1.54,1.60,1.70,1.80,1.81,1.82,1.90,1.92,1.93,1.94,2.00,2.01,2.10,2.17,2.20,2.30,2.35,2.36,2.40,2.41,2.42,2.43,2.50,2.52,2.53,2.60,2.70,2.76,2.80,3.00,3.01,3.10,3.15,3.16,3.21,3.30,3.40,3.41,3.42,3.50,3.55,3.56,3.60,3.61,3.65,3.66,3.70,3.71,3.72,3.73,4.00,4.01,4.10,4.11,4.20,4.21,4.25,4.30,4.31,4.40,4.41,4.45,4.46,4.50,4.53,4.55,4.60,4.65,4.66,4.70,4.75,4.76,4.78,4.80,4.81,4.82,4.83,4.84,4.85,4.86,4.87,4.88,4.89,4.90,4.91,4.92,4.93	none	none
42	none	1.02,1.10,1.11,1.30,1.31,1.32,1.50,1.51,1.54,1.60,1.70,1.80,1.81,1.82,1.90,1.92,1.93,1.94,2.00,2.01,2.10,2.17,2.20,2.30,2.35,2.36,2.40,2.41,2.42,2.43,2.50,2.52,2.53,2.60,2.70,2.76,2.80,3.00,3.01,3.10,3.15,3.16,3.21,3.30,3.40,3.41,3.42,3.50,3.55,3.56,3.60,3.61,3.65,3.66,3.70,3.71,3.72,3.73,4.00,4.01,4.10,4.11,4.20,4.21,4.25,4.30,4.31,4.40,4.41,4.45,4.46,4.50,4.53,4.55,4.60,4.65,4.66,4.70,4.75,4.76,4.78,4.80,4.81,4.82,4.83,4.84,4.85,4.86,4.87,4.88,4.89,4.90,4.91,4.92,4.93	none
43	1.02,1.10,1.11,1.30,1.31,1.32,1.50,1.51,1.54,1.60,1.70,1.80,1.81,1.82,1.90,1.92,1.93,1.94,2.00,2.01,2.10,2.17,2.20,2.30,2.35,2.36,2.40,2.41,2.42,2.43,2.50,2.52,2.53,2.60,2.70,2.76,2.80,3.00,3.01,3.10,3.15,3.16,3.21,3.30,3.40,3.41,3.42,3.50,3.55,3.56,3.60,3.61,3.65,3.66,3.70,3.71,3.72,3.73,4.00,4.01,4.10,4.11,4.20,4.21,4.25,4.30,4.31,4.40,4.41,4.45,4.46,4.50,4.53,4.55,4.60,4.65,4.66,4.70,4.75,4.76,4.78,4.80,4.81,4.82,4.83,4.84,4.85,4.86,4.87,4.88,4.89,4.90,4.91,4.92,4.93	none	none
44	1.02,1.10,1.11,1.30,1.31,1.32,1.50,1.51,1.54,1.60,1.70,1.80,1.81,1.82,1.90,1.92,1.93,1.94,2.00,2.01,2.10,2.17,2.20,2.30,2.35,2.36,2.40,2.41,2.42,2.43,2.50,2.52,2.53,2.60,2.70,2.76,2.80,3.00,3.01,3.10,3.15,3.16,3.21,3.30,3.40,3.41,3.42,3.50,3.55,3.56,3.60,3.61,3.65,3.66,3.70,3.71,3.72,3.73,4.00,4.01,4.10,4.11,4.20,4.21,4.25,4.30,4.31,4.40,4.41,4.45,4.46,4.50,4.53,4.55,4.60,4.65,4.66,4.70,4.75,4.76,4.78,4.80,4.81,4.82,4.83,4.84,4.85,4.86,4.87,4.88,4.89,4.90,4.91,4.92,4.93	none	none
45	1.02,1.10,1.11,1.30,1.31,1.32,1.50,1.51,1.54,1.60,1.70,1.80,1.81,1.82,1.90,1.92,1.93,1.94,2.00,2.01,2.10,2.17,2.20,2.30,2.35,2.36,2.40,2.41,2.42,2.43,2.50,2.52,2.53,2.60,2.70,2.76,2.80,3.00,3.01,3.10,3.15,3.16,3.21,3.30,3.40,3.41,3.42,3.50,3.55,3.56,3.60,3.61,3.65,3.66,3.70,3.71,3.72,3.73,4.00,4.01,4.10,4.11,4.20,4.21,4.25,4.30,4.31,4.40,4.41,4.45,4.46,4.50,4.53,4.55,4.60,4.65,4.66,4.70,4.75,4.76,4.78,4.80,4.81,4.82,4.83,4.84,4.85,4.86,4.87,4.88,4.89,4.90,4.91,4.92,4.93	none	none
46	1.02,1.10,1.11,1.30,1.31,1.32,1.50,1.51,1.54,1.60,1.70,1.80,1.81,1.82,1.90,1.92,1.93,1.94,2.00,2.01,2.10,2.17,2.20,2.30,2.35,2.36,2.40,2.41,2.42,2.43,2.50,2.52,2.53,2.60,2.70,2.76,2.80,3.00,3.01,3.10,3.15,3.16,3.21,3.30,3.40,3.41,3.42,3.50,3.55,3.56,3.60,3.61,3.65,3.66,3.70,3.71,3.72,3.73,4.00,4.01,4.10,4.11,4.20,4.21,4.25,4.30,4.31,4.40,4.41,4.45,4.46,4.50,4.53,4.55,4.60,4.65,4.66,4.70,4.75,4.76,4.78,4.80,4.81,4.82,4.83,4.84,4.85,4.86,4.87,4.88,4.89,4.90,4.91,4.92,4.93	none	none
47	1.02,1.10,1.11,1.30,1.31,1.32,1.50,1.51,1.54,1.60,1.70,1.80,1.81,1.82,1.90,1.92,1.93,1.94,2.00,2.01,2.10,2.17,2.20,2.30,2.35,2.36,2.40,2.41,2.42,2.43,2.50,2.52,2.53,2.60,2.70,2.76,2.80,3.00,3.01,3.10,3.15,3.16,3.21,3.30,3.40,3.41,3.42,3.50,3.55,3.56,3.60,3.61,3.65,3.66,3.70,3.71,3.72,3.73,4.00,4.01,4.10,4.11,4.20,4.21,4.25,4.30,4.31,4.40,4.41,4.45,4.46,4.50,4.53,4.55,4.60,4.65,4.66,4.70,4.75,4.76,4.78,4.80,4.81,4.82,4.83,4.84,4.85,4.86,4.87,4.88,4.89,4.90,4.91,4.92,4.93	none	none
48	1.02,1.10,1.11,1.30,1.31,1.32,1.50,1.51,1.54,1.60,1.70,1.80,1.81,1.82,1.90,1.92,1.93,1.94,2.00,2.01,2.10,2.17,2.20,2.30,2.35,2.36,2.40,2.41,2.42,2.43,2.50,2.52,2.53,2.60,2.70,2.76,2.80,3.00,3.01,3.10,3.15,3.16,3.21,3.30,3.40,3.41,3.42,3.50,3.55,3.56,3.60,3.61,3.65,3.66,3.70,3.71,3.72,3.73,4.00,4.01,4.10,4.11,4.20,4.21,4.25,4.30,4.31,4.40,4.41,4.45,4.46,4.50,4.53,4.55,4.60,4.65,4.66,4.70,4.75,4.76,4.78,4.80,4.81,4.82,4.83,4.84,4.85,4.86,4.87,4.88,4.89,4.90,4.91,4.92,4.93	none	none
49	1.02,1.10,1.11,1.30,1.31,1.32,1.50,1.51,1.54,1.60,1.70,1.80,1.81,1.82,1.90,1.92,1.93,1.94,2.00,2.01,2.10,2.17,2.20,2.30,2.35,2.36,2.40,2.41,2.42,2.43,2.50,2.52,2.53,2.60,2.70,2.76,2.80,3.00,3.01,3.10,3.15,3.16,3.21,3.30,3.40,3.41,3.42,3.50,3.55,3.56,3.60,3.61,3.65,3.66,3.70,3.71,3.72,3.73,4.00,4.01,4.10,4.11,4.20,4.21,4.25,4.30,4.31,4.40,4.41,4.45,4.46,4.50,4.53,4.55,4.60,4.65,4.66,4.70,4.75,4.76,4.78,4.80,4.81,4.82,4.83,4.84,4.85,4.86,4.87,4.88,4.89,4.90,4.91,4.92,4.93	none	none
50	1.02,1.10,1.11,1.30,1.31,1.32,1.50,1.51,1.54,1.60,1.70,1.80,1.81,1.82,1.90,1.92,1.93,1.94,2.00,2.01,2.10,2.17,2.20,2.30,2.35,2.36,2.40,2.41,2.42,2.43,2.50,2.52,2.53,2.60,2.70,2.76,2.80,3.00,3.01,3.10,3.15,3.16,3.21,3.30,3.40,3.41,3.42,3.50,3.55,3.56,3.60,3.61,3.65,3.66,3.70,3.71,3.72,3.73,4.00,4.01,4.10,4.11,4.20,4.21,4.25,4.30,4.31,4.40,4.41,4.45,4.46,4.50,4.53,4.55,4.60,4.65,4.66,4.70,4.75,4.76,4.78,4.80,4.81,4.82,4.83,4.84,4.85,4.86,4.87,4.88,4.89,4.90,4.91,4.92,4.93	none	none
51	1.02,1.10,1.11,1.30,1.31,1.32,1.50,1.51,1.54,1.60,1.70,1.80,1.81,1.82,1.90,1.92,1.93,1.94,2.00,2.01,2.10,2.17,2.20,2.30,2.35,2.36,2.40,2.41,2.42,2.43,2.50,2.52,2.53,2.60,2.70,2.76,2.80,3.00,3.01,3.10,3.15,3.16,3.21,3.30,3.40,3.41,3.42,3.50,3.55,3.56,3.60,3.61,3.65,3.66,3.70,3.71,3.72,3.73,4.00,4.01,4.10,4.11,4.20,4.21,4.25,4.30,4.31,4.40,4.41,4.45,4.46,4.50,4.53,4.55,4.60,4.65,4.66,4.70,4.75,4.76,4.78,4.80,4.81,4.82,4.83,4.84,4.85,4.86,4.87,4.88,4.89,4.90,4.91,4.92,4.93	none	none
52	1.02,1.10,1.11,1.30,1.31,1.32,1.50,1.51,1.54,1.60,1.70,1.80,1.81,1.82,1.90,1.92,1.93,1.94,2.00,2.01,2.10,2.17,2.20,2.30,2.35,2.36,2.40,2.41,2.42,2.43,2.50,2.52,2.53,2.60,2.70,2.76,2.80,3.00,3.01,3.10,3.15,3.16,3.21,3.30,3.40,3.41,3.42,3.50,3.55,3.56,3.60,3.61,3.65,3.66,3.70,3.71,3.72,3.73,4.00,4.01,4.10,4.11,4.20,4.21,4.25,4.30,4.31,4.40,4.41,4.45,4.46,4.50,4.53,4.55,4.60,4.65,4.66,4.70,4.75,4.76,4.78,4.80,4.81,4.82,4.83,4.84,4.85,4.86,4.87,4.88,4.89,4.90,4.91,4.92,4.93	none	none
53	1.02,1.10,1.11,1.30,1.31,1.32,1.50,1.51,1.54,1.60,1.70,1.80,1.81,1.82,1.90,1.92,1.93,1.94,2.00,2.01,2.10,2.17,2.20,2.30,2.35,2.36,2.40,2.41,2.42,2.43,2.50,2.52,2.53,2.60,2.70,2.76,2.80,3.00,3.01,3.10,3.15,3.16,3.21,3.30,3.40,3.41,3.42,3.50,3.55,3.56,3.60,3.61,3.65,3.66,3.70,3.71,3.72,3.73,4.00,4.01,4.10,4.11,4.20,4.21,4.25,4.30,4.31,4.40,4.41,4.45,4.46,4.50,4.53,4.55,4.60,4.65,4.66,4.70,4.75,4.76,4.78,4.80,4.81,4.82,4.83,4.84,4.85,4.86,4.87,4.88,4.89,4.90,4.91,4.92,4.93	none	none
54	1.02,1.10,1.11,1.30,1.31,1.32,1.50,1.51,1.54,1.60,1.70,1.80,1.81,1.82,1.90,1.92,1.93,1.94,2.00,2.01,2.10,2.17,2.20,2.30,2.35,2.36,2.40,2.41,2.42,2.43,2.50,2.52,2.53,2.60,2.70,2.76,2.80,3.00,3.01,3.10,3.15,3.16,3.21,3.30,3.40,3.41,3.42,3.50,3.55,3.56,3.60,3.61,3.65,3.66,3.70,3.71,3.72,3.73,4.00,4.01,4.10,4.11,4.20,4.21,4.25,4.30,4.31,4.40,4.41,4.45,4.46,4.50,4.53,4.55,4.60,4.65,4.66,4.70,4.75,4.76,4.78,4.80,4.81,4.82,4.83,4.84,4.85,4.86,4.87,4.88,4.89,4.90,4.91,4.92,4.93	none	none
55	1.02,1.10,1.11,1.30,1.31,1.32,1.50,1.51,1.54,1.60,1.70,1.80,1.81,1.82,1.90,1.92,1.93,1.94,2.00,2.01,2.10,2.17,2.20,2.30,2.35,2.36,2.40,2.41,2.42,2.43,2.50,2.52,2.53,2.60,2.70,2.76,2.80,3.00,3.01,3.10,3.15,3.16,3.21,3.30,3.40,3.41,3.42,3.50,3.55,3.56,3.60,3.61,3.65,3.66,3.70,3.71,3.72,3.73,4.00,4.01,4.10,4.11,4.20,4.21,4.25,4.30,4.31,4.40,4.41,4.45,4.46,4.50,4.53,4.55,4.60,4.65,4.66,4.70,4.75,4.76,4.78,4.80,4.81,4.82,4.83,4.84,4.85,4.86,4.87,4.88,4.89,4.90,4.91,4.92,4.93	none	none
56	1.60,1.70,1.80,1.81,1.82,1.90,1.92,1.93,1.94,2.00,2.01,2.10,2.17,2.20,2.30,2.35,2.36,2.40,2.41,2.42,2.43,2.50,2.52,2.53,2.60,2.70,2.76,2.80,3.00,3.01,3.10,3.15,3.16,3.21,3.30,3.40,3.41,3.42,3.50,3.55,3.56,3.60,3.61,3.65,3.66,3.70,3.71,3.72,3.73,4.00,4.01,4.10,4.11,4.20,4.21,4.25,4.30,4.31,4.40,4.41,4.45,4.46,4.50,4.53,4.55,4.60,4.65,4.66,4.70,4.75,4.76,4.78,4.80,4.81,4.82,4.83,4.84,4.85,4.86,4.87,4.88,4.89,4.90,4.91,4.92,4.93	1.02,1.10,1.11,1.30,1.31,1.32,1.50,1.51,1.54	none
57	1.80,1.81,1.82,1.90,1.92,1.93,1.94,2.00,2.01,2.10,2.17,2.20,2.30,2.35,2.36,2.40,2.41,2.42,2.43,2.50,2.52,2.53,2.60,2.70,2.76,2.80,3.00,3.01,3.10,3.15,3.16,3.21,3.30,3.40,3.41,3.42,3.50,3.55,3.56,3.60,3.61,3.65,3.66,3.70,3.71,3.72,3.73,4.00,4.01,4.10,4.11,4.20,4.21,4.25,4.30,4.31,4.40,4.41,4.45,4.46,4.50,4.53,4.55,4.60,4.65,4.66,4.70,4.75,4.76,4.78,4.80,4.81,4.82,4.83,4.84,4.85,4.86,4.87,4.88,4.89,4.90,4.91,4.92,4.93	1.02,1.10,1.11,1.30,1.31,1.32,1.50,1.51,1.54,1.60,1.70	none
58	2.80,3.00,3.01,3.10,3.15,3.16,3.21,3.30,3.40,3.41,3.42,3.50,3.55,3.56,3.60,3.61,3.65,3.66,3.70,3.71,3.72,3.73,4.00,4.01,4.10,4.11,4.20,4.21,4.25,4.30,4.31,4.40,4.41,4.45,4.46,4.50,4.53,4.55,4.60,4.65,4.66,4.70,4.75,4.76,4.78,4.80,4.81,4.82,4.83,4.84,4.85,4.86,4.87,4.88,4.89,4.90,4.91,4.92,4.93	1.02,1.10,1.11,1.30,1.31,1.32,1.50,1.51,1.54,1.60,1.70,1.80,1.81,1.82,1.90,1.92,1.93,1.94,2.00,2.01,2.10,2.17,2.20,2.30,2.35,2.36,2.40,2.41,2.42,2.43,2.50,2.52,2.53,2.60,2.70,2.76	none
59	none	1.02,1.10,1.11,1.30,1.31,1.32,1.50,1.51,1.54,1.60,1.70,1.80,1.81,1.82,1.90,1.92,1.93,1.94,2.00,2.01,2.10,2.17,2.20,2.30,2.35,2.36,2.40,2.41,2.42,2.43,2.50,2.52,2.53,2.60,2.70,2.76,2.80,3.00,3.01,3.10,3.15,3.16,3.21,3.30,3.40,3.41,3.42,3.50,3.55,3.56,3.60,3.61,3.65,3.66,3.70,3.71,3.72,3.73,4.00,4.01,4.10,4.11,4.20,4.21,4.25,4.30,4.31,4.40,4.41,4.45,4.46,4.50,4.53,4.55,4.60,4.65,4.66,4.70,4.75,4.76,4.78,4.80,4.81,4.82,4.83,4.84,4.85,4.86,4.87,4.88,4.89,4.90,4.91,4.92,4.93	none
60	1.02,1.10,1.11,1.30,1.31,1.32,1.50,1.51,1.54,1.60,1.70,1.80,1.81,1.82,1.90,1.92,1.93,1.94	2.00,2.01,2.10,2.17,2.20,2.30,2.35,2.36,2.40,2.41,2.42,2.43,2.50,2.52,2.53,2.60,2.70,2.76,2.80,3.00,3.01,3.10,3.15,3.16,3.21,3.30,3.40,3.41,3.42,3.50,3.55,3.56,3.60,3.61,3.65,3.66,3.70,3.71,3.72,3.73,4.00,4.01,4.10,4.11,4.20,4.21,4.25,4.30,4.31,4.40,4.41,4.45,4.46,4.50,4.53,4.55,4.60,4.65,4.66,4.70,4.75,4.76,4.78,4.80,4.81,4.82,4.83,4.84,4.85,4.86,4.87,4.88,4.89,4.90,4.91,4.92,4.93	none
61	1.02,1.10,1.11,1.30,1.31,1.32,1.50,1.51,1.54,1.60,1.70,1.80,1.81,1.82,1.90,1.92,1.93,1.94	2.00,2.01,2.10,2.17,2.20,2.30,2.35,2.36,2.40,2.41,2.42,2.43,2.50,2.52,2.53,2.60,2.70,2.76,2.80,3.00,3.01,3.10,3.15,3.16,3.21,3.30,3.40,3.41,3.42,3.50,3.55,3.56,3.60,3.61,3.65,3.66,3.70,3.71,3.72,3.73,4.00,4.01,4.10,4.11,4.20,4.21,4.25,4.30,4.31,4.40,4.41,4.45,4.46,4.50,4.53,4.55,4.60,4.65,4.66,4.70,4.75,4.76,4.78,4.80,4.81,4.82,4.83,4.84,4.85,4.86,4.87,4.88,4.89,4.90,4.91,4.92,4.93	none
62	1.02,1.10,1.11,1.30,1.31,1.32,1.50,1.51,1.54,1.60,1.70,1.80,1.81,1.82,1.90,1.92,1.93,1.94	2.00,2.01,2.10,2.17,2.20,2.30,2.35,2.36,2.40,2.41,2.42,2.43,2.50,2.52,2.53,2.60,2.70,2.76,2.80,3.00,3.01,3.10,3.15,3.16,3.21,3.30,3.40,3.41,3.42,3.50,3.55,3.56,3.60,3.61,3.65,3.66,3.70,3.71,3.72,3.73,4.00,4.01,4.10,4.11,4.20,4.21,4.25,4.30,4.31,4.40,4.41,4.45,4.46,4.50,4.53,4.55,4.60,4.65,4.66,4.70,4.75,4.76,4.78,4.80,4.81,4.82,4.83,4.84,4.85,4.86,4.87,4.88,4.89,4.90,4.91,4.92,4.93	none
63	1.02,1.10,1.11,1.30,1.31,1.32,1.50,1.51,1.54,1.60,1.70,1.80,1.81,1.82,1.90,1.92,1.93,1.94	2.00,2.01,2.10,2.17,2.20,2.30,2.35,2.36,2.40,2.41,2.42,2.43,2.50,2.52,2.53,2.60,2.70,2.76,2.80,3.00,3.01,3.10,3.15,3.16,3.21,3.30,3.40,3.41,3.42,3.50,3.55,3.56,3.60,3.61,3.65,3.66,3.70,3.71,3.72,3.73,4.00,4.01,4.10,4.11,4.20,4.21,4.25,4.30,4.31,4.40,4.41,4.45,4.46,4.50,4.53,4.55,4.60,4.65,4.66,4.70,4.75,4.76,4.78,4.80,4.81,4.82,4.83,4.84,4.85,4.86,4.87,4.88,4.89,4.90,4.91,4.92,4.93	none
64	1.02,1.10,1.11,1.30,1.31,1.32,1.50,1.51,1.54,1.60,1.70,1.80,1.81,1.82,1.90,1.92,1.93,1.94	2.00,2.01,2.10,2.17,2.20,2.30,2.35,2.36,2.40,2.41,2.42,2.43,2.50,2.52,2.53,2.60,2.70,2.76,2.80,3.00,3.01,3.10,3.15,3.16,3.21,3.30,3.40,3.41,3.42,3.50,3.55,3.56,3.60,3.61,3.65,3.66,3.70,3.71,3.72,3.73,4.00,4.01,4.10,4.11,4.20,4.21,4.25,4.30,4.31,4.40,4.41,4.45,4.46,4.50,4.53,4.55,4.60,4.65,4.66,4.70,4.75,4.76,4.78,4.80,4.81,4.82,4.83,4.84,4.85,4.86,4.87,4.88,4.89,4.90,4.91,4.92,4.93	none
65	1.02,1.10,1.11,1.30,1.31,1.32,1.50,1.51,1.54,1.60,1.70,1.80,1.81,1.82,1.90,1.92,1.93,1.94	2.00,2.01,2.10,2.17,2.20,2.30,2.35,2.36,2.40,2.41,2.42,2.43,2.50,2.52,2.53,2.60,2.70,2.76,2.80,3.00,3.01,3.10,3.15,3.16,3.21,3.30,3.40,3.41,3.42,3.50,3.55,3.56,3.60,3.61,3.65,3.66,3.70,3.71,3.72,3.73,4.00,4.01,4.10,4.11,4.20,4.21,4.25,4.30,4.31,4.40,4.41,4.45,4.46,4.50,4.53,4.55,4.60,4.65,4.66,4.70,4.75,4.76,4.78,4.80,4.81,4.82,4.83,4.84,4.85,4.86,4.87,4.88,4.89,4.90,4.91,4.92,4.93	none
66	1.02,1.10,1.11,1.30,1.31,1.32,1.50,1.51,1.54,1.60,1.70,1.80,1.81,1.82,1.90,1.92,1.93,1.94	2.00,2.01,2.10,2.17,2.20,2.30,2.35,2.36,2.40,2.41,2.42,2.43,2.50,2.52,2.53,2.60,2.70,2.76,2.80,3.00,3.01,3.10,3.15,3.16,3.21,3.30,3.40,3.41,3.42,3.50,3.55,3.56,3.60,3.61,3.65,3.66,3.70,3.71,3.72,3.73,4.00,4.01,4.10,4.11,4.20,4.21,4.25,4.30,4.31,4.40,4.41,4.45,4.46,4.50,4.53,4.55,4.60,4.65,4.66,4.70,4.75,4.76,4.78,4.80,4.81,4.82,4.83,4.84,4.85,4.86,4.87,4.88,4.89,4.90,4.91,4.92,4.93	none
67	1.80,1.81,1.82,1.90,1.92,1.93,1.94	1.02,1.10,1.11,1.30,1.31,1.32,1.50,1.51,1.54,1.60,1.70,2.00,2.01,2.10,2.17,2.20,2.30,2.35,2.36,2.40,2.41,2.42,2.43,2.50,2.52,2.53,2.60,2.70,2.76,2.80,3.00,3.01,3.10,3.15,3.16,3.21,3.30,3.40,3.41,3.42,3.50,3.55,3.56,3.60,3.61,3.65,3.66,3.70,3.71,3.72,3.73,4.00,4.01,4.10,4.11,4.20,4.21,4.25,4.30,4.31,4.40,4.41,4.45,4.46,4.50,4.53,4.55,4.60,4.65,4.66,4.70,4.75,4.76,4.78,4.80,4.81,4.82,4.83,4.84,4.85,4.86,4.87,4.88,4.89,4.90,4.91,4.92,4.93	none
68	1.80,1.81,1.82,1.90,1.92,1.93,1.94	1.02,1.10,1.11,1.30,1.31,1.32,1.50,1.51,1.54,1.60,1.70,2.00,2.01,2.10,2.17,2.20,2.30,2.35,2.36,2.40,2.41,2.42,2.43,2.50,2.52,2.53,2.60,2.70,2.76,2.80,3.00,3.01,3.10,3.15,3.16,3.21,3.30,3.40,3.41,3.42,3.50,3.55,3.56,3.60,3.61,3.65,3.66,3.70,3.71,3.72,3.73,4.00,4.01,4.10,4.11,4.20,4.21,4.25,4.30,4.31,4.40,4.41,4.45,4.46,4.50,4.53,4.55,4.60,4.65,4.66,4.70,4.75,4.76,4.78,4.80,4.81,4.82,4.83,4.84,4.85,4.86,4.87,4.88,4.89,4.90,4.91,4.92,4.93	none
69	1.80,1.81,1.82,1.90,1.92,1.93,1.94	1.02,1.10,1.11,1.30,1.31,1.32,1.50,1.51,1.54,1.60,1.70,2.00,2.01,2.10,2.17,2.20,2.30,2.35,2.36,2.40,2.41,2.42,2.43,2.50,2.52,2.53,2.60,2.70,2.76,2.80,3.00,3.01,3.10,3.15,3.16,3.21,3.30,3.40,3.41,3.42,3.50,3.55,3.56,3.60,3.61,3.65,3.66,3.70,3.71,3.72,3.73,4.00,4.01,4.10,4.11,4.20,4.21,4.25,4.30,4.31,4.40,4.41,4.45,4.46,4.50,4.53,4.55,4.60,4.65,4.66,4.70,4.75,4.76,4.78,4.80,4.81,4.82,4.83,4.84,4.85,4.86,4.87,4.88,4.89,4.90,4.91,4.92,4.93	none
70	1.02,1.10,1.11,1.30,1.31,1.32,1.50,1.51,1.54,1.60,1.70,1.80,1.81,1.82,1.90,1.92,1.93,1.94,2.00,2.01,2.10,2.17,2.20,2.30,2.35,2.36,2.40,2.41,2.42,2.43,2.50,2.52,2.53,2.60,2.70,2.76,2.80,3.00,3.01,3.10,3.15,3.16,3.21,3.30,3.40,3.41,3.42,3.50,3.55,3.56,3.60,3.61,3.65,3.66,3.70,3.71,3.72,3.73,4.00,4.01,4.10,4.11,4.20,4.21,4.25,4.30,4.31,4.40,4.41,4.45,4.46,4.50,4.53,4.55,4.60,4.65,4.66,4.70,4.75,4.76,4.78,4.80,4.81,4.82,4.83,4.84,4.85,4.86,4.87,4.88,4.89,4.90,4.91,4.92,4.93	none	none
71	1.02,1.10,1.11,1.30,1.31,1.32,1.50,1.51,1.54,1.60,1.70,1.80,1.81,1.82,1.90,1.92,1.93,1.94,2.00,2.01,2.10,2.17,2.20,2.30,2.35,2.36,2.40,2.41,2.42,2.43,2.50,2.52,2.53,2.60,2.70,2.76,2.80,3.00,3.01,3.10,3.15,3.16,3.21,3.30,3.40,3.41,3.42,3.50,3.55,3.56,3.60,3.61,3.65,3.66,3.70,3.71,3.72,3.73,4.00,4.01,4.10,4.11,4.20,4.21,4.25,4.30,4.31,4.40,4.41,4.45,4.46,4.50,4.53,4.55,4.60,4.65,4.66,4.70,4.75,4.76,4.78,4.80,4.81,4.82,4.83,4.84,4.85,4.86,4.87,4.88,4.89,4.90,4.91,4.92,4.93	none	none
72	1.02,1.10,1.11,1.30,1.31,1.32,1.50,1.51,1.54,1.60,1.70,1.80,1.81,1.82,1.90,1.92,1.93,1.94,2.00,2.01,2.10,2.17,2.20,2.30,2.35,2.36,2.40,2.41,2.42,2.43,2.50,2.52,2.53,2.60,2.70,2.76,2.80,3.00,3.01,3.10,3.15,3.16,3.21,3.30,3.40,3.41,3.42,3.50,3.55,3.56,3.60,3.61,3.65,3.66,3.70,3.71,3.72,3.73,4.00,4.01,4.10,4.11,4.20,4.21,4.25,4.30,4.31,4.40,4.41,4.45,4.46,4.50,4.53,4.55,4.60,4.65,4.66,4.70,4.75,4.76,4.78,4.80,4.81,4.82,4.83,4.84,4.85,4.86,4.87,4.88,4.89,4.90,4.91,4.92,4.93	none	none
73	1.02,1.10,1.11,1.30,1.31,1.32,1.50,1.51,1.54,1.60,1.70,1.80,1.81,1.82,1.90,1.92,1.93,1.94,2.00,2.01,2.10,2.17,2.20,2.30,2.35,2.36,2.40,2.41,2.42,2.43,2.50,2.52,2.53,2.60,2.70,2.76,2.80,3.00,3.01,3.10,3.15,3.16,3.21,3.30,3.40,3.41,3.42,3.50,3.55,3.56,3.60,3.61,3.65,3.66,3.70,3.71,3.72,3.73,4.00,4.01,4.10,4.11,4.20,4.21,4.25,4.30,4.31,4.40,4.41,4.45,4.46,4.50,4.53,4.55,4.60,4.65,4.66,4.70,4.75,4.76,4.78,4.80,4.81,4.82,4.83,4.84,4.85,4.86,4.87,4.88,4.89,4.90,4.91,4.92,4.93	none	none
74	1.02,1.10,1.11,1.30,1.31,1.32,1.50,1.51,1.54,1.60,1.70,1.80,1.81,1.82,1.90,1.92,1.93,1.94,2.00,2.01,2.10,2.17,2.20,2.30,2.35,2.36,2.40,2.41,2.42,2.43,2.50,2.52,2.53,2.60,2.70,2.76,2.80,3.00,3.01,3.10,3.15,3.16,3.21,3.30,3.40,3.41,3.42,3.50,3.55,3.56,3.60,3.61,3.65,3.66,3.70,3.71,3.72,3.73,4.00,4.01,4.10,4.11,4.20,4.21,4.25,4.30,4.31,4.40,4.41,4.45,4.46,4.50,4.53,4.55,4.60,4.65,4.66,4.70,4.75,4.76,4.78,4.80,4.81,4.82,4.83,4.84,4.85,4.86,4.87,4.88,4.89,4.90,4.91,4.92,4.93	none	none
75	1.02,1.10,1.11,1.30,1.31,1.32,1.50,1.51,1.54,1.60,1.70,1.80,1.81,1.82,1.90,1.92,1.93,1.94,2.00,2.01,2.10,2.17,2.20,2.30,2.35,2.36,2.40,2.41,2.42,2.43,2.50,2.52,2.53,2.60,2.70,2.76,2.80,3.00,3.01,3.10,3.15,3.16,3.21,3.30,3.40,3.41,3.42,3.50,3.55,3.56,3.60,3.61,3.65,3.66,3.70,3.71,3.72,3.73,4.00,4.01,4.10,4.11,4.20,4.21,4.25,4.30,4.31,4.40,4.41,4.45,4.46,4.50,4.53,4.55,4.60,4.65,4.66,4.70,4.75,4.76,4.78,4.80,4.81,4.82,4.83,4.84,4.85,4.86,4.87,4.88,4.89,4.90,4.91,4.92,4.93	none	none
76	1.02,1.10,1.11,1.30,1.31,1.32,1.50,1.51,1.54,1.60,1.70,1.80,1.81,1.82,1.90,1.92,1.93,1.94,2.00,2.01,2.10,2.17,2.20,2.30,2.35,2.36,2.40,2.41,2.42,2.43,2.50,2.52,2.53,2.60,2.70,2.76,2.80,3.00,3.01,3.10,3.15,3.16,3.21,3.30,3.40,3.41,3.42,3.50,3.55,3.56,3.60,3.61,3.65,3.66,3.70,3.71,3.72,3.73,4.00,4.01,4.10,4.11,4.20,4.21,4.25,4.30,4.31,4.40,4.41,4.45,4.46,4.50,4.53,4.55,4.60,4.65,4.66,4.70,4.75,4.76,4.78,4.80,4.81,4.82,4.83,4.84,4.85,4.86,4.87,4.88,4.89,4.90,4.91,4.92,4.93	none	none
77	none	1.02,1.10,1.11,1.30,1.31,1.32,1.50,1.51,1.54,1.60,1.70,1.80,1.81,1.82,1.90,1.92,1.93,1.94,2.00,2.01,2.10,2.17,2.20,2.30,2.35,2.36,2.40,2.41,2.42,2.43,2.50,2.52,2.53,2.60,2.70,2.76,2.80,3.00,3.01,3.10,3.15,3.16,3.21,3.30,3.40,3.41,3.42,3.50,3.55,3.56,3.60,3.61,3.65,3.66,3.70,3.71,3.72,3.73,4.00,4.01,4.10,4.11,4.20,4.21,4.25,4.30,4.31,4.40,4.41,4.45,4.46,4.50,4.53,4.55,4.60,4.65,4.66,4.70,4.75,4.76,4.78,4.80,4.81,4.82,4.83,4.84,4.85,4.86,4.87,4.88,4.89,4.90,4.91,4.92,4.93	none
78	none	1.02,1.10,1.11,1.30,1.31,1.32,1.50,1.51,1.54,1.60,1.70,1.80,1.81,1.82,1.90,1.92,1.93,1.94,2.00,2.01,2.10,2.17,2.20,2.30,2.35,2.36,2.40,2.41,2.42,2.43,2.50,2.52,2.53,2.60,2.70,2.76,2.80,3.00,3.01,3.10,3.15,3.16,3.21,3.30,3.40,3.41,3.42,3.50,3.55,3.56,3.60,3.61,3.65,3.66,3.70,3.71,3.72,3.73,4.00,4.01,4.10,4.11,4.20,4.21,4.25,4.30,4.31,4.40,4.41,4.45,4.46,4.50,4.53,4.55,4.60,4.65,4.66,4.70,4.75,4.76,4.78,4.80,4.81,4.82,4.83,4.84,4.85,4.86,4.87,4.88,4.89,4.90,4.91,4.92,4.93	none
79	none	1.02,1.10,1.11,1.30,1.31,1.32,1.50,1.51,1.54,1.60,1.70,1.80,1.81,1.82,1.90,1.92,1.93,1.94,2.00,2.01,2.10,2.17,2.20,2.30,2.35,2.36,2.40,2.41,2.42,2.43,2.50,2.52,2.53,2.60,2.70,2.76,2.80,3.00,3.01,3.10,3.15,3.16,3.21,3.30,3.40,3.41,3.42,3.50,3.55,3.56,3.60,3.61,3.65,3.66,3.70,3.71,3.72,3.73,4.00,4.01,4.10,4.11,4.20,4.21,4.25,4.30,4.31,4.40,4.41,4.45,4.46,4.50,4.53,4.55,4.60,4.65,4.66,4.70,4.75,4.76,4.78,4.80,4.81,4.82,4.83,4.84,4.85,4.86,4.87,4.88,4.89,4.90,4.91,4.92,4.93	none
80	1.02,1.10,1.11,1.30,1.31,1.32,1.50,1.51,1.54,1.60,1.70,1.80,1.81,1.82,1.90,1.92,1.93,1.94,2.00,2.01,2.10,2.17,2.20,2.30,2.35,2.36,2.40,2.41,2.42,2.43,2.50,2.52,2.53,2.60,2.70,2.76,2.80,3.00,3.01,3.10,3.15,3.16,3.21,3.30,3.40,3.41,3.42,3.50,3.55,3.56,3.60,3.61,3.65,3.66,3.70,3.71,3.72,3.73,4.00,4.01,4.10,4.11,4.20,4.21,4.25,4.30,4.31,4.40,4.41,4.45,4.46,4.50,4.53,4.55,4.60,4.65,4.66,4.70,4.75,4.76,4.78,4.80,4.81,4.82,4.83,4.84,4.85,4.86,4.87,4.88,4.89,4.90,4.91,4.92,4.93	none	none
81	1.02,1.10,1.11,1.30,1.31,1.32,1.50,1.51,1.54,1.60,1.70,1.80,1.81,1.82,1.90,1.92,1.93,1.94,2.00,2.01,2.10,2.17,2.20,2.30,2.35,2.36,2.40,2.41,2.42,2.43,2.50,2.52,2.53,2.60,2.70,2.76,2.80,3.00,3.01,3.10,3.15,3.16,3.21,3.30,3.40,3.41,3.42,3.50,3.55,3.56,3.60,3.61,3.65,3.66,3.70,3.71,3.72,3.73,4.00,4.01,4.10,4.11,4.20,4.21,4.25,4.30,4.31,4.40,4.41,4.45,4.46,4.50,4.53,4.55,4.60,4.65,4.66,4.70,4.75,4.76,4.78,4.80,4.81,4.82,4.83,4.84,4.85,4.86,4.87,4.88,4.89,4.90,4.91,4.92,4.93	none	none
82	2.50,2.52,2.53,2.60,2.70,2.76,2.80,3.00,3.01,3.10,3.15,3.16,3.21,3.30,3.40,3.41,3.42,3.50,3.55,3.56,3.60,3.61,3.65,3.66,3.70,3.71,3.72,3.73,4.00,4.01,4.10,4.11,4.20,4.21,4.25,4.30,4.31,4.40,4.41,4.45,4.46,4.50,4.53,4.55,4.60,4.65,4.66,4.70,4.75,4.76,4.78,4.80,4.81,4.82,4.83,4.84,4.85,4.86,4.87,4.88,4.89,4.90,4.91,4.92,4.93	1.02,1.10,1.11,1.30,1.31,1.32,1.50,1.51,1.54,1.60,1.70,1.80,1.81,1.82,1.90,1.92,1.93,1.94,2.00,2.01,2.10,2.17,2.20,2.30,2.35,2.36,2.40,2.41,2.42,2.43	none
83	2.50,2.52,2.53,2.60,2.70,2.76,2.80,3.00,3.01,3.10,3.15,3.16,3.21,3.30,3.40,3.41,3.42,3.50,3.55,3.56,3.60,3.61,3.65,3.66,3.70,3.71,3.72,3.73,4.00,4.01,4.10,4.11,4.20,4.21,4.25,4.30,4.31,4.40,4.41,4.45,4.46,4.50,4.53,4.55,4.60,4.65,4.66,4.70,4.75,4.76,4.78,4.80,4.81,4.82,4.83,4.84,4.85,4.86,4.87,4.88,4.89,4.90,4.91,4.92,4.93	1.02,1.10,1.11,1.30,1.31,1.32,1.50,1.51,1.54,1.60,1.70,1.80,1.81,1.82,1.90,1.92,1.93,1.94,2.00,2.01,2.10,2.17,2.20,2.30,2.35,2.36,2.40,2.41,2.42,2.43	none
84	1.02,1.10,1.11,1.30,1.31,1.32,1.50,1.51,1.54,1.60,1.70,1.80,1.81,1.82,1.90,1.92,1.93,1.94,2.00,2.01,2.10,2.17,2.20,2.30,2.35,2.36,2.40,2.41,2.42,2.43,2.50,2.52,2.53,2.60,2.70,2.76,2.80,3.00,3.01,3.10,3.15,3.16,3.21,3.30,3.40,3.41,3.42,3.50,3.55,3.56,3.60,3.61,3.65,3.66,3.70,3.71,3.72,3.73,4.00,4.01,4.10,4.11,4.20,4.21,4.25,4.30,4.31,4.40,4.41,4.45,4.46,4.50,4.53,4.55,4.60,4.65,4.66,4.70,4.75,4.76,4.78,4.80,4.81,4.82,4.83,4.84,4.85,4.86,4.87,4.88,4.89,4.90,4.91,4.92,4.93	none	none
85	2.50,2.52,2.53,2.60,2.70,2.76,2.80,3.00,3.01,3.10,3.15,3.16,3.21,3.30,3.40,3.41,3.42,3.50,3.55,3.56,3.60,3.61,3.65,3.66,3.70,3.71,3.72,3.73,4.00,4.01,4.10,4.11,4.20,4.21,4.25,4.30,4.31,4.40,4.41,4.45,4.46,4.50,4.53,4.55,4.60,4.65,4.66,4.70,4.75,4.76,4.78,4.80,4.81,4.82,4.83,4.84,4.85,4.86,4.87,4.88,4.89,4.90,4.91,4.92,4.93	1.02,1.10,1.11,1.30,1.31,1.32,1.50,1.51,1.54,1.60,1.70,1.80,1.81,1.82,1.90,1.92,1.93,1.94,2.00,2.01,2.10,2.17,2.20,2.30,2.35,2.36,2.40,2.41,2.42,2.43	none
86	2.50,2.52,2.53,2.60,2.70,2.76,2.80,3.00,3.01,3.10,3.15,3.16,3.21,3.30,3.40,3.41,3.42,3.50,3.55,3.56,3.60,3.61,3.65,3.66,3.70,3.71,3.72,3.73,4.00,4.01,4.10,4.11,4.20,4.21,4.25,4.30,4.31,4.40,4.41,4.45,4.46,4.50,4.53,4.55,4.60,4.65,4.66,4.70,4.75,4.76,4.78,4.80,4.81,4.82,4.83,4.84,4.85,4.86,4.87,4.88,4.89,4.90,4.91,4.92,4.93	1.02,1.10,1.11,1.30,1.31,1.32,1.50,1.51,1.54,1.60,1.70,1.80,1.81,1.82,1.90,1.92,1.93,1.94,2.00,2.01,2.10,2.17,2.20,2.30,2.35,2.36,2.40,2.41,2.42,2.43	none
87	2.50,2.52,2.53,2.60,2.70,2.76,2.80,3.00,3.01,3.10,3.15,3.16,3.21,3.30,3.40,3.41,3.42,3.50,3.55,3.56,3.60,3.61,3.65,3.66,3.70,3.71,3.72,3.73,4.00,4.01,4.10,4.11,4.20,4.21,4.25,4.30,4.31,4.40,4.41,4.45,4.46,4.50,4.53,4.55,4.60,4.65,4.66,4.70,4.75,4.76,4.78,4.80,4.81,4.82,4.83,4.84,4.85,4.86,4.87,4.88,4.89,4.90,4.91,4.92,4.93	1.02,1.10,1.11,1.30,1.31,1.32,1.50,1.51,1.54,1.60,1.70,1.80,1.81,1.82,1.90,1.92,1.93,1.94,2.00,2.01,2.10,2.17,2.20,2.30,2.35,2.36,2.40,2.41,2.42,2.43	none
88	1.02,1.10,1.11,1.30,1.31,1.32,1.50,1.51,1.54,1.60,1.70,1.80,1.81,1.82,1.90,1.92,1.93,1.94,2.00,2.01,2.10,2.17,2.20,2.30,2.35,2.36,2.40,2.41,2.42,2.43,2.50,2.52,2.53,2.60,2.70,2.76,2.80,3.00,3.01,3.10,3.15,3.16,3.21,3.30,3.40,3.41,3.42,3.50,3.55,3.56,3.60,3.61,3.65,3.66,3.70,3.71,3.72,3.73,4.00,4.01,4.10,4.11,4.20,4.21,4.25,4.30,4.31,4.40,4.41,4.45,4.46,4.50,4.53,4.55,4.60,4.65,4.66,4.70,4.75,4.76,4.78,4.80,4.81,4.82,4.83,4.84,4.85,4.86,4.87,4.88,4.89,4.90,4.91,4.92,4.93	none	none
89	1.02,1.10,1.11,1.30,1.31,1.32,1.50,1.51,1.54,1.60,1.70,1.80,1.81,1.82,1.90,1.92,1.93,1.94,2.00,2.01,2.10,2.17,2.20,2.30,2.35,2.36,2.40,2.41,2.42,2.43,2.50,2.52,2.53,2.60,2.70,2.76,2.80,3.00,3.01,3.10,3.15,3.16,3.21,3.30,3.40,3.41,3.42,3.50,3.55,3.56,3.60,3.61,3.65,3.66,3.70,3.71,3.72,3.73,4.00,4.01,4.10,4.11,4.20,4.21,4.25,4.30,4.31,4.40,4.41,4.45,4.46,4.50,4.53,4.55,4.60,4.65,4.66,4.70,4.75,4.76,4.78,4.80,4.81,4.82,4.83,4.84,4.85,4.86,4.87,4.88,4.89,4.90,4.91,4.92,4.93	none	none
90	1.02,1.10,1.11,1.30,1.31,1.32,1.50,1.51,1.54,1.60,1.70,1.80,1.81,1.82,1.90,1.92,1.93,1.94,2.00,2.01,2.10,2.17,2.20,2.30,2.35,2.36,2.40,2.41,2.42,2.43,2.50,2.52,2.53,2.60,2.70,2.76,2.80,3.00,3.01,3.10,3.15,3.16,3.21,3.30,3.40,3.41,3.42,3.50,3.55,3.56,3.60,3.61,3.65,3.66,3.70,3.71,3.72,3.73,4.00,4.01,4.10,4.11,4.20,4.21,4.25,4.30,4.31,4.40,4.41,4.45,4.46,4.50,4.53,4.55,4.60,4.65,4.66,4.70,4.75,4.76,4.78,4.80,4.81,4.82,4.83,4.84,4.85,4.86,4.87,4.88,4.89,4.90,4.91,4.92,4.93	none	none
91	1.02,1.10,1.11,1.30,1.31,1.32,1.50,1.51,1.54,1.60,1.70,1.80,1.81,1.82,1.90,1.92,1.93,1.94,2.00,2.01,2.10,2.17,2.20,2.30,2.35,2.36,2.40,2.41,2.42,2.43,2.50,2.52,2.53,2.60,2.70,2.76,2.80,3.00,3.01,3.10,3.15,3.16,3.21,3.30,3.40,3.41,3.42,3.50,3.55,3.56,3.60,3.61,3.65,3.66,3.70,3.71,3.72,3.73,4.00,4.01,4.10,4.11,4.20,4.21,4.25,4.30,4.31,4.40,4.41,4.45,4.46,4.50,4.53,4.55,4.60,4.65,4.66,4.70,4.75,4.76,4.78,4.80,4.81,4.82,4.83,4.84,4.85,4.86,4.87,4.88,4.89,4.90,4.91,4.92,4.93	none	none
92	1.02,1.10,1.11,1.30,1.31,1.32,1.50,1.51,1.54,1.60,1.70,1.80,1.81,1.82,1.90,1.92,1.93,1.94,2.00,2.01,2.10,2.17,2.20,2.30,2.35,2.36,2.40,2.41,2.42,2.43,2.50,2.52,2.53,2.60,2.70,2.76,2.80,3.00,3.01,3.10,3.15,3.16,3.21,3.30,3.40,3.41,3.42,3.50,3.55,3.56,3.60,3.61,3.65,3.66,3.70,3.71,3.72,3.73,4.00,4.01,4.10,4.11,4.20,4.21,4.25,4.30,4.31,4.40,4.41,4.45,4.46,4.50,4.53,4.55,4.60,4.65,4.66,4.70,4.75,4.76,4.78,4.80,4.81,4.82,4.83,4.84,4.85,4.86,4.87,4.88,4.89,4.90,4.91,4.92,4.93	none	none
93	1.02,1.10,1.11,1.30,1.31,1.32,1.50,1.51,1.54,1.60,1.70,1.80,1.81,1.82,1.90,1.92,1.93,1.94,2.00,2.01,2.10,2.17,2.20,2.30,2.35,2.36,2.40,2.41,2.42,2.43,2.50,2.52,2.53,2.60,2.70,2.76,2.80,3.00,3.01,3.10,3.15,3.16,3.21,3.30,3.40,3.41,3.42,3.50,3.55,3.56,3.60,3.61,3.65,3.66,3.70,3.71,3.72,3.73,4.00,4.01,4.10,4.11,4.20,4.21,4.25,4.30,4.31,4.40,4.41,4.45,4.46,4.50,4.53,4.55,4.60,4.65,4.66,4.70,4.75,4.76,4.78,4.80,4.81,4.82,4.83,4.84,4.85,4.86,4.87,4.88,4.89,4.90,4.91,4.92,4.93	none	none
94	1.02,1.10,1.11,1.30,1.31,1.32,1.50,1.51,1.54,1.60,1.70,1.80,1.81,1.82,1.90,1.92,1.93,1.94,2.00,2.01,2.10,2.17,2.20,2.30,2.35,2.36,2.40,2.41,2.42,2.43,2.50,2.52,2.53,2.60,2.70,2.76,2.80,3.00,3.01,3.10,3.15,3.16,3.21,3.30,3.40,3.41,3.42,3.50,3.55,3.56,3.60,3.61,3.65,3.66,3.70,3.71,3.72,3.73,4.00,4.01,4.10,4.11,4.20,4.21,4.25,4.30,4.31,4.40,4.41,4.45,4.46,4.50,4.53,4.55,4.60,4.65,4.66,4.70,4.75,4.76,4.78,4.80,4.81,4.82,4.83,4.84,4.85,4.86,4.87,4.88,4.89,4.90,4.91,4.92,4.93	none	none
95	1.02,1.10,1.11,1.30,1.31,1.32,1.50,1.51,1.54,1.60,1.70,1.80,1.81,1.82,1.90,1.92,1.93,1.94,2.00,2.01,2.10,2.17,2.20,2.30,2.35,2.36,2.40,2.41,2.42,2.43,2.50,2.52,2.53,2.60,2.70,2.76,2.80,3.00,3.01,3.10,3.15,3.16,3.21,3.30,3.40,3.41,3.42,3.50,3.55,3.56,3.60,3.61,3.65,3.66,3.70,3.71,3.72,3.73,4.00,4.01,4.10,4.11,4.20,4.21,4.25,4.30,4.31,4.40,4.41,4.45,4.46,4.50,4.53,4.55,4.60,4.65,4.66,4.70,4.75,4.76,4.78,4.80,4.81,4.82,4.83,4.84,4.85,4.86,4.87,4.88,4.89,4.90,4.91,4.92,4.93	none	none
96	1.02,1.10,1.11,1.30,1.31,1.32,1.50,1.51,1.54,1.60,1.70,1.80,1.81,1.82,1.90,1.92,1.93,1.94,2.00,2.01,2.10,2.17,2.20,2.30,2.35,2.36,2.40,2.41,2.42,2.43,2.50,2.52,2.53,2.60,2.70,2.76,2.80,3.00,3.01,3.10,3.15,3.16,3.21,3.30,3.40,3.41,3.42,3.50,3.55,3.56,3.60,3.61,3.65,3.66,3.70,3.71,3.72,3.73,4.00,4.01,4.10,4.11,4.20,4.21,4.25,4.30,4.31,4.40,4.41,4.45,4.46,4.50,4.53,4.55,4.60,4.65,4.66,4.70,4.75,4.76,4.78,4.80,4.81,4.82,4.83,4.84,4.85,4.86,4.87,4.88,4.89,4.90,4.91,4.92,4.93	none	none
97	1.02,1.10,1.11,1.30,1.31,1.32,1.50,1.51,1.54,1.60,1.70,1.80,1.81,1.82,1.90,1.92,1.93,1.94,2.00,2.01,2.10,2.17,2.20,2.30,2.35,2.36,2.40,2.41,2.42,2.43,2.50,2.52,2.53,2.60,2.70,2.76,2.80,3.00,3.01,3.10,3.15,3.16,3.21,3.30,3.40,3.41,3.42,3.50,3.55,3.56,3.60,3.61,3.65,3.66,3.70,3.71,3.72,3.73,4.00,4.01,4.10,4.11,4.20,4.21,4.25,4.30,4.31,4.40,4.41,4.45,4.46,4.50,4.53,4.55,4.60,4.65,4.66,4.70,4.75,4.76,4.78,4.80,4.81,4.82,4.83,4.84,4.85,4.86,4.87,4.88,4.89,4.90,4.91,4.92,4.93	none	none
98	1.02,1.10,1.11,1.30,1.31,1.32,1.50,1.51,1.54,1.60,1.70,1.80,1.81,1.82,1.90,1.92,1.93,1.94,2.00,2.01,2.10,2.17,2.20,2.30,2.35,2.36,2.40,2.41,2.42,2.43,2.50,2.52,2.53,2.60,2.70,2.76,2.80,3.00,3.01,3.10,3.15,3.16,3.21,3.30,3.40,3.41,3.42,3.50,3.55,3.56,3.60,3.61,3.65,3.66,3.70,3.71,3.72,3.73,4.00,4.01,4.10,4.11,4.20,4.21,4.25,4.30,4.31,4.40,4.41,4.45,4.46,4.50,4.53,4.55,4.60,4.65,4.66,4.70,4.75,4.76,4.78,4.80,4.81,4.82,4.83,4.84,4.85,4.86,4.87,4.88,4.89,4.90,4.91,4.92,4.93	none	none
99	1.02,1.10,1.11,1.30,1.31,1.32,1.50,1.51,1.54,1.60,1.70,1.80,1.81,1.82,1.90,1.92,1.93,1.94,2.00,2.01,2.10,2.17,2.20,2.30,2.35,2.36,2.40,2.41,2.42,2.43,2.50,2.52,2.53,2.60,2.70,2.76,2.80,3.00,3.01,3.10,3.15,3.16,3.21,3.30,3.40,3.41,3.42,3.50,3.55,3.56,3.60,3.61,3.65,3.66,3.70,3.71,3.72,3.73,4.00,4.01,4.10,4.11,4.20,4.21,4.25,4.30,4.31,4.40,4.41,4.45,4.46,4.50,4.53,4.55,4.60,4.65,4.66,4.70,4.75,4.76,4.78,4.80,4.81,4.82,4.83,4.84,4.85,4.86,4.87,4.88,4.89,4.90,4.91,4.92,4.93	none	none
100	1.02,1.10,1.11,1.30,1.31,1.32,1.50,1.51,1.54,1.60,1.70,1.80,1.81,1.82,1.90,1.92,1.93,1.94,2.00,2.01,2.10,2.17,2.20,2.30,2.35,2.36,2.40,2.41,2.42,2.43,2.50,2.52,2.53,2.60,2.70,2.76,2.80,3.00,3.01,3.10,3.15,3.16,3.21,3.30,3.40,3.41,3.42,3.50,3.55,3.56,3.60,3.61,3.65,3.66,3.70,3.71,3.72,3.73,4.00,4.01,4.10,4.11,4.20,4.21,4.25,4.30,4.31,4.40,4.41,4.45,4.46,4.50,4.53,4.55,4.60,4.65,4.66,4.70,4.75,4.76,4.78,4.80,4.81,4.82,4.83,4.84,4.85,4.86,4.87,4.88,4.89,4.90,4.91,4.92,4.93	none	none
101	1.02,1.10,1.11,1.30,1.31,1.32,1.50,1.51,1.54,1.60,1.70,1.80,1.81,1.82,1.90,1.92,1.93,1.94,2.00,2.01,2.10,2.17,2.20,2.30,2.35,2.36,2.40,2.41,2.42,2.43,2.50,2.52,2.53,2.60,2.70,2.76,2.80,3.00,3.01,3.10,3.15,3.16,3.21,3.30,3.40,3.41,3.42,3.50,3.55,3.56,3.60,3.61,3.65,3.66,3.70,3.71,3.72,3.73,4.00,4.01,4.10,4.11,4.20,4.21,4.25,4.30,4.31,4.40,4.41,4.45,4.46,4.50,4.53,4.55,4.60,4.65,4.66,4.70,4.75,4.76,4.78,4.80,4.81,4.82,4.83,4.84,4.85,4.86,4.87,4.88,4.89,4.90,4.91,4.92,4.93	none	none
102	1.02,1.10,1.11,1.30,1.31,1.32,1.50,1.51,1.54,1.60,1.70,1.80,1.81,1.82,1.90,1.92,1.93,1.94,2.00,2.01,2.10,2.17,2.20,2.30,2.35,2.36,2.40,2.41,2.42,2.43,2.50,2.52,2.53,2.60,2.70,2.76,2.80,3.00,3.01,3.10,3.15,3.16,3.21,3.30,3.40,3.41,3.42,3.50,3.55,3.56,3.60,3.61,3.65,3.66,3.70,3.71,3.72,3.73,4.00,4.01,4.10,4.11,4.20,4.21,4.25,4.30,4.31,4.40,4.41,4.45,4.46,4.50,4.53,4.55,4.60,4.65,4.66,4.70,4.75,4.76,4.78,4.80,4.81,4.82,4.83,4.84,4.85,4.86,4.87,4.88,4.89,4.90,4.91,4.92,4.93	none	none
103	1.02,1.10,1.11,1.30,1.31,1.32,1.50,1.51,1.54,1.60,1.70,1.80,1.81,1.82,1.90,1.92,1.93,1.94,2.00,2.01,2.10,2.17,2.20,2.30,2.35,2.36,2.40,2.41,2.42,2.43,2.50,2.52,2.53,2.60,2.70,2.76,2.80,3.00,3.01,3.10,3.15,3.16,3.21,3.30,3.40,3.41,3.42,3.50,3.55,3.56,3.60,3.61,3.65,3.66,3.70,3.71,3.72,3.73,4.00,4.01,4.10,4.11,4.20,4.21,4.25,4.30,4.31,4.40,4.41,4.45,4.46,4.50,4.53,4.55,4.60,4.65,4.66,4.70,4.75,4.76,4.78,4.80,4.81,4.82,4.83,4.84,4.85,4.86,4.87,4.88,4.89,4.90,4.91,4.92,4.93	none	none
104	1.02,1.10,1.11,1.30,1.31,1.32,1.50,1.51,1.54,1.60,1.70,1.80,1.81,1.82,1.90,1.92,1.93,1.94,2.00,2.01,2.10,2.17,2.20,2.30,2.35,2.36,2.40,2.41,2.42,2.43,2.50,2.52,2.53,2.60,2.70,2.76,2.80,3.00,3.01,3.10,3.15,3.16,3.21,3.30,3.40,3.41,3.42,3.50,3.55,3.56,3.60,3.61,3.65,3.66,3.70,3.71,3.72,3.73,4.00,4.01,4.10,4.11,4.20,4.21,4.25,4.30,4.31,4.40,4.41,4.45,4.46,4.50,4.53,4.55,4.60,4.65,4.66,4.70,4.75,4.76,4.78,4.80,4.81,4.82,4.83,4.84,4.85,4.86,4.87,4.88,4.89,4.90,4.91,4.92,4.93	none	none
105	1.02,1.10,1.11,1.30,1.31,1.32,1.50,1.51,1.54,1.60,1.70,1.80,1.81,1.82,1.90,1.92,1.93,1.94,2.00,2.01,2.10,2.17,2.20,2.30,2.35,2.36,2.40,2.41,2.42,2.43,2.50,2.52,2.53,2.60,2.70,2.76,2.80,3.00,3.01,3.10,3.15,3.16,3.21,3.30,3.40,3.41,3.42,3.50,3.55,3.56,3.60,3.61,3.65,3.66,3.70,3.71,3.72,3.73,4.00,4.01,4.10,4.11,4.20,4.21,4.25,4.30,4.31,4.40,4.41,4.45,4.46,4.50,4.53,4.55,4.60,4.65,4.66,4.70,4.75,4.76,4.78,4.80,4.81,4.82,4.83,4.84,4.85,4.86,4.87,4.88,4.89,4.90,4.91,4.92,4.93	none	none
106	1.02,1.10,1.11,1.30,1.31,1.32,1.50,1.51,1.54,1.60,1.70,1.80,1.81,1.82,1.90,1.92,1.93,1.94,2.00,2.01,2.10,2.17,2.20,2.30,2.35,2.36,2.40,2.41,2.42,2.43,2.50,2.52,2.53,2.60,2.70,2.76,2.80,3.00,3.01,3.10,3.15,3.16,3.21,3.30,3.40,3.41,3.42,3.50,3.55,3.56,3.60,3.61,3.65,3.66,3.70,3.71,3.72,3.73,4.00,4.01,4.10,4.11,4.20,4.21,4.25,4.30,4.31,4.40,4.41,4.45,4.46,4.50,4.53,4.55,4.60,4.65,4.66,4.70,4.75,4.76,4.78,4.80,4.81,4.82,4.83,4.84,4.85,4.86,4.87,4.88,4.89,4.90,4.91,4.92,4.93	none	none
107	1.02,1.10,1.11,1.30,1.31,1.32,1.50,1.51,1.54,1.60,1.70,1.80,1.81,1.82,1.90,1.92,1.93,1.94,2.00,2.01,2.10,2.17,2.20,2.30,2.35,2.36,2.40,2.41,2.42,2.43,2.50,2.52,2.53,2.60,2.70,2.76,2.80,3.00,3.01,3.10,3.15,3.16,3.21,3.30,3.40,3.41,3.42,3.50,3.55,3.56,3.60,3.61,3.65,3.66,3.70,3.71,3.72,3.73,4.00,4.01,4.10,4.11,4.20,4.21,4.25,4.30,4.31,4.40,4.41,4.45,4.46,4.50,4.53,4.55,4.60,4.65,4.66,4.70,4.75,4.76,4.78,4.80,4.81,4.82,4.83,4.84,4.85,4.86,4.87,4.88,4.89,4.90,4.91,4.92,4.93	none	none
108	1.02,1.10,1.11,1.30,1.31,1.32,1.50,1.51,1.54,1.60,1.70,1.80,1.81,1.82,1.90,1.92,1.93,1.94,2.00,2.01,2.10,2.17,2.20,2.30,2.35,2.36,2.40,2.41,2.42,2.43,2.50,2.52,2.53,2.60,2.70,2.76,2.80,3.00,3.01,3.10,3.15,3.16,3.21,3.30,3.40,3.41,3.42,3.50,3.55,3.56,3.60,3.61,3.65,3.66,3.70,3.71,3.72,3.73,4.00,4.01,4.10,4.11,4.20,4.21,4.25,4.30,4.31,4.40,4.41,4.45,4.46,4.50,4.53,4.55,4.60,4.65,4.66,4.70,4.75,4.76,4.78,4.80,4.81,4.82,4.83,4.84,4.85,4.86,4.87,4.88,4.89,4.90,4.91,4.92,4.93	none	none
109	1.02,1.10,1.11,1.30,1.31,1.32,1.50,1.51,1.54,1.60,1.70,1.80,1.81,1.82,1.90,1.92,1.93,1.94,2.00,2.01,2.10,2.17,2.20,2.30,2.35,2.36,2.40,2.41,2.42,2.43,2.50,2.52,2.53,2.60,2.70,2.76,2.80,3.00,3.01,3.10,3.15,3.16,3.21,3.30,3.40,3.41,3.42,3.50,3.55,3.56,3.60,3.61,3.65,3.66,3.70,3.71,3.72,3.73,4.00,4.01,4.10,4.11,4.20,4.21,4.25,4.30,4.31,4.40,4.41,4.45,4.46,4.50,4.53,4.55,4.60,4.65,4.66,4.70,4.75,4.76,4.78,4.80,4.81,4.82,4.83,4.84,4.85,4.86,4.87,4.88,4.89,4.90,4.91,4.92,4.93	none	none
110	1.30,1.31,1.32,1.50,1.51,1.54,1.60,1.70,1.80,1.81,1.82,1.90,1.92,1.93,1.94,2.00,2.01,2.10,2.17,2.20,2.30,2.35,2.36,2.40,2.41,2.42,2.43,2.50,2.52,2.53,2.60,2.70,2.76,2.80,3.00,3.01,3.10,3.15,3.16,3.21,3.30,3.40,3.41,3.42,3.50,3.55,3.56,3.60,3.61,3.65,3.66,3.70,3.71,3.72,3.73,4.00,4.01,4.10,4.11,4.20,4.21,4.25,4.30,4.31,4.40,4.41,4.45,4.46,4.50,4.53,4.55,4.60,4.65,4.66,4.70,4.75,4.76,4.78,4.80,4.81,4.82,4.83,4.84,4.85,4.86,4.87,4.88,4.89,4.90,4.91,4.92,4.93	1.02,1.10,1.11	none
111	1.80,1.81,1.82,1.90,1.92,1.93,1.94,2.00,2.01,2.10,2.17,2.20,2.30,2.35,2.36,2.40,2.41,2.42,2.43,2.50,2.52,2.53,2.60,2.70,2.76,2.80,3.00,3.01,3.10,3.15,3.16,3.21,3.30,3.40,3.41,3.42,3.50,3.55,3.56,3.60,3.61,3.65,3.66,3.70,3.71,3.72,3.73,4.00,4.01,4.10,4.11,4.20,4.21,4.25,4.30,4.31,4.40,4.41,4.45,4.46,4.50,4.53,4.55,4.60,4.65,4.66,4.70,4.75,4.76,4.78,4.80,4.81,4.82,4.83,4.84,4.85,4.86,4.87,4.88,4.89,4.90,4.91,4.92,4.93	1.02,1.10,1.11,1.30,1.31,1.32,1.50,1.51,1.54,1.60,1.70	none
112	1.80,1.81,1.82,1.90,1.92,1.93,1.94,2.00,2.01,2.10,2.17,2.20,2.30,2.35,2.36,2.40,2.41,2.42,2.43,2.50,2.52,2.53,2.60,2.70,2.76,2.80,3.00,3.01,3.10,3.15,3.16,3.21,3.30,3.40,3.41,3.42,3.50,3.55,3.56,3.60,3.61,3.65,3.66,3.70,3.71,3.72,3.73,4.00,4.01,4.10,4.11,4.20,4.21,4.25,4.30,4.31,4.40,4.41,4.45,4.46,4.50,4.53,4.55,4.60,4.65,4.66,4.70,4.75,4.76,4.78,4.80,4.81,4.82,4.83,4.84,4.85,4.86,4.87,4.88,4.89,4.90,4.91,4.92,4.93	1.02,1.10,1.11,1.30,1.31,1.32,1.50,1.51,1.54,1.60,1.70	none
113	1.80,1.81,1.82,1.90,1.92,1.93,1.94,2.00,2.01,2.10,2.17,2.20,2.30,2.35,2.36,2.40,2.41,2.42,2.43,2.50,2.52,2.53,2.60,2.70,2.76,2.80,3.00,3.01,3.10,3.15,3.16,3.21,3.30,3.40,3.41,3.42,3.50,3.55,3.56,3.60,3.61,3.65,3.66,3.70,3.71,3.72,3.73,4.00,4.01,4.10,4.11,4.20,4.21,4.25,4.30,4.31,4.40,4.41,4.45,4.46,4.50,4.53,4.55,4.60,4.65,4.66,4.70,4.75,4.76,4.78,4.80,4.81,4.82,4.83,4.84,4.85,4.86,4.87,4.88,4.89,4.90,4.91,4.92,4.93	1.02,1.10,1.11,1.30,1.31,1.32,1.50,1.51,1.54,1.60,1.70	none
114	1.02,1.10,1.11,1.30,1.31,1.32,1.50,1.51,1.54,1.60,1.70,1.80,1.81,1.82,1.90,1.92,1.93,1.94,2.00,2.01,2.10,2.17,2.20,2.30,2.35,2.36,2.40,2.41,2.42,2.43,2.50,2.52,2.53,2.60,2.70,2.76,2.80,3.00,3.01,3.10,3.15,3.16,3.21,3.30,3.40,3.41,3.42,3.50,3.55,3.56,3.60,3.61,3.65,3.66,3.70,3.71,3.72,3.73,4.00,4.01,4.10,4.11,4.20,4.21,4.25,4.30,4.31,4.40,4.41,4.45,4.46,4.50,4.53,4.55,4.60,4.65,4.66,4.70,4.75,4.76,4.78,4.80,4.81,4.82,4.83,4.84,4.85,4.86,4.87,4.88,4.89,4.90,4.91,4.92,4.93	none	none
115	1.80,1.81,1.82,1.90,1.92,1.93,1.94,2.00,2.01,2.10,2.17,2.20,2.30,2.35,2.36,2.40,2.41,2.42,2.43,2.50,2.52,2.53,2.60,2.70,2.76,2.80,3.00,3.01,3.10,3.15,3.16,3.21,3.30,3.40,3.41,3.42,3.50,3.55,3.56,3.60,3.61,3.65,3.66,3.70,3.71,3.72,3.73,4.00,4.01,4.10,4.11,4.20,4.21,4.25,4.30,4.31,4.40,4.41,4.45,4.46,4.50,4.53,4.55,4.60,4.65,4.66,4.70,4.75,4.76,4.78,4.80,4.81,4.82,4.83,4.84,4.85,4.86,4.87,4.88,4.89,4.90,4.91,4.92,4.93	1.02,1.10,1.11,1.30,1.31,1.32,1.50,1.51,1.54,1.60,1.70	none
116	1.80,1.81,1.82,1.90,1.92,1.93,1.94,2.00,2.01,2.10,2.17,2.20,2.30,2.35,2.36,2.40,2.41,2.42,2.43,2.50,2.52,2.53,2.60,2.70,2.76,2.80,3.00,3.01,3.10,3.15,3.16,3.21,3.30,3.40,3.41,3.42,3.50,3.55,3.56,3.60,3.61,3.65,3.66,3.70,3.71,3.72,3.73,4.00,4.01,4.10,4.11,4.20,4.21,4.25,4.30,4.31,4.40,4.41,4.45,4.46,4.50,4.53,4.55,4.60,4.65,4.66,4.70,4.75,4.76,4.78,4.80,4.81,4.82,4.83,4.84,4.85,4.86,4.87,4.88,4.89,4.90,4.91,4.92,4.93	1.02,1.10,1.11,1.30,1.31,1.32,1.50,1.51,1.54,1.60,1.70	none
117	2.40,2.41,2.42,2.43,2.50,2.52,2.53,2.60,2.70,2.76,2.80,3.00,3.01,3.10,3.15,3.16,3.21,3.30,3.40,3.41,3.42,3.50,3.55,3.56,3.60,3.61,3.65,3.66,3.70,3.71,3.72,3.73,4.00,4.01,4.10,4.11,4.20,4.21,4.25,4.30,4.31,4.40,4.41,4.45,4.46,4.50,4.53,4.55,4.60,4.65,4.66,4.70,4.75,4.76,4.78,4.80,4.81,4.82,4.83,4.84,4.85,4.86,4.87,4.88,4.89,4.90,4.91,4.92,4.93	1.02,1.10,1.11,1.30,1.31,1.32,1.50,1.51,1.54,1.60,1.70,1.80,1.81,1.82,1.90,1.92,1.93,1.94,2.00,2.01,2.10,2.17,2.20,2.30,2.35,2.36	none
118	2.50,2.52,2.53,2.60,2.70,2.76,2.80,3.00,3.01,3.10,3.15,3.16,3.21,3.30,3.40,3.41,3.42,3.50,3.55,3.56,3.60,3.61,3.65,3.66,3.70,3.71,3.72,3.73,4.00,4.01,4.10,4.11,4.20,4.21,4.25,4.30,4.31,4.40,4.41,4.45,4.46,4.50,4.53,4.55,4.60,4.65,4.66,4.70,4.75,4.76,4.78,4.80,4.81,4.82,4.83,4.84,4.85,4.86,4.87,4.88,4.89,4.90,4.91,4.92,4.93	1.02,1.10,1.11,1.30,1.31,1.32,1.50,1.51,1.54,1.60,1.70,1.80,1.81,1.82,1.90,1.92,1.93,1.94,2.00,2.01,2.10,2.17,2.20,2.30,2.35,2.36,2.40,2.41,2.42,2.43	none
119	1.02,1.10,1.11,1.30,1.31,1.32,1.50,1.51,1.54,1.60,1.70,1.80,1.81,1.82,1.90,1.92,1.93,1.94,2.00,2.01,2.10,2.17,2.20,2.30,2.35,2.36,2.40,2.41,2.42,2.43,2.50,2.52,2.53,2.60,2.70,2.76,2.80,3.00,3.01,3.10,3.15,3.16,3.21,3.30,3.40,3.41,3.42,3.50,3.55,3.56,3.60,3.61,3.65,3.66,3.70,3.71,3.72,3.73,4.00,4.01,4.10,4.11,4.20,4.21,4.25,4.30,4.31,4.40,4.41,4.45,4.46,4.50,4.53,4.55,4.60,4.65,4.66,4.70,4.75,4.76,4.78,4.80,4.81,4.82,4.83,4.84,4.85,4.86,4.87,4.88,4.89,4.90,4.91,4.92,4.93	none	none
120	1.02,1.10,1.11,1.30,1.31,1.32,1.50,1.51,1.54,1.60,1.70,1.80,1.81,1.82,1.90,1.92,1.93,1.94,2.00,2.01,2.10,2.17,2.20,2.30,2.35,2.36,2.40,2.41,2.42,2.43,2.50,2.52,2.53,2.60,2.70,2.76,2.80,3.00,3.01,3.10,3.15,3.16,3.21,3.30,3.40,3.41,3.42,3.50,3.55,3.56,3.60,3.61,3.65,3.66,3.70,3.71,3.72,3.73,4.00,4.01,4.10,4.11,4.20,4.21,4.25,4.30,4.31,4.40,4.41,4.45,4.46,4.50,4.53,4.55,4.60,4.65,4.66,4.70,4.75,4.76,4.78,4.80,4.81,4.82,4.83,4.84,4.85,4.86,4.87,4.88,4.89,4.90,4.91,4.92,4.93	none	none
121	1.02,1.10,1.11,1.30,1.31,1.32,1.50,1.51,1.54,1.60,1.70,1.80,1.81,1.82,1.90,1.92,1.93,1.94,2.00,2.01,2.10,2.17,2.20,2.30,2.35,2.36,2.40,2.41,2.42,2.43,2.50,2.52,2.53,2.60,2.70,2.76,2.80,3.00,3.01,3.10,3.15,3.16,3.21,3.30,3.40,3.41,3.42,3.50,3.55,3.56,3.60,3.61,3.65,3.66,3.70,3.71,3.72,3.73,4.00,4.01,4.10,4.11,4.20,4.21,4.25,4.30,4.31,4.40,4.41,4.45,4.46,4.50,4.53,4.55,4.60,4.65,4.66,4.70,4.75,4.76,4.78,4.80,4.81,4.82,4.83,4.84,4.85,4.86,4.87,4.88,4.89,4.90,4.91,4.92,4.93	none	none
122	1.02,1.10,1.11,1.30,1.31,1.32,1.50,1.51,1.54,1.60,1.70,1.80,1.81,1.82,1.90,1.92,1.93,1.94,2.00,2.01,2.10,2.17,2.20,2.30,2.35,2.36,2.40,2.41,2.42,2.43,2.50,2.52,2.53,2.60,2.70,2.76,2.80,3.00,3.01,3.10,3.15,3.16,3.21,3.30,3.40,3.41,3.42,3.50,3.55,3.56,3.60,3.61,3.65,3.66,3.70,3.71,3.72,3.73,4.00,4.01,4.10,4.11,4.20,4.21,4.25,4.30,4.31,4.40,4.41,4.45,4.46,4.50,4.53,4.55,4.60,4.65,4.66,4.70,4.75,4.76,4.78,4.80,4.81,4.82,4.83,4.84,4.85,4.86,4.87,4.88,4.89,4.90,4.91,4.92,4.93	none	none
123	1.02,1.10,1.11,1.30,1.31,1.32,1.50,1.51,1.54,1.60,1.70,1.80,1.81,1.82,1.90,1.92,1.93,1.94,2.00,2.01,2.10,2.17,2.20,2.30,2.35,2.36,2.40,2.41,2.42,2.43,2.50,2.52,2.53,2.60,2.70,2.76,2.80,3.00,3.01,3.10,3.15,3.16,3.21,3.30,3.40,3.41,3.42,3.50,3.55,3.56,3.60,3.61,3.65,3.66,3.70,3.71,3.72,3.73,4.00,4.01,4.10,4.11,4.20,4.21,4.25,4.30,4.31,4.40,4.41,4.45,4.46,4.50,4.53,4.55,4.60,4.65,4.66,4.70,4.75,4.76,4.78,4.80,4.81,4.82,4.83,4.84,4.85,4.86,4.87,4.88,4.89,4.90,4.91,4.92,4.93	none	none
124	1.02,1.10,1.11,1.30,1.31,1.32,1.50,1.51,1.54,1.60,1.70,1.80,1.81,1.82,1.90,1.92,1.93,1.94,2.00,2.01,2.10,2.17,2.20,2.30,2.35,2.36,2.40,2.41,2.42,2.43,2.50,2.52,2.53,2.60,2.70,2.76,2.80,3.00,3.01,3.10,3.15,3.16,3.21,3.30,3.40,3.41,3.42,3.50,3.55,3.56,3.60,3.61,3.65,3.66,3.70,3.71,3.72,3.73,4.00,4.01,4.10,4.11,4.20,4.21,4.25,4.30,4.31,4.40,4.41,4.45,4.46,4.50,4.53,4.55,4.60,4.65,4.66,4.70,4.75,4.76,4.78,4.80,4.81,4.82,4.83,4.84,4.85,4.86,4.87,4.88,4.89,4.90,4.91,4.92,4.93	none	none
125	1.02,1.10,1.11,1.30,1.31,1.32,1.50,1.51,1.54,1.60,1.70,1.80,1.81,1.82,1.90,1.92,1.93,1.94,2.00,2.01,2.10,2.17,2.20,2.30,2.35,2.36,2.40,2.41,2.42,2.43,2.50,2.52,2.53,2.60,2.70,2.76,2.80,3.00,3.01,3.10,3.15,3.16,3.21,3.30,3.40,3.41,3.42,3.50,3.55,3.56,3.60,3.61,3.65,3.66,3.70,3.71,3.72,3.73,4.00,4.01,4.10,4.11,4.20,4.21,4.25,4.30,4.31,4.40,4.41,4.45,4.46,4.50,4.53,4.55,4.60,4.65,4.66,4.70,4.75,4.76,4.78,4.80,4.81,4.82,4.83,4.84,4.85,4.86,4.87,4.88,4.89,4.90,4.91,4.92,4.93	none	none
126	1.02,1.10,1.11,1.30,1.31,1.32,1.50,1.51,1.54,1.60,1.70,1.80,1.81,1.82,1.90,1.92,1.93,1.94,2.00,2.01,2.10,2.17,2.20,2.30,2.35,2.36,2.40,2.41,2.42,2.43,2.50,2.52,2.53,2.60,2.70,2.76,2.80,3.00,3.01,3.10,3.15,3.16,3.21,3.30,3.40,3.41,3.42,3.50,3.55,3.56,3.60,3.61,3.65,3.66,3.70,3.71,3.72,3.73,4.00,4.01,4.10,4.11,4.20,4.21,4.25,4.30,4.31,4.40,4.41,4.45,4.46,4.50,4.53,4.55,4.60,4.65,4.66,4.70,4.75,4.76,4.78,4.80,4.81,4.82,4.83,4.84,4.85,4.86,4.87,4.88,4.89,4.90,4.91,4.92,4.93	none	none
127	1.02,1.10,1.11,1.30,1.31,1.32,1.50,1.51,1.54,1.60,1.70,1.80,1.81,1.82,1.90,1.92,1.93,1.94,2.00,2.01,2.10,2.17,2.20,2.30,2.35,2.36,2.40,2.41,2.42,2.43,2.50,2.52,2.53,2.60,2.70,2.76,2.80,3.00,3.01,3.10,3.15,3.16,3.21,3.30,3.40,3.41,3.42,3.50,3.55,3.56,3.60,3.61,3.65,3.66,3.70,3.71,3.72,3.73,4.00,4.01,4.10,4.11,4.20,4.21,4.25,4.30,4.31,4.40,4.41,4.45,4.46,4.50,4.53,4.55,4.60,4.65,4.66,4.70,4.75,4.76,4.78,4.80,4.81,4.82,4.83,4.84,4.85,4.86,4.87,4.88,4.89,4.90,4.91,4.92,4.93	none	none
128	1.02,1.10,1.11,1.30,1.31,1.32,1.50,1.51,1.54,1.60,1.70,1.80,1.81,1.82,1.90,1.92,1.93,1.94,2.00,2.01,2.10,2.17,2.20,2.30,2.35,2.36,2.40,2.41,2.42,2.43,2.50,2.52,2.53,2.60,2.70,2.76,2.80,3.00,3.01,3.10,3.15,3.16,3.21,3.30,3.40,3.41,3.42,3.50,3.55,3.56,3.60,3.61,3.65,3.66,3.70,3.71,3.72,3.73,4.00,4.01,4.10,4.11,4.20,4.21,4.25,4.30,4.31,4.40,4.41,4.45,4.46,4.50,4.53,4.55,4.60,4.65,4.66,4.70,4.75,4.76,4.78,4.80,4.81,4.82,4.83,4.84,4.85,4.86,4.87,4.88,4.89,4.90,4.91,4.92,4.93	none	none
129	1.02,1.10,1.11,1.30,1.31,1.32,1.50,1.51,1.54,1.60,1.70,1.80,1.81,1.82,1.90,1.92,1.93,1.94,2.00,2.01,2.10,2.17,2.20,2.30,2.35,2.36,2.40,2.41,2.42,2.43,2.50,2.52,2.53,2.60,2.70,2.76,2.80,3.00,3.01,3.10,3.15,3.16,3.21,3.30,3.40,3.41,3.42,3.50,3.55,3.56,3.60,3.61,3.65,3.66,3.70,3.71,3.72,3.73,4.00,4.01,4.10,4.11,4.20,4.21,4.25,4.30,4.31,4.40,4.41,4.45,4.46,4.50,4.53,4.55,4.60,4.65,4.66,4.70,4.75,4.76,4.78,4.80,4.81,4.82,4.83,4.84,4.85,4.86,4.87,4.88,4.89,4.90,4.91,4.92,4.93	none	none
130	1.02,1.10,1.11,1.30,1.31,1.32,1.50,1.51,1.54,1.60,1.70,1.80,1.81,1.82,1.90,1.92,1.93,1.94,2.00,2.01,2.10,2.17,2.20,2.30,2.35,2.36,2.40,2.41,2.42,2.43,2.50,2.52,2.53,2.60,2.70,2.76,2.80,3.00,3.01,3.10,3.15,3.16,3.21,3.30,3.40,3.41,3.42,3.50,3.55,3.56,3.60,3.61,3.65,3.66,3.70,3.71,3.72,3.73,4.00,4.01,4.10,4.11,4.20,4.21,4.25,4.30,4.31,4.40,4.41,4.45,4.46,4.50,4.53,4.55,4.60,4.65,4.66,4.70,4.75,4.76,4.78,4.80,4.81,4.82,4.83,4.84,4.85,4.86,4.87,4.88,4.89,4.90,4.91,4.92,4.93	none	none
131	1.02,1.10,1.11,1.30,1.31,1.32,1.50,1.51,1.54,1.60,1.70,1.80,1.81,1.82,1.90,1.92,1.93,1.94,2.00,2.01,2.10,2.17,2.20,2.30,2.35,2.36,2.40,2.41,2.42,2.43,2.50,2.52,2.53,2.60,2.70,2.76,2.80,3.00,3.01,3.10,3.15,3.16,3.21,3.30,3.40,3.41,3.42,3.50,3.55,3.56,3.60,3.61,3.65,3.66,3.70,3.71,3.72,3.73,4.00,4.01,4.10,4.11,4.20,4.21,4.25,4.30,4.31,4.40,4.41,4.45,4.46,4.50,4.53,4.55,4.60,4.65,4.66,4.70,4.75,4.76,4.78,4.80,4.81,4.82,4.83,4.84,4.85,4.86,4.87,4.88,4.89,4.90,4.91,4.92,4.93	none	none
132	2.50,2.52,2.53,2.60,2.70,2.76,2.80,3.00,3.01,3.10,3.15,3.16,3.21,3.30,3.40,3.41,3.42,3.50,3.55,3.56,3.60,3.61,3.65,3.66,3.70,3.71,3.72,3.73,4.00,4.01,4.10,4.11,4.20,4.21,4.25,4.30,4.31,4.40,4.41,4.45,4.46,4.50,4.53,4.55,4.60,4.65,4.66,4.70,4.75,4.76,4.78,4.80,4.81,4.82,4.83,4.84,4.85,4.86,4.87,4.88,4.89,4.90,4.91,4.92,4.93	1.02,1.10,1.11,1.30,1.31,1.32,1.50,1.51,1.54,1.60,1.70,1.80,1.81,1.82,1.90,1.92,1.93,1.94,2.00,2.01,2.10,2.17,2.20,2.30,2.35,2.36,2.40,2.41,2.42,2.43	none
133	1.02,1.10,1.11,1.30,1.31,1.32,1.50,1.51,1.54,1.60,1.70,1.80,1.81,1.82,1.90,1.92,1.93,1.94,2.00,2.01,2.10,2.17,2.20,2.30,2.35,2.36,2.40,2.41,2.42,2.43,2.50,2.52,2.53,2.60,2.70,2.76,2.80,3.00,3.01,3.10,3.15,3.16,3.21,3.30,3.40,3.41,3.42,3.50,3.55,3.56,3.60,3.61,3.65,3.66,3.70,3.71,3.72,3.73,4.00,4.01,4.10,4.11,4.20,4.21,4.25,4.30,4.31,4.40,4.41,4.45,4.46,4.50,4.53,4.55,4.60,4.65,4.66,4.70,4.75,4.76,4.78,4.80,4.81,4.82,4.83,4.84,4.85,4.86,4.87,4.88,4.89,4.90,4.91,4.92,4.93	none	none
134	1.02,1.10,1.11,1.30,1.31,1.32,1.50,1.51,1.54,1.60,1.70,1.80,1.81,1.82,1.90,1.92,1.93,1.94,2.00,2.01,2.10,2.17,2.20,2.30,2.35,2.36,2.40,2.41,2.42,2.43,2.50,2.52,2.53,2.60,2.70,2.76,2.80,3.00,3.01,3.10,3.15,3.16,3.21,3.30,3.40,3.41,3.42,3.50,3.55,3.56,3.60,3.61,3.65,3.66,3.70,3.71,3.72,3.73,4.00,4.01,4.10,4.11,4.20,4.21,4.25,4.30,4.31,4.40,4.41,4.45,4.46,4.50,4.53,4.55,4.60,4.65,4.66,4.70,4.75,4.76,4.78,4.80,4.81,4.82,4.83,4.84,4.85,4.86,4.87,4.88,4.89,4.90,4.91,4.92,4.93	none	none
135	1.02,1.10,1.11,1.30,1.31,1.32,1.50,1.51,1.54,1.60,1.70,1.80,1.81,1.82,1.90,1.92,1.93,1.94,2.00,2.01,2.10,2.17,2.20,2.30,2.35,2.36,2.40,2.41,2.42,2.43,2.50,2.52,2.53,2.60,2.70,2.76,2.80,3.00,3.01,3.10,3.15,3.16,3.21,3.30,3.40,3.41,3.42,3.50,3.55,3.56,3.60,3.61,3.65,3.66,3.70,3.71,3.72,3.73,4.00,4.01,4.10,4.11,4.20,4.21,4.25,4.30,4.31,4.40,4.41,4.45,4.46,4.50,4.53,4.55,4.60,4.65,4.66,4.70,4.75,4.76,4.78,4.80,4.81,4.82,4.83,4.84,4.85,4.86,4.87,4.88,4.89,4.90,4.91,4.92,4.93	none	none
136	1.02,1.10,1.11,1.30,1.31,1.32,1.50,1.51,1.54,1.60,1.70,1.80,1.81,1.82,1.90,1.92,1.93,1.94,2.00,2.01,2.10,2.17,2.20,2.30,2.35,2.36,2.40,2.41,2.42,2.43,2.50,2.52,2.53,2.60,2.70,2.76,2.80,3.00,3.01,3.10,3.15,3.16,3.21,3.30,3.40,3.41,3.42,3.50,3.55,3.56,3.60,3.61,3.65,3.66,3.70,3.71,3.72,3.73,4.00,4.01,4.10,4.11,4.20,4.21,4.25,4.30,4.31,4.40,4.41,4.45,4.46,4.50,4.53,4.55,4.60,4.65,4.66,4.70,4.75,4.76,4.78,4.80,4.81,4.82,4.83,4.84,4.85,4.86,4.87,4.88,4.89,4.90,4.91,4.92,4.93	none	none
137	1.02,1.10,1.11,1.30,1.31,1.32,1.50,1.51,1.54,1.60,1.70,1.80,1.81,1.82,1.90,1.92,1.93,1.94,2.00,2.01,2.10,2.17,2.20,2.30,2.35,2.36,2.40,2.41,2.42,2.43,2.50,2.52,2.53,2.60,2.70,2.76,2.80,3.00,3.01,3.10,3.15,3.16,3.21,3.30,3.40,3.41,3.42,3.50,3.55,3.56,3.60,3.61,3.65,3.66,3.70,3.71,3.72,3.73,4.00,4.01,4.10,4.11,4.20,4.21,4.25,4.30,4.31,4.40,4.41,4.45,4.46,4.50,4.53,4.55,4.60,4.65,4.66,4.70,4.75,4.76,4.78,4.80,4.81,4.82,4.83,4.84,4.85,4.86,4.87,4.88,4.89,4.90,4.91,4.92,4.93	none	none
138	1.02,1.10,1.11,1.30,1.31,1.32,1.50,1.51,1.54,1.60,1.70,1.80,1.81,1.82,1.90,1.92,1.93,1.94,2.00,2.01,2.10,2.17,2.20,2.30,2.35,2.36,2.40,2.41,2.42,2.43,2.50,2.52,2.53,2.60,2.70,2.76,2.80,3.00,3.01,3.10,3.15,3.16,3.21,3.30,3.40,3.41,3.42,3.50,3.55,3.56,3.60,3.61,3.65,3.66,3.70,3.71,3.72,3.73,4.00,4.01,4.10,4.11,4.20,4.21,4.25,4.30,4.31,4.40,4.41,4.45,4.46,4.50,4.53,4.55,4.60,4.65,4.66,4.70,4.75,4.76,4.78,4.80,4.81,4.82,4.83,4.84,4.85,4.86,4.87,4.88,4.89,4.90,4.91,4.92,4.93	none	none
139	2.50,2.52,2.53,2.60,2.70,2.76,2.80,3.00,3.01,3.10,3.15,3.16,3.21,3.30,3.40,3.41,3.42,3.50,3.55,3.56,3.60,3.61,3.65,3.66,3.70,3.71,3.72,3.73,4.00,4.01,4.10,4.11,4.20,4.21,4.25,4.30,4.31,4.40,4.41,4.45,4.46,4.50,4.53,4.55,4.60,4.65,4.66,4.70,4.75,4.76,4.78,4.80,4.81,4.82,4.83,4.84,4.85,4.86,4.87,4.88,4.89,4.90,4.91,4.92,4.93	1.02,1.10,1.11,1.30,1.31,1.32,1.50,1.51,1.54,1.60,1.70,1.80,1.81,1.82,1.90,1.92,1.93,1.94,2.00,2.01,2.10,2.17,2.20,2.30,2.35,2.36,2.40,2.41,2.42,2.43	none
140	1.02,1.10,1.11,1.30,1.31,1.32,1.50,1.51,1.54,1.60,1.70,1.80,1.81,1.82,1.90,1.92,1.93,1.94,2.00,2.01,2.10,2.17,2.20,2.30,2.35,2.36,2.40,2.41,2.42,2.43,2.50,2.52,2.53,2.60,2.70,2.76,2.80,3.00,3.01,3.10,3.15,3.16,3.21,3.30,3.40,3.41,3.42,3.50,3.55,3.56,3.60,3.61,3.65,3.66,3.70,3.71,3.72,3.73,4.00,4.01,4.10,4.11,4.20,4.21,4.25,4.30,4.31,4.40,4.41,4.45,4.46,4.50,4.53,4.55,4.60,4.65,4.66,4.70,4.75,4.76,4.78,4.80,4.81,4.82,4.83,4.84,4.85,4.86,4.87,4.88,4.89,4.90,4.91,4.92,4.93	none	none
141	1.02,1.10,1.11,1.30,1.31,1.32,1.50,1.51,1.54,1.60,1.70,1.80,1.81,1.82,1.90,1.92,1.93,1.94,2.00,2.01,2.10,2.17,2.20,2.30,2.35,2.36,2.40,2.41,2.42,2.43,2.50,2.52,2.53,2.60,2.70,2.76,2.80,3.00,3.01,3.10,3.15,3.16,3.21,3.30,3.40,3.41,3.42,3.50,3.55,3.56,3.60,3.61,3.65,3.66,3.70,3.71,3.72,3.73,4.00,4.01,4.10,4.11,4.20,4.21,4.25,4.30,4.31,4.40,4.41,4.45,4.46,4.50,4.53,4.55,4.60,4.65,4.66,4.70,4.75,4.76,4.78,4.80,4.81,4.82,4.83,4.84,4.85,4.86,4.87,4.88,4.89,4.90,4.91,4.92,4.93	none	none
142	1.02,1.10,1.11,1.30,1.31,1.32,1.50,1.51,1.54,1.60,1.70,1.80,1.81,1.82,1.90,1.92,1.93,1.94,2.00,2.01,2.10,2.17,2.20,2.30,2.35,2.36,2.40,2.41,2.42,2.43,2.50,2.52,2.53,2.60,2.70,2.76,2.80,3.00,3.01,3.10,3.15,3.16,3.21,3.30,3.40,3.41,3.42,3.50,3.55,3.56,3.60,3.61,3.65,3.66,3.70,3.71,3.72,3.73,4.00,4.01,4.10,4.11,4.20,4.21,4.25,4.30,4.31,4.40,4.41,4.45,4.46,4.50,4.53,4.55,4.60,4.65,4.66,4.70,4.75,4.76,4.78,4.80,4.81,4.82,4.83,4.84,4.85,4.86,4.87,4.88,4.89,4.90,4.91,4.92,4.93	none	none
143	1.02,1.10,1.11,1.30,1.31,1.32,1.50,1.51,1.54,1.60,1.70,1.80,1.81,1.82,1.90,1.92,1.93,1.94,2.00,2.01,2.10,2.17,2.20,2.30,2.35,2.36,2.40,2.41,2.42,2.43,2.50,2.52,2.53,2.60,2.70,2.76,2.80,3.00,3.01,3.10,3.15,3.16,3.21,3.30,3.40,3.41,3.42,3.50,3.55,3.56,3.60,3.61,3.65,3.66,3.70,3.71,3.72,3.73,4.00,4.01,4.10,4.11,4.20,4.21,4.25,4.30,4.31,4.40,4.41,4.45,4.46,4.50,4.53,4.55,4.60,4.65,4.66,4.70,4.75,4.76,4.78,4.80,4.81,4.82,4.83,4.84,4.85,4.86,4.87,4.88,4.89,4.90,4.91,4.92,4.93	none	none
144	1.02,1.10,1.11,1.30,1.31,1.32,1.50,1.51,1.54,1.60,1.70,1.80,1.81,1.82,1.90,1.92,1.93,1.94,2.00,2.01,2.10,2.17,2.20,2.30,2.35,2.36,2.40,2.41,2.42,2.43,2.50,2.52,2.53,2.60,2.70,2.76,2.80,3.00,3.01,3.10,3.15,3.16,3.21,3.30,3.40,3.41,3.42,3.50,3.55,3.56,3.60,3.61,3.65,3.66,3.70,3.71,3.72,3.73,4.00,4.01,4.10,4.11,4.20,4.21,4.25,4.30,4.31,4.40,4.41,4.45,4.46,4.50,4.53,4.55,4.60,4.65,4.66,4.70,4.75,4.76,4.78,4.80,4.81,4.82,4.83,4.84,4.85,4.86,4.87,4.88,4.89,4.90,4.91,4.92,4.93	none	none
145	1.02,1.10,1.11,1.30,1.31,1.32,1.50,1.51,1.54,1.60,1.70,1.80,1.81,1.82,1.90,1.92,1.93,1.94,2.00,2.01,2.10,2.17,2.20,2.30,2.35,2.36,2.40,2.41,2.42,2.43,2.50,2.52,2.53,2.60,2.70,2.76,2.80,3.00,3.01,3.10,3.15,3.16,3.21,3.30,3.40,3.41,3.42,3.50,3.55,3.56,3.60,3.61,3.65,3.66,3.70,3.71,3.72,3.73,4.00,4.01,4.10,4.11,4.20,4.21,4.25,4.30,4.31,4.40,4.41,4.45,4.46,4.50,4.53,4.55,4.60,4.65,4.66,4.70,4.75,4.76,4.78,4.80,4.81,4.82,4.83,4.84,4.85,4.86,4.87,4.88,4.89,4.90,4.91,4.92,4.93	none	none
146	1.02,1.10,1.11,1.30,1.31,1.32,1.50,1.51,1.54,1.60,1.70,1.80,1.81,1.82,1.90,1.92,1.93,1.94,2.00,2.01,2.10,2.17,2.20,2.30,2.35,2.36,2.40,2.41,2.42,2.43,2.50,2.52,2.53,2.60,2.70,2.76,2.80,3.00,3.01,3.10,3.15,3.16,3.21,3.30,3.40,3.41,3.42,3.50,3.55,3.56,3.60,3.61,3.65,3.66,3.70,3.71,3.72,3.73,4.00,4.01,4.10,4.11,4.20,4.21,4.25,4.30,4.31,4.40,4.41,4.45,4.46,4.50,4.53,4.55,4.60,4.65,4.66,4.70,4.75,4.76,4.78,4.80,4.81,4.82,4.83,4.84,4.85,4.86,4.87,4.88,4.89,4.90,4.91,4.92,4.93	none	none
147	1.02,1.10,1.11,1.30,1.31,1.32,1.50,1.51,1.54,1.60,1.70,1.80,1.81,1.82,1.90,1.92,1.93,1.94,2.00,2.01,2.10,2.17,2.20,2.30,2.35,2.36,2.40,2.41,2.42,2.43,2.50,2.52,2.53,2.60,2.70,2.76,2.80,3.00,3.01,3.10,3.15,3.16,3.21,3.30,3.40,3.41,3.42,3.50,3.55,3.56,3.60,3.61,3.65,3.66,3.70,3.71,3.72,3.73,4.00,4.01,4.10,4.11,4.20,4.21,4.25,4.30,4.31,4.40,4.41,4.45,4.46,4.50,4.53,4.55,4.60,4.65,4.66,4.70,4.75,4.76,4.78,4.80,4.81,4.82,4.83,4.84,4.85,4.86,4.87,4.88,4.89,4.90,4.91,4.92,4.93	none	none
148	2.80,3.00,3.01,3.10,3.15,3.16,3.21,3.30,3.40,3.41,3.42,3.50,3.55,3.56,3.60,3.61,3.65,3.66,3.70,3.71,3.72,3.73,4.00,4.01,4.10,4.11,4.20,4.21,4.25,4.30,4.31,4.40,4.41,4.45,4.46,4.50,4.53,4.55,4.60,4.65,4.66,4.70,4.75,4.76,4.78,4.80,4.81,4.82,4.83,4.84,4.85,4.86,4.87,4.88,4.89,4.90,4.91,4.92,4.93	1.02,1.10,1.11,1.30,1.31,1.32,1.50,1.51,1.54,1.60,1.70,1.80,1.81,1.82,1.90,1.92,1.93,1.94,2.00,2.01,2.10,2.17,2.20,2.30,2.35,2.36,2.40,2.41,2.42,2.43,2.50,2.52,2.53,2.60,2.70,2.76	none
149	none	1.02,1.10,1.11,1.30,1.31,1.32,1.50,1.51,1.54,1.60,1.70,1.80,1.81,1.82,1.90,1.92,1.93,1.94,2.00,2.01,2.10,2.17,2.20,2.30,2.35,2.36,2.40,2.41,2.42,2.43,2.50,2.52,2.53,2.60,2.70,2.76,2.80,3.00,3.01,3.10,3.15,3.16,3.21,3.30,3.40,3.41,3.42,3.50,3.55,3.56,3.60,3.61,3.65,3.66,3.70,3.71,3.72,3.73,4.00,4.01,4.10,4.11,4.20,4.21,4.25,4.30,4.31,4.40,4.41,4.45,4.46,4.50,4.53,4.55,4.60,4.65,4.66,4.70,4.75,4.76,4.78,4.80,4.81,4.82,4.83,4.84,4.85,4.86,4.87,4.88,4.89,4.90,4.91,4.92,4.93	none
150	1.02,1.10,1.11,1.30,1.31,1.32,1.50,1.51,1.54,1.60,1.70,1.80,1.81,1.82,1.90,1.92,1.93,1.94,2.00,2.01,2.10,2.17,2.20,2.30,2.35,2.36,2.40,2.41,2.42,2.43,2.50,2.52,2.53,2.60,2.70,2.76,2.80,3.00,3.01,3.10,3.15,3.16,3.21,3.30,3.40,3.41,3.42,3.50,3.55,3.56,3.60,3.61,3.65,3.66,3.70,3.71,3.72,3.73,4.00,4.01,4.10,4.11,4.20,4.21,4.25,4.30,4.31,4.40,4.41,4.45,4.46,4.50,4.53,4.55,4.60,4.65,4.66,4.70,4.75,4.76,4.78,4.80,4.81,4.82,4.83,4.84,4.85,4.86,4.87,4.88,4.89,4.90,4.91,4.92,4.93	none	none
151	1.02,1.10,1.11,1.30,1.31,1.32,1.50,1.51,1.54,1.60,1.70,1.80,1.81,1.82,1.90,1.92,1.93,1.94,2.00,2.01,2.10,2.17,2.20,2.30,2.35,2.36,2.40,2.41,2.42,2.43,2.50,2.52,2.53,2.60,2.70,2.76,2.80,3.00,3.01,3.10,3.15,3.16,3.21,3.30,3.40,3.41,3.42,3.50,3.55,3.56,3.60,3.61,3.65,3.66,3.70,3.71,3.72,3.73,4.00,4.01,4.10,4.11,4.20,4.21,4.25,4.30,4.31,4.40,4.41,4.45,4.46,4.50,4.53,4.55,4.60,4.65,4.66,4.70,4.75,4.76,4.78,4.80,4.81,4.82,4.83,4.84,4.85,4.86,4.87,4.88,4.89,4.90,4.91,4.92,4.93	none	none
152	1.02,1.10,1.11,1.30,1.31,1.32,1.50,1.51,1.54,1.60,1.70,1.80,1.81,1.82,1.90,1.92,1.93,1.94,2.00,2.01,2.10,2.17,2.20,2.30,2.35,2.36,2.40,2.41,2.42,2.43,2.50,2.52,2.53,2.60,2.70,2.76,2.80,3.00,3.01,3.10,3.15,3.16,3.21,3.30,3.40,3.41,3.42,3.50,3.55,3.56,3.60,3.61,3.65,3.66,3.70,3.71,3.72,3.73,4.00,4.01,4.10,4.11,4.20,4.21,4.25,4.30,4.31,4.40,4.41,4.45,4.46,4.50,4.53,4.55,4.60,4.65,4.66,4.70,4.75,4.76,4.78,4.80,4.81,4.82,4.83,4.84,4.85,4.86,4.87,4.88,4.89,4.90,4.91,4.92,4.93	none	none
153	1.02,1.10,1.11,1.30,1.31,1.32,1.50,1.51,1.54,1.60,1.70,1.80,1.81,1.82,1.90,1.92,1.93,1.94,2.00,2.01,2.10,2.17,2.20,2.30,2.35,2.36,2.40,2.41,2.42,2.43,2.50,2.52,2.53,2.60,2.70,2.76,2.80,3.00,3.01,3.10,3.15,3.16,3.21,3.30,3.40,3.41,3.42,3.50,3.55,3.56,3.60,3.61,3.65,3.66,3.70,3.71,3.72,3.73,4.00,4.01,4.10,4.11,4.20,4.21,4.25,4.30,4.31,4.40,4.41,4.45,4.46,4.50,4.53,4.55,4.60,4.65,4.66,4.70,4.75,4.76,4.78,4.80,4.81,4.82,4.83,4.84,4.85,4.86,4.87,4.88,4.89,4.90,4.91,4.92,4.93	none	none
154	1.02,1.10,1.11,1.30,1.31,1.32,1.50,1.51,1.54,1.60,1.70,1.80,1.81,1.82,1.90,1.92,1.93,1.94,2.00,2.01,2.10,2.17,2.20,2.30,2.35,2.36,2.40,2.41,2.42,2.43,2.50,2.52,2.53,2.60,2.70,2.76,2.80,3.00,3.01,3.10,3.15,3.16,3.21,3.30,3.40,3.41,3.42,3.50,3.55,3.56,3.60,3.61,3.65,3.66,3.70,3.71,3.72,3.73,4.00,4.01,4.10,4.11,4.20,4.21,4.25,4.30,4.31,4.40,4.41,4.45,4.46,4.50,4.53,4.55,4.60,4.65,4.66,4.70,4.75,4.76,4.78,4.80,4.81,4.82,4.83,4.84,4.85,4.86,4.87,4.88,4.89,4.90,4.91,4.92,4.93	none	none
155	1.02,1.10,1.11,1.30,1.31,1.32,1.50,1.51,1.54,1.60,1.70,1.80,1.81,1.82,1.90,1.92,1.93,1.94,2.00,2.01,2.10,2.17,2.20,2.30,2.35,2.36,2.40,2.41,2.42,2.43,2.50,2.52,2.53,2.60,2.70,2.76,2.80,3.00,3.01,3.10,3.15,3.16,3.21,3.30,3.40,3.41,3.42,3.50,3.55,3.56,3.60,3.61,3.65,3.66,3.70,3.71,3.72,3.73,4.00,4.01,4.10,4.11,4.20,4.21,4.25,4.30,4.31,4.40,4.41,4.45,4.46,4.50,4.53,4.55,4.60,4.65,4.66,4.70,4.75,4.76,4.78,4.80,4.81,4.82,4.83,4.84,4.85,4.86,4.87,4.88,4.89,4.90,4.91,4.92,4.93	none	none
156	1.02,1.10,1.11,1.30,1.31,1.32,1.50,1.51,1.54,1.60,1.70,1.80,1.81,1.82,1.90,1.92,1.93,1.94,2.00,2.01,2.10,2.17,2.20,2.30,2.35,2.36,2.40,2.41,2.42,2.43,2.50,2.52,2.53,2.60,2.70,2.76,2.80,3.00,3.01,3.10,3.15,3.16,3.21,3.30,3.40,3.41,3.42,3.50,3.55,3.56,3.60,3.61,3.65,3.66,3.70,3.71,3.72,3.73,4.00,4.01,4.10,4.11,4.20,4.21,4.25,4.30,4.31,4.40,4.41,4.45,4.46,4.50,4.53,4.55,4.60,4.65,4.66,4.70,4.75,4.76,4.78,4.80,4.81,4.82,4.83,4.84,4.85,4.86,4.87,4.88,4.89,4.90,4.91,4.92,4.93	none	none
157	1.02,1.10,1.11,1.30,1.31,1.32,1.50,1.51,1.54,1.60,1.70,1.80,1.81,1.82,1.90,1.92,1.93,1.94,2.00,2.01,2.10,2.17,2.20,2.30,2.35,2.36,2.40,2.41,2.42,2.43,2.50,2.52,2.53,2.60,2.70,2.76,2.80,3.00,3.01,3.10,3.15,3.16,3.21,3.30,3.40,3.41,3.42,3.50,3.55,3.56,3.60,3.61,3.65,3.66,3.70,3.71,3.72,3.73,4.00,4.01,4.10,4.11,4.20,4.21,4.25,4.30,4.31,4.40,4.41,4.45,4.46,4.50,4.53,4.55,4.60,4.65,4.66,4.70,4.75,4.76,4.78,4.80,4.81,4.82,4.83,4.84,4.85,4.86,4.87,4.88,4.89,4.90,4.91,4.92,4.93	none	none
158	1.02,1.10,1.11,1.30,1.31,1.32,1.50,1.51,1.54,1.60,1.70,1.80,1.81,1.82,1.90,1.92,1.93,1.94,2.00,2.01,2.10,2.17,2.20,2.30,2.35,2.36,2.40,2.41,2.42,2.43,2.50,2.52,2.53,2.60,2.70,2.76,2.80,3.00,3.01,3.10,3.15,3.16,3.21,3.30,3.40,3.41,3.42,3.50,3.55,3.56,3.60,3.61,3.65,3.66,3.70,3.71,3.72,3.73,4.00,4.01,4.10,4.11,4.20,4.21,4.25,4.30,4.31,4.40,4.41,4.45,4.46,4.50,4.53,4.55,4.60,4.65,4.66,4.70,4.75,4.76,4.78,4.80,4.81,4.82,4.83,4.84,4.85,4.86,4.87,4.88,4.89,4.90,4.91,4.92,4.93	none	none
159	1.02,1.10,1.11,1.30,1.31,1.32,1.50,1.51,1.54,1.60,1.70,1.80,1.81,1.82,1.90,1.92,1.93,1.94,2.00,2.01,2.10,2.17,2.20,2.30,2.35,2.36,2.40,2.41,2.42,2.43,2.50,2.52,2.53,2.60,2.70,2.76,2.80,3.00,3.01,3.10,3.15,3.16,3.21,3.30,3.40,3.41,3.42,3.50,3.55,3.56,3.60,3.61,3.65,3.66,3.70,3.71,3.72,3.73,4.00,4.01,4.10,4.11,4.20,4.21,4.25,4.30,4.31,4.40,4.41,4.45,4.46,4.50,4.53,4.55,4.60,4.65,4.66,4.70,4.75,4.76,4.78,4.80,4.81,4.82,4.83,4.84,4.85,4.86,4.87,4.88,4.89,4.90,4.91,4.92,4.93	none	none
160	1.02,1.10,1.11,1.30,1.31,1.32,1.50,1.51,1.54,1.60,1.70,1.80,1.81,1.82,1.90,1.92,1.93,1.94,2.00,2.01,2.10,2.17,2.20,2.30,2.35,2.36,2.40,2.41,2.42,2.43,2.50,2.52,2.53,2.60,2.70,2.76,2.80,3.00,3.01,3.10,3.15,3.16,3.21,3.30,3.40,3.41,3.42,3.50,3.55,3.56,3.60,3.61,3.65,3.66,3.70,3.71,3.72,3.73,4.00,4.01,4.10,4.11,4.20,4.21,4.25,4.30,4.31,4.40,4.41,4.45,4.46,4.50,4.53,4.55,4.60,4.65,4.66,4.70,4.75,4.76,4.78,4.80,4.81,4.82,4.83,4.84,4.85,4.86,4.87,4.88,4.89,4.90,4.91,4.92,4.93	none	none
161	1.02,1.10,1.11,1.30,1.31,1.32,1.50,1.51,1.54,1.60,1.70,1.80,1.81,1.82,1.90,1.92,1.93,1.94,2.00,2.01,2.10,2.17,2.20,2.30,2.35,2.36,2.40,2.41,2.42,2.43,2.50,2.52,2.53,2.60,2.70,2.76,2.80,3.00,3.01,3.10,3.15,3.16,3.21,3.30,3.40,3.41,3.42,3.50,3.55,3.56,3.60,3.61,3.65,3.66,3.70,3.71,3.72,3.73,4.00,4.01,4.10,4.11,4.20,4.21,4.25,4.30,4.31,4.40,4.41,4.45,4.46,4.50,4.53,4.55,4.60,4.65,4.66,4.70,4.75,4.76,4.78,4.80,4.81,4.82,4.83,4.84,4.85,4.86,4.87,4.88,4.89,4.90,4.91,4.92,4.93	none	none
162	none	1.02,1.10,1.11,1.30,1.31,1.32,1.50,1.51,1.54,1.60,1.70,1.80,1.81,1.82,1.90,1.92,1.93,1.94,2.00,2.01,2.10,2.17,2.20,2.30,2.35,2.36,2.40,2.41,2.42,2.43,2.50,2.52,2.53,2.60,2.70,2.76,2.80,3.00,3.01,3.10,3.15,3.16,3.21,3.30,3.40,3.41,3.42,3.50,3.55,3.56,3.60,3.61,3.65,3.66,3.70,3.71,3.72,3.73,4.00,4.01,4.10,4.11,4.20,4.21,4.25,4.30,4.31,4.40,4.41,4.45,4.46,4.50,4.53,4.55,4.60,4.65,4.66,4.70,4.75,4.76,4.78,4.80,4.81,4.82,4.83,4.84,4.85,4.86,4.87,4.88,4.89,4.90,4.91,4.92,4.93	none
163	1.02,1.10,1.11,1.30,1.31,1.32,1.50,1.51,1.54,1.60,1.70,1.80,1.81,1.82,1.90,1.92,1.93,1.94,2.00,2.01,2.10,2.17,2.20,2.30,2.35,2.36,2.40,2.41,2.42,2.43,2.50,2.52,2.53,2.60,2.70,2.76,2.80,3.00,3.01,3.10,3.15,3.16,3.21,3.30,3.40,3.41,3.42,3.50,3.55,3.56,3.60,3.61,3.65,3.66,3.70,3.71,3.72,3.73,4.00,4.01,4.10,4.11,4.20,4.21,4.25,4.30,4.31,4.40,4.41,4.45,4.46,4.50,4.53,4.55,4.60,4.65,4.66,4.70,4.75,4.76,4.78,4.80,4.81,4.82,4.83,4.84,4.85,4.86,4.87,4.88,4.89,4.90,4.91,4.92,4.93	none	none
164	none	1.02,1.10,1.11,1.30,1.31,1.32,1.50,1.51,1.54,1.60,1.70,1.80,1.81,1.82,1.90,1.92,1.93,1.94,2.00,2.01,2.10,2.17,2.20,2.30,2.35,2.36,2.40,2.41,2.42,2.43,2.50,2.52,2.53,2.60,2.70,2.76,2.80,3.00,3.01,3.10,3.15,3.16,3.21,3.30,3.40,3.41,3.42,3.50,3.55,3.56,3.60,3.61,3.65,3.66,3.70,3.71,3.72,3.73,4.00,4.01,4.10,4.11,4.20,4.21,4.25,4.30,4.31,4.40,4.41,4.45,4.46,4.50,4.53,4.55,4.60,4.65,4.66,4.70,4.75,4.76,4.78,4.80,4.81,4.82,4.83,4.84,4.85,4.86,4.87,4.88,4.89,4.90,4.91,4.92,4.93	none
165	1.02,1.10,1.11,1.30,1.31,1.32,1.50,1.51,1.54,1.60,1.70,1.80,1.81,1.82,1.90,1.92,1.93,1.94,2.00,2.01,2.10,2.17,2.20,2.30,2.35,2.36,2.40,2.41,2.42,2.43,2.50,2.52,2.53,2.60,2.70,2.76,2.80,3.00,3.01,3.10,3.15,3.16,3.21,3.30,3.40,3.41,3.42,3.50,3.55,3.56,3.60,3.61,3.65,3.66,3.70,3.71,3.72,3.73,4.00,4.01,4.10,4.11,4.20,4.21,4.25,4.30,4.31,4.40,4.41,4.45,4.46,4.50,4.53,4.55,4.60,4.65,4.66,4.70,4.75,4.76,4.78,4.80,4.81,4.82,4.83,4.84,4.85,4.86,4.87,4.88,4.89,4.90,4.91,4.92,4.93	none	none
166	1.02,1.10,1.11,1.30,1.31,1.32,1.50,1.51,1.54,1.60,1.70,1.80,1.81,1.82,1.90,1.92,1.93,1.94,2.00,2.01,2.10,2.17,2.20,2.30,2.35,2.36,2.40,2.41,2.42,2.43,2.50,2.52,2.53,2.60,2.70,2.76,2.80,3.00,3.01,3.10,3.15,3.16,3.21,3.30,3.40,3.41,3.42,3.50,3.55,3.56,3.60,3.61,3.65,3.66,3.70,3.71,3.72,3.73,4.00,4.01,4.10,4.11,4.20,4.21,4.25,4.30,4.31,4.40,4.41,4.45,4.46,4.50,4.53,4.55,4.60,4.65,4.66,4.70,4.75,4.76,4.78,4.80,4.81,4.82,4.83,4.84,4.85,4.86,4.87,4.88,4.89,4.90,4.91,4.92,4.93	none	none
167	none	1.02,1.10,1.11,1.30,1.31,1.32,1.50,1.51,1.54,1.60,1.70,1.80,1.81,1.82,1.90,1.92,1.93,1.94,2.00,2.01,2.10,2.17,2.20,2.30,2.35,2.36,2.40,2.41,2.42,2.43,2.50,2.52,2.53,2.60,2.70,2.76,2.80,3.00,3.01,3.10,3.15,3.16,3.21,3.30,3.40,3.41,3.42,3.50,3.55,3.56,3.60,3.61,3.65,3.66,3.70,3.71,3.72,3.73,4.00,4.01,4.10,4.11,4.20,4.21,4.25,4.30,4.31,4.40,4.41,4.45,4.46,4.50,4.53,4.55,4.60,4.65,4.66,4.70,4.75,4.76,4.78,4.80,4.81,4.82,4.83,4.84,4.85,4.86,4.87,4.88,4.89,4.90,4.91,4.92,4.93	none
168	none	1.02,1.10,1.11,1.30,1.31,1.32,1.50,1.51,1.54,1.60,1.70,1.80,1.81,1.82,1.90,1.92,1.93,1.94,2.00,2.01,2.10,2.17,2.20,2.30,2.35,2.36,2.40,2.41,2.42,2.43,2.50,2.52,2.53,2.60,2.70,2.76,2.80,3.00,3.01,3.10,3.15,3.16,3.21,3.30,3.40,3.41,3.42,3.50,3.55,3.56,3.60,3.61,3.65,3.66,3.70,3.71,3.72,3.73,4.00,4.01,4.10,4.11,4.20,4.21,4.25,4.30,4.31,4.40,4.41,4.45,4.46,4.50,4.53,4.55,4.60,4.65,4.66,4.70,4.75,4.76,4.78,4.80,4.81,4.82,4.83,4.84,4.85,4.86,4.87,4.88,4.89,4.90,4.91,4.92,4.93	none
169	1.02,1.10,1.11,1.30,1.31,1.32,1.50,1.51,1.54,1.60,1.70,1.80,1.81,1.82,1.90,1.92,1.93,1.94,2.00,2.01,2.10,2.17,2.20,2.30,2.35,2.36,2.40,2.41,2.42,2.43,2.50,2.52,2.53,2.60,2.70,2.76,2.80,3.00,3.01,3.10,3.15,3.16,3.21,3.30,3.40,3.41,3.42,3.50,3.55,3.56,3.60,3.61,3.65,3.66,3.70,3.71,3.72,3.73,4.00,4.01,4.10,4.11,4.20,4.21,4.25,4.30,4.31,4.40,4.41,4.45,4.46,4.50,4.53,4.55,4.60,4.65,4.66,4.70,4.75,4.76,4.78,4.80,4.81,4.82,4.83,4.84,4.85,4.86,4.87,4.88,4.89,4.90,4.91,4.92,4.93	none	none
170	1.02,1.10,1.11,1.30,1.31,1.32,1.50,1.51,1.54,1.60,1.70,1.80,1.81,1.82,1.90,1.92,1.93,1.94,2.00,2.01,2.10,2.17,2.20,2.30,2.35,2.36,2.40,2.41,2.42,2.43,2.50,2.52,2.53,2.60,2.70,2.76,2.80,3.00,3.01,3.10,3.15,3.16,3.21,3.30,3.40,3.41,3.42,3.50,3.55,3.56,3.60,3.61,3.65,3.66,3.70,3.71,3.72,3.73,4.00,4.01,4.10,4.11,4.20,4.21,4.25,4.30,4.31,4.40,4.41,4.45,4.46,4.50,4.53,4.55,4.60,4.65,4.66,4.70,4.75,4.76,4.78,4.80,4.81,4.82,4.83,4.84,4.85,4.86,4.87,4.88,4.89,4.90,4.91,4.92,4.93	none	none
171	1.02,1.10,1.11,1.30,1.31,1.32,1.50,1.51,1.54,1.60,1.70,1.80,1.81,1.82,1.90,1.92,1.93,1.94,2.00,2.01,2.10,2.17,2.20,2.30,2.35,2.36,2.40,2.41,2.42,2.43,2.50,2.52,2.53,2.60,2.70,2.76,2.80,3.00,3.01,3.10,3.15,3.16,3.21,3.30,3.40,3.41,3.42,3.50,3.55,3.56,3.60,3.61,3.65,3.66,3.70,3.71,3.72,3.73,4.00,4.01,4.10,4.11,4.20,4.21,4.25,4.30,4.31,4.40,4.41,4.45,4.46,4.50,4.53,4.55,4.60,4.65,4.66,4.70,4.75,4.76,4.78,4.80,4.81,4.82,4.83,4.84,4.85,4.86,4.87,4.88,4.89,4.90,4.91,4.92,4.93	none	none
172	1.02,1.10,1.11,1.30,1.31,1.32,1.50,1.51,1.54,1.60,1.70,1.80,1.81,1.82,1.90,1.92,1.93,1.94,2.00,2.01,2.10,2.17,2.20,2.30,2.35,2.36,2.40,2.41,2.42,2.43,2.50,2.52,2.53,2.60,2.70,2.76,2.80,3.00,3.01,3.10,3.15,3.16,3.21,3.30,3.40,3.41,3.42,3.50,3.55,3.56,3.60,3.61,3.65,3.66,3.70,3.71,3.72,3.73,4.00,4.01,4.10,4.11,4.20,4.21,4.25,4.30,4.31,4.40,4.41,4.45,4.46,4.50,4.53,4.55,4.60,4.65,4.66,4.70,4.75,4.76,4.78,4.80,4.81,4.82,4.83,4.84,4.85,4.86,4.87,4.88,4.89,4.90,4.91,4.92,4.93	none	none
173	1.02,1.10,1.11,1.30,1.31,1.32,1.50,1.51,1.54,1.60,1.70,1.80,1.81,1.82,1.90,1.92,1.93,1.94,2.00,2.01,2.10,2.17,2.20,2.30,2.35,2.36,2.40,2.41,2.42,2.43,2.50,2.52,2.53,2.60,2.70,2.76,2.80,3.00,3.01,3.10,3.15,3.16,3.21,3.30,3.40,3.41,3.42,3.50,3.55,3.56,3.60,3.61,3.65,3.66,3.70,3.71,3.72,3.73,4.00,4.01,4.10,4.11,4.20,4.21,4.25,4.30,4.31,4.40,4.41,4.45,4.46,4.50,4.53,4.55,4.60,4.65,4.66,4.70,4.75,4.76,4.78,4.80,4.81,4.82,4.83,4.84,4.85,4.86,4.87,4.88,4.89,4.90,4.91,4.92,4.93	none	none
174	1.02,1.10,1.11,1.30,1.31,1.32,1.50,1.51,1.54,1.60,1.70,1.80,1.81,1.82,1.90,1.92,1.93,1.94,2.00,2.01,2.10,2.17,2.20,2.30,2.35,2.36,2.40,2.41,2.42,2.43,2.50,2.52,2.53,2.60,2.70,2.76,2.80,3.00,3.01,3.10,3.15,3.16,3.21,3.30,3.40,3.41,3.42,3.50,3.55,3.56,3.60,3.61,3.65,3.66,3.70,3.71,3.72,3.73,4.00,4.01,4.10,4.11,4.20,4.21,4.25,4.30,4.31,4.40,4.41,4.45,4.46,4.50,4.53,4.55,4.60,4.65,4.66,4.70,4.75,4.76,4.78,4.80,4.81,4.82,4.83,4.84,4.85,4.86,4.87,4.88,4.89,4.90,4.91,4.92,4.93	none	none
175	1.02,1.10,1.11,1.30,1.31,1.32,1.50,1.51,1.54,1.60,1.70,1.80,1.81,1.82,1.90,1.92,1.93,1.94,2.00,2.01,2.10,2.17,2.20,2.30,2.35,2.36,2.40,2.41,2.42,2.43,2.50,2.52,2.53,2.60,2.70,2.76,2.80,3.00,3.01,3.10,3.15,3.16,3.21,3.30,3.40,3.41,3.42,3.50,3.55,3.56,3.60,3.61,3.65,3.66,3.70,3.71,3.72,3.73,4.00,4.01,4.10,4.11,4.20,4.21,4.25,4.30,4.31,4.40,4.41,4.45,4.46,4.50,4.53,4.55,4.60,4.65,4.66,4.70,4.75,4.76,4.78,4.80,4.81,4.82,4.83,4.84,4.85,4.86,4.87,4.88,4.89,4.90,4.91,4.92,4.93	none	none
176	1.02,1.10,1.11,1.30,1.31,1.32,1.50,1.51,1.54,1.60,1.70,1.80,1.81,1.82,1.90,1.92,1.93,1.94,2.00,2.01,2.10,2.17,2.20,2.30,2.35,2.36,2.40,2.41,2.42,2.43,2.50,2.52,2.53,2.60,2.70,2.76,2.80,3.00,3.01,3.10,3.15,3.16,3.21,3.30,3.40,3.41,3.42,3.50,3.55,3.56,3.60,3.61,3.65,3.66,3.70,3.71,3.72,3.73,4.00,4.01,4.10,4.11,4.20,4.21,4.25,4.30,4.31,4.40,4.41,4.45,4.46,4.50,4.53,4.55,4.60,4.65,4.66,4.70,4.75,4.76,4.78,4.80,4.81,4.82,4.83,4.84,4.85,4.86,4.87,4.88,4.89,4.90,4.91,4.92,4.93	none	none
177	1.02,1.10,1.11,1.30,1.31,1.32,1.50,1.51,1.54,1.60,1.70,1.80,1.81,1.82,1.90,1.92,1.93,1.94,2.00,2.01,2.10,2.17,2.20,2.30,2.35,2.36,2.40,2.41,2.42,2.43,2.50,2.52,2.53,2.60,2.70,2.76,2.80,3.00,3.01,3.10,3.15,3.16,3.21,3.30,3.40,3.41,3.42,3.50,3.55,3.56,3.60,3.61,3.65,3.66,3.70,3.71,3.72,3.73,4.00,4.01,4.10,4.11,4.20,4.21,4.25,4.30,4.31,4.40,4.41,4.45,4.46,4.50,4.53,4.55,4.60,4.65,4.66,4.70,4.75,4.76,4.78,4.80,4.81,4.82,4.83,4.84,4.85,4.86,4.87,4.88,4.89,4.90,4.91,4.92,4.93	none	none
178	1.02,1.10,1.11,1.30,1.31,1.32,1.50,1.51,1.54,1.60,1.70,1.80,1.81,1.82,1.90,1.92,1.93,1.94,2.00,2.01,2.10,2.17,2.20,2.30,2.35,2.36,2.40,2.41,2.42,2.43,2.50,2.52,2.53,2.60,2.70,2.76,2.80,3.00,3.01,3.10,3.15,3.16,3.21,3.30,3.40,3.41,3.42,3.50,3.55,3.56,3.60,3.61,3.65,3.66,3.70,3.71,3.72,3.73,4.00,4.01,4.10,4.11,4.20,4.21,4.25,4.30,4.31,4.40,4.41,4.45,4.46,4.50,4.53,4.55,4.60,4.65,4.66,4.70,4.75,4.76,4.78,4.80,4.81,4.82,4.83,4.84,4.85,4.86,4.87,4.88,4.89,4.90,4.91,4.92,4.93	none	none
179	1.02,1.10,1.11,1.30,1.31,1.32,1.50,1.51,1.54,1.60,1.70,1.80,1.81,1.82,1.90,1.92,1.93,1.94,2.00,2.01,2.10,2.17,2.20,2.30,2.35,2.36,2.40,2.41,2.42,2.43,2.50,2.52,2.53,2.60,2.70,2.76,2.80,3.00,3.01,3.10,3.15,3.16,3.21,3.30,3.40,3.41,3.42,3.50,3.55,3.56,3.60,3.61,3.65,3.66,3.70,3.71,3.72,3.73,4.00,4.01,4.10,4.11,4.20,4.21,4.25,4.30,4.31,4.40,4.41,4.45,4.46,4.50,4.53,4.55,4.60,4.65,4.66,4.70,4.75,4.76,4.78,4.80,4.81,4.82,4.83,4.84,4.85,4.86,4.87,4.88,4.89,4.90,4.91,4.92,4.93	none	none
180	1.02,1.10,1.11,1.30,1.31,1.32,1.50,1.51,1.54,1.60,1.70,1.80,1.81,1.82,1.90,1.92,1.93,1.94,2.00,2.01,2.10,2.17,2.20,2.30,2.35,2.36,2.40,2.41,2.42,2.43,2.50,2.52,2.53,2.60,2.70,2.76,2.80,3.00,3.01,3.10,3.15,3.16,3.21,3.30,3.40,3.41,3.42,3.50,3.55,3.56,3.60,3.61,3.65,3.66,3.70,3.71,3.72,3.73,4.00,4.01,4.10,4.11,4.20,4.21,4.25,4.30,4.31,4.40,4.41,4.45,4.46,4.50,4.53,4.55,4.60,4.65,4.66,4.70,4.75,4.76,4.78,4.80,4.81,4.82,4.83,4.84,4.85,4.86,4.87,4.88,4.89,4.90,4.91,4.92,4.93	none	none
181	1.02,1.10,1.11,1.30,1.31,1.32,1.50,1.51,1.54,1.60,1.70,1.80,1.81,1.82,1.90,1.92,1.93,1.94,2.00,2.01,2.10,2.17,2.20,2.30,2.35,2.36,2.40,2.41,2.42,2.43,2.50,2.52,2.53,2.60,2.70,2.76,2.80,3.00,3.01,3.10,3.15,3.16,3.21,3.30,3.40,3.41,3.42,3.50,3.55,3.56,3.60,3.61,3.65,3.66,3.70,3.71,3.72,3.73,4.00,4.01,4.10,4.11,4.20,4.21,4.25,4.30,4.31,4.40,4.41,4.45,4.46,4.50,4.53,4.55,4.60,4.65,4.66,4.70,4.75,4.76,4.78,4.80,4.81,4.82,4.83,4.84,4.85,4.86,4.87,4.88,4.89,4.90,4.91,4.92,4.93	none	none
182	1.02,1.10,1.11,1.30,1.31,1.32,1.50,1.51,1.54,1.60,1.70,1.80,1.81,1.82,1.90,1.92,1.93,1.94,2.00,2.01,2.10,2.17,2.20,2.30,2.35,2.36,2.40,2.41,2.42,2.43,2.50,2.52,2.53,2.60,2.70,2.76,2.80,3.00,3.01,3.10,3.15,3.16,3.21,3.30,3.40,3.41,3.42,3.50,3.55,3.56,3.60,3.61,3.65,3.66,3.70,3.71,3.72,3.73,4.00,4.01,4.10,4.11,4.20,4.21,4.25,4.30,4.31,4.40,4.41,4.45,4.46,4.50,4.53,4.55,4.60,4.65,4.66,4.70,4.75,4.76,4.78,4.80,4.81,4.82,4.83,4.84,4.85,4.86,4.87,4.88,4.89,4.90,4.91,4.92,4.93	none	none
183	none	1.02,1.10,1.11,1.30,1.31,1.32,1.50,1.51,1.54,1.60,1.70,1.80,1.81,1.82,1.90,1.92,1.93,1.94,2.00,2.01,2.10,2.17,2.20,2.30,2.35,2.36,2.40,2.41,2.42,2.43,2.50,2.52,2.53,2.60,2.70,2.76,2.80,3.00,3.01,3.10,3.15,3.16,3.21,3.30,3.40,3.41,3.42,3.50,3.55,3.56,3.60,3.61,3.65,3.66,3.70,3.71,3.72,3.73,4.00,4.01,4.10,4.11,4.20,4.21,4.25,4.30,4.31,4.40,4.41,4.45,4.46,4.50,4.53,4.55,4.60,4.65,4.66,4.70,4.75,4.76,4.78,4.80,4.81,4.82,4.83,4.84,4.85,4.86,4.87,4.88,4.89,4.90,4.91,4.92,4.93	none
184	1.02,1.10,1.11,1.30,1.31,1.32,1.50,1.51,1.54,1.60,1.70,1.80,1.81,1.82,1.90,1.92,1.93,1.94,2.00,2.01,2.10,2.17,2.20,2.30,2.35,2.36,2.40,2.41,2.42,2.43,2.50,2.52,2.53,2.60,2.70,2.76,2.80,3.00,3.01,3.10,3.15,3.16,3.21,3.30,3.40,3.41,3.42,3.50,3.55,3.56,3.60,3.61,3.65,3.66,3.70,3.71,3.72,3.73,4.00,4.01,4.10,4.11,4.20,4.21,4.25,4.30,4.31,4.40,4.41,4.45,4.46,4.50,4.53,4.55,4.60,4.65,4.66,4.70,4.75,4.76,4.78,4.80,4.81,4.82,4.83,4.84,4.85,4.86,4.87,4.88,4.89,4.90,4.91,4.92,4.93	none	none
185	1.02,1.10,1.11,1.30,1.31,1.32,1.50,1.51,1.54,1.60,1.70,1.80,1.81,1.82,1.90,1.92,1.93,1.94,2.00,2.01,2.10,2.17,2.20,2.30,2.35,2.36,2.40,2.41,2.42,2.43,2.50,2.52,2.53,2.60,2.70,2.76,2.80,3.00,3.01,3.10,3.15,3.16,3.21,3.30,3.40,3.41,3.42,3.50,3.55,3.56,3.60,3.61,3.65,3.66,3.70,3.71,3.72,3.73,4.00,4.01,4.10,4.11,4.20,4.21,4.25,4.30,4.31,4.40,4.41,4.45,4.46,4.50,4.53,4.55,4.60,4.65,4.66,4.70,4.75,4.76,4.78,4.80,4.81,4.82,4.83,4.84,4.85,4.86,4.87,4.88,4.89,4.90,4.91,4.92,4.93	none	none
186	1.02,1.10,1.11,1.30,1.31,1.32,1.50,1.51,1.54,1.60,1.70,1.80,1.81,1.82,1.90,1.92,1.93,1.94,2.00,2.01,2.10,2.17,2.20,2.30,2.35,2.36,2.40,2.41,2.42,2.43,2.50,2.52,2.53,2.60,2.70,2.76,2.80,3.00,3.01,3.10,3.15,3.16,3.21,3.30,3.40,3.41,3.42,3.50,3.55,3.56,3.60,3.61,3.65,3.66,3.70,3.71,3.72,3.73,4.00,4.01,4.10,4.11,4.20,4.21,4.25,4.30,4.31,4.40,4.41,4.45,4.46,4.50,4.53,4.55,4.60,4.65,4.66,4.70,4.75,4.76,4.78,4.80,4.81,4.82,4.83,4.84,4.85,4.86,4.87,4.88,4.89,4.90,4.91,4.92,4.93	none	none
187	1.02,1.10,1.11,1.30,1.31,1.32,1.50,1.51,1.54,1.60,1.70,1.80,1.81,1.82,1.90,1.92,1.93,1.94,2.00,2.01,2.10,2.17,2.20,2.30,2.35,2.36,2.40,2.41,2.42,2.43,2.50,2.52,2.53,2.60,2.70,2.76,2.80,3.00,3.01,3.10,3.15,3.16,3.21,3.30,3.40,3.41,3.42,3.50,3.55,3.56,3.60,3.61,3.65,3.66,3.70,3.71,3.72,3.73,4.00,4.01,4.10,4.11,4.20,4.21,4.25,4.30,4.31,4.40,4.41,4.45,4.46,4.50,4.53,4.55,4.60,4.65,4.66,4.70,4.75,4.76,4.78,4.80,4.81,4.82,4.83,4.84,4.85,4.86,4.87,4.88,4.89,4.90,4.91,4.92,4.93	none	none
188	1.02,1.10,1.11,1.30,1.31,1.32,1.50,1.51,1.54,1.60,1.70,1.80,1.81,1.82,1.90,1.92,1.93,1.94,2.00,2.01,2.10,2.17,2.20,2.30,2.35,2.36,2.40,2.41,2.42,2.43,2.50,2.52,2.53,2.60,2.70,2.76,2.80,3.00,3.01,3.10,3.15,3.16,3.21,3.30,3.40,3.41,3.42,3.50,3.55,3.56,3.60,3.61,3.65,3.66,3.70,3.71,3.72,3.73,4.00,4.01,4.10,4.11,4.20,4.21,4.25,4.30,4.31,4.40,4.41,4.45,4.46,4.50,4.53,4.55,4.60,4.65,4.66,4.70,4.75,4.76,4.78,4.80,4.81,4.82,4.83,4.84,4.85,4.86,4.87,4.88,4.89,4.90,4.91,4.92,4.93	none	none
189	none	1.02,1.10,1.11,1.30,1.31,1.32,1.50,1.51,1.54,1.60,1.70,1.80,1.81,1.82,1.90,1.92,1.93,1.94,2.00,2.01,2.10,2.17,2.20,2.30,2.35,2.36,2.40,2.41,2.42,2.43,2.50,2.52,2.53,2.60,2.70,2.76,2.80,3.00,3.01,3.10,3.15,3.16,3.21,3.30,3.40,3.41,3.42,3.50,3.55,3.56,3.60,3.61,3.65,3.66,3.70,3.71,3.72,3.73,4.00,4.01,4.10,4.11,4.20,4.21,4.25,4.30,4.31,4.40,4.41,4.45,4.46,4.50,4.53,4.55,4.60,4.65,4.66,4.70,4.75,4.76,4.78,4.80,4.81,4.82,4.83,4.84,4.85,4.86,4.87,4.88,4.89,4.90,4.91,4.92,4.93	none
190	1.02,1.10,1.11,1.30,1.31,1.32,1.50,1.51,1.54,1.60,1.70,1.80,1.81,1.82,1.90,1.92,1.93,1.94,2.00,2.01,2.10,2.17,2.20,2.30,2.35,2.36,2.40,2.41,2.42,2.43,2.50,2.52,2.53,2.60,2.70,2.76,2.80,3.00,3.01,3.10,3.15,3.16,3.21,3.30,3.40,3.41,3.42,3.50,3.55,3.56,3.60,3.61,3.65,3.66,3.70,3.71,3.72,3.73,4.00,4.01,4.10,4.11,4.20,4.21,4.25,4.30,4.31,4.40,4.41,4.45,4.46,4.50,4.53,4.55,4.60,4.65,4.66,4.70,4.75,4.76,4.78,4.80,4.81,4.82,4.83,4.84,4.85,4.86,4.87,4.88,4.89,4.90,4.91,4.92,4.93	none	none
191	1.02,1.10,1.11,1.30,1.31,1.32,1.50,1.51,1.54,1.60,1.70,1.80,1.81,1.82,1.90,1.92,1.93,1.94,2.00,2.01,2.10,2.17,2.20,2.30,2.35,2.36,2.40,2.41,2.42,2.43,2.50,2.52,2.53,2.60,2.70,2.76,2.80,3.00,3.01,3.10,3.15,3.16,3.21,3.30,3.40,3.41,3.42,3.50,3.55,3.56,3.60,3.61,3.65,3.66,3.70,3.71,3.72,3.73,4.00,4.01,4.10,4.11,4.20,4.21,4.25,4.30,4.31,4.40,4.41,4.45,4.46,4.50,4.53,4.55,4.60,4.65,4.66,4.70,4.75,4.76,4.78,4.80,4.81,4.82,4.83,4.84,4.85,4.86,4.87,4.88,4.89,4.90,4.91,4.92,4.93	none	none
192	1.02,1.10,1.11,1.30,1.31,1.32,1.50,1.51,1.54,1.60,1.70,1.80,1.81,1.82,1.90,1.92,1.93,1.94,2.00,2.01,2.10,2.17,2.20,2.30,2.35,2.36,2.40,2.41,2.42,2.43,2.50,2.52,2.53,2.60,2.70,2.76,2.80,3.00,3.01,3.10,3.15,3.16,3.21,3.30,3.40,3.41,3.42,3.50,3.55,3.56,3.60,3.61,3.65,3.66,3.70,3.71,3.72,3.73,4.00,4.01,4.10,4.11,4.20,4.21,4.25,4.30,4.31,4.40,4.41,4.45,4.46,4.50,4.53,4.55,4.60,4.65,4.66,4.70,4.75,4.76,4.78,4.80,4.81,4.82,4.83,4.84,4.85,4.86,4.87,4.88,4.89,4.90,4.91,4.92,4.93	none	none
193	1.02,1.10,1.11,1.30,1.31,1.32,1.50,1.51,1.54,1.60,1.70,1.80,1.81,1.82,1.90,1.92,1.93,1.94,2.00,2.01,2.10,2.17,2.20,2.30,2.35,2.36,2.40,2.41,2.42,2.43,2.50,2.52,2.53,2.60,2.70,2.76,2.80,3.00,3.01,3.10,3.15,3.16,3.21,3.30,3.40,3.41,3.42,3.50,3.55,3.56,3.60,3.61,3.65,3.66,3.70,3.71,3.72,3.73,4.00,4.01,4.10,4.11,4.20,4.21,4.25,4.30,4.31,4.40,4.41,4.45,4.46,4.50,4.53,4.55,4.60,4.65,4.66,4.70,4.75,4.76,4.78,4.80,4.81,4.82,4.83,4.84,4.85,4.86,4.87,4.88,4.89,4.90,4.91,4.92,4.93	none	none
194	1.02,1.10,1.11,1.30,1.31,1.32,1.50,1.51,1.54,1.60,1.70,1.80,1.81,1.82,1.90,1.92,1.93,1.94,2.00,2.01,2.10,2.17,2.20,2.30,2.35,2.36,2.40,2.41,2.42,2.43,2.50,2.52,2.53,2.60,2.70,2.76,2.80,3.00,3.01,3.10,3.15,3.16,3.21,3.30,3.40,3.41,3.42,3.50,3.55,3.56,3.60,3.61,3.65,3.66,3.70,3.71,3.72,3.73,4.00,4.01,4.10,4.11,4.20,4.21,4.25,4.30,4.31,4.40,4.41,4.45,4.46,4.50,4.53,4.55,4.60,4.65,4.66,4.70,4.75,4.76,4.78,4.80,4.81,4.82,4.83,4.84,4.85,4.86,4.87,4.88,4.89,4.90,4.91,4.92,4.93	none	none
195	none	1.02,1.10,1.11,1.30,1.31,1.32,1.50,1.51,1.54,1.60,1.70,1.80,1.81,1.82,1.90,1.92,1.93,1.94,2.00,2.01,2.10,2.17,2.20,2.30,2.35,2.36,2.40,2.41,2.42,2.43,2.50,2.52,2.53,2.60,2.70,2.76,2.80,3.00,3.01,3.10,3.15,3.16,3.21,3.30,3.40,3.41,3.42,3.50,3.55,3.56,3.60,3.61,3.65,3.66,3.70,3.71,3.72,3.73,4.00,4.01,4.10,4.11,4.20,4.21,4.25,4.30,4.31,4.40,4.41,4.45,4.46,4.50,4.53,4.55,4.60,4.65,4.66,4.70,4.75,4.76,4.78,4.80,4.81,4.82,4.83,4.84,4.85,4.86,4.87,4.88,4.89,4.90,4.91,4.92,4.93	none
196	1.02,1.10,1.11,1.30,1.31,1.32,1.50,1.51,1.54,1.60,1.70,1.80,1.81,1.82,1.90,1.92,1.93,1.94,2.00,2.01,2.10,2.17,2.20,2.30,2.35,2.36,2.40,2.41,2.42,2.43,2.50,2.52,2.53,2.60,2.70,2.76,2.80,3.00,3.01,3.10,3.15,3.16,3.21,3.30,3.40,3.41,3.42,3.50,3.55,3.56,3.60,3.61,3.65,3.66,3.70,3.71,3.72,3.73,4.00,4.01,4.10,4.11,4.20,4.21,4.25,4.30,4.31,4.40,4.41,4.45,4.46,4.50,4.53,4.55,4.60,4.65,4.66,4.70,4.75,4.76,4.78,4.80,4.81,4.82,4.83,4.84,4.85,4.86,4.87,4.88,4.89,4.90,4.91,4.92,4.93	none	none
197	1.02,1.10,1.11,1.30,1.31,1.32,1.50,1.51,1.54,1.60,1.70,1.80,1.81,1.82,1.90,1.92,1.93,1.94,2.00,2.01,2.10,2.17,2.20,2.30,2.35,2.36,2.40,2.41,2.42,2.43,2.50,2.52,2.53,2.60,2.70,2.76,2.80,3.00,3.01,3.10,3.15,3.16,3.21,3.30,3.40,3.41,3.42,3.50,3.55,3.56,3.60,3.61,3.65,3.66,3.70,3.71,3.72,3.73,4.00,4.01,4.10,4.11,4.20,4.21,4.25,4.30,4.31,4.40,4.41,4.45,4.46,4.50,4.53,4.55,4.60,4.65,4.66,4.70,4.75,4.76,4.78,4.80,4.81,4.82,4.83,4.84,4.85,4.86,4.87,4.88,4.89,4.90,4.91,4.92,4.93	none	none
198	1.90,1.92,1.93,1.94,2.00,2.01,2.10,2.17,2.20,2.30,2.35,2.36,2.40,2.41,2.42,2.43,2.50,2.52,2.53,2.60,2.70,2.76,2.80,3.00,3.01,3.10,3.15,3.16,3.21,3.30,3.40,3.41,3.42,3.50,3.55,3.56,3.60,3.61,3.65,3.66,3.70,3.71,3.72,3.73,4.00,4.01,4.10,4.11,4.20,4.21,4.25,4.30,4.31,4.40,4.41,4.45,4.46,4.50,4.53,4.55,4.60,4.65,4.66,4.70,4.75,4.76,4.78,4.80,4.81,4.82,4.83,4.84,4.85,4.86,4.87,4.88,4.89,4.90,4.91,4.92,4.93	1.02,1.10,1.11,1.30,1.31,1.32,1.50,1.51,1.54,1.60,1.70,1.80,1.81,1.82	none
199	1.90,1.92,1.93,1.94,2.00,2.01,2.10,2.17,2.20,2.30,2.35,2.36,2.40,2.41,2.42,2.43,2.50,2.52,2.53,2.60,2.70,2.76,2.80,3.00,3.01,3.10,3.15,3.16,3.21,3.30,3.40,3.41,3.42,3.50,3.55,3.56,3.60,3.61,3.65,3.66,3.70,3.71,3.72,3.73,4.00,4.01,4.10,4.11,4.20,4.21,4.25,4.30,4.31,4.40,4.41,4.45,4.46,4.50,4.53,4.55,4.60,4.65,4.66,4.70,4.75,4.76,4.78,4.80,4.81,4.82,4.83,4.84,4.85,4.86,4.87,4.88,4.89,4.90,4.91,4.92,4.93	1.02,1.10,1.11,1.30,1.31,1.32,1.50,1.51,1.54,1.60,1.70,1.80,1.81,1.82	none
200	none	1.02,1.10,1.11,1.30,1.31,1.32,1.50,1.51,1.54,1.60,1.70,1.80,1.81,1.82,1.90,1.92,1.93,1.94,2.00,2.01,2.10,2.17,2.20,2.30,2.35,2.36,2.40,2.41,2.42,2.43,2.50,2.52,2.53,2.60,2.70,2.76,2.80,3.00,3.01,3.10,3.15,3.16,3.21,3.30,3.40,3.41,3.42,3.50,3.55,3.56,3.60,3.61,3.65,3.66,3.70,3.71,3.72,3.73,4.00,4.01,4.10,4.11,4.20,4.21,4.25,4.30,4.31,4.40,4.41,4.45,4.46,4.50,4.53,4.55,4.60,4.65,4.66,4.70,4.75,4.76,4.78,4.80,4.81,4.82,4.83,4.84,4.85,4.86,4.87,4.88,4.89,4.90,4.91,4.92,4.93	none
201	none	1.02,1.10,1.11,1.30,1.31,1.32,1.50,1.51,1.54,1.60,1.70,1.80,1.81,1.82,1.90,1.92,1.93,1.94,2.00,2.01,2.10,2.17,2.20,2.30,2.35,2.36,2.40,2.41,2.42,2.43,2.50,2.52,2.53,2.60,2.70,2.76,2.80,3.00,3.01,3.10,3.15,3.16,3.21,3.30,3.40,3.41,3.42,3.50,3.55,3.56,3.60,3.61,3.65,3.66,3.70,3.71,3.72,3.73,4.00,4.01,4.10,4.11,4.20,4.21,4.25,4.30,4.31,4.40,4.41,4.45,4.46,4.50,4.53,4.55,4.60,4.65,4.66,4.70,4.75,4.76,4.78,4.80,4.81,4.82,4.83,4.84,4.85,4.86,4.87,4.88,4.89,4.90,4.91,4.92,4.93	none
202	none	1.02,1.10,1.11,1.30,1.31,1.32,1.50,1.51,1.54,1.60,1.70,1.80,1.81,1.82,1.90,1.92,1.93,1.94,2.00,2.01,2.10,2.17,2.20,2.30,2.35,2.36,2.40,2.41,2.42,2.43,2.50,2.52,2.53,2.60,2.70,2.76,2.80,3.00,3.01,3.10,3.15,3.16,3.21,3.30,3.40,3.41,3.42,3.50,3.55,3.56,3.60,3.61,3.65,3.66,3.70,3.71,3.72,3.73,4.00,4.01,4.10,4.11,4.20,4.21,4.25,4.30,4.31,4.40,4.41,4.45,4.46,4.50,4.53,4.55,4.60,4.65,4.66,4.70,4.75,4.76,4.78,4.80,4.81,4.82,4.83,4.84,4.85,4.86,4.87,4.88,4.89,4.90,4.91,4.92,4.93	none
203	none	1.02,1.10,1.11,1.30,1.31,1.32,1.50,1.51,1.54,1.60,1.70,1.80,1.81,1.82,1.90,1.92,1.93,1.94,2.00,2.01,2.10,2.17,2.20,2.30,2.35,2.36,2.40,2.41,2.42,2.43,2.50,2.52,2.53,2.60,2.70,2.76,2.80,3.00,3.01,3.10,3.15,3.16,3.21,3.30,3.40,3.41,3.42,3.50,3.55,3.56,3.60,3.61,3.65,3.66,3.70,3.71,3.72,3.73,4.00,4.01,4.10,4.11,4.20,4.21,4.25,4.30,4.31,4.40,4.41,4.45,4.46,4.50,4.53,4.55,4.60,4.65,4.66,4.70,4.75,4.76,4.78,4.80,4.81,4.82,4.83,4.84,4.85,4.86,4.87,4.88,4.89,4.90,4.91,4.92,4.93	none
204	none	1.02,1.10,1.11,1.30,1.31,1.32,1.50,1.51,1.54,1.60,1.70,1.80,1.81,1.82,1.90,1.92,1.93,1.94,2.00,2.01,2.10,2.17,2.20,2.30,2.35,2.36,2.40,2.41,2.42,2.43,2.50,2.52,2.53,2.60,2.70,2.76,2.80,3.00,3.01,3.10,3.15,3.16,3.21,3.30,3.40,3.41,3.42,3.50,3.55,3.56,3.60,3.61,3.65,3.66,3.70,3.71,3.72,3.73,4.00,4.01,4.10,4.11,4.20,4.21,4.25,4.30,4.31,4.40,4.41,4.45,4.46,4.50,4.53,4.55,4.60,4.65,4.66,4.70,4.75,4.76,4.78,4.80,4.81,4.82,4.83,4.84,4.85,4.86,4.87,4.88,4.89,4.90,4.91,4.92,4.93	none
205	none	1.02,1.10,1.11,1.30,1.31,1.32,1.50,1.51,1.54,1.60,1.70,1.80,1.81,1.82,1.90,1.92,1.93,1.94,2.00,2.01,2.10,2.17,2.20,2.30,2.35,2.36,2.40,2.41,2.42,2.43,2.50,2.52,2.53,2.60,2.70,2.76,2.80,3.00,3.01,3.10,3.15,3.16,3.21,3.30,3.40,3.41,3.42,3.50,3.55,3.56,3.60,3.61,3.65,3.66,3.70,3.71,3.72,3.73,4.00,4.01,4.10,4.11,4.20,4.21,4.25,4.30,4.31,4.40,4.41,4.45,4.46,4.50,4.53,4.55,4.60,4.65,4.66,4.70,4.75,4.76,4.78,4.80,4.81,4.82,4.83,4.84,4.85,4.86,4.87,4.88,4.89,4.90,4.91,4.92,4.93	none
206	none	1.02,1.10,1.11,1.30,1.31,1.32,1.50,1.51,1.54,1.60,1.70,1.80,1.81,1.82,1.90,1.92,1.93,1.94,2.00,2.01,2.10,2.17,2.20,2.30,2.35,2.36,2.40,2.41,2.42,2.43,2.50,2.52,2.53,2.60,2.70,2.76,2.80,3.00,3.01,3.10,3.15,3.16,3.21,3.30,3.40,3.41,3.42,3.50,3.55,3.56,3.60,3.61,3.65,3.66,3.70,3.71,3.72,3.73,4.00,4.01,4.10,4.11,4.20,4.21,4.25,4.30,4.31,4.40,4.41,4.45,4.46,4.50,4.53,4.55,4.60,4.65,4.66,4.70,4.75,4.76,4.78,4.80,4.81,4.82,4.83,4.84,4.85,4.86,4.87,4.88,4.89,4.90,4.91,4.92,4.93	none
207	none	1.02,1.10,1.11,1.30,1.31,1.32,1.50,1.51,1.54,1.60,1.70,1.80,1.81,1.82,1.90,1.92,1.93,1.94,2.00,2.01,2.10,2.17,2.20,2.30,2.35,2.36,2.40,2.41,2.42,2.43,2.50,2.52,2.53,2.60,2.70,2.76,2.80,3.00,3.01,3.10,3.15,3.16,3.21,3.30,3.40,3.41,3.42,3.50,3.55,3.56,3.60,3.61,3.65,3.66,3.70,3.71,3.72,3.73,4.00,4.01,4.10,4.11,4.20,4.21,4.25,4.30,4.31,4.40,4.41,4.45,4.46,4.50,4.53,4.55,4.60,4.65,4.66,4.70,4.75,4.76,4.78,4.80,4.81,4.82,4.83,4.84,4.85,4.86,4.87,4.88,4.89,4.90,4.91,4.92,4.93	none
208	none	1.02,1.10,1.11,1.30,1.31,1.32,1.50,1.51,1.54,1.60,1.70,1.80,1.81,1.82,1.90,1.92,1.93,1.94,2.00,2.01,2.10,2.17,2.20,2.30,2.35,2.36,2.40,2.41,2.42,2.43,2.50,2.52,2.53,2.60,2.70,2.76,2.80,3.00,3.01,3.10,3.15,3.16,3.21,3.30,3.40,3.41,3.42,3.50,3.55,3.56,3.60,3.61,3.65,3.66,3.70,3.71,3.72,3.73,4.00,4.01,4.10,4.11,4.20,4.21,4.25,4.30,4.31,4.40,4.41,4.45,4.46,4.50,4.53,4.55,4.60,4.65,4.66,4.70,4.75,4.76,4.78,4.80,4.81,4.82,4.83,4.84,4.85,4.86,4.87,4.88,4.89,4.90,4.91,4.92,4.93	none
209	none	1.02,1.10,1.11,1.30,1.31,1.32,1.50,1.51,1.54,1.60,1.70,1.80,1.81,1.82,1.90,1.92,1.93,1.94,2.00,2.01,2.10,2.17,2.20,2.30,2.35,2.36,2.40,2.41,2.42,2.43,2.50,2.52,2.53,2.60,2.70,2.76,2.80,3.00,3.01,3.10,3.15,3.16,3.21,3.30,3.40,3.41,3.42,3.50,3.55,3.56,3.60,3.61,3.65,3.66,3.70,3.71,3.72,3.73,4.00,4.01,4.10,4.11,4.20,4.21,4.25,4.30,4.31,4.40,4.41,4.45,4.46,4.50,4.53,4.55,4.60,4.65,4.66,4.70,4.75,4.76,4.78,4.80,4.81,4.82,4.83,4.84,4.85,4.86,4.87,4.88,4.89,4.90,4.91,4.92,4.93	none
210	none	1.02,1.10,1.11,1.30,1.31,1.32,1.50,1.51,1.54,1.60,1.70,1.80,1.81,1.82,1.90,1.92,1.93,1.94,2.00,2.01,2.10,2.17,2.20,2.30,2.35,2.36,2.40,2.41,2.42,2.43,2.50,2.52,2.53,2.60,2.70,2.76,2.80,3.00,3.01,3.10,3.15,3.16,3.21,3.30,3.40,3.41,3.42,3.50,3.55,3.56,3.60,3.61,3.65,3.66,3.70,3.71,3.72,3.73,4.00,4.01,4.10,4.11,4.20,4.21,4.25,4.30,4.31,4.40,4.41,4.45,4.46,4.50,4.53,4.55,4.60,4.65,4.66,4.70,4.75,4.76,4.78,4.80,4.81,4.82,4.83,4.84,4.85,4.86,4.87,4.88,4.89,4.90,4.91,4.92,4.93	none
211	none	1.02,1.10,1.11,1.30,1.31,1.32,1.50,1.51,1.54,1.60,1.70,1.80,1.81,1.82,1.90,1.92,1.93,1.94,2.00,2.01,2.10,2.17,2.20,2.30,2.35,2.36,2.40,2.41,2.42,2.43,2.50,2.52,2.53,2.60,2.70,2.76,2.80,3.00,3.01,3.10,3.15,3.16,3.21,3.30,3.40,3.41,3.42,3.50,3.55,3.56,3.60,3.61,3.65,3.66,3.70,3.71,3.72,3.73,4.00,4.01,4.10,4.11,4.20,4.21,4.25,4.30,4.31,4.40,4.41,4.45,4.46,4.50,4.53,4.55,4.60,4.65,4.66,4.70,4.75,4.76,4.78,4.80,4.81,4.82,4.83,4.84,4.85,4.86,4.87,4.88,4.89,4.90,4.91,4.92,4.93	none
212	none	1.02,1.10,1.11,1.30,1.31,1.32,1.50,1.51,1.54,1.60,1.70,1.80,1.81,1.82,1.90,1.92,1.93,1.94,2.00,2.01,2.10,2.17,2.20,2.30,2.35,2.36,2.40,2.41,2.42,2.43,2.50,2.52,2.53,2.60,2.70,2.76,2.80,3.00,3.01,3.10,3.15,3.16,3.21,3.30,3.40,3.41,3.42,3.50,3.55,3.56,3.60,3.61,3.65,3.66,3.70,3.71,3.72,3.73,4.00,4.01,4.10,4.11,4.20,4.21,4.25,4.30,4.31,4.40,4.41,4.45,4.46,4.50,4.53,4.55,4.60,4.65,4.66,4.70,4.75,4.76,4.78,4.80,4.81,4.82,4.83,4.84,4.85,4.86,4.87,4.88,4.89,4.90,4.91,4.92,4.93	none
213	none	1.02,1.10,1.11,1.30,1.31,1.32,1.50,1.51,1.54,1.60,1.70,1.80,1.81,1.82,1.90,1.92,1.93,1.94,2.00,2.01,2.10,2.17,2.20,2.30,2.35,2.36,2.40,2.41,2.42,2.43,2.50,2.52,2.53,2.60,2.70,2.76,2.80,3.00,3.01,3.10,3.15,3.16,3.21,3.30,3.40,3.41,3.42,3.50,3.55,3.56,3.60,3.61,3.65,3.66,3.70,3.71,3.72,3.73,4.00,4.01,4.10,4.11,4.20,4.21,4.25,4.30,4.31,4.40,4.41,4.45,4.46,4.50,4.53,4.55,4.60,4.65,4.66,4.70,4.75,4.76,4.78,4.80,4.81,4.82,4.83,4.84,4.85,4.86,4.87,4.88,4.89,4.90,4.91,4.92,4.93	none
214	none	1.02,1.10,1.11,1.30,1.31,1.32,1.50,1.51,1.54,1.60,1.70,1.80,1.81,1.82,1.90,1.92,1.93,1.94,2.00,2.01,2.10,2.17,2.20,2.30,2.35,2.36,2.40,2.41,2.42,2.43,2.50,2.52,2.53,2.60,2.70,2.76,2.80,3.00,3.01,3.10,3.15,3.16,3.21,3.30,3.40,3.41,3.42,3.50,3.55,3.56,3.60,3.61,3.65,3.66,3.70,3.71,3.72,3.73,4.00,4.01,4.10,4.11,4.20,4.21,4.25,4.30,4.31,4.40,4.41,4.45,4.46,4.50,4.53,4.55,4.60,4.65,4.66,4.70,4.75,4.76,4.78,4.80,4.81,4.82,4.83,4.84,4.85,4.86,4.87,4.88,4.89,4.90,4.91,4.92,4.93	none
215	none	1.02,1.10,1.11,1.30,1.31,1.32,1.50,1.51,1.54,1.60,1.70,1.80,1.81,1.82,1.90,1.92,1.93,1.94,2.00,2.01,2.10,2.17,2.20,2.30,2.35,2.36,2.40,2.41,2.42,2.43,2.50,2.52,2.53,2.60,2.70,2.76,2.80,3.00,3.01,3.10,3.15,3.16,3.21,3.30,3.40,3.41,3.42,3.50,3.55,3.56,3.60,3.61,3.65,3.66,3.70,3.71,3.72,3.73,4.00,4.01,4.10,4.11,4.20,4.21,4.25,4.30,4.31,4.40,4.41,4.45,4.46,4.50,4.53,4.55,4.60,4.65,4.66,4.70,4.75,4.76,4.78,4.80,4.81,4.82,4.83,4.84,4.85,4.86,4.87,4.88,4.89,4.90,4.91,4.92,4.93	none
216	none	1.02,1.10,1.11,1.30,1.31,1.32,1.50,1.51,1.54,1.60,1.70,1.80,1.81,1.82,1.90,1.92,1.93,1.94,2.00,2.01,2.10,2.17,2.20,2.30,2.35,2.36,2.40,2.41,2.42,2.43,2.50,2.52,2.53,2.60,2.70,2.76,2.80,3.00,3.01,3.10,3.15,3.16,3.21,3.30,3.40,3.41,3.42,3.50,3.55,3.56,3.60,3.61,3.65,3.66,3.70,3.71,3.72,3.73,4.00,4.01,4.10,4.11,4.20,4.21,4.25,4.30,4.31,4.40,4.41,4.45,4.46,4.50,4.53,4.55,4.60,4.65,4.66,4.70,4.75,4.76,4.78,4.80,4.81,4.82,4.83,4.84,4.85,4.86,4.87,4.88,4.89,4.90,4.91,4.92,4.93	none
217	none	1.02,1.10,1.11,1.30,1.31,1.32,1.50,1.51,1.54,1.60,1.70,1.80,1.81,1.82,1.90,1.92,1.93,1.94,2.00,2.01,2.10,2.17,2.20,2.30,2.35,2.36,2.40,2.41,2.42,2.43,2.50,2.52,2.53,2.60,2.70,2.76,2.80,3.00,3.01,3.10,3.15,3.16,3.21,3.30,3.40,3.41,3.42,3.50,3.55,3.56,3.60,3.61,3.65,3.66,3.70,3.71,3.72,3.73,4.00,4.01,4.10,4.11,4.20,4.21,4.25,4.30,4.31,4.40,4.41,4.45,4.46,4.50,4.53,4.55,4.60,4.65,4.66,4.70,4.75,4.76,4.78,4.80,4.81,4.82,4.83,4.84,4.85,4.86,4.87,4.88,4.89,4.90,4.91,4.92,4.93	none
218	none	1.02,1.10,1.11,1.30,1.31,1.32,1.50,1.51,1.54,1.60,1.70,1.80,1.81,1.82,1.90,1.92,1.93,1.94,2.00,2.01,2.10,2.17,2.20,2.30,2.35,2.36,2.40,2.41,2.42,2.43,2.50,2.52,2.53,2.60,2.70,2.76,2.80,3.00,3.01,3.10,3.15,3.16,3.21,3.30,3.40,3.41,3.42,3.50,3.55,3.56,3.60,3.61,3.65,3.66,3.70,3.71,3.72,3.73,4.00,4.01,4.10,4.11,4.20,4.21,4.25,4.30,4.31,4.40,4.41,4.45,4.46,4.50,4.53,4.55,4.60,4.65,4.66,4.70,4.75,4.76,4.78,4.80,4.81,4.82,4.83,4.84,4.85,4.86,4.87,4.88,4.89,4.90,4.91,4.92,4.93	none
219	none	1.02,1.10,1.11,1.30,1.31,1.32,1.50,1.51,1.54,1.60,1.70,1.80,1.81,1.82,1.90,1.92,1.93,1.94,2.00,2.01,2.10,2.17,2.20,2.30,2.35,2.36,2.40,2.41,2.42,2.43,2.50,2.52,2.53,2.60,2.70,2.76,2.80,3.00,3.01,3.10,3.15,3.16,3.21,3.30,3.40,3.41,3.42,3.50,3.55,3.56,3.60,3.61,3.65,3.66,3.70,3.71,3.72,3.73,4.00,4.01,4.10,4.11,4.20,4.21,4.25,4.30,4.31,4.40,4.41,4.45,4.46,4.50,4.53,4.55,4.60,4.65,4.66,4.70,4.75,4.76,4.78,4.80,4.81,4.82,4.83,4.84,4.85,4.86,4.87,4.88,4.89,4.90,4.91,4.92,4.93	none
220	none	1.02,1.10,1.11,1.30,1.31,1.32,1.50,1.51,1.54,1.60,1.70,1.80,1.81,1.82,1.90,1.92,1.93,1.94,2.00,2.01,2.10,2.17,2.20,2.30,2.35,2.36,2.40,2.41,2.42,2.43,2.50,2.52,2.53,2.60,2.70,2.76,2.80,3.00,3.01,3.10,3.15,3.16,3.21,3.30,3.40,3.41,3.42,3.50,3.55,3.56,3.60,3.61,3.65,3.66,3.70,3.71,3.72,3.73,4.00,4.01,4.10,4.11,4.20,4.21,4.25,4.30,4.31,4.40,4.41,4.45,4.46,4.50,4.53,4.55,4.60,4.65,4.66,4.70,4.75,4.76,4.78,4.80,4.81,4.82,4.83,4.84,4.85,4.86,4.87,4.88,4.89,4.90,4.91,4.92,4.93	none
221	none	1.02,1.10,1.11,1.30,1.31,1.32,1.50,1.51,1.54,1.60,1.70,1.80,1.81,1.82,1.90,1.92,1.93,1.94,2.00,2.01,2.10,2.17,2.20,2.30,2.35,2.36,2.40,2.41,2.42,2.43,2.50,2.52,2.53,2.60,2.70,2.76,2.80,3.00,3.01,3.10,3.15,3.16,3.21,3.30,3.40,3.41,3.42,3.50,3.55,3.56,3.60,3.61,3.65,3.66,3.70,3.71,3.72,3.73,4.00,4.01,4.10,4.11,4.20,4.21,4.25,4.30,4.31,4.40,4.41,4.45,4.46,4.50,4.53,4.55,4.60,4.65,4.66,4.70,4.75,4.76,4.78,4.80,4.81,4.82,4.83,4.84,4.85,4.86,4.87,4.88,4.89,4.90,4.91,4.92,4.93	none
222	none	1.02,1.10,1.11,1.30,1.31,1.32,1.50,1.51,1.54,1.60,1.70,1.80,1.81,1.82,1.90,1.92,1.93,1.94,2.00,2.01,2.10,2.17,2.20,2.30,2.35,2.36,2.40,2.41,2.42,2.43,2.50,2.52,2.53,2.60,2.70,2.76,2.80,3.00,3.01,3.10,3.15,3.16,3.21,3.30,3.40,3.41,3.42,3.50,3.55,3.56,3.60,3.61,3.65,3.66,3.70,3.71,3.72,3.73,4.00,4.01,4.10,4.11,4.20,4.21,4.25,4.30,4.31,4.40,4.41,4.45,4.46,4.50,4.53,4.55,4.60,4.65,4.66,4.70,4.75,4.76,4.78,4.80,4.81,4.82,4.83,4.84,4.85,4.86,4.87,4.88,4.89,4.90,4.91,4.92,4.93	none
223	none	1.02,1.10,1.11,1.30,1.31,1.32,1.50,1.51,1.54,1.60,1.70,1.80,1.81,1.82,1.90,1.92,1.93,1.94,2.00,2.01,2.10,2.17,2.20,2.30,2.35,2.36,2.40,2.41,2.42,2.43,2.50,2.52,2.53,2.60,2.70,2.76,2.80,3.00,3.01,3.10,3.15,3.16,3.21,3.30,3.40,3.41,3.42,3.50,3.55,3.56,3.60,3.61,3.65,3.66,3.70,3.71,3.72,3.73,4.00,4.01,4.10,4.11,4.20,4.21,4.25,4.30,4.31,4.40,4.41,4.45,4.46,4.50,4.53,4.55,4.60,4.65,4.66,4.70,4.75,4.76,4.78,4.80,4.81,4.82,4.83,4.84,4.85,4.86,4.87,4.88,4.89,4.90,4.91,4.92,4.93	none
224	none	1.02,1.10,1.11,1.30,1.31,1.32,1.50,1.51,1.54,1.60,1.70,1.80,1.81,1.82,1.90,1.92,1.93,1.94,2.00,2.01,2.10,2.17,2.20,2.30,2.35,2.36,2.40,2.41,2.42,2.43,2.50,2.52,2.53,2.60,2.70,2.76,2.80,3.00,3.01,3.10,3.15,3.16,3.21,3.30,3.40,3.41,3.42,3.50,3.55,3.56,3.60,3.61,3.65,3.66,3.70,3.71,3.72,3.73,4.00,4.01,4.10,4.11,4.20,4.21,4.25,4.30,4.31,4.40,4.41,4.45,4.46,4.50,4.53,4.55,4.60,4.65,4.66,4.70,4.75,4.76,4.78,4.80,4.81,4.82,4.83,4.84,4.85,4.86,4.87,4.88,4.89,4.90,4.91,4.92,4.93	none
225	none	1.02,1.10,1.11,1.30,1.31,1.32,1.50,1.51,1.54,1.60,1.70,1.80,1.81,1.82,1.90,1.92,1.93,1.94,2.00,2.01,2.10,2.17,2.20,2.30,2.35,2.36,2.40,2.41,2.42,2.43,2.50,2.52,2.53,2.60,2.70,2.76,2.80,3.00,3.01,3.10,3.15,3.16,3.21,3.30,3.40,3.41,3.42,3.50,3.55,3.56,3.60,3.61,3.65,3.66,3.70,3.71,3.72,3.73,4.00,4.01,4.10,4.11,4.20,4.21,4.25,4.30,4.31,4.40,4.41,4.45,4.46,4.50,4.53,4.55,4.60,4.65,4.66,4.70,4.75,4.76,4.78,4.80,4.81,4.82,4.83,4.84,4.85,4.86,4.87,4.88,4.89,4.90,4.91,4.92,4.93	none
226	none	1.02,1.10,1.11,1.30,1.31,1.32,1.50,1.51,1.54,1.60,1.70,1.80,1.81,1.82,1.90,1.92,1.93,1.94,2.00,2.01,2.10,2.17,2.20,2.30,2.35,2.36,2.40,2.41,2.42,2.43,2.50,2.52,2.53,2.60,2.70,2.76,2.80,3.00,3.01,3.10,3.15,3.16,3.21,3.30,3.40,3.41,3.42,3.50,3.55,3.56,3.60,3.61,3.65,3.66,3.70,3.71,3.72,3.73,4.00,4.01,4.10,4.11,4.20,4.21,4.25,4.30,4.31,4.40,4.41,4.45,4.46,4.50,4.53,4.55,4.60,4.65,4.66,4.70,4.75,4.76,4.78,4.80,4.81,4.82,4.83,4.84,4.85,4.86,4.87,4.88,4.89,4.90,4.91,4.92,4.93	none
227	none	1.02,1.10,1.11,1.30,1.31,1.32,1.50,1.51,1.54,1.60,1.70,1.80,1.81,1.82,1.90,1.92,1.93,1.94,2.00,2.01,2.10,2.17,2.20,2.30,2.35,2.36,2.40,2.41,2.42,2.43,2.50,2.52,2.53,2.60,2.70,2.76,2.80,3.00,3.01,3.10,3.15,3.16,3.21,3.30,3.40,3.41,3.42,3.50,3.55,3.56,3.60,3.61,3.65,3.66,3.70,3.71,3.72,3.73,4.00,4.01,4.10,4.11,4.20,4.21,4.25,4.30,4.31,4.40,4.41,4.45,4.46,4.50,4.53,4.55,4.60,4.65,4.66,4.70,4.75,4.76,4.78,4.80,4.81,4.82,4.83,4.84,4.85,4.86,4.87,4.88,4.89,4.90,4.91,4.92,4.93	none
228	none	1.02,1.10,1.11,1.30,1.31,1.32,1.50,1.51,1.54,1.60,1.70,1.80,1.81,1.82,1.90,1.92,1.93,1.94,2.00,2.01,2.10,2.17,2.20,2.30,2.35,2.36,2.40,2.41,2.42,2.43,2.50,2.52,2.53,2.60,2.70,2.76,2.80,3.00,3.01,3.10,3.15,3.16,3.21,3.30,3.40,3.41,3.42,3.50,3.55,3.56,3.60,3.61,3.65,3.66,3.70,3.71,3.72,3.73,4.00,4.01,4.10,4.11,4.20,4.21,4.25,4.30,4.31,4.40,4.41,4.45,4.46,4.50,4.53,4.55,4.60,4.65,4.66,4.70,4.75,4.76,4.78,4.80,4.81,4.82,4.83,4.84,4.85,4.86,4.87,4.88,4.89,4.90,4.91,4.92,4.93	none
229	none	1.02,1.10,1.11,1.30,1.31,1.32,1.50,1.51,1.54,1.60,1.70,1.80,1.81,1.82,1.90,1.92,1.93,1.94,2.00,2.01,2.10,2.17,2.20,2.30,2.35,2.36,2.40,2.41,2.42,2.43,2.50,2.52,2.53,2.60,2.70,2.76,2.80,3.00,3.01,3.10,3.15,3.16,3.21,3.30,3.40,3.41,3.42,3.50,3.55,3.56,3.60,3.61,3.65,3.66,3.70,3.71,3.72,3.73,4.00,4.01,4.10,4.11,4.20,4.21,4.25,4.30,4.31,4.40,4.41,4.45,4.46,4.50,4.53,4.55,4.60,4.65,4.66,4.70,4.75,4.76,4.78,4.80,4.81,4.82,4.83,4.84,4.85,4.86,4.87,4.88,4.89,4.90,4.91,4.92,4.93	none
230	1.02,1.10,1.11,1.30,1.31,1.32,1.50,1.51,1.54,1.60,1.70,1.80,1.81,1.82,1.90,1.92,1.93,1.94,2.00,2.01,2.10,2.17,2.20,2.30,2.35,2.36,2.40,2.41,2.42,2.43,2.50,2.52,2.53,2.60,2.70,2.76,2.80,3.00,3.01,3.10,3.15,3.16,3.21,3.30,3.40,3.41,3.42,3.50,3.55,3.56,3.60,3.61,3.65,3.66,3.70,3.71,3.72,3.73,4.00,4.01,4.10,4.11,4.20,4.21,4.25,4.30,4.31,4.40,4.41,4.45,4.46,4.50,4.53,4.55,4.60,4.65,4.66,4.70,4.75,4.76,4.78,4.80,4.81,4.82,4.83,4.84,4.85,4.86,4.87,4.88,4.89,4.90,4.91,4.92,4.93	none	none
231	1.02,1.10,1.11,1.30,1.31,1.32,1.50,1.51,1.54,1.60,1.70,1.80,1.81,1.82,1.90,1.92,1.93,1.94,2.00,2.01,2.10,2.17,2.20,2.30,2.35,2.36,2.40,2.41,2.42,2.43,2.50,2.52,2.53,2.60,2.70,2.76,2.80,3.00,3.01,3.10,3.15,3.16,3.21,3.30,3.40,3.41,3.42,3.50,3.55,3.56,3.60,3.61,3.65,3.66,3.70,3.71,3.72,3.73,4.00,4.01,4.10,4.11,4.20,4.21,4.25,4.30,4.31,4.40,4.41,4.45,4.46,4.50,4.53,4.55,4.60,4.65,4.66,4.70,4.75,4.76,4.78,4.80,4.81,4.82,4.83,4.84,4.85,4.86,4.87,4.88,4.89,4.90,4.91,4.92,4.93	none	none
232	1.02,1.10,1.11,1.30,1.31,1.32,1.50,1.51,1.54,1.60,1.70,1.80,1.81,1.82,1.90,1.92,1.93,1.94,2.00,2.01,2.10,2.17,2.20,2.30,2.35,2.36,2.40,2.41,2.42,2.43,2.50,2.52,2.53,2.60,2.70,2.76,2.80,3.00,3.01,3.10,3.15,3.16,3.21,3.30,3.40,3.41,3.42,3.50,3.55,3.56,3.60,3.61,3.65,3.66,3.70,3.71,3.72,3.73,4.00,4.01,4.10,4.11,4.20,4.21,4.25,4.30,4.31,4.40,4.41,4.45,4.46,4.50,4.53,4.55,4.60,4.65,4.66,4.70,4.75,4.76,4.78,4.80,4.81,4.82,4.83,4.84,4.85,4.86,4.87,4.88,4.89,4.90,4.91,4.92,4.93	none	none
233	1.02,1.10,1.11,1.30,1.31,1.32,1.50,1.51,1.54,1.60,1.70,1.80,1.81,1.82,1.90,1.92,1.93,1.94,2.00,2.01,2.10,2.17,2.20,2.30,2.35,2.36,2.40,2.41,2.42,2.43,2.50,2.52,2.53,2.60,2.70,2.76,2.80,3.00,3.01,3.10,3.15,3.16,3.21,3.30,3.40,3.41,3.42,3.50,3.55,3.56,3.60,3.61,3.65,3.66,3.70,3.71,3.72,3.73,4.00,4.01,4.10,4.11,4.20,4.21,4.25,4.30,4.31,4.40,4.41,4.45,4.46,4.50,4.53,4.55,4.60,4.65,4.66,4.70,4.75,4.76,4.78,4.80,4.81,4.82,4.83,4.84,4.85,4.86,4.87,4.88,4.89,4.90,4.91,4.92,4.93	none	none
234	1.02,1.10,1.11,1.30,1.31,1.32,1.50,1.51,1.54,1.60,1.70,1.80,1.81,1.82,1.90,1.92,1.93,1.94,2.00,2.01,2.10,2.17,2.20,2.30,2.35,2.36,2.40,2.41,2.42,2.43,2.50,2.52,2.53,2.60,2.70,2.76,2.80,3.00,3.01,3.10,3.15,3.16,3.21,3.30,3.40,3.41,3.42,3.50,3.55,3.56,3.60,3.61,3.65,3.66,3.70,3.71,3.72,3.73,4.00,4.01,4.10,4.11,4.20,4.21,4.25,4.30,4.31,4.40,4.41,4.45,4.46,4.50,4.53,4.55,4.60,4.65,4.66,4.70,4.75,4.76,4.78,4.80,4.81,4.82,4.83,4.84,4.85,4.86,4.87,4.88,4.89,4.90,4.91,4.92,4.93	none	none
235	1.02,1.10,1.11,1.30,1.31,1.32,1.50,1.51,1.54,1.60,1.70,1.80,1.81,1.82,1.90,1.92,1.93,1.94,2.00,2.01,2.10,2.17,2.20,2.30,2.35,2.36,2.40,2.41,2.42,2.43,2.50,2.52,2.53,2.60,2.70,2.76,2.80,3.00,3.01,3.10,3.15,3.16,3.21,3.30,3.40,3.41,3.42,3.50,3.55,3.56,3.60,3.61,3.65,3.66,3.70,3.71,3.72,3.73,4.00,4.01,4.10,4.11,4.20,4.21,4.25,4.30,4.31,4.40,4.41,4.45,4.46,4.50,4.53,4.55,4.60,4.65,4.66,4.70,4.75,4.76,4.78,4.80,4.81,4.82,4.83,4.84,4.85,4.86,4.87,4.88,4.89,4.90,4.91,4.92,4.93	none	none
236	1.02,1.10,1.11,1.30,1.31,1.32,1.50,1.51,1.54,1.60,1.70,1.80,1.81,1.82,1.90,1.92,1.93,1.94,2.00,2.01,2.10,2.17,2.20,2.30,2.35,2.36,2.40,2.41,2.42,2.43,2.50,2.52,2.53,2.60,2.70,2.76,2.80,3.00,3.01,3.10,3.15,3.16,3.21,3.30,3.40,3.41,3.42,3.50,3.55,3.56,3.60,3.61,3.65,3.66,3.70,3.71,3.72,3.73,4.00,4.01,4.10,4.11,4.20,4.21,4.25,4.30,4.31,4.40,4.41,4.45,4.46,4.50,4.53,4.55,4.60,4.65,4.66,4.70,4.75,4.76,4.78,4.80,4.81,4.82,4.83,4.84,4.85,4.86,4.87,4.88,4.89,4.90,4.91,4.92,4.93	none	none
237	1.02,1.10,1.11,1.30,1.31,1.32,1.50,1.51,1.54,1.60,1.70,1.80,1.81,1.82,1.90,1.92,1.93,1.94,2.00,2.01,2.10,2.17,2.20,2.30,2.35,2.36,2.40,2.41,2.42,2.43,2.50,2.52,2.53,2.60,2.70,2.76,2.80,3.00,3.01,3.10,3.15,3.16,3.21,3.30,3.40,3.41,3.42,3.50,3.55,3.56,3.60,3.61,3.65,3.66,3.70,3.71,3.72,3.73,4.00,4.01,4.10,4.11,4.20,4.21,4.25,4.30,4.31,4.40,4.41,4.45,4.46,4.50,4.53,4.55,4.60,4.65,4.66,4.70,4.75,4.76,4.78,4.80,4.81,4.82,4.83,4.84,4.85,4.86,4.87,4.88,4.89,4.90,4.91,4.92,4.93	none	none
238	1.02,1.10,1.11,1.30,1.31,1.32,1.50,1.51,1.54,1.60,1.70,1.80,1.81,1.82,1.90,1.92,1.93,1.94,2.00,2.01,2.10,2.17,2.20,2.30,2.35,2.36,2.40,2.41,2.42,2.43,2.50,2.52,2.53,2.60,2.70,2.76,2.80,3.00,3.01,3.10,3.15,3.16,3.21,3.30,3.40,3.41,3.42,3.50,3.55,3.56,3.60,3.61,3.65,3.66,3.70,3.71,3.72,3.73,4.00,4.01,4.10,4.11,4.20,4.21,4.25,4.30,4.31,4.40,4.41,4.45,4.46,4.50,4.53,4.55,4.60,4.65,4.66,4.70,4.75,4.76,4.78,4.80,4.81,4.82,4.83,4.84,4.85,4.86,4.87,4.88,4.89,4.90,4.91,4.92,4.93	none	none
239	1.02,1.10,1.11,1.30,1.31,1.32,1.50,1.51,1.54,1.60,1.70,1.80,1.81,1.82,1.90,1.92,1.93,1.94,2.00,2.01,2.10,2.17,2.20,2.30,2.35,2.36,2.40,2.41,2.42,2.43,2.50,2.52,2.53,2.60,2.70,2.76,2.80,3.00,3.01,3.10,3.15,3.16,3.21,3.30,3.40,3.41,3.42,3.50,3.55,3.56,3.60,3.61,3.65,3.66,3.70,3.71,3.72,3.73,4.00,4.01,4.10,4.11,4.20,4.21,4.25,4.30,4.31,4.40,4.41,4.45,4.46,4.50,4.53,4.55,4.60,4.65,4.66,4.70,4.75,4.76,4.78,4.80,4.81,4.82,4.83,4.84,4.85,4.86,4.87,4.88,4.89,4.90,4.91,4.92,4.93	none	none
240	1.02,1.10,1.11,1.30,1.31,1.32,1.50,1.51,1.54,1.60,1.70,1.80,1.81,1.82,1.90,1.92,1.93,1.94,2.00,2.01,2.10,2.17,2.20,2.30,2.35,2.36,2.40,2.41,2.42,2.43,2.50,2.52,2.53,2.60,2.70,2.76,2.80,3.00,3.01,3.10,3.15,3.16,3.21,3.30,3.40,3.41,3.42,3.50,3.55,3.56,3.60,3.61,3.65,3.66,3.70,3.71,3.72,3.73,4.00,4.01,4.10,4.11,4.20,4.21,4.25,4.30,4.31,4.40,4.41,4.45,4.46,4.50,4.53,4.55,4.60,4.65,4.66,4.70,4.75,4.76,4.78,4.80,4.81,4.82,4.83,4.84,4.85,4.86,4.87,4.88,4.89,4.90,4.91,4.92,4.93	none	none
241	none	1.02,1.10,1.11,1.30,1.31,1.32,1.50,1.51,1.54,1.60,1.70,1.80,1.81,1.82,1.90,1.92,1.93,1.94,2.00,2.01,2.10,2.17,2.20,2.30,2.35,2.36,2.40,2.41,2.42,2.43,2.50,2.52,2.53,2.60,2.70,2.76,2.80,3.00,3.01,3.10,3.15,3.16,3.21,3.30,3.40,3.41,3.42,3.50,3.55,3.56,3.60,3.61,3.65,3.66,3.70,3.71,3.72,3.73,4.00,4.01,4.10,4.11,4.20,4.21,4.25,4.30,4.31,4.40,4.41,4.45,4.46,4.50,4.53,4.55,4.60,4.65,4.66,4.70,4.75,4.76,4.78,4.80,4.81,4.82,4.83,4.84,4.85,4.86,4.87,4.88,4.89,4.90,4.91,4.92,4.93	none
242	none	1.02,1.10,1.11,1.30,1.31,1.32,1.50,1.51,1.54,1.60,1.70,1.80,1.81,1.82,1.90,1.92,1.93,1.94,2.00,2.01,2.10,2.17,2.20,2.30,2.35,2.36,2.40,2.41,2.42,2.43,2.50,2.52,2.53,2.60,2.70,2.76,2.80,3.00,3.01,3.10,3.15,3.16,3.21,3.30,3.40,3.41,3.42,3.50,3.55,3.56,3.60,3.61,3.65,3.66,3.70,3.71,3.72,3.73,4.00,4.01,4.10,4.11,4.20,4.21,4.25,4.30,4.31,4.40,4.41,4.45,4.46,4.50,4.53,4.55,4.60,4.65,4.66,4.70,4.75,4.76,4.78,4.80,4.81,4.82,4.83,4.84,4.85,4.86,4.87,4.88,4.89,4.90,4.91,4.92,4.93	none
243	none	1.02,1.10,1.11,1.30,1.31,1.32,1.50,1.51,1.54,1.60,1.70,1.80,1.81,1.82,1.90,1.92,1.93,1.94,2.00,2.01,2.10,2.17,2.20,2.30,2.35,2.36,2.40,2.41,2.42,2.43,2.50,2.52,2.53,2.60,2.70,2.76,2.80,3.00,3.01,3.10,3.15,3.16,3.21,3.30,3.40,3.41,3.42,3.50,3.55,3.56,3.60,3.61,3.65,3.66,3.70,3.71,3.72,3.73,4.00,4.01,4.10,4.11,4.20,4.21,4.25,4.30,4.31,4.40,4.41,4.45,4.46,4.50,4.53,4.55,4.60,4.65,4.66,4.70,4.75,4.76,4.78,4.80,4.81,4.82,4.83,4.84,4.85,4.86,4.87,4.88,4.89,4.90,4.91,4.92,4.93	none
244	1.02,1.10,1.11,1.30,1.31,1.32,1.50,1.51,1.54,1.60,1.70,1.80,1.81,1.82,1.90,1.92,1.93,1.94,2.00,2.01,2.10,2.17,2.20,2.30,2.35,2.36,2.40,2.41,2.42,2.43,2.50,2.52,2.53,2.60,2.70,2.76,2.80,3.00,3.01,3.10,3.15,3.16,3.21,3.30,3.40,3.41,3.42,3.50,3.55,3.56,3.60,3.61,3.65,3.66,3.70,3.71,3.72,3.73,4.00,4.01,4.10,4.11,4.20,4.21,4.25,4.30,4.31,4.40,4.41,4.45,4.46,4.50,4.53,4.55,4.60,4.65,4.66,4.70,4.75,4.76,4.78,4.80,4.81,4.82,4.83,4.84,4.85,4.86,4.87,4.88,4.89,4.90,4.91,4.92,4.93	none	none
245	1.02,1.10,1.11,1.30,1.31,1.32,1.50,1.51,1.54,1.60,1.70,1.80,1.81,1.82,1.90,1.92,1.93,1.94,2.00,2.01,2.10,2.17,2.20,2.30,2.35,2.36,2.40,2.41,2.42,2.43,2.50,2.52,2.53,2.60,2.70,2.76,2.80,3.00,3.01,3.10,3.15,3.16,3.21,3.30,3.40,3.41,3.42,3.50,3.55,3.56,3.60,3.61,3.65,3.66,3.70,3.71,3.72,3.73,4.00,4.01,4.10,4.11,4.20,4.21,4.25,4.30,4.31,4.40,4.41,4.45,4.46,4.50,4.53,4.55,4.60,4.65,4.66,4.70,4.75,4.76,4.78,4.80,4.81,4.82,4.83,4.84,4.85,4.86,4.87,4.88,4.89,4.90,4.91,4.92,4.93	none	none
246	1.02,1.10,1.11,1.30,1.31,1.32,1.50,1.51,1.54,1.60,1.70,1.80,1.81,1.82,1.90,1.92,1.93,1.94,2.00,2.01,2.10,2.17,2.20,2.30,2.35,2.36,2.40,2.41,2.42,2.43,2.50,2.52,2.53,2.60,2.70,2.76,2.80,3.00,3.01,3.10,3.15,3.16,3.21,3.30,3.40,3.41,3.42,3.50,3.55,3.56,3.60,3.61,3.65,3.66,3.70,3.71,3.72,3.73,4.00,4.01,4.10,4.11,4.20,4.21,4.25,4.30,4.31,4.40,4.41,4.45,4.46,4.50,4.53,4.55,4.60,4.65,4.66,4.70,4.75,4.76,4.78,4.80,4.81,4.82,4.83,4.84,4.85,4.86,4.87,4.88,4.89,4.90,4.91,4.92,4.93	none	none
247	1.02,1.10,1.11,1.30,1.31,1.32,1.50,1.51,1.54,1.60,1.70,1.80,1.81,1.82,1.90,1.92,1.93,1.94,2.00,2.01,2.10,2.17,2.20,2.30,2.35,2.36,2.40,2.41,2.42,2.43,2.50,2.52,2.53,2.60,2.70,2.76,2.80,3.00,3.01,3.10,3.15,3.16,3.21,3.30,3.40,3.41,3.42,3.50,3.55,3.56,3.60,3.61,3.65,3.66,3.70,3.71,3.72,3.73,4.00,4.01,4.10,4.11,4.20,4.21,4.25,4.30,4.31,4.40,4.41,4.45,4.46,4.50,4.53,4.55,4.60,4.65,4.66,4.70,4.75,4.76,4.78,4.80,4.81,4.82,4.83,4.84,4.85,4.86,4.87,4.88,4.89,4.90,4.91,4.92,4.93	none	none
248	2.80,3.00,3.01,3.10,3.15,3.16,3.21,3.30,3.40,3.41,3.42,3.50,3.55,3.56,3.60,3.61,3.65,3.66,3.70,3.71,3.72,3.73,4.00,4.01,4.10,4.11,4.20,4.21,4.25,4.30,4.31,4.40,4.41,4.45,4.46,4.50,4.53,4.55,4.60,4.65,4.66,4.70,4.75,4.76,4.78,4.80,4.81,4.82,4.83,4.84,4.85,4.86,4.87,4.88,4.89,4.90,4.91,4.92,4.93	1.02,1.10,1.11,1.30,1.31,1.32,1.50,1.51,1.54,1.60,1.70,1.80,1.81,1.82,1.90,1.92,1.93,1.94,2.00,2.01,2.10,2.17,2.20,2.30,2.35,2.36,2.40,2.41,2.42,2.43,2.50,2.52,2.53,2.60,2.70,2.76	none
249	2.80,3.00,3.01,3.10,3.15,3.16,3.21,3.30,3.40,3.41,3.42,3.50,3.55,3.56,3.60,3.61,3.65,3.66,3.70,3.71,3.72,3.73,4.00,4.01,4.10,4.11,4.20,4.21,4.25,4.30,4.31,4.40,4.41,4.45,4.46,4.50,4.53,4.55,4.60,4.65,4.66,4.70,4.75,4.76,4.78,4.80,4.81,4.82,4.83,4.84,4.85,4.86,4.87,4.88,4.89,4.90,4.91,4.92,4.93	1.02,1.10,1.11,1.30,1.31,1.32,1.50,1.51,1.54,1.60,1.70,1.80,1.81,1.82,1.90,1.92,1.93,1.94,2.00,2.01,2.10,2.17,2.20,2.30,2.35,2.36,2.40,2.41,2.42,2.43,2.50,2.52,2.53,2.60,2.70,2.76	none
250	2.80,3.00,3.01,3.10,3.15,3.16,3.21,3.30,3.40,3.41,3.42,3.50,3.55,3.56,3.60,3.61,3.65,3.66,3.70,3.71,3.72,3.73,4.00,4.01,4.10,4.11,4.20,4.21,4.25,4.30,4.31,4.40,4.41,4.45,4.46,4.50,4.53,4.55,4.60,4.65,4.66,4.70,4.75,4.76,4.78,4.80,4.81,4.82,4.83,4.84,4.85,4.86,4.87,4.88,4.89,4.90,4.91,4.92,4.93	1.02,1.10,1.11,1.30,1.31,1.32,1.50,1.51,1.54,1.60,1.70,1.80,1.81,1.82,1.90,1.92,1.93,1.94,2.00,2.01,2.10,2.17,2.20,2.30,2.35,2.36,2.40,2.41,2.42,2.43,2.50,2.52,2.53,2.60,2.70,2.76	none
251	1.80,1.81,1.82,1.90,1.92,1.93,1.94,2.00,2.01,2.10,2.17,2.20,2.30,2.35,2.36,2.40,2.41,2.42,2.43,2.50,2.52,2.53,2.60,2.70,2.76,2.80,3.00,3.01,3.10,3.15,3.16,3.21,3.30,3.40,3.41,3.42,3.50,3.55,3.56,3.60,3.61,3.65,3.66,3.70,3.71,3.72,3.73,4.00,4.01,4.10,4.11,4.20,4.21,4.25,4.30,4.31,4.40,4.41,4.45,4.46,4.50,4.53,4.55,4.60,4.65,4.66,4.70,4.75,4.76,4.78,4.80,4.81,4.82,4.83,4.84,4.85,4.86,4.87,4.88,4.89,4.90,4.91,4.92,4.93	1.02,1.10,1.11,1.30,1.31,1.32,1.50,1.51,1.54,1.60,1.70	none
252	1.80,1.81,1.82,1.90,1.92,1.93,1.94,2.00,2.01,2.10,2.17,2.20,2.30,2.35,2.36,2.40,2.41,2.42,2.43,2.50,2.52,2.53,2.60,2.70,2.76,2.80,3.00,3.01,3.10,3.15,3.16,3.21,3.30,3.40,3.41,3.42,3.50,3.55,3.56,3.60,3.61,3.65,3.66,3.70,3.71,3.72,3.73,4.00,4.01,4.10,4.11,4.20,4.21,4.25,4.30,4.31,4.40,4.41,4.45,4.46,4.50,4.53,4.55,4.60,4.65,4.66,4.70,4.75,4.76,4.78,4.80,4.81,4.82,4.83,4.84,4.85,4.86,4.87,4.88,4.89,4.90,4.91,4.92,4.93	1.02,1.10,1.11,1.30,1.31,1.32,1.50,1.51,1.54,1.60,1.70	none
253	3.00,3.01,3.10,3.15,3.16,3.21,3.30,3.40,3.41,3.42,3.50,3.55,3.56,3.60,3.61,3.65,3.66,3.70,3.71,3.72,3.73,4.00,4.01,4.10,4.11,4.20,4.21,4.25,4.30,4.31,4.40,4.41,4.45,4.46,4.50,4.53,4.55,4.60,4.65,4.66,4.70,4.75,4.76,4.78,4.80,4.81,4.82,4.83,4.84,4.85,4.86,4.87,4.88,4.89,4.90,4.91,4.92,4.93	1.02,1.10,1.11,1.30,1.31,1.32,1.50,1.51,1.54,1.60,1.70,1.80,1.81,1.82,1.90,1.92,1.93,1.94,2.00,2.01,2.10,2.17,2.20,2.30,2.35,2.36,2.40,2.41,2.42,2.43,2.50,2.52,2.53,2.60,2.70,2.76,2.80	none
254	3.30,3.40,3.41,3.42,3.50,3.55,3.56,3.60,3.61,3.65,3.66,3.70,3.71,3.72,3.73,4.00,4.01,4.10,4.11,4.20,4.21,4.25,4.30,4.31,4.40,4.41,4.45,4.46,4.50,4.53,4.55,4.60,4.65,4.66,4.70,4.75,4.76,4.78,4.80,4.81,4.82,4.83,4.84,4.85,4.86,4.87,4.88,4.89,4.90,4.91,4.92,4.93	1.02,1.10,1.11,1.30,1.31,1.32,1.50,1.51,1.54,1.60,1.70,1.80,1.81,1.82,1.90,1.92,1.93,1.94,2.00,2.01,2.10,2.17,2.20,2.30,2.35,2.36,2.40,2.41,2.42,2.43,2.50,2.52,2.53,2.60,2.70,2.76,2.80,3.00,3.01,3.10,3.15,3.16,3.21	none
255	none	1.02,1.10,1.11,1.30,1.31,1.32,1.50,1.51,1.54,1.60,1.70,1.80,1.81,1.82,1.90,1.92,1.93,1.94,2.00,2.01,2.10,2.17,2.20,2.30,2.35,2.36,2.40,2.41,2.42,2.43,2.50,2.52,2.53,2.60,2.70,2.76,2.80,3.00,3.01,3.10,3.15,3.16,3.21,3.30,3.40,3.41,3.42,3.50,3.55,3.56,3.60,3.61,3.65,3.66,3.70,3.71,3.72,3.73,4.00,4.01,4.10,4.11,4.20,4.21,4.25,4.30,4.31,4.40,4.41,4.45,4.46,4.50,4.53,4.55,4.60,4.65,4.66,4.70,4.75,4.76,4.78,4.80,4.81,4.82,4.83,4.84,4.85,4.86,4.87,4.88,4.89,4.90,4.91,4.92,4.93	none
256	none	1.02,1.10,1.11,1.30,1.31,1.32,1.50,1.51,1.54,1.60,1.70,1.80,1.81,1.82,1.90,1.92,1.93,1.94,2.00,2.01,2.10,2.17,2.20,2.30,2.35,2.36,2.40,2.41,2.42,2.43,2.50,2.52,2.53,2.60,2.70,2.76,2.80,3.00,3.01,3.10,3.15,3.16,3.21,3.30,3.40,3.41,3.42,3.50,3.55,3.56,3.60,3.61,3.65,3.66,3.70,3.71,3.72,3.73,4.00,4.01,4.10,4.11,4.20,4.21,4.25,4.30,4.31,4.40,4.41,4.45,4.46,4.50,4.53,4.55,4.60,4.65,4.66,4.70,4.75,4.76,4.78,4.80,4.81,4.82,4.83,4.84,4.85,4.86,4.87,4.88,4.89,4.90,4.91,4.92,4.93	none
257	none	1.02,1.10,1.11,1.30,1.31,1.32,1.50,1.51,1.54,1.60,1.70,1.80,1.81,1.82,1.90,1.92,1.93,1.94,2.00,2.01,2.10,2.17,2.20,2.30,2.35,2.36,2.40,2.41,2.42,2.43,2.50,2.52,2.53,2.60,2.70,2.76,2.80,3.00,3.01,3.10,3.15,3.16,3.21,3.30,3.40,3.41,3.42,3.50,3.55,3.56,3.60,3.61,3.65,3.66,3.70,3.71,3.72,3.73,4.00,4.01,4.10,4.11,4.20,4.21,4.25,4.30,4.31,4.40,4.41,4.45,4.46,4.50,4.53,4.55,4.60,4.65,4.66,4.70,4.75,4.76,4.78,4.80,4.81,4.82,4.83,4.84,4.85,4.86,4.87,4.88,4.89,4.90,4.91,4.92,4.93	none
258	none	1.02,1.10,1.11,1.30,1.31,1.32,1.50,1.51,1.54,1.60,1.70,1.80,1.81,1.82,1.90,1.92,1.93,1.94,2.00,2.01,2.10,2.17,2.20,2.30,2.35,2.36,2.40,2.41,2.42,2.43,2.50,2.52,2.53,2.60,2.70,2.76,2.80,3.00,3.01,3.10,3.15,3.16,3.21,3.30,3.40,3.41,3.42,3.50,3.55,3.56,3.60,3.61,3.65,3.66,3.70,3.71,3.72,3.73,4.00,4.01,4.10,4.11,4.20,4.21,4.25,4.30,4.31,4.40,4.41,4.45,4.46,4.50,4.53,4.55,4.60,4.65,4.66,4.70,4.75,4.76,4.78,4.80,4.81,4.82,4.83,4.84,4.85,4.86,4.87,4.88,4.89,4.90,4.91,4.92,4.93	none
259	none	1.02,1.10,1.11,1.30,1.31,1.32,1.50,1.51,1.54,1.60,1.70,1.80,1.81,1.82,1.90,1.92,1.93,1.94,2.00,2.01,2.10,2.17,2.20,2.30,2.35,2.36,2.40,2.41,2.42,2.43,2.50,2.52,2.53,2.60,2.70,2.76,2.80,3.00,3.01,3.10,3.15,3.16,3.21,3.30,3.40,3.41,3.42,3.50,3.55,3.56,3.60,3.61,3.65,3.66,3.70,3.71,3.72,3.73,4.00,4.01,4.10,4.11,4.20,4.21,4.25,4.30,4.31,4.40,4.41,4.45,4.46,4.50,4.53,4.55,4.60,4.65,4.66,4.70,4.75,4.76,4.78,4.80,4.81,4.82,4.83,4.84,4.85,4.86,4.87,4.88,4.89,4.90,4.91,4.92,4.93	none
260	1.80,1.81,1.82,1.90,1.92,1.93,1.94,2.00,2.01,2.10,2.17,2.20,2.30,2.35,2.36,2.40,2.41,2.42,2.43,2.50,2.52,2.53,2.60,2.70,2.76,2.80,3.00,3.01,3.10,3.15,3.16,3.21,3.30,3.40,3.41,3.42,3.50,3.55,3.56,3.60,3.61,3.65,3.66,3.70,3.71,3.72,3.73,4.00,4.01,4.10,4.11,4.20,4.21,4.25,4.30,4.31,4.40,4.41,4.45,4.46,4.50,4.53,4.55,4.60,4.65,4.66,4.70,4.75,4.76,4.78,4.80,4.81,4.82,4.83,4.84,4.85,4.86,4.87,4.88,4.89,4.90,4.91,4.92,4.93	1.02,1.10,1.11,1.30,1.31,1.32,1.50,1.51,1.54,1.60,1.70	none
261	none	1.02,1.10,1.11,1.30,1.31,1.32,1.50,1.51,1.54,1.60,1.70,1.80,1.81,1.82,1.90,1.92,1.93,1.94,2.00,2.01,2.10,2.17,2.20,2.30,2.35,2.36,2.40,2.41,2.42,2.43,2.50,2.52,2.53,2.60,2.70,2.76,2.80,3.00,3.01,3.10,3.15,3.16,3.21,3.30,3.40,3.41,3.42,3.50,3.55,3.56,3.60,3.61,3.65,3.66,3.70,3.71,3.72,3.73,4.00,4.01,4.10,4.11,4.20,4.21,4.25,4.30,4.31,4.40,4.41,4.45,4.46,4.50,4.53,4.55,4.60,4.65,4.66,4.70,4.75,4.76,4.78,4.80,4.81,4.82,4.83,4.84,4.85,4.86,4.87,4.88,4.89,4.90,4.91,4.92,4.93	none
262	none	1.02,1.10,1.11,1.30,1.31,1.32,1.50,1.51,1.54,1.60,1.70,1.80,1.81,1.82,1.90,1.92,1.93,1.94,2.00,2.01,2.10,2.17,2.20,2.30,2.35,2.36,2.40,2.41,2.42,2.43,2.50,2.52,2.53,2.60,2.70,2.76,2.80,3.00,3.01,3.10,3.15,3.16,3.21,3.30,3.40,3.41,3.42,3.50,3.55,3.56,3.60,3.61,3.65,3.66,3.70,3.71,3.72,3.73,4.00,4.01,4.10,4.11,4.20,4.21,4.25,4.30,4.31,4.40,4.41,4.45,4.46,4.50,4.53,4.55,4.60,4.65,4.66,4.70,4.75,4.76,4.78,4.80,4.81,4.82,4.83,4.84,4.85,4.86,4.87,4.88,4.89,4.90,4.91,4.92,4.93	none
263	none	1.02,1.10,1.11,1.30,1.31,1.32,1.50,1.51,1.54,1.60,1.70,1.80,1.81,1.82,1.90,1.92,1.93,1.94,2.00,2.01,2.10,2.17,2.20,2.30,2.35,2.36,2.40,2.41,2.42,2.43,2.50,2.52,2.53,2.60,2.70,2.76,2.80,3.00,3.01,3.10,3.15,3.16,3.21,3.30,3.40,3.41,3.42,3.50,3.55,3.56,3.60,3.61,3.65,3.66,3.70,3.71,3.72,3.73,4.00,4.01,4.10,4.11,4.20,4.21,4.25,4.30,4.31,4.40,4.41,4.45,4.46,4.50,4.53,4.55,4.60,4.65,4.66,4.70,4.75,4.76,4.78,4.80,4.81,4.82,4.83,4.84,4.85,4.86,4.87,4.88,4.89,4.90,4.91,4.92,4.93	none
264	none	1.02,1.10,1.11,1.30,1.31,1.32,1.50,1.51,1.54,1.60,1.70,1.80,1.81,1.82,1.90,1.92,1.93,1.94,2.00,2.01,2.10,2.17,2.20,2.30,2.35,2.36,2.40,2.41,2.42,2.43,2.50,2.52,2.53,2.60,2.70,2.76,2.80,3.00,3.01,3.10,3.15,3.16,3.21,3.30,3.40,3.41,3.42,3.50,3.55,3.56,3.60,3.61,3.65,3.66,3.70,3.71,3.72,3.73,4.00,4.01,4.10,4.11,4.20,4.21,4.25,4.30,4.31,4.40,4.41,4.45,4.46,4.50,4.53,4.55,4.60,4.65,4.66,4.70,4.75,4.76,4.78,4.80,4.81,4.82,4.83,4.84,4.85,4.86,4.87,4.88,4.89,4.90,4.91,4.92,4.93	none
265	none	1.02,1.10,1.11,1.30,1.31,1.32,1.50,1.51,1.54,1.60,1.70,1.80,1.81,1.82,1.90,1.92,1.93,1.94,2.00,2.01,2.10,2.17,2.20,2.30,2.35,2.36,2.40,2.41,2.42,2.43,2.50,2.52,2.53,2.60,2.70,2.76,2.80,3.00,3.01,3.10,3.15,3.16,3.21,3.30,3.40,3.41,3.42,3.50,3.55,3.56,3.60,3.61,3.65,3.66,3.70,3.71,3.72,3.73,4.00,4.01,4.10,4.11,4.20,4.21,4.25,4.30,4.31,4.40,4.41,4.45,4.46,4.50,4.53,4.55,4.60,4.65,4.66,4.70,4.75,4.76,4.78,4.80,4.81,4.82,4.83,4.84,4.85,4.86,4.87,4.88,4.89,4.90,4.91,4.92,4.93	none
266	none	1.02,1.10,1.11,1.30,1.31,1.32,1.50,1.51,1.54,1.60,1.70,1.80,1.81,1.82,1.90,1.92,1.93,1.94,2.00,2.01,2.10,2.17,2.20,2.30,2.35,2.36,2.40,2.41,2.42,2.43,2.50,2.52,2.53,2.60,2.70,2.76,2.80,3.00,3.01,3.10,3.15,3.16,3.21,3.30,3.40,3.41,3.42,3.50,3.55,3.56,3.60,3.61,3.65,3.66,3.70,3.71,3.72,3.73,4.00,4.01,4.10,4.11,4.20,4.21,4.25,4.30,4.31,4.40,4.41,4.45,4.46,4.50,4.53,4.55,4.60,4.65,4.66,4.70,4.75,4.76,4.78,4.80,4.81,4.82,4.83,4.84,4.85,4.86,4.87,4.88,4.89,4.90,4.91,4.92,4.93	none
267	none	1.02,1.10,1.11,1.30,1.31,1.32,1.50,1.51,1.54,1.60,1.70,1.80,1.81,1.82,1.90,1.92,1.93,1.94,2.00,2.01,2.10,2.17,2.20,2.30,2.35,2.36,2.40,2.41,2.42,2.43,2.50,2.52,2.53,2.60,2.70,2.76,2.80,3.00,3.01,3.10,3.15,3.16,3.21,3.30,3.40,3.41,3.42,3.50,3.55,3.56,3.60,3.61,3.65,3.66,3.70,3.71,3.72,3.73,4.00,4.01,4.10,4.11,4.20,4.21,4.25,4.30,4.31,4.40,4.41,4.45,4.46,4.50,4.53,4.55,4.60,4.65,4.66,4.70,4.75,4.76,4.78,4.80,4.81,4.82,4.83,4.84,4.85,4.86,4.87,4.88,4.89,4.90,4.91,4.92,4.93	none
268	none	1.02,1.10,1.11,1.30,1.31,1.32,1.50,1.51,1.54,1.60,1.70,1.80,1.81,1.82,1.90,1.92,1.93,1.94,2.00,2.01,2.10,2.17,2.20,2.30,2.35,2.36,2.40,2.41,2.42,2.43,2.50,2.52,2.53,2.60,2.70,2.76,2.80,3.00,3.01,3.10,3.15,3.16,3.21,3.30,3.40,3.41,3.42,3.50,3.55,3.56,3.60,3.61,3.65,3.66,3.70,3.71,3.72,3.73,4.00,4.01,4.10,4.11,4.20,4.21,4.25,4.30,4.31,4.40,4.41,4.45,4.46,4.50,4.53,4.55,4.60,4.65,4.66,4.70,4.75,4.76,4.78,4.80,4.81,4.82,4.83,4.84,4.85,4.86,4.87,4.88,4.89,4.90,4.91,4.92,4.93	none
269	none	1.02,1.10,1.11,1.30,1.31,1.32,1.50,1.51,1.54,1.60,1.70,1.80,1.81,1.82,1.90,1.92,1.93,1.94,2.00,2.01,2.10,2.17,2.20,2.30,2.35,2.36,2.40,2.41,2.42,2.43,2.50,2.52,2.53,2.60,2.70,2.76,2.80,3.00,3.01,3.10,3.15,3.16,3.21,3.30,3.40,3.41,3.42,3.50,3.55,3.56,3.60,3.61,3.65,3.66,3.70,3.71,3.72,3.73,4.00,4.01,4.10,4.11,4.20,4.21,4.25,4.30,4.31,4.40,4.41,4.45,4.46,4.50,4.53,4.55,4.60,4.65,4.66,4.70,4.75,4.76,4.78,4.80,4.81,4.82,4.83,4.84,4.85,4.86,4.87,4.88,4.89,4.90,4.91,4.92,4.93	none
270	none	1.02,1.10,1.11,1.30,1.31,1.32,1.50,1.51,1.54,1.60,1.70,1.80,1.81,1.82,1.90,1.92,1.93,1.94,2.00,2.01,2.10,2.17,2.20,2.30,2.35,2.36,2.40,2.41,2.42,2.43,2.50,2.52,2.53,2.60,2.70,2.76,2.80,3.00,3.01,3.10,3.15,3.16,3.21,3.30,3.40,3.41,3.42,3.50,3.55,3.56,3.60,3.61,3.65,3.66,3.70,3.71,3.72,3.73,4.00,4.01,4.10,4.11,4.20,4.21,4.25,4.30,4.31,4.40,4.41,4.45,4.46,4.50,4.53,4.55,4.60,4.65,4.66,4.70,4.75,4.76,4.78,4.80,4.81,4.82,4.83,4.84,4.85,4.86,4.87,4.88,4.89,4.90,4.91,4.92,4.93	none
271	none	1.02,1.10,1.11,1.30,1.31,1.32,1.50,1.51,1.54,1.60,1.70,1.80,1.81,1.82,1.90,1.92,1.93,1.94,2.00,2.01,2.10,2.17,2.20,2.30,2.35,2.36,2.40,2.41,2.42,2.43,2.50,2.52,2.53,2.60,2.70,2.76,2.80,3.00,3.01,3.10,3.15,3.16,3.21,3.30,3.40,3.41,3.42,3.50,3.55,3.56,3.60,3.61,3.65,3.66,3.70,3.71,3.72,3.73,4.00,4.01,4.10,4.11,4.20,4.21,4.25,4.30,4.31,4.40,4.41,4.45,4.46,4.50,4.53,4.55,4.60,4.65,4.66,4.70,4.75,4.76,4.78,4.80,4.81,4.82,4.83,4.84,4.85,4.86,4.87,4.88,4.89,4.90,4.91,4.92,4.93	none
272	none	1.02,1.10,1.11,1.30,1.31,1.32,1.50,1.51,1.54,1.60,1.70,1.80,1.81,1.82,1.90,1.92,1.93,1.94,2.00,2.01,2.10,2.17,2.20,2.30,2.35,2.36,2.40,2.41,2.42,2.43,2.50,2.52,2.53,2.60,2.70,2.76,2.80,3.00,3.01,3.10,3.15,3.16,3.21,3.30,3.40,3.41,3.42,3.50,3.55,3.56,3.60,3.61,3.65,3.66,3.70,3.71,3.72,3.73,4.00,4.01,4.10,4.11,4.20,4.21,4.25,4.30,4.31,4.40,4.41,4.45,4.46,4.50,4.53,4.55,4.60,4.65,4.66,4.70,4.75,4.76,4.78,4.80,4.81,4.82,4.83,4.84,4.85,4.86,4.87,4.88,4.89,4.90,4.91,4.92,4.93	none
273	none	1.02,1.10,1.11,1.30,1.31,1.32,1.50,1.51,1.54,1.60,1.70,1.80,1.81,1.82,1.90,1.92,1.93,1.94,2.00,2.01,2.10,2.17,2.20,2.30,2.35,2.36,2.40,2.41,2.42,2.43,2.50,2.52,2.53,2.60,2.70,2.76,2.80,3.00,3.01,3.10,3.15,3.16,3.21,3.30,3.40,3.41,3.42,3.50,3.55,3.56,3.60,3.61,3.65,3.66,3.70,3.71,3.72,3.73,4.00,4.01,4.10,4.11,4.20,4.21,4.25,4.30,4.31,4.40,4.41,4.45,4.46,4.50,4.53,4.55,4.60,4.65,4.66,4.70,4.75,4.76,4.78,4.80,4.81,4.82,4.83,4.84,4.85,4.86,4.87,4.88,4.89,4.90,4.91,4.92,4.93	none
274	none	1.02,1.10,1.11,1.30,1.31,1.32,1.50,1.51,1.54,1.60,1.70,1.80,1.81,1.82,1.90,1.92,1.93,1.94,2.00,2.01,2.10,2.17,2.20,2.30,2.35,2.36,2.40,2.41,2.42,2.43,2.50,2.52,2.53,2.60,2.70,2.76,2.80,3.00,3.01,3.10,3.15,3.16,3.21,3.30,3.40,3.41,3.42,3.50,3.55,3.56,3.60,3.61,3.65,3.66,3.70,3.71,3.72,3.73,4.00,4.01,4.10,4.11,4.20,4.21,4.25,4.30,4.31,4.40,4.41,4.45,4.46,4.50,4.53,4.55,4.60,4.65,4.66,4.70,4.75,4.76,4.78,4.80,4.81,4.82,4.83,4.84,4.85,4.86,4.87,4.88,4.89,4.90,4.91,4.92,4.93	none
275	none	1.02,1.10,1.11,1.30,1.31,1.32,1.50,1.51,1.54,1.60,1.70,1.80,1.81,1.82,1.90,1.92,1.93,1.94,2.00,2.01,2.10,2.17,2.20,2.30,2.35,2.36,2.40,2.41,2.42,2.43,2.50,2.52,2.53,2.60,2.70,2.76,2.80,3.00,3.01,3.10,3.15,3.16,3.21,3.30,3.40,3.41,3.42,3.50,3.55,3.56,3.60,3.61,3.65,3.66,3.70,3.71,3.72,3.73,4.00,4.01,4.10,4.11,4.20,4.21,4.25,4.30,4.31,4.40,4.41,4.45,4.46,4.50,4.53,4.55,4.60,4.65,4.66,4.70,4.75,4.76,4.78,4.80,4.81,4.82,4.83,4.84,4.85,4.86,4.87,4.88,4.89,4.90,4.91,4.92,4.93	none
276	none	1.02,1.10,1.11,1.30,1.31,1.32,1.50,1.51,1.54,1.60,1.70,1.80,1.81,1.82,1.90,1.92,1.93,1.94,2.00,2.01,2.10,2.17,2.20,2.30,2.35,2.36,2.40,2.41,2.42,2.43,2.50,2.52,2.53,2.60,2.70,2.76,2.80,3.00,3.01,3.10,3.15,3.16,3.21,3.30,3.40,3.41,3.42,3.50,3.55,3.56,3.60,3.61,3.65,3.66,3.70,3.71,3.72,3.73,4.00,4.01,4.10,4.11,4.20,4.21,4.25,4.30,4.31,4.40,4.41,4.45,4.46,4.50,4.53,4.55,4.60,4.65,4.66,4.70,4.75,4.76,4.78,4.80,4.81,4.82,4.83,4.84,4.85,4.86,4.87,4.88,4.89,4.90,4.91,4.92,4.93	none
277	none	1.02,1.10,1.11,1.30,1.31,1.32,1.50,1.51,1.54,1.60,1.70,1.80,1.81,1.82,1.90,1.92,1.93,1.94,2.00,2.01,2.10,2.17,2.20,2.30,2.35,2.36,2.40,2.41,2.42,2.43,2.50,2.52,2.53,2.60,2.70,2.76,2.80,3.00,3.01,3.10,3.15,3.16,3.21,3.30,3.40,3.41,3.42,3.50,3.55,3.56,3.60,3.61,3.65,3.66,3.70,3.71,3.72,3.73,4.00,4.01,4.10,4.11,4.20,4.21,4.25,4.30,4.31,4.40,4.41,4.45,4.46,4.50,4.53,4.55,4.60,4.65,4.66,4.70,4.75,4.76,4.78,4.80,4.81,4.82,4.83,4.84,4.85,4.86,4.87,4.88,4.89,4.90,4.91,4.92,4.93	none
278	none	1.02,1.10,1.11,1.30,1.31,1.32,1.50,1.51,1.54,1.60,1.70,1.80,1.81,1.82,1.90,1.92,1.93,1.94,2.00,2.01,2.10,2.17,2.20,2.30,2.35,2.36,2.40,2.41,2.42,2.43,2.50,2.52,2.53,2.60,2.70,2.76,2.80,3.00,3.01,3.10,3.15,3.16,3.21,3.30,3.40,3.41,3.42,3.50,3.55,3.56,3.60,3.61,3.65,3.66,3.70,3.71,3.72,3.73,4.00,4.01,4.10,4.11,4.20,4.21,4.25,4.30,4.31,4.40,4.41,4.45,4.46,4.50,4.53,4.55,4.60,4.65,4.66,4.70,4.75,4.76,4.78,4.80,4.81,4.82,4.83,4.84,4.85,4.86,4.87,4.88,4.89,4.90,4.91,4.92,4.93	none
279	none	1.02,1.10,1.11,1.30,1.31,1.32,1.50,1.51,1.54,1.60,1.70,1.80,1.81,1.82,1.90,1.92,1.93,1.94,2.00,2.01,2.10,2.17,2.20,2.30,2.35,2.36,2.40,2.41,2.42,2.43,2.50,2.52,2.53,2.60,2.70,2.76,2.80,3.00,3.01,3.10,3.15,3.16,3.21,3.30,3.40,3.41,3.42,3.50,3.55,3.56,3.60,3.61,3.65,3.66,3.70,3.71,3.72,3.73,4.00,4.01,4.10,4.11,4.20,4.21,4.25,4.30,4.31,4.40,4.41,4.45,4.46,4.50,4.53,4.55,4.60,4.65,4.66,4.70,4.75,4.76,4.78,4.80,4.81,4.82,4.83,4.84,4.85,4.86,4.87,4.88,4.89,4.90,4.91,4.92,4.93	none
280	none	1.02,1.10,1.11,1.30,1.31,1.32,1.50,1.51,1.54,1.60,1.70,1.80,1.81,1.82,1.90,1.92,1.93,1.94,2.00,2.01,2.10,2.17,2.20,2.30,2.35,2.36,2.40,2.41,2.42,2.43,2.50,2.52,2.53,2.60,2.70,2.76,2.80,3.00,3.01,3.10,3.15,3.16,3.21,3.30,3.40,3.41,3.42,3.50,3.55,3.56,3.60,3.61,3.65,3.66,3.70,3.71,3.72,3.73,4.00,4.01,4.10,4.11,4.20,4.21,4.25,4.30,4.31,4.40,4.41,4.45,4.46,4.50,4.53,4.55,4.60,4.65,4.66,4.70,4.75,4.76,4.78,4.80,4.81,4.82,4.83,4.84,4.85,4.86,4.87,4.88,4.89,4.90,4.91,4.92,4.93	none
281	none	1.02,1.10,1.11,1.30,1.31,1.32,1.50,1.51,1.54,1.60,1.70,1.80,1.81,1.82,1.90,1.92,1.93,1.94,2.00,2.01,2.10,2.17,2.20,2.30,2.35,2.36,2.40,2.41,2.42,2.43,2.50,2.52,2.53,2.60,2.70,2.76,2.80,3.00,3.01,3.10,3.15,3.16,3.21,3.30,3.40,3.41,3.42,3.50,3.55,3.56,3.60,3.61,3.65,3.66,3.70,3.71,3.72,3.73,4.00,4.01,4.10,4.11,4.20,4.21,4.25,4.30,4.31,4.40,4.41,4.45,4.46,4.50,4.53,4.55,4.60,4.65,4.66,4.70,4.75,4.76,4.78,4.80,4.81,4.82,4.83,4.84,4.85,4.86,4.87,4.88,4.89,4.90,4.91,4.92,4.93	none
282	none	1.02,1.10,1.11,1.30,1.31,1.32,1.50,1.51,1.54,1.60,1.70,1.80,1.81,1.82,1.90,1.92,1.93,1.94,2.00,2.01,2.10,2.17,2.20,2.30,2.35,2.36,2.40,2.41,2.42,2.43,2.50,2.52,2.53,2.60,2.70,2.76,2.80,3.00,3.01,3.10,3.15,3.16,3.21,3.30,3.40,3.41,3.42,3.50,3.55,3.56,3.60,3.61,3.65,3.66,3.70,3.71,3.72,3.73,4.00,4.01,4.10,4.11,4.20,4.21,4.25,4.30,4.31,4.40,4.41,4.45,4.46,4.50,4.53,4.55,4.60,4.65,4.66,4.70,4.75,4.76,4.78,4.80,4.81,4.82,4.83,4.84,4.85,4.86,4.87,4.88,4.89,4.90,4.91,4.92,4.93	none
283	none	1.02,1.10,1.11,1.30,1.31,1.32,1.50,1.51,1.54,1.60,1.70,1.80,1.81,1.82,1.90,1.92,1.93,1.94,2.00,2.01,2.10,2.17,2.20,2.30,2.35,2.36,2.40,2.41,2.42,2.43,2.50,2.52,2.53,2.60,2.70,2.76,2.80,3.00,3.01,3.10,3.15,3.16,3.21,3.30,3.40,3.41,3.42,3.50,3.55,3.56,3.60,3.61,3.65,3.66,3.70,3.71,3.72,3.73,4.00,4.01,4.10,4.11,4.20,4.21,4.25,4.30,4.31,4.40,4.41,4.45,4.46,4.50,4.53,4.55,4.60,4.65,4.66,4.70,4.75,4.76,4.78,4.80,4.81,4.82,4.83,4.84,4.85,4.86,4.87,4.88,4.89,4.90,4.91,4.92,4.93	none
284	none	1.02,1.10,1.11,1.30,1.31,1.32,1.50,1.51,1.54,1.60,1.70,1.80,1.81,1.82,1.90,1.92,1.93,1.94,2.00,2.01,2.10,2.17,2.20,2.30,2.35,2.36,2.40,2.41,2.42,2.43,2.50,2.52,2.53,2.60,2.70,2.76,2.80,3.00,3.01,3.10,3.15,3.16,3.21,3.30,3.40,3.41,3.42,3.50,3.55,3.56,3.60,3.61,3.65,3.66,3.70,3.71,3.72,3.73,4.00,4.01,4.10,4.11,4.20,4.21,4.25,4.30,4.31,4.40,4.41,4.45,4.46,4.50,4.53,4.55,4.60,4.65,4.66,4.70,4.75,4.76,4.78,4.80,4.81,4.82,4.83,4.84,4.85,4.86,4.87,4.88,4.89,4.90,4.91,4.92,4.93	none
285	none	1.02,1.10,1.11,1.30,1.31,1.32,1.50,1.51,1.54,1.60,1.70,1.80,1.81,1.82,1.90,1.92,1.93,1.94,2.00,2.01,2.10,2.17,2.20,2.30,2.35,2.36,2.40,2.41,2.42,2.43,2.50,2.52,2.53,2.60,2.70,2.76,2.80,3.00,3.01,3.10,3.15,3.16,3.21,3.30,3.40,3.41,3.42,3.50,3.55,3.56,3.60,3.61,3.65,3.66,3.70,3.71,3.72,3.73,4.00,4.01,4.10,4.11,4.20,4.21,4.25,4.30,4.31,4.40,4.41,4.45,4.46,4.50,4.53,4.55,4.60,4.65,4.66,4.70,4.75,4.76,4.78,4.80,4.81,4.82,4.83,4.84,4.85,4.86,4.87,4.88,4.89,4.90,4.91,4.92,4.93	none
286	none	1.02,1.10,1.11,1.30,1.31,1.32,1.50,1.51,1.54,1.60,1.70,1.80,1.81,1.82,1.90,1.92,1.93,1.94,2.00,2.01,2.10,2.17,2.20,2.30,2.35,2.36,2.40,2.41,2.42,2.43,2.50,2.52,2.53,2.60,2.70,2.76,2.80,3.00,3.01,3.10,3.15,3.16,3.21,3.30,3.40,3.41,3.42,3.50,3.55,3.56,3.60,3.61,3.65,3.66,3.70,3.71,3.72,3.73,4.00,4.01,4.10,4.11,4.20,4.21,4.25,4.30,4.31,4.40,4.41,4.45,4.46,4.50,4.53,4.55,4.60,4.65,4.66,4.70,4.75,4.76,4.78,4.80,4.81,4.82,4.83,4.84,4.85,4.86,4.87,4.88,4.89,4.90,4.91,4.92,4.93	none
287	none	1.02,1.10,1.11,1.30,1.31,1.32,1.50,1.51,1.54,1.60,1.70,1.80,1.81,1.82,1.90,1.92,1.93,1.94,2.00,2.01,2.10,2.17,2.20,2.30,2.35,2.36,2.40,2.41,2.42,2.43,2.50,2.52,2.53,2.60,2.70,2.76,2.80,3.00,3.01,3.10,3.15,3.16,3.21,3.30,3.40,3.41,3.42,3.50,3.55,3.56,3.60,3.61,3.65,3.66,3.70,3.71,3.72,3.73,4.00,4.01,4.10,4.11,4.20,4.21,4.25,4.30,4.31,4.40,4.41,4.45,4.46,4.50,4.53,4.55,4.60,4.65,4.66,4.70,4.75,4.76,4.78,4.80,4.81,4.82,4.83,4.84,4.85,4.86,4.87,4.88,4.89,4.90,4.91,4.92,4.93	none
288	none	1.02,1.10,1.11,1.30,1.31,1.32,1.50,1.51,1.54,1.60,1.70,1.80,1.81,1.82,1.90,1.92,1.93,1.94,2.00,2.01,2.10,2.17,2.20,2.30,2.35,2.36,2.40,2.41,2.42,2.43,2.50,2.52,2.53,2.60,2.70,2.76,2.80,3.00,3.01,3.10,3.15,3.16,3.21,3.30,3.40,3.41,3.42,3.50,3.55,3.56,3.60,3.61,3.65,3.66,3.70,3.71,3.72,3.73,4.00,4.01,4.10,4.11,4.20,4.21,4.25,4.30,4.31,4.40,4.41,4.45,4.46,4.50,4.53,4.55,4.60,4.65,4.66,4.70,4.75,4.76,4.78,4.80,4.81,4.82,4.83,4.84,4.85,4.86,4.87,4.88,4.89,4.90,4.91,4.92,4.93	none
289	none	1.02,1.10,1.11,1.30,1.31,1.32,1.50,1.51,1.54,1.60,1.70,1.80,1.81,1.82,1.90,1.92,1.93,1.94,2.00,2.01,2.10,2.17,2.20,2.30,2.35,2.36,2.40,2.41,2.42,2.43,2.50,2.52,2.53,2.60,2.70,2.76,2.80,3.00,3.01,3.10,3.15,3.16,3.21,3.30,3.40,3.41,3.42,3.50,3.55,3.56,3.60,3.61,3.65,3.66,3.70,3.71,3.72,3.73,4.00,4.01,4.10,4.11,4.20,4.21,4.25,4.30,4.31,4.40,4.41,4.45,4.46,4.50,4.53,4.55,4.60,4.65,4.66,4.70,4.75,4.76,4.78,4.80,4.81,4.82,4.83,4.84,4.85,4.86,4.87,4.88,4.89,4.90,4.91,4.92,4.93	none
290	none	1.02,1.10,1.11,1.30,1.31,1.32,1.50,1.51,1.54,1.60,1.70,1.80,1.81,1.82,1.90,1.92,1.93,1.94,2.00,2.01,2.10,2.17,2.20,2.30,2.35,2.36,2.40,2.41,2.42,2.43,2.50,2.52,2.53,2.60,2.70,2.76,2.80,3.00,3.01,3.10,3.15,3.16,3.21,3.30,3.40,3.41,3.42,3.50,3.55,3.56,3.60,3.61,3.65,3.66,3.70,3.71,3.72,3.73,4.00,4.01,4.10,4.11,4.20,4.21,4.25,4.30,4.31,4.40,4.41,4.45,4.46,4.50,4.53,4.55,4.60,4.65,4.66,4.70,4.75,4.76,4.78,4.80,4.81,4.82,4.83,4.84,4.85,4.86,4.87,4.88,4.89,4.90,4.91,4.92,4.93	none
291	none	1.02,1.10,1.11,1.30,1.31,1.32,1.50,1.51,1.54,1.60,1.70,1.80,1.81,1.82,1.90,1.92,1.93,1.94,2.00,2.01,2.10,2.17,2.20,2.30,2.35,2.36,2.40,2.41,2.42,2.43,2.50,2.52,2.53,2.60,2.70,2.76,2.80,3.00,3.01,3.10,3.15,3.16,3.21,3.30,3.40,3.41,3.42,3.50,3.55,3.56,3.60,3.61,3.65,3.66,3.70,3.71,3.72,3.73,4.00,4.01,4.10,4.11,4.20,4.21,4.25,4.30,4.31,4.40,4.41,4.45,4.46,4.50,4.53,4.55,4.60,4.65,4.66,4.70,4.75,4.76,4.78,4.80,4.81,4.82,4.83,4.84,4.85,4.86,4.87,4.88,4.89,4.90,4.91,4.92,4.93	none
292	none	1.02,1.10,1.11,1.30,1.31,1.32,1.50,1.51,1.54,1.60,1.70,1.80,1.81,1.82,1.90,1.92,1.93,1.94,2.00,2.01,2.10,2.17,2.20,2.30,2.35,2.36,2.40,2.41,2.42,2.43,2.50,2.52,2.53,2.60,2.70,2.76,2.80,3.00,3.01,3.10,3.15,3.16,3.21,3.30,3.40,3.41,3.42,3.50,3.55,3.56,3.60,3.61,3.65,3.66,3.70,3.71,3.72,3.73,4.00,4.01,4.10,4.11,4.20,4.21,4.25,4.30,4.31,4.40,4.41,4.45,4.46,4.50,4.53,4.55,4.60,4.65,4.66,4.70,4.75,4.76,4.78,4.80,4.81,4.82,4.83,4.84,4.85,4.86,4.87,4.88,4.89,4.90,4.91,4.92,4.93	none
293	none	1.02,1.10,1.11,1.30,1.31,1.32,1.50,1.51,1.54,1.60,1.70,1.80,1.81,1.82,1.90,1.92,1.93,1.94,2.00,2.01,2.10,2.17,2.20,2.30,2.35,2.36,2.40,2.41,2.42,2.43,2.50,2.52,2.53,2.60,2.70,2.76,2.80,3.00,3.01,3.10,3.15,3.16,3.21,3.30,3.40,3.41,3.42,3.50,3.55,3.56,3.60,3.61,3.65,3.66,3.70,3.71,3.72,3.73,4.00,4.01,4.10,4.11,4.20,4.21,4.25,4.30,4.31,4.40,4.41,4.45,4.46,4.50,4.53,4.55,4.60,4.65,4.66,4.70,4.75,4.76,4.78,4.80,4.81,4.82,4.83,4.84,4.85,4.86,4.87,4.88,4.89,4.90,4.91,4.92,4.93	none
294	none	1.02,1.10,1.11,1.30,1.31,1.32,1.50,1.51,1.54,1.60,1.70,1.80,1.81,1.82,1.90,1.92,1.93,1.94,2.00,2.01,2.10,2.17,2.20,2.30,2.35,2.36,2.40,2.41,2.42,2.43,2.50,2.52,2.53,2.60,2.70,2.76,2.80,3.00,3.01,3.10,3.15,3.16,3.21,3.30,3.40,3.41,3.42,3.50,3.55,3.56,3.60,3.61,3.65,3.66,3.70,3.71,3.72,3.73,4.00,4.01,4.10,4.11,4.20,4.21,4.25,4.30,4.31,4.40,4.41,4.45,4.46,4.50,4.53,4.55,4.60,4.65,4.66,4.70,4.75,4.76,4.78,4.80,4.81,4.82,4.83,4.84,4.85,4.86,4.87,4.88,4.89,4.90,4.91,4.92,4.93	none
295	none	1.02,1.10,1.11,1.30,1.31,1.32,1.50,1.51,1.54,1.60,1.70,1.80,1.81,1.82,1.90,1.92,1.93,1.94,2.00,2.01,2.10,2.17,2.20,2.30,2.35,2.36,2.40,2.41,2.42,2.43,2.50,2.52,2.53,2.60,2.70,2.76,2.80,3.00,3.01,3.10,3.15,3.16,3.21,3.30,3.40,3.41,3.42,3.50,3.55,3.56,3.60,3.61,3.65,3.66,3.70,3.71,3.72,3.73,4.00,4.01,4.10,4.11,4.20,4.21,4.25,4.30,4.31,4.40,4.41,4.45,4.46,4.50,4.53,4.55,4.60,4.65,4.66,4.70,4.75,4.76,4.78,4.80,4.81,4.82,4.83,4.84,4.85,4.86,4.87,4.88,4.89,4.90,4.91,4.92,4.93	none
296	none	1.02,1.10,1.11,1.30,1.31,1.32,1.50,1.51,1.54,1.60,1.70,1.80,1.81,1.82,1.90,1.92,1.93,1.94,2.00,2.01,2.10,2.17,2.20,2.30,2.35,2.36,2.40,2.41,2.42,2.43,2.50,2.52,2.53,2.60,2.70,2.76,2.80,3.00,3.01,3.10,3.15,3.16,3.21,3.30,3.40,3.41,3.42,3.50,3.55,3.56,3.60,3.61,3.65,3.66,3.70,3.71,3.72,3.73,4.00,4.01,4.10,4.11,4.20,4.21,4.25,4.30,4.31,4.40,4.41,4.45,4.46,4.50,4.53,4.55,4.60,4.65,4.66,4.70,4.75,4.76,4.78,4.80,4.81,4.82,4.83,4.84,4.85,4.86,4.87,4.88,4.89,4.90,4.91,4.92,4.93	none
297	none	1.02,1.10,1.11,1.30,1.31,1.32,1.50,1.51,1.54,1.60,1.70,1.80,1.81,1.82,1.90,1.92,1.93,1.94,2.00,2.01,2.10,2.17,2.20,2.30,2.35,2.36,2.40,2.41,2.42,2.43,2.50,2.52,2.53,2.60,2.70,2.76,2.80,3.00,3.01,3.10,3.15,3.16,3.21,3.30,3.40,3.41,3.42,3.50,3.55,3.56,3.60,3.61,3.65,3.66,3.70,3.71,3.72,3.73,4.00,4.01,4.10,4.11,4.20,4.21,4.25,4.30,4.31,4.40,4.41,4.45,4.46,4.50,4.53,4.55,4.60,4.65,4.66,4.70,4.75,4.76,4.78,4.80,4.81,4.82,4.83,4.84,4.85,4.86,4.87,4.88,4.89,4.90,4.91,4.92,4.93	none
298	none	1.02,1.10,1.11,1.30,1.31,1.32,1.50,1.51,1.54,1.60,1.70,1.80,1.81,1.82,1.90,1.92,1.93,1.94,2.00,2.01,2.10,2.17,2.20,2.30,2.35,2.36,2.40,2.41,2.42,2.43,2.50,2.52,2.53,2.60,2.70,2.76,2.80,3.00,3.01,3.10,3.15,3.16,3.21,3.30,3.40,3.41,3.42,3.50,3.55,3.56,3.60,3.61,3.65,3.66,3.70,3.71,3.72,3.73,4.00,4.01,4.10,4.11,4.20,4.21,4.25,4.30,4.31,4.40,4.41,4.45,4.46,4.50,4.53,4.55,4.60,4.65,4.66,4.70,4.75,4.76,4.78,4.80,4.81,4.82,4.83,4.84,4.85,4.86,4.87,4.88,4.89,4.90,4.91,4.92,4.93	none
299	none	1.02,1.10,1.11,1.30,1.31,1.32,1.50,1.51,1.54,1.60,1.70,1.80,1.81,1.82,1.90,1.92,1.93,1.94,2.00,2.01,2.10,2.17,2.20,2.30,2.35,2.36,2.40,2.41,2.42,2.43,2.50,2.52,2.53,2.60,2.70,2.76,2.80,3.00,3.01,3.10,3.15,3.16,3.21,3.30,3.40,3.41,3.42,3.50,3.55,3.56,3.60,3.61,3.65,3.66,3.70,3.71,3.72,3.73,4.00,4.01,4.10,4.11,4.20,4.21,4.25,4.30,4.31,4.40,4.41,4.45,4.46,4.50,4.53,4.55,4.60,4.65,4.66,4.70,4.75,4.76,4.78,4.80,4.81,4.82,4.83,4.84,4.85,4.86,4.87,4.88,4.89,4.90,4.91,4.92,4.93	none
300	2.00,2.01,2.20,2.30,2.35,2.36,2.40,2.41,2.42,2.43,2.50,2.52,2.53,2.60,2.70,2.76,2.80,3.00,3.01,3.10,3.15,3.16,3.21,3.30,3.40,3.41,3.42,3.50,3.55,3.56,3.60,3.61,3.65,3.66,3.70,3.71,3.72,3.73,4.00,4.01,4.10,4.11,4.20,4.21,4.25,4.30,4.31,4.40,4.41,4.45,4.46,4.50,4.53,4.55,4.60,4.65,4.66,4.70,4.75,4.76,4.78,4.80,4.81,4.82,4.83,4.84,4.85,4.86,4.87,4.88,4.89,4.90,4.91,4.92,4.93	1.02,1.10,1.11,1.30,1.31,1.32,1.50,1.51,1.54,1.60,1.70,1.80,1.81,1.82,1.90,1.92,1.93,1.94,2.10,2.17	none
301	2.00,2.01,2.10,2.17,2.20,2.30,2.35,2.36,2.40,2.41,2.42,2.43,2.50,2.52,2.53,2.60,2.70,2.76,2.80,3.00,3.01,3.10,3.15,3.16,3.21,3.30,3.40,3.41,3.42,3.50,3.55,3.56,3.60,3.61,3.65,3.66,3.70,3.71,3.72,3.73,4.00,4.01,4.10,4.11,4.20,4.21,4.25,4.30,4.31,4.40,4.41,4.45,4.46,4.50,4.53,4.55,4.60,4.65,4.66,4.70,4.75,4.76,4.78,4.80,4.81,4.82,4.83,4.84,4.85,4.86,4.87,4.88,4.89,4.90,4.91,4.92,4.93	1.02,1.10,1.11,1.30,1.31,1.32,1.50,1.51,1.54,1.60,1.70,1.80,1.81,1.82,1.90,1.92,1.93,1.94	none
302	2.00,2.01,2.10,2.17,2.20,2.30,2.35,2.36,2.40,2.41,2.42,2.43,2.50,2.52,2.53,2.60,2.70,2.76,2.80,3.00,3.01,3.10,3.15,3.16,3.21,3.30,3.40,3.41,3.42,3.50,3.55,3.56,3.60,3.61,3.65,3.66,3.70,3.71,3.72,3.73,4.00,4.01,4.10,4.11,4.20,4.21,4.25,4.30,4.31,4.40,4.41,4.45,4.46,4.50,4.53,4.55,4.60,4.65,4.66,4.70,4.75,4.76,4.78,4.80,4.81,4.82,4.83,4.84,4.85,4.86,4.87,4.88,4.89,4.90,4.91,4.92,4.93	1.02,1.10,1.11,1.30,1.31,1.32,1.50,1.51,1.54,1.60,1.70,1.80,1.81,1.82,1.90,1.92,1.93,1.94	none
303	2.00,2.01,2.10,2.17,2.20,2.30,2.35,2.36,2.40,2.41,2.42,2.43,2.50,2.52,2.53,2.60,2.70,2.76,2.80,3.00,3.01,3.10,3.15,3.16,3.21,3.30,3.40,3.41,3.42,3.50,3.55,3.56,3.60,3.61,3.65,3.66,3.70,3.71,3.72,3.73,4.00,4.01,4.10,4.11,4.20,4.21,4.25,4.30,4.31,4.40,4.41,4.45,4.46,4.50,4.53,4.55,4.60,4.65,4.66,4.70,4.75,4.76,4.78,4.80,4.81,4.82,4.83,4.84,4.85,4.86,4.87,4.88,4.89,4.90,4.91,4.92,4.93	1.02,1.10,1.11,1.30,1.31,1.32,1.50,1.51,1.54,1.60,1.70,1.80,1.81,1.82,1.90,1.92,1.93,1.94	none
304	2.00,2.01,2.10,2.17,2.20,2.30,2.35,2.36,2.40,2.41,2.42,2.43,2.50,2.52,2.53,2.60,2.70,2.76,2.80,3.00,3.01,3.10,3.15,3.16,3.21,3.30,3.40,3.41,3.42,3.50,3.55,3.56,3.60,3.61,3.65,3.66,3.70,3.71,3.72,3.73,4.00,4.01,4.10,4.11,4.20,4.21,4.25,4.30,4.31,4.40,4.41,4.45,4.46,4.50,4.53,4.55,4.60,4.65,4.66,4.70,4.75,4.76,4.78,4.80,4.81,4.82,4.83,4.84,4.85,4.86,4.87,4.88,4.89,4.90,4.91,4.92,4.93	1.02,1.10,1.11,1.30,1.31,1.32,1.50,1.51,1.54,1.60,1.70,1.80,1.81,1.82,1.90,1.92,1.93,1.94	none
305	2.00,2.01,2.10,2.17,2.20,2.30,2.35,2.36,2.40,2.41,2.42,2.43,2.50,2.52,2.53,2.60,2.70,2.76,2.80,3.00,3.01,3.10,3.15,3.16,3.21,3.30,3.40,3.41,3.42,3.50,3.55,3.56,3.60,3.61,3.65,3.66,3.70,3.71,3.72,3.73,4.00,4.01,4.10,4.11,4.20,4.21,4.25,4.30,4.31,4.40,4.41,4.45,4.46,4.50,4.53,4.55,4.60,4.65,4.66,4.70,4.75,4.76,4.78,4.80,4.81,4.82,4.83,4.84,4.85,4.86,4.87,4.88,4.89,4.90,4.91,4.92,4.93	1.02,1.10,1.11,1.30,1.31,1.32,1.50,1.51,1.54,1.60,1.70,1.80,1.81,1.82,1.90,1.92,1.93,1.94	none
306	2.00,2.01,2.10,2.17,2.20,2.30,2.35,2.36,2.40,2.41,2.42,2.43,2.50,2.52,2.53,2.60,2.70,2.76,2.80,3.00,3.01,3.10,3.15,3.16,3.21,3.30,3.40,3.41,3.42,3.50,3.55,3.56,3.60,3.61,3.65,3.66,3.70,3.71,3.72,3.73,4.00,4.01,4.10,4.11,4.20,4.21,4.25,4.30,4.31,4.40,4.41,4.45,4.46,4.50,4.53,4.55,4.60,4.65,4.66,4.70,4.75,4.76,4.78,4.80,4.81,4.82,4.83,4.84,4.85,4.86,4.87,4.88,4.89,4.90,4.91,4.92,4.93	1.02,1.10,1.11,1.30,1.31,1.32,1.50,1.51,1.54,1.60,1.70,1.80,1.81,1.82,1.90,1.92,1.93,1.94	none
307	2.00,2.01,2.10,2.17,2.20,2.30,2.35,2.36,2.40,2.41,2.42,2.43,2.50,2.52,2.53,2.60,2.70,2.76,2.80,3.00,3.01,3.10,3.15,3.16,3.21,3.30,3.40,3.41,3.42,3.50,3.55,3.56,3.60,3.61,3.65,3.66,3.70,3.71,3.72,3.73,4.00,4.01,4.10,4.11,4.20,4.21,4.25,4.30,4.31,4.40,4.41,4.45,4.46,4.50,4.53,4.55,4.60,4.65,4.66,4.70,4.75,4.76,4.78,4.80,4.81,4.82,4.83,4.84,4.85,4.86,4.87,4.88,4.89,4.90,4.91,4.92,4.93	1.02,1.10,1.11,1.30,1.31,1.32,1.50,1.51,1.54,1.60,1.70,1.80,1.81,1.82,1.90,1.92,1.93,1.94	none
308	2.00,2.01,2.10,2.17,2.20,2.30,2.35,2.36,2.40,2.41,2.42,2.43,2.50,2.52,2.53,2.60,2.70,2.76,2.80,3.00,3.01,3.10,3.15,3.16,3.21,3.30,3.40,3.41,3.42,3.50,3.55,3.56,3.60,3.61,3.65,3.66,3.70,3.71,3.72,3.73,4.00,4.01,4.10,4.11,4.20,4.21,4.25,4.30,4.31,4.40,4.41,4.45,4.46,4.50,4.53,4.55,4.60,4.65,4.66,4.70,4.75,4.76,4.78,4.80,4.81,4.82,4.83,4.84,4.85,4.86,4.87,4.88,4.89,4.90,4.91,4.92,4.93	1.02,1.10,1.11,1.30,1.31,1.32,1.50,1.51,1.54,1.60,1.70,1.80,1.81,1.82,1.90,1.92,1.93,1.94	none
309	2.00,2.01,2.10,2.17,2.20,2.30,2.35,2.36,2.40,2.41,2.42,2.43,2.50,2.52,2.53,2.60,2.70,2.76,2.80,3.00,3.01,3.10,3.15,3.16,3.21,3.30,3.40,3.41,3.42,3.50,3.55,3.56,3.60,3.61,3.65,3.66,3.70,3.71,3.72,3.73,4.00,4.01,4.10,4.11,4.20,4.21,4.25,4.30,4.31,4.40,4.41,4.45,4.46,4.50,4.53,4.55,4.60,4.65,4.66,4.70,4.75,4.76,4.78,4.80,4.81,4.82,4.83,4.84,4.85,4.86,4.87,4.88,4.89,4.90,4.91,4.92,4.93	1.02,1.10,1.11,1.30,1.31,1.32,1.50,1.51,1.54,1.60,1.70,1.80,1.81,1.82,1.90,1.92,1.93,1.94	none
310	2.00,2.01,2.10,2.17,2.20,2.30,2.35,2.36,2.40,2.41,2.42,2.43,2.50,2.52,2.53,2.60,2.70,2.76,2.80,3.00,3.01,3.10,3.15,3.16,3.21,3.30,3.40,3.41,3.42,3.50,3.55,3.56,3.60,3.61,3.65,3.66,3.70,3.71,3.72,3.73,4.00,4.01,4.10,4.11,4.20,4.21,4.25,4.30,4.31,4.40,4.41,4.45,4.46,4.50,4.53,4.55,4.60,4.65,4.66,4.70,4.75,4.76,4.78,4.80,4.81,4.82,4.83,4.84,4.85,4.86,4.87,4.88,4.89,4.90,4.91,4.92,4.93	1.02,1.10,1.11,1.30,1.31,1.32,1.50,1.51,1.54,1.60,1.70,1.80,1.81,1.82,1.90,1.92,1.93,1.94	none
311	2.00,2.01,2.10,2.17,2.20,2.30,2.35,2.36,2.40,2.41,2.42,2.43,2.50,2.52,2.53,2.60,2.70,2.76,2.80,3.00,3.01,3.10,3.15,3.16,3.21,3.30,3.40,3.41,3.42,3.50,3.55,3.56,3.60,3.61,3.65,3.66,3.70,3.71,3.72,3.73,4.00,4.01,4.10,4.11,4.20,4.21,4.25,4.30,4.31,4.40,4.41,4.45,4.46,4.50,4.53,4.55,4.60,4.65,4.66,4.70,4.75,4.76,4.78,4.80,4.81,4.82,4.83,4.84,4.85,4.86,4.87,4.88,4.89,4.90,4.91,4.92,4.93	1.02,1.10,1.11,1.30,1.31,1.32,1.50,1.51,1.54,1.60,1.70,1.80,1.81,1.82,1.90,1.92,1.93,1.94	none
312	2.00,2.01,2.10,2.17,2.20,2.30,2.35,2.36,2.40,2.41,2.42,2.43,2.50,2.52,2.53,2.60,2.70,2.76,2.80,3.00,3.01,3.10,3.15,3.16,3.21,3.30,3.40,3.41,3.42,3.50,3.55,3.56,3.60,3.61,3.65,3.66,3.70,3.71,3.72,3.73,4.00,4.01,4.10,4.11,4.20,4.21,4.25,4.30,4.31,4.40,4.41,4.45,4.46,4.50,4.53,4.55,4.60,4.65,4.66,4.70,4.75,4.76,4.78,4.80,4.81,4.82,4.83,4.84,4.85,4.86,4.87,4.88,4.89,4.90,4.91,4.92,4.93	1.02,1.10,1.11,1.30,1.31,1.32,1.50,1.51,1.54,1.60,1.70,1.80,1.81,1.82,1.90,1.92,1.93,1.94	none
313	2.00,2.01,2.10,2.17,2.20,2.30,2.35,2.36,2.40,2.41,2.42,2.43,2.50,2.52,2.53,2.60,2.70,2.76,2.80,3.00,3.01,3.10,3.15,3.16,3.21,3.30,3.40,3.41,3.42,3.50,3.55,3.56,3.60,3.61,3.65,3.66,3.70,3.71,3.72,3.73,4.00,4.01,4.10,4.11,4.20,4.21,4.25,4.30,4.31,4.40,4.41,4.45,4.46,4.50,4.53,4.55,4.60,4.65,4.66,4.70,4.75,4.76,4.78,4.80,4.81,4.82,4.83,4.84,4.85,4.86,4.87,4.88,4.89,4.90,4.91,4.92,4.93	1.02,1.10,1.11,1.30,1.31,1.32,1.50,1.51,1.54,1.60,1.70,1.80,1.81,1.82,1.90,1.92,1.93,1.94	none
314	2.20,2.30,2.35,2.36,2.40,2.41,2.42,2.43,2.50,2.52,2.53,2.60,2.70,2.76,2.80,3.00,3.01,3.10,3.15,3.16,3.21,3.30,3.40,3.41,3.42,3.50,3.55,3.56,3.60,3.61,3.65,3.66,3.70,3.71,3.72,3.73,4.00,4.01,4.10,4.11,4.20,4.21,4.25,4.30,4.31,4.40,4.41,4.45,4.46,4.50,4.53,4.55,4.60,4.65,4.66,4.70,4.75,4.76,4.78,4.80,4.81,4.82,4.83,4.84,4.85,4.86,4.87,4.88,4.89,4.90,4.91,4.92,4.93	1.02,1.10,1.11,1.30,1.31,1.32,1.50,1.51,1.54,1.60,1.70,1.80,1.81,1.82,1.90,1.92,1.93,1.94,2.00,2.01,2.10,2.17	none
315	2.20,2.30,2.35,2.36,2.40,2.41,2.42,2.43,2.50,2.52,2.53,2.60,2.70,2.76,2.80,3.00,3.01,3.10,3.15,3.16,3.21,3.30,3.40,3.41,3.42,3.50,3.55,3.56,3.60,3.61,3.65,3.66,3.70,3.71,3.72,3.73,4.00,4.01,4.10,4.11,4.20,4.21,4.25,4.30,4.31,4.40,4.41,4.45,4.46,4.50,4.53,4.55,4.60,4.65,4.66,4.70,4.75,4.76,4.78,4.80,4.81,4.82,4.83,4.84,4.85,4.86,4.87,4.88,4.89,4.90,4.91,4.92,4.93	1.02,1.10,1.11,1.30,1.31,1.32,1.50,1.51,1.54,1.60,1.70,1.80,1.81,1.82,1.90,1.92,1.93,1.94,2.00,2.01,2.10,2.17	none
316	none	1.02,1.10,1.11,1.30,1.31,1.32,1.50,1.51,1.54,1.60,1.70,1.80,1.81,1.82,1.90,1.92,1.93,1.94,2.00,2.01,2.10,2.17,2.20,2.30,2.35,2.36,2.40,2.41,2.42,2.43,2.50,2.52,2.53,2.60,2.70,2.76,2.80,3.00,3.01,3.10,3.15,3.16,3.21,3.30,3.40,3.41,3.42,3.50,3.55,3.56,3.60,3.61,3.65,3.66,3.70,3.71,3.72,3.73,4.00,4.01,4.10,4.11,4.20,4.21,4.25,4.30,4.31,4.40,4.41,4.45,4.46,4.50,4.53,4.55,4.60,4.65,4.66,4.70,4.75,4.76,4.78,4.80,4.81,4.82,4.83,4.84,4.85,4.86,4.87,4.88,4.89,4.90,4.91,4.92,4.93	none
317	none	1.02,1.10,1.11,1.30,1.31,1.32,1.50,1.51,1.54,1.60,1.70,1.80,1.81,1.82,1.90,1.92,1.93,1.94,2.00,2.01,2.10,2.17,2.20,2.30,2.35,2.36,2.40,2.41,2.42,2.43,2.50,2.52,2.53,2.60,2.70,2.76,2.80,3.00,3.01,3.10,3.15,3.16,3.21,3.30,3.40,3.41,3.42,3.50,3.55,3.56,3.60,3.61,3.65,3.66,3.70,3.71,3.72,3.73,4.00,4.01,4.10,4.11,4.20,4.21,4.25,4.30,4.31,4.40,4.41,4.45,4.46,4.50,4.53,4.55,4.60,4.65,4.66,4.70,4.75,4.76,4.78,4.80,4.81,4.82,4.83,4.84,4.85,4.86,4.87,4.88,4.89,4.90,4.91,4.92,4.93	none
318	none	1.02,1.10,1.11,1.30,1.31,1.32,1.50,1.51,1.54,1.60,1.70,1.80,1.81,1.82,1.90,1.92,1.93,1.94,2.00,2.01,2.10,2.17,2.20,2.30,2.35,2.36,2.40,2.41,2.42,2.43,2.50,2.52,2.53,2.60,2.70,2.76,2.80,3.00,3.01,3.10,3.15,3.16,3.21,3.30,3.40,3.41,3.42,3.50,3.55,3.56,3.60,3.61,3.65,3.66,3.70,3.71,3.72,3.73,4.00,4.01,4.10,4.11,4.20,4.21,4.25,4.30,4.31,4.40,4.41,4.45,4.46,4.50,4.53,4.55,4.60,4.65,4.66,4.70,4.75,4.76,4.78,4.80,4.81,4.82,4.83,4.84,4.85,4.86,4.87,4.88,4.89,4.90,4.91,4.92,4.93	none
319	none	1.02,1.10,1.11,1.30,1.31,1.32,1.50,1.51,1.54,1.60,1.70,1.80,1.81,1.82,1.90,1.92,1.93,1.94,2.00,2.01,2.10,2.17,2.20,2.30,2.35,2.36,2.40,2.41,2.42,2.43,2.50,2.52,2.53,2.60,2.70,2.76,2.80,3.00,3.01,3.10,3.15,3.16,3.21,3.30,3.40,3.41,3.42,3.50,3.55,3.56,3.60,3.61,3.65,3.66,3.70,3.71,3.72,3.73,4.00,4.01,4.10,4.11,4.20,4.21,4.25,4.30,4.31,4.40,4.41,4.45,4.46,4.50,4.53,4.55,4.60,4.65,4.66,4.70,4.75,4.76,4.78,4.80,4.81,4.82,4.83,4.84,4.85,4.86,4.87,4.88,4.89,4.90,4.91,4.92,4.93	none
320	none	1.02,1.10,1.11,1.30,1.31,1.32,1.50,1.51,1.54,1.60,1.70,1.80,1.81,1.82,1.90,1.92,1.93,1.94,2.00,2.01,2.10,2.17,2.20,2.30,2.35,2.36,2.40,2.41,2.42,2.43,2.50,2.52,2.53,2.60,2.70,2.76,2.80,3.00,3.01,3.10,3.15,3.16,3.21,3.30,3.40,3.41,3.42,3.50,3.55,3.56,3.60,3.61,3.65,3.66,3.70,3.71,3.72,3.73,4.00,4.01,4.10,4.11,4.20,4.21,4.25,4.30,4.31,4.40,4.41,4.45,4.46,4.50,4.53,4.55,4.60,4.65,4.66,4.70,4.75,4.76,4.78,4.80,4.81,4.82,4.83,4.84,4.85,4.86,4.87,4.88,4.89,4.90,4.91,4.92,4.93	none
321	none	1.02,1.10,1.11,1.30,1.31,1.32,1.50,1.51,1.54,1.60,1.70,1.80,1.81,1.82,1.90,1.92,1.93,1.94,2.00,2.01,2.10,2.17,2.20,2.30,2.35,2.36,2.40,2.41,2.42,2.43,2.50,2.52,2.53,2.60,2.70,2.76,2.80,3.00,3.01,3.10,3.15,3.16,3.21,3.30,3.40,3.41,3.42,3.50,3.55,3.56,3.60,3.61,3.65,3.66,3.70,3.71,3.72,3.73,4.00,4.01,4.10,4.11,4.20,4.21,4.25,4.30,4.31,4.40,4.41,4.45,4.46,4.50,4.53,4.55,4.60,4.65,4.66,4.70,4.75,4.76,4.78,4.80,4.81,4.82,4.83,4.84,4.85,4.86,4.87,4.88,4.89,4.90,4.91,4.92,4.93	none
322	none	1.02,1.10,1.11,1.30,1.31,1.32,1.50,1.51,1.54,1.60,1.70,1.80,1.81,1.82,1.90,1.92,1.93,1.94,2.00,2.01,2.10,2.17,2.20,2.30,2.35,2.36,2.40,2.41,2.42,2.43,2.50,2.52,2.53,2.60,2.70,2.76,2.80,3.00,3.01,3.10,3.15,3.16,3.21,3.30,3.40,3.41,3.42,3.50,3.55,3.56,3.60,3.61,3.65,3.66,3.70,3.71,3.72,3.73,4.00,4.01,4.10,4.11,4.20,4.21,4.25,4.30,4.31,4.40,4.41,4.45,4.46,4.50,4.53,4.55,4.60,4.65,4.66,4.70,4.75,4.76,4.78,4.80,4.81,4.82,4.83,4.84,4.85,4.86,4.87,4.88,4.89,4.90,4.91,4.92,4.93	none
323	none	1.02,1.10,1.11,1.30,1.31,1.32,1.50,1.51,1.54,1.60,1.70,1.80,1.81,1.82,1.90,1.92,1.93,1.94,2.00,2.01,2.10,2.17,2.20,2.30,2.35,2.36,2.40,2.41,2.42,2.43,2.50,2.52,2.53,2.60,2.70,2.76,2.80,3.00,3.01,3.10,3.15,3.16,3.21,3.30,3.40,3.41,3.42,3.50,3.55,3.56,3.60,3.61,3.65,3.66,3.70,3.71,3.72,3.73,4.00,4.01,4.10,4.11,4.20,4.21,4.25,4.30,4.31,4.40,4.41,4.45,4.46,4.50,4.53,4.55,4.60,4.65,4.66,4.70,4.75,4.76,4.78,4.80,4.81,4.82,4.83,4.84,4.85,4.86,4.87,4.88,4.89,4.90,4.91,4.92,4.93	none
324	2.50,2.52,2.53,2.60,2.70,2.76,2.80,3.00,3.01,3.10,3.15,3.16,3.21,3.30,3.40,3.41,3.42,3.50,3.55,3.56,3.60,3.61,3.65,3.66,3.70,3.71,3.72,3.73,4.00,4.01,4.10,4.11,4.20,4.21,4.25,4.30,4.31,4.40,4.41,4.45,4.46,4.50,4.53,4.55,4.60,4.65,4.66,4.70,4.75,4.76,4.78,4.80,4.81,4.82,4.83,4.84,4.85,4.86,4.87,4.88,4.89,4.90,4.91,4.92,4.93	1.02,1.10,1.11,1.30,1.31,1.32,1.50,1.51,1.54,1.60,1.70,1.80,1.81,1.82,1.90,1.92,1.93,1.94,2.00,2.01,2.10,2.17,2.20,2.30,2.35,2.36,2.40,2.41,2.42,2.43	none
325	2.50,2.52,2.53,2.60,2.70,2.76,2.80,3.00,3.01,3.10,3.15,3.16,3.21,3.30,3.40,3.41,3.42,3.50,3.55,3.56,3.60,3.61,3.65,3.66,3.70,3.71,3.72,3.73,4.00,4.01,4.10,4.11,4.20,4.21,4.25,4.30,4.31,4.40,4.41,4.45,4.46,4.50,4.53,4.55,4.60,4.65,4.66,4.70,4.75,4.76,4.78,4.80,4.81,4.82,4.83,4.84,4.85,4.86,4.87,4.88,4.89,4.90,4.91,4.92,4.93	1.02,1.10,1.11,1.30,1.31,1.32,1.50,1.51,1.54,1.60,1.70,1.80,1.81,1.82,1.90,1.92,1.93,1.94,2.00,2.01,2.10,2.17,2.20,2.30,2.35,2.36,2.40,2.41,2.42,2.43	none
326	2.00,2.01,2.10,2.17,2.20,2.30,2.35,2.36,2.40,2.41,2.42,2.43,2.50,2.52,2.53,2.60,2.70,2.76,2.80,3.00,3.01,3.10,3.15,3.16,3.21,3.30,3.40,3.41,3.42,3.50,3.55,3.56,3.60,3.61,3.65,3.66,3.70,3.71,3.72,3.73,4.00,4.01,4.10,4.11,4.20,4.21,4.25,4.30,4.31,4.40,4.41,4.45,4.46,4.50,4.53,4.55,4.60,4.65,4.66,4.70,4.75,4.76,4.78,4.80,4.81,4.82,4.83,4.84,4.85,4.86,4.87,4.88,4.89,4.90,4.91,4.92,4.93	1.02,1.10,1.11,1.30,1.31,1.32,1.50,1.51,1.54,1.60,1.70,1.80,1.81,1.82,1.90,1.92,1.93,1.94	none
327	1.80,1.81,1.82,1.90,1.92,1.93,1.94,2.00,2.01,2.10,2.17,2.20,2.30,2.35,2.36,2.40,2.41,2.42,2.43,2.50,2.52,2.53,2.60,2.70,2.76,2.80,3.00,3.01,3.10,3.15,3.16,3.21,3.30,3.40,3.41,3.42,3.50,3.55,3.56,3.60,3.61,3.65,3.66,3.70,3.71,3.72,3.73,4.00,4.01,4.10,4.11,4.20,4.21,4.25,4.30,4.31,4.40,4.41,4.45,4.46,4.50,4.53,4.55,4.60,4.65,4.66,4.70,4.75,4.76,4.78,4.80,4.81,4.82,4.83,4.84,4.85,4.86,4.87,4.88,4.89,4.90,4.91,4.92,4.93	1.02,1.10,1.11,1.30,1.31,1.32,1.50,1.51,1.54,1.60,1.70	none
328	1.90,1.92,1.93,1.94,2.00,2.01,2.10,2.17,2.20,2.30,2.35,2.36,2.40,2.41,2.42,2.43,2.50,2.52,2.53,2.60,2.70,2.76,2.80,3.00,3.01,3.10,3.15,3.16,3.21,3.30,3.40,3.41,3.42,3.50,3.55,3.56,3.60,3.61,3.65,3.66,3.70,3.71,3.72,3.73,4.00,4.01,4.10,4.11,4.20,4.21,4.25,4.30,4.31,4.40,4.41,4.45,4.46,4.50,4.53,4.55,4.60,4.65,4.66,4.70,4.75,4.76,4.78,4.80,4.81,4.82,4.83,4.84,4.85,4.86,4.87,4.88,4.89,4.90,4.91,4.92,4.93	1.02,1.10,1.11,1.30,1.31,1.32,1.50,1.51,1.54,1.60,1.70,1.80,1.81,1.82	none
329	1.02,1.10,1.11,1.30,1.31,1.32,1.50,1.51,1.54,1.60,1.70,1.80,1.81,1.82,1.90,1.92,1.93,1.94,2.00,2.01,2.10,2.17,2.20,2.30,2.35,2.36,2.40,2.41,2.42,2.43,2.50,2.52,2.53,2.60,2.70,2.76,2.80,3.00,3.01,3.10,3.15,3.16,3.21,3.30,3.40,3.41,3.42,3.50,3.55,3.56,3.60,3.61,3.65,3.66,3.70,3.71,3.72,3.73,4.00,4.01,4.10,4.11,4.20,4.21,4.25,4.30,4.31,4.40,4.41,4.45,4.46,4.50,4.53,4.55,4.60,4.65,4.66,4.70,4.75,4.76,4.78,4.80,4.81,4.82,4.83,4.84,4.85,4.86,4.87,4.88,4.89,4.90,4.91,4.92,4.93	none	none
330	1.02,1.10,1.11,1.30,1.31,1.32,1.50,1.51,1.54,1.60,1.70,1.80,1.81,1.82,1.90,1.92,1.93,1.94,2.00,2.01,2.10,2.17,2.20,2.30,2.35,2.36,2.40,2.41,2.42,2.43,2.50,2.52,2.53,2.60,2.70,2.76,2.80,3.00,3.01,3.10,3.15,3.16,3.21,3.30,3.40,3.41,3.42,3.50,3.55,3.56,3.60,3.61,3.65,3.66,3.70,3.71,3.72,3.73,4.00,4.01,4.10,4.11,4.20,4.21,4.25,4.30,4.31,4.40,4.41,4.45,4.46,4.50,4.53,4.55,4.60,4.65,4.66,4.70,4.75,4.76,4.78,4.80,4.81,4.82,4.83,4.84,4.85,4.86,4.87,4.88,4.89,4.90,4.91,4.92,4.93	none	none
331	1.02,1.10,1.11,1.30,1.31,1.32,1.50,1.51,1.54,1.60,1.70,1.80,1.81,1.82,1.90,1.92,1.93,1.94,2.00,2.01,2.10,2.17,2.20,2.30,2.35,2.36,2.40,2.41,2.42,2.43,2.50,2.52,2.53,2.60,2.70,2.76,2.80,3.00,3.01,3.10,3.15,3.16,3.21,3.30,3.40,3.41,3.42,3.50,3.55,3.56,3.60,3.61,3.65,3.66,3.70,3.71,3.72,3.73,4.00,4.01,4.10,4.11,4.20,4.21,4.25,4.30,4.31,4.40,4.41,4.45,4.46,4.50,4.53,4.55,4.60,4.65,4.66,4.70,4.75,4.76,4.78,4.80,4.81,4.82,4.83,4.84,4.85,4.86,4.87,4.88,4.89,4.90,4.91,4.92,4.93	none	none
332	1.02,1.10,1.11,1.30,1.31,1.32,1.50,1.51,1.54,1.60,1.70,1.80,1.81,1.82,1.90,1.92,1.93,1.94,2.00,2.01,2.10,2.17,2.20,2.30,2.35,2.36,2.40,2.41,2.42,2.43,2.50,2.52,2.53,2.60,2.70,2.76,2.80,3.00,3.01,3.10,3.15,3.16,3.21,3.30,3.40,3.41,3.42,3.50,3.55,3.56,3.60,3.61,3.65,3.66,3.70,3.71,3.72,3.73,4.00,4.01,4.10,4.11,4.20,4.21,4.25,4.30,4.31,4.40,4.41,4.45,4.46,4.50,4.53,4.55,4.60,4.65,4.66,4.70,4.75,4.76,4.78,4.80,4.81,4.82,4.83,4.84,4.85,4.86,4.87,4.88,4.89,4.90,4.91,4.92,4.93	none	none
333	1.02,1.10,1.11,1.30,1.31,1.32,1.50,1.51,1.54,1.60,1.70,1.80,1.81,1.82,1.90,1.92,1.93,1.94,2.00,2.01,2.10,2.17,2.20,2.30,2.35,2.36,2.40,2.41,2.42,2.43,2.50,2.52,2.53,2.60,2.70,2.76,2.80,3.00,3.01,3.10,3.15,3.16,3.21,3.30,3.40,3.41,3.42,3.50,3.55,3.56,3.60,3.61,3.65,3.66,3.70,3.71,3.72,3.73,4.00,4.01,4.10,4.11,4.20,4.21,4.25,4.30,4.31,4.40,4.41,4.45,4.46,4.50,4.53,4.55,4.60,4.65,4.66,4.70,4.75,4.76,4.78,4.80,4.81,4.82,4.83,4.84,4.85,4.86,4.87,4.88,4.89,4.90,4.91,4.92,4.93	none	none
334	1.02,1.10,1.11,1.30,1.31,1.32,1.50,1.51,1.54,1.60,1.70,1.80,1.81,1.82,1.90,1.92,1.93,1.94,2.00,2.01,2.10,2.17,2.20,2.30,2.35,2.36,2.40,2.41,2.42,2.43,2.50,2.52,2.53,2.60,2.70,2.76,2.80,3.00,3.01,3.10,3.15,3.16,3.21,3.30,3.40,3.41,3.42,3.50,3.55,3.56,3.60,3.61,3.65,3.66,3.70,3.71,3.72,3.73,4.00,4.01,4.10,4.11,4.20,4.21,4.25,4.30,4.31,4.40,4.41,4.45,4.46,4.50,4.53,4.55,4.60,4.65,4.66,4.70,4.75,4.76,4.78,4.80,4.81,4.82,4.83,4.84,4.85,4.86,4.87,4.88,4.89,4.90,4.91,4.92,4.93	none	none
335	1.02,1.10,1.11,1.30,1.31,1.32,1.50,1.51,1.54,1.60,1.70,1.80,1.81,1.82,1.90,1.92,1.93,1.94,2.00,2.01,2.10,2.17,2.20,2.30,2.35,2.36,2.40,2.41,2.42,2.43,2.50,2.52,2.53,2.60,2.70,2.76,2.80,3.00,3.01,3.10,3.15,3.16,3.21,3.30,3.40,3.41,3.42,3.50,3.55,3.56,3.60,3.61,3.65,3.66,3.70,3.71,3.72,3.73,4.00,4.01,4.10,4.11,4.20,4.21,4.25,4.30,4.31,4.40,4.41,4.45,4.46,4.50,4.53,4.55,4.60,4.65,4.66,4.70,4.75,4.76,4.78,4.80,4.81,4.82,4.83,4.84,4.85,4.86,4.87,4.88,4.89,4.90,4.91,4.92,4.93	none	none
336	1.02,1.10,1.11,1.30,1.31,1.32,1.50,1.51,1.54,1.60,1.70,1.80,1.81,1.82,1.90,1.92,1.93,1.94,2.00,2.01,2.10,2.17,2.20,2.30,2.35,2.36,2.40,2.41,2.42,2.43,2.50,2.52,2.53,2.60,2.70,2.76,2.80,3.00,3.01,3.10,3.15,3.16,3.21,3.30,3.40,3.41,3.42,3.50,3.55,3.56,3.60,3.61,3.65,3.66,3.70,3.71,3.72,3.73,4.00,4.01,4.10,4.11,4.20,4.21,4.25,4.30,4.31,4.40,4.41,4.45,4.46,4.50,4.53,4.55,4.60,4.65,4.66,4.70,4.75,4.76,4.78,4.80,4.81,4.82,4.83,4.84,4.85,4.86,4.87,4.88,4.89,4.90,4.91,4.92,4.93	none	none
337	1.02,1.10,1.11,1.30,1.31,1.32,1.50,1.51,1.54,1.60,1.70,1.80,1.81,1.82,1.90,1.92,1.93,1.94,2.00,2.01,2.10,2.17,2.20,2.30,2.35,2.36,2.40,2.41,2.42,2.43,2.50,2.52,2.53,2.60,2.70,2.76,2.80,3.00,3.01,3.10,3.15,3.16,3.21,3.30,3.40,3.41,3.42,3.50,3.55,3.56,3.60,3.61,3.65,3.66,3.70,3.71,3.72,3.73,4.00,4.01,4.10,4.11,4.20,4.21,4.25,4.30,4.31,4.40,4.41,4.45,4.46,4.50,4.53,4.55,4.60,4.65,4.66,4.70,4.75,4.76,4.78,4.80,4.81,4.82,4.83,4.84,4.85,4.86,4.87,4.88,4.89,4.90,4.91,4.92,4.93	none	none
338	1.02,1.10,1.11,1.30,1.31,1.32,1.50,1.51,1.54,1.60,1.70,1.80,1.81,1.82,1.90,1.92,1.93,1.94,2.00,2.01,2.10,2.17,2.20,2.30,2.35,2.36,2.40,2.41,2.42,2.43,2.50,2.52,2.53,2.60,2.70,2.76,2.80,3.00,3.01,3.10,3.15,3.16,3.21,3.30,3.40,3.41,3.42,3.50,3.55,3.56,3.60,3.61,3.65,3.66,3.70,3.71,3.72,3.73,4.00,4.01,4.10,4.11,4.20,4.21,4.25,4.30,4.31,4.40,4.41,4.45,4.46,4.50,4.53,4.55,4.60,4.65,4.66,4.70,4.75,4.76,4.78,4.80,4.81,4.82,4.83,4.84,4.85,4.86,4.87,4.88,4.89,4.90,4.91,4.92,4.93	none	none
339	1.02,1.10,1.11,1.30,1.31,1.32,1.50,1.51,1.54,1.60,1.70,1.80,1.81,1.82,1.90,1.92,1.93,1.94,2.00,2.01,2.10,2.17,2.20,2.30,2.35,2.36,2.40,2.41,2.42,2.43,2.50,2.52,2.53,2.60,2.70,2.76,2.80,3.00,3.01,3.10,3.15,3.16,3.21,3.30,3.40,3.41,3.42,3.50,3.55,3.56,3.60,3.61,3.65,3.66,3.70,3.71,3.72,3.73,4.00,4.01,4.10,4.11,4.20,4.21,4.25,4.30,4.31,4.40,4.41,4.45,4.46,4.50,4.53,4.55,4.60,4.65,4.66,4.70,4.75,4.76,4.78,4.80,4.81,4.82,4.83,4.84,4.85,4.86,4.87,4.88,4.89,4.90,4.91,4.92,4.93	none	none
340	1.02,1.10,1.11,1.30,1.31,1.32,1.50,1.51,1.54,1.60,1.70,1.80,1.81,1.82,1.90,1.92,1.93,1.94,2.00,2.01,2.10,2.17,2.20,2.30,2.35,2.36,2.40,2.41,2.42,2.43,2.50,2.52,2.53,2.60,2.70,2.76,2.80,3.00,3.01,3.10,3.15,3.16,3.21,3.30,3.40,3.41,3.42,3.50,3.55,3.56,3.60,3.61,3.65,3.66,3.70,3.71,3.72,3.73,4.00,4.01,4.10,4.11,4.20,4.21,4.25,4.30,4.31,4.40,4.41,4.45,4.46,4.50,4.53,4.55,4.60,4.65,4.66,4.70,4.75,4.76,4.78,4.80,4.81,4.82,4.83,4.84,4.85,4.86,4.87,4.88,4.89,4.90,4.91,4.92,4.93	none	none
341	1.02,1.10,1.11,1.30,1.31,1.32,1.50,1.51,1.54,1.60,1.70,1.80,1.81,1.82,1.90,1.92,1.93,1.94,2.00,2.01,2.10,2.17,2.20,2.30,2.35,2.36,2.40,2.41,2.42,2.43,2.50,2.52,2.53,2.60,2.70,2.76,2.80,3.00,3.01,3.10,3.15,3.16,3.21,3.30,3.40,3.41,3.42,3.50,3.55,3.56,3.60,3.61,3.65,3.66,3.70,3.71,3.72,3.73,4.00,4.01,4.10,4.11,4.20,4.21,4.25,4.30,4.31,4.40,4.41,4.45,4.46,4.50,4.53,4.55,4.60,4.65,4.66,4.70,4.75,4.76,4.78,4.80,4.81,4.82,4.83,4.84,4.85,4.86,4.87,4.88,4.89,4.90,4.91,4.92,4.93	none	none
342	1.02,1.10,1.11,1.30,1.31,1.32,1.50,1.51,1.54,1.60,1.70,1.80,1.81,1.82,1.90,1.92,1.93,1.94,2.00,2.01,2.10,2.17,2.20,2.30,2.35,2.36,2.40,2.41,2.42,2.43,2.50,2.52,2.53,2.60,2.70,2.76,2.80,3.00,3.01,3.10,3.15,3.16,3.21,3.30,3.40,3.41,3.42,3.50,3.55,3.56,3.60,3.61,3.65,3.66,3.70,3.71,3.72,3.73,4.00,4.01,4.10,4.11,4.20,4.21,4.25,4.30,4.31,4.40,4.41,4.45,4.46,4.50,4.53,4.55,4.60,4.65,4.66,4.70,4.75,4.76,4.78,4.80,4.81,4.82,4.83,4.84,4.85,4.86,4.87,4.88,4.89,4.90,4.91,4.92,4.93	none	none
343	1.02,1.10,1.11,1.30,1.31,1.32,1.50,1.51,1.54,1.60,1.70,1.80,1.81,1.82,1.90,1.92,1.93,1.94,2.00,2.01,2.10,2.17,2.20,2.30,2.35,2.36,2.40,2.41,2.42,2.43,2.50,2.52,2.53,2.60,2.70,2.76,2.80,3.00,3.01,3.10,3.15,3.16,3.21,3.30,3.40,3.41,3.42,3.50,3.55,3.56,3.60,3.61,3.65,3.66,3.70,3.71,3.72,3.73,4.00,4.01,4.10,4.11,4.20,4.21,4.25,4.30,4.31,4.40,4.41,4.45,4.46,4.50,4.53,4.55,4.60,4.65,4.66,4.70,4.75,4.76,4.78,4.80,4.81,4.82,4.83,4.84,4.85,4.86,4.87,4.88,4.89,4.90,4.91,4.92,4.93	none	none
344	none	1.02,1.10,1.11,1.30,1.31,1.32,1.50,1.51,1.54,1.60,1.70,1.80,1.81,1.82,1.90,1.92,1.93,1.94,2.00,2.01,2.10,2.17,2.20,2.30,2.35,2.36,2.40,2.41,2.42,2.43,2.50,2.52,2.53,2.60,2.70,2.76,2.80,3.00,3.01,3.10,3.15,3.16,3.21,3.30,3.40,3.41,3.42,3.50,3.55,3.56,3.60,3.61,3.65,3.66,3.70,3.71,3.72,3.73,4.00,4.01,4.10,4.11,4.20,4.21,4.25,4.30,4.31,4.40,4.41,4.45,4.46,4.50,4.53,4.55,4.60,4.65,4.66,4.70,4.75,4.76,4.78,4.80,4.81,4.82,4.83,4.84,4.85,4.86,4.87,4.88,4.89,4.90,4.91,4.92,4.93	none
345	1.02,1.10,1.11,1.30,1.31,1.32,1.50,1.51,1.54,1.60,1.70,1.80,1.81,1.82,1.90,1.92,1.93,1.94,2.00,2.01,2.10,2.17,2.20,2.30,2.35,2.36,2.40,2.41,2.42,2.43,2.50,2.52,2.53,2.60,2.70,2.76,2.80,3.00,3.01,3.10,3.15,3.16,3.21,3.30,3.40,3.41,3.42,3.50,3.55,3.56,3.60,3.61,3.65,3.66,3.70,3.71,3.72,3.73,4.00,4.01,4.10,4.11,4.20,4.21,4.25,4.30,4.31,4.40,4.41,4.45,4.46,4.50,4.53,4.55,4.60,4.65,4.66,4.70,4.75,4.76,4.78,4.80,4.81,4.82,4.83,4.84,4.85,4.86,4.87,4.88,4.89,4.90,4.91,4.92,4.93	none	none
346	1.02,1.10,1.11,1.30,1.31,1.32,1.50,1.51,1.54,1.60,1.70,1.80,1.81,1.82,1.90,1.92,1.93,1.94,2.00,2.01,2.10,2.17,2.20,2.30,2.35,2.36,2.40,2.41,2.42,2.43,2.50,2.52,2.53,2.60,2.70,2.76,2.80,3.00,3.01,3.10,3.15,3.16,3.21,3.30,3.40,3.41,3.42,3.50,3.55,3.56,3.60,3.61,3.65,3.66,3.70,3.71,3.72,3.73,4.00,4.01,4.10,4.11,4.20,4.21,4.25,4.30,4.31,4.40,4.41,4.45,4.46,4.50,4.53,4.55,4.60,4.65,4.66,4.70,4.75,4.76,4.78,4.80,4.81,4.82,4.83,4.84,4.85,4.86,4.87,4.88,4.89,4.90,4.91,4.92,4.93	none	none
347	none	1.02,1.10,1.11,1.30,1.31,1.32,1.50,1.51,1.54,1.60,1.70,1.80,1.81,1.82,1.90,1.92,1.93,1.94,2.00,2.01,2.10,2.17,2.20,2.30,2.35,2.36,2.40,2.41,2.42,2.43,2.50,2.52,2.53,2.60,2.70,2.76,2.80,3.00,3.01,3.10,3.15,3.16,3.21,3.30,3.40,3.41,3.42,3.50,3.55,3.56,3.60,3.61,3.65,3.66,3.70,3.71,3.72,3.73,4.00,4.01,4.10,4.11,4.20,4.21,4.25,4.30,4.31,4.40,4.41,4.45,4.46,4.50,4.53,4.55,4.60,4.65,4.66,4.70,4.75,4.76,4.78,4.80,4.81,4.82,4.83,4.84,4.85,4.86,4.87,4.88,4.89,4.90,4.91,4.92,4.93	none
348	1.02,1.10,1.11,1.30,1.31,1.32,1.50,1.51,1.54,1.60,1.70,1.80,1.81,1.82,1.90,1.92,1.93,1.94,2.00,2.01,2.10,2.17,2.20,2.30,2.35,2.36,2.40,2.41,2.42,2.43,2.50,2.52,2.53,2.60,2.70,2.76,2.80,3.00,3.01,3.10,3.15,3.16,3.21,3.30,3.40,3.41,3.42,3.50,3.55,3.56,3.60,3.61,3.65,3.66,3.70,3.71,3.72,3.73,4.00,4.01,4.10,4.11,4.20,4.21,4.25,4.30,4.31,4.40,4.41,4.45,4.46,4.50,4.53,4.55,4.60,4.65,4.66,4.70,4.75,4.76,4.78,4.80,4.81,4.82,4.83,4.84,4.85,4.86,4.87,4.88,4.89,4.90,4.91,4.92,4.93	none	none
349	1.02,1.10,1.11,1.30,1.31,1.32,1.50,1.51,1.54,1.60,1.70,1.80,1.81,1.82,1.90,1.92,1.93,1.94,2.00,2.01,2.10,2.17,2.20,2.30,2.35,2.36,2.40,2.41,2.42,2.43,2.50,2.52,2.53,2.60,2.70,2.76,2.80,3.00,3.01,3.10,3.15,3.16,3.21,3.30,3.40,3.41,3.42,3.50,3.55,3.56,3.60,3.61,3.65,3.66,3.70,3.71,3.72,3.73,4.00,4.01,4.10,4.11,4.20,4.21,4.25,4.30,4.31,4.40,4.41,4.45,4.46,4.50,4.53,4.55,4.60,4.65,4.66,4.70,4.75,4.76,4.78,4.80,4.81,4.82,4.83,4.84,4.85,4.86,4.87,4.88,4.89,4.90,4.91,4.92,4.93	none	none
350	1.02,1.10,1.11,1.30,1.31,1.32,1.50,1.51,1.54,1.60,1.70,1.80,1.81,1.82,1.90,1.92,1.93,1.94,2.00,2.01,2.10,2.17,2.20,2.30,2.35,2.36,2.40,2.41,2.42,2.43,2.50,2.52,2.53,2.60,2.70,2.76,2.80,3.00,3.01,3.10,3.15,3.16,3.21,3.30,3.40,3.41,3.42,3.50,3.55,3.56,3.60,3.61,3.65,3.66,3.70,3.71,3.72,3.73,4.00,4.01,4.10,4.11,4.20,4.21,4.25,4.30,4.31,4.40,4.41,4.45,4.46,4.50,4.53,4.55,4.60,4.65,4.66,4.70,4.75,4.76,4.78,4.80,4.81,4.82,4.83,4.84,4.85,4.86,4.87,4.88,4.89,4.90,4.91,4.92,4.93	none	none
351	1.02,1.10,1.11,1.30,1.31,1.32,1.50,1.51,1.54,1.60,1.70,1.80,1.81,1.82,1.90,1.92,1.93,1.94,2.00,2.01,2.10,2.17,2.20,2.30,2.35,2.36,2.40,2.41,2.42,2.43,2.50,2.52,2.53,2.60,2.70,2.76,2.80,3.00,3.01,3.10,3.15,3.16,3.21,3.30,3.40,3.41,3.42,3.50,3.55,3.56,3.60,3.61,3.65,3.66,3.70,3.71,3.72,3.73,4.00,4.01,4.10,4.11,4.20,4.21,4.25,4.30,4.31,4.40,4.41,4.45,4.46,4.50,4.53,4.55,4.60,4.65,4.66,4.70,4.75,4.76,4.78,4.80,4.81,4.82,4.83,4.84,4.85,4.86,4.87,4.88,4.89,4.90,4.91,4.92,4.93	none	none
352	1.02,1.10,1.11,1.30,1.31,1.32,1.50,1.51,1.54,1.60,1.70,1.80,1.81,1.82,1.90,1.92,1.93,1.94,2.00,2.01,2.10,2.17,2.20,2.30,2.35,2.36,2.40,2.41,2.42,2.43,2.50,2.52,2.53,2.60,2.70,2.76,2.80,3.00,3.01,3.10,3.15,3.16,3.21,3.30,3.40,3.41,3.42,3.50,3.55,3.56,3.60,3.61,3.65,3.66,3.70,3.71,3.72,3.73,4.00,4.01,4.10,4.11,4.20,4.21,4.25,4.30,4.31,4.40,4.41,4.45,4.46,4.50,4.53,4.55,4.60,4.65,4.66,4.70,4.75,4.76,4.78,4.80,4.81,4.82,4.83,4.84,4.85,4.86,4.87,4.88,4.89,4.90,4.91,4.92,4.93	none	none
353	1.02,1.10,1.11,1.30,1.31,1.32,1.50,1.51,1.54,1.60,1.70,1.80,1.81,1.82,1.90,1.92,1.93,1.94,2.00,2.01,2.10,2.17,2.20,2.30,2.35,2.36,2.40,2.41,2.42,2.43,2.50,2.52,2.53,2.60,2.70,2.76,2.80,3.00,3.01,3.10,3.15,3.16,3.21,3.30,3.40,3.41,3.42,3.50,3.55,3.56,3.60,3.61,3.65,3.66,3.70,3.71,3.72,3.73,4.00,4.01,4.10,4.11,4.20,4.21,4.25,4.30,4.31,4.40,4.41,4.45,4.46,4.50,4.53,4.55,4.60,4.65,4.66,4.70,4.75,4.76,4.78,4.80,4.81,4.82,4.83,4.84,4.85,4.86,4.87,4.88,4.89,4.90,4.91,4.92,4.93	none	none
354	2.00,2.01,2.10,2.17,2.20,2.30,2.35,2.36,2.40,2.41,2.42,2.43,2.50,2.52,2.53,2.60,2.70,2.76,2.80,3.00,3.01,3.10,3.15,3.16,3.21,3.30,3.40,3.41,3.42,3.50,3.55,3.56,3.60,3.61,3.65,3.66,3.70,3.71,3.72,3.73,4.00,4.01,4.10,4.11,4.20,4.21,4.25,4.30,4.31,4.40,4.41,4.45,4.46,4.50,4.53,4.55,4.60,4.65,4.66,4.70,4.75,4.76,4.78,4.80,4.81,4.82,4.83,4.84,4.85,4.86,4.87,4.88,4.89,4.90,4.91,4.92,4.93	1.02,1.10,1.11,1.30,1.31,1.32,1.50,1.51,1.54,1.60,1.70,1.80,1.81,1.82,1.90,1.92,1.93,1.94	none
355	1.02,1.10,1.11,1.30,1.31,1.32,1.50,1.51,1.54,1.60,1.70,1.80,1.81,1.82,1.90,1.92,1.93,1.94,2.00,2.01,2.10,2.17,2.20,2.30,2.35,2.36,2.40,2.41,2.42,2.43,2.50,2.52,2.53,2.60,2.70,2.76,2.80,3.00,3.01,3.10,3.15,3.16,3.21,3.30,3.40,3.41,3.42,3.50,3.55,3.56,3.60,3.61,3.65,3.66,3.70,3.71,3.72,3.73,4.00,4.01,4.10,4.11,4.20,4.21,4.25,4.30,4.31,4.40,4.41,4.45,4.46,4.50,4.53,4.55,4.60,4.65,4.66,4.70,4.75,4.76,4.78,4.80,4.81,4.82,4.83,4.84,4.85,4.86,4.87,4.88,4.89,4.90,4.91,4.92,4.93	none	none
356	1.02,1.10,1.11,1.30,1.31,1.32,1.50,1.51,1.54,1.60,1.70,1.80,1.81,1.82,1.90,1.92,1.93,1.94,2.00,2.01,2.10,2.17,2.20,2.30,2.35,2.36,2.40,2.41,2.42,2.43,2.50,2.52,2.53,2.60,2.70,2.76,2.80,3.00,3.01,3.10,3.15,3.16,3.21,3.30,3.40,3.41,3.42,3.50,3.55,3.56,3.60,3.61,3.65,3.66,3.70,3.71,3.72,3.73,4.00,4.01,4.10,4.11,4.20,4.21,4.25,4.30,4.31,4.40,4.41,4.45,4.46,4.50,4.53,4.55,4.60,4.65,4.66,4.70,4.75,4.76,4.78,4.80,4.81,4.82,4.83,4.84,4.85,4.86,4.87,4.88,4.89,4.90,4.91,4.92,4.93	none	none
357	1.02,1.10,1.11,1.30,1.31,1.32,1.50,1.51,1.54,1.60,1.70,1.80,1.81,1.82,1.90,1.92,1.93,1.94,2.00,2.01,2.10,2.17,2.20,2.30,2.35,2.36,2.40,2.41,2.42,2.43,2.50,2.52,2.53,2.60,2.70,2.76,2.80,3.00,3.01,3.10,3.15,3.16,3.21,3.30,3.40,3.41,3.42,3.50,3.55,3.56,3.60,3.61,3.65,3.66,3.70,3.71,3.72,3.73,4.00,4.01,4.10,4.11,4.20,4.21,4.25,4.30,4.31,4.40,4.41,4.45,4.46,4.50,4.53,4.55,4.60,4.65,4.66,4.70,4.75,4.76,4.78,4.80,4.81,4.82,4.83,4.84,4.85,4.86,4.87,4.88,4.89,4.90,4.91,4.92,4.93	none	none
358	1.02,1.10,1.11,1.30,1.31,1.32,1.50,1.51,1.54,1.60,1.70,1.80,1.81,1.82,1.90,1.92,1.93,1.94,2.00,2.01,2.10,2.17,2.20,2.30,2.35,2.36,2.40,2.41,2.42,2.43,2.50,2.52,2.53,2.60,2.70,2.76,2.80,3.00,3.01,3.10,3.15,3.16,3.21,3.30,3.40,3.41,3.42,3.50,3.55,3.56,3.60,3.61,3.65,3.66,3.70,3.71,3.72,3.73,4.00,4.01,4.10,4.11,4.20,4.21,4.25,4.30,4.31,4.40,4.41,4.45,4.46,4.50,4.53,4.55,4.60,4.65,4.66,4.70,4.75,4.76,4.78,4.80,4.81,4.82,4.83,4.84,4.85,4.86,4.87,4.88,4.89,4.90,4.91,4.92,4.93	none	none
359	1.02,1.10,1.11,1.30,1.31,1.32,1.50,1.51,1.54,1.60,1.70,1.80,1.81,1.82,1.90,1.92,1.93,1.94,2.00,2.01,2.10,2.17,2.20,2.30,2.35,2.36,2.40,2.41,2.42,2.43,2.50,2.52,2.53,2.60,2.70,2.76,2.80,3.00,3.01,3.10,3.15,3.16,3.21,3.30,3.40,3.41,3.42,3.50,3.55,3.56,3.60,3.61,3.65,3.66,3.70,3.71,3.72,3.73,4.00,4.01,4.10,4.11,4.20,4.21,4.25,4.30,4.31,4.40,4.41,4.45,4.46,4.50,4.53,4.55,4.60,4.65,4.66,4.70,4.75,4.76,4.78,4.80,4.81,4.82,4.83,4.84,4.85,4.86,4.87,4.88,4.89,4.90,4.91,4.92,4.93	none	none
360	1.02,1.10,1.11,1.30,1.31,1.32,1.50,1.51,1.54,1.60,1.70,1.80,1.81,1.82,1.90,1.92,1.93,1.94,2.00,2.01,2.10,2.17,2.20,2.30,2.35,2.36,2.40,2.41,2.42,2.43,2.50,2.52,2.53,2.60,2.70,2.76,2.80,3.00,3.01,3.10,3.15,3.16,3.21,3.30,3.40,3.41,3.42,3.50,3.55,3.56,3.60,3.61,3.65,3.66,3.70,3.71,3.72,3.73,4.00,4.01,4.10,4.11,4.20,4.21,4.25,4.30,4.31,4.40,4.41,4.45,4.46,4.50,4.53,4.55,4.60,4.65,4.66,4.70,4.75,4.76,4.78,4.80,4.81,4.82,4.83,4.84,4.85,4.86,4.87,4.88,4.89,4.90,4.91,4.92,4.93	none	none
361	1.50,1.51,1.54,1.60,1.70,1.80,1.81,1.82,1.90,1.92,1.93,1.94,2.00,2.01,2.10,2.17,2.20,2.30,2.35,2.36,2.40,2.41,2.42,2.43,2.50,2.52,2.53,2.60,2.70,2.76,2.80,3.00,3.01,3.10,3.15,3.16,3.21,3.30,3.40,3.41,3.42,3.50,3.55,3.56,3.60,3.61,3.65,3.66,3.70,3.71,3.72,3.73,4.00,4.01,4.10,4.11,4.20,4.21,4.25,4.30,4.31,4.40,4.41,4.45,4.46,4.50,4.53,4.55,4.60,4.65,4.66,4.70,4.75,4.76,4.78,4.80,4.81,4.82,4.83,4.84,4.85,4.86,4.87,4.88,4.89,4.90,4.91,4.92,4.93	1.02,1.10,1.11,1.30,1.31,1.32	none
362	1.50,1.51,1.54,1.60,1.70,1.80,1.81,1.82,1.90,1.92,1.93,1.94,2.00,2.01,2.10,2.17,2.20,2.30,2.35,2.36,2.40,2.41,2.42,2.43,2.50,2.52,2.53,2.60,2.70,2.76,2.80,3.00,3.01,3.10,3.15,3.16,3.21,3.30,3.40,3.41,3.42,3.50,3.55,3.56,3.60,3.61,3.65,3.66,3.70,3.71,3.72,3.73,4.00,4.01,4.10,4.11,4.20,4.21,4.25,4.30,4.31,4.40,4.41,4.45,4.46,4.50,4.53,4.55,4.60,4.65,4.66,4.70,4.75,4.76,4.78,4.80,4.81,4.82,4.83,4.84,4.85,4.86,4.87,4.88,4.89,4.90,4.91,4.92,4.93	1.02,1.10,1.11,1.30,1.31,1.32	none
363	1.50,1.51,1.54,1.60,1.70,1.80,1.81,1.82,1.90,1.92,1.93,1.94,2.00,2.01,2.10,2.17,2.20,2.30,2.35,2.36,2.40,2.41,2.42,2.43,2.50,2.52,2.53,2.60,2.70,2.76,2.80,3.00,3.01,3.10,3.15,3.16,3.21,3.30,3.40,3.41,3.42,3.50,3.55,3.56,3.60,3.61,3.65,3.66,3.70,3.71,3.72,3.73,4.00,4.01,4.10,4.11,4.20,4.21,4.25,4.30,4.31,4.40,4.41,4.45,4.46,4.50,4.53,4.55,4.60,4.65,4.66,4.70,4.75,4.76,4.78,4.80,4.81,4.82,4.83,4.84,4.85,4.86,4.87,4.88,4.89,4.90,4.91,4.92,4.93	1.02,1.10,1.11,1.30,1.31,1.32	none
364	none	1.02,1.10,1.11,1.30,1.31,1.32,1.50,1.51,1.54,1.60,1.70,1.80,1.81,1.82,1.90,1.92,1.93,1.94,2.00,2.01,2.10,2.17,2.20,2.30,2.35,2.36,2.40,2.41,2.42,2.43,2.50,2.52,2.53,2.60,2.70,2.76,2.80,3.00,3.01,3.10,3.15,3.16,3.21,3.30,3.40,3.41,3.42,3.50,3.55,3.56,3.60,3.61,3.65,3.66,3.70,3.71,3.72,3.73,4.00,4.01,4.10,4.11,4.20,4.21,4.25,4.30,4.31,4.40,4.41,4.45,4.46,4.50,4.53,4.55,4.60,4.65,4.66,4.70,4.75,4.76,4.78,4.80,4.81,4.82,4.83,4.84,4.85,4.86,4.87,4.88,4.89,4.90,4.91,4.92,4.93	none
365	none	1.02,1.10,1.11,1.30,1.31,1.32,1.50,1.51,1.54,1.60,1.70,1.80,1.81,1.82,1.90,1.92,1.93,1.94,2.00,2.01,2.10,2.17,2.20,2.30,2.35,2.36,2.40,2.41,2.42,2.43,2.50,2.52,2.53,2.60,2.70,2.76,2.80,3.00,3.01,3.10,3.15,3.16,3.21,3.30,3.40,3.41,3.42,3.50,3.55,3.56,3.60,3.61,3.65,3.66,3.70,3.71,3.72,3.73,4.00,4.01,4.10,4.11,4.20,4.21,4.25,4.30,4.31,4.40,4.41,4.45,4.46,4.50,4.53,4.55,4.60,4.65,4.66,4.70,4.75,4.76,4.78,4.80,4.81,4.82,4.83,4.84,4.85,4.86,4.87,4.88,4.89,4.90,4.91,4.92,4.93	none
366	none	1.02,1.10,1.11,1.30,1.31,1.32,1.50,1.51,1.54,1.60,1.70,1.80,1.81,1.82,1.90,1.92,1.93,1.94,2.00,2.01,2.10,2.17,2.20,2.30,2.35,2.36,2.40,2.41,2.42,2.43,2.50,2.52,2.53,2.60,2.70,2.76,2.80,3.00,3.01,3.10,3.15,3.16,3.21,3.30,3.40,3.41,3.42,3.50,3.55,3.56,3.60,3.61,3.65,3.66,3.70,3.71,3.72,3.73,4.00,4.01,4.10,4.11,4.20,4.21,4.25,4.30,4.31,4.40,4.41,4.45,4.46,4.50,4.53,4.55,4.60,4.65,4.66,4.70,4.75,4.76,4.78,4.80,4.81,4.82,4.83,4.84,4.85,4.86,4.87,4.88,4.89,4.90,4.91,4.92,4.93	none
367	1.02,1.10,1.11,1.30,1.31,1.32,1.50,1.51,1.54,1.60,1.70,1.80,1.81,1.82,1.90,1.92,1.93,1.94,2.00,2.01,2.10,2.17,2.20,2.30,2.35,2.36,2.40,2.41,2.42,2.43,2.50,2.52,2.53,2.60,2.70,2.76,2.80,3.00,3.01,3.10,3.15,3.16,3.21,3.30,3.40,3.41,3.42,3.50,3.55,3.56,3.60,3.61,3.65,3.66,3.70,3.71,3.72,3.73,4.00,4.01,4.10,4.11,4.20,4.21,4.25,4.30,4.31,4.40,4.41,4.45,4.46,4.50,4.53,4.55,4.60,4.65,4.66,4.70,4.75,4.76,4.78,4.80,4.81,4.82,4.83,4.84,4.85,4.86,4.87,4.88,4.89,4.90,4.91,4.92,4.93	none	none
368	1.02,1.10,1.11,1.30,1.31,1.32,1.50,1.51,1.54,1.60,1.70,1.80,1.81,1.82,1.90,1.92,1.93,1.94,2.00,2.01,2.10,2.17,2.20,2.30,2.35,2.36,2.40,2.41,2.42,2.43,2.50,2.52,2.53,2.60,2.70,2.76,2.80,3.00,3.01,3.10,3.15,3.16,3.21,3.30,3.40,3.41,3.42,3.50,3.55,3.56,3.60,3.61,3.65,3.66,3.70,3.71,3.72,3.73,4.00,4.01,4.10,4.11,4.20,4.21,4.25,4.30,4.31,4.40,4.41,4.45,4.46,4.50,4.53,4.55,4.60,4.65,4.66,4.70,4.75,4.76,4.78,4.80,4.81,4.82,4.83,4.84,4.85,4.86,4.87,4.88,4.89,4.90,4.91,4.92,4.93	none	none
369	1.02,1.10,1.11,1.30,1.31,1.32,1.50,1.51,1.54,1.60,1.70,1.80,1.81,1.82,1.90,1.92,1.93,1.94,2.00,2.01,2.10,2.17,2.20,2.30,2.35,2.36,2.40,2.41,2.42,2.43,2.50,2.52,2.53,2.60,2.70,2.76,2.80,3.00,3.01,3.10,3.15,3.16,3.21,3.30,3.40,3.41,3.42,3.50,3.55,3.56,3.60,3.61,3.65,3.66,3.70,3.71,3.72,3.73,4.00,4.01,4.10,4.11,4.20,4.21,4.25,4.30,4.31,4.40,4.41,4.45,4.46,4.50,4.53,4.55,4.60,4.65,4.66,4.70,4.75,4.76,4.78,4.80,4.81,4.82,4.83,4.84,4.85,4.86,4.87,4.88,4.89,4.90,4.91,4.92,4.93	none	none
370	1.02,1.10,1.11,1.30,1.31,1.32,1.50,1.51,1.54,1.60,1.70,1.80,1.81,1.82,1.90,1.92,1.93,1.94,2.00,2.01,2.10,2.17,2.20,2.30,2.35,2.36,2.40,2.41,2.42,2.43,2.50,2.52,2.53,2.60,2.70,2.76,2.80,3.00,3.01,3.10,3.15,3.16,3.21,3.30,3.40,3.41,3.42,3.50,3.55,3.56,3.60,3.61,3.65,3.66,3.70,3.71,3.72,3.73,4.00,4.01,4.10,4.11,4.20,4.21,4.25,4.30,4.31,4.40,4.41,4.45,4.46,4.50,4.53,4.55,4.60,4.65,4.66,4.70,4.75,4.76,4.78,4.80,4.81,4.82,4.83,4.84,4.85,4.86,4.87,4.88,4.89,4.90,4.91,4.92,4.93	none	none
371	none	1.02,1.10,1.11,1.30,1.31,1.32,1.50,1.51,1.54,1.60,1.70,1.80,1.81,1.82,1.90,1.92,1.93,1.94,2.00,2.01,2.10,2.17,2.20,2.30,2.35,2.36,2.40,2.41,2.42,2.43,2.50,2.52,2.53,2.60,2.70,2.76,2.80,3.00,3.01,3.10,3.15,3.16,3.21,3.30,3.40,3.41,3.42,3.50,3.55,3.56,3.60,3.61,3.65,3.66,3.70,3.71,3.72,3.73,4.00,4.01,4.10,4.11,4.20,4.21,4.25,4.30,4.31,4.40,4.41,4.45,4.46,4.50,4.53,4.55,4.60,4.65,4.66,4.70,4.75,4.76,4.78,4.80,4.81,4.82,4.83,4.84,4.85,4.86,4.87,4.88,4.89,4.90,4.91,4.92,4.93	none
372	1.90,1.92,1.93,1.94,2.00,2.01,2.10,2.17,2.20,2.30,2.35,2.36,2.40,2.41,2.42,2.43,2.50,2.52,2.53,2.60,2.70,2.76,2.80,3.00,3.01,3.10,3.15,3.16,3.21,3.30,3.40,3.41,3.42,3.50,3.55,3.56,3.60,3.61,3.65,3.66,3.70,3.71,3.72,3.73,4.00,4.01,4.10,4.11,4.20,4.21,4.25,4.30,4.31,4.40,4.41,4.45,4.46,4.50,4.53,4.55,4.60,4.65,4.66,4.70,4.75,4.76,4.78,4.80,4.81,4.82,4.83,4.84,4.85,4.86,4.87,4.88,4.89,4.90,4.91,4.92,4.93	1.02,1.10,1.11,1.30,1.31,1.32,1.50,1.51,1.54,1.60,1.70,1.80,1.81,1.82	none
373	1.90,1.92,1.93,1.94,2.00,2.01,2.10,2.17,2.20,2.30,2.35,2.36,2.40,2.41,2.42,2.43,2.50,2.52,2.53,2.60,2.70,2.76,2.80,3.00,3.01,3.10,3.15,3.16,3.21,3.30,3.40,3.41,3.42,3.50,3.55,3.56,3.60,3.61,3.65,3.66,3.70,3.71,3.72,3.73,4.00,4.01,4.10,4.11,4.20,4.21,4.25,4.30,4.31,4.40,4.41,4.45,4.46,4.50,4.53,4.55,4.60,4.65,4.66,4.70,4.75,4.76,4.78,4.80,4.81,4.82,4.83,4.84,4.85,4.86,4.87,4.88,4.89,4.90,4.91,4.92,4.93	1.02,1.10,1.11,1.30,1.31,1.32,1.50,1.51,1.54,1.60,1.70,1.80,1.81,1.82	none
374	1.90,1.92,1.93,1.94,2.00,2.01,2.10,2.17,2.20,2.30,2.35,2.36,2.40,2.41,2.42,2.43,2.50,2.52,2.53,2.60,2.70,2.76,2.80,3.00,3.01,3.10,3.15,3.16,3.21,3.30,3.40,3.41,3.42,3.50,3.55,3.56,3.60,3.61,3.65,3.66,3.70,3.71,3.72,3.73,4.00,4.01,4.10,4.11,4.20,4.21,4.25,4.30,4.31,4.40,4.41,4.45,4.46,4.50,4.53,4.55,4.60,4.65,4.66,4.70,4.75,4.76,4.78,4.80,4.81,4.82,4.83,4.84,4.85,4.86,4.87,4.88,4.89,4.90,4.91,4.92,4.93	1.02,1.10,1.11,1.30,1.31,1.32,1.50,1.51,1.54,1.60,1.70,1.80,1.81,1.82	none
375	1.90,1.92,1.93,1.94,2.00,2.01,2.10,2.17,2.20,2.30,2.35,2.36,2.40,2.41,2.42,2.43,2.50,2.52,2.53,2.60,2.70,2.76,2.80,3.00,3.01,3.10,3.15,3.16,3.21,3.30,3.40,3.41,3.42,3.50,3.55,3.56,3.60,3.61,3.65,3.66,3.70,3.71,3.72,3.73,4.00,4.01,4.10,4.11,4.20,4.21,4.25,4.30,4.31,4.40,4.41,4.45,4.46,4.50,4.53,4.55,4.60,4.65,4.66,4.70,4.75,4.76,4.78,4.80,4.81,4.82,4.83,4.84,4.85,4.86,4.87,4.88,4.89,4.90,4.91,4.92,4.93	1.02,1.10,1.11,1.30,1.31,1.32,1.50,1.51,1.54,1.60,1.70,1.80,1.81,1.82	none
376	1.90,1.92,1.93,1.94,2.00,2.01,2.10,2.17,2.20,2.30,2.35,2.36,2.40,2.41,2.42,2.43,2.50,2.52,2.53,2.60,2.70,2.76,2.80,3.00,3.01,3.10,3.15,3.16,3.21,3.30,3.40,3.41,3.42,3.50,3.55,3.56,3.60,3.61,3.65,3.66,3.70,3.71,3.72,3.73,4.00,4.01,4.10,4.11,4.20,4.21,4.25,4.30,4.31,4.40,4.41,4.45,4.46,4.50,4.53,4.55,4.60,4.65,4.66,4.70,4.75,4.76,4.78,4.80,4.81,4.82,4.83,4.84,4.85,4.86,4.87,4.88,4.89,4.90,4.91,4.92,4.93	1.02,1.10,1.11,1.30,1.31,1.32,1.50,1.51,1.54,1.60,1.70,1.80,1.81,1.82	none
377	1.60,1.70,1.80,1.81,1.82,1.90,1.92,1.93,1.94,2.00,2.01,2.10,2.17,2.20,2.30,2.35,2.36,2.40,2.41,2.42,2.43,2.50,2.52,2.53,2.60,2.70,2.76,2.80,3.00,3.01,3.10,3.15,3.16,3.21,3.30,3.40,3.41,3.42,3.50,3.55,3.56,3.60,3.61,3.65,3.66,3.70,3.71,3.72,3.73,4.00,4.01,4.10,4.11,4.20,4.21,4.25,4.30,4.31,4.40,4.41,4.45,4.46,4.50,4.53,4.55,4.60,4.65,4.66,4.70,4.75,4.76,4.78,4.80,4.81,4.82,4.83,4.84,4.85,4.86,4.87,4.88,4.89,4.90,4.91,4.92,4.93	1.02,1.10,1.11,1.30,1.31,1.32,1.50,1.51,1.54	none
378	1.02,1.10,1.11,1.30,1.31,1.32,1.50,1.51,1.54,1.60,1.70,1.80,1.81,1.82,1.90,1.92,1.93,1.94,2.00,2.01,2.10,2.17,2.20,2.30,2.35,2.36,2.40,2.41,2.42,2.43,2.50,2.52,2.53,2.60,2.70,2.76,2.80,3.00,3.01,3.10,3.15,3.16,3.21,3.30,3.40,3.41,3.42,3.50,3.55,3.56,3.60,3.61,3.65,3.66,3.70,3.71,3.72,3.73,4.00,4.01,4.10,4.11,4.20,4.21,4.25,4.30,4.31,4.40,4.41,4.45,4.46,4.50,4.53,4.55,4.60,4.65,4.66,4.70,4.75,4.76,4.78,4.80,4.81,4.82,4.83,4.84,4.85,4.86,4.87,4.88,4.89,4.90,4.91,4.92,4.93	none	none
379	1.02,1.10,1.11,1.30,1.31,1.32,1.50,1.51,1.54,1.60,1.70,1.80,1.81,1.82,1.90,1.92,1.93,1.94,2.00,2.01,2.10,2.17,2.20,2.30,2.35,2.36,2.40,2.41,2.42,2.43,2.50,2.52,2.53,2.60,2.70,2.76,2.80,3.00,3.01,3.10,3.15,3.16,3.21,3.30,3.40,3.41,3.42,3.50,3.55,3.56,3.60,3.61,3.65,3.66,3.70,3.71,3.72,3.73,4.00,4.01,4.10,4.11,4.20,4.21,4.25,4.30,4.31,4.40,4.41,4.45,4.46,4.50,4.53,4.55,4.60,4.65,4.66,4.70,4.75,4.76,4.78,4.80,4.81,4.82,4.83,4.84,4.85,4.86,4.87,4.88,4.89,4.90,4.91,4.92,4.93	none	none
380	1.02,1.10,1.11,1.30,1.31,1.32,1.50,1.51,1.54,1.60,1.70,1.80,1.81,1.82,1.90,1.92,1.93,1.94,2.00,2.01,2.10,2.17,2.20,2.30,2.35,2.36,2.40,2.41,2.42,2.43,2.50,2.52,2.53,2.60,2.70,2.76,2.80,3.00,3.01,3.10,3.15,3.16,3.21,3.30,3.40,3.41,3.42,3.50,3.55,3.56,3.60,3.61,3.65,3.66,3.70,3.71,3.72,3.73,4.00,4.01,4.10,4.11,4.20,4.21,4.25,4.30,4.31,4.40,4.41,4.45,4.46,4.50,4.53,4.55,4.60,4.65,4.66,4.70,4.75,4.76,4.78,4.80,4.81,4.82,4.83,4.84,4.85,4.86,4.87,4.88,4.89,4.90,4.91,4.92,4.93	none	none
381	1.02,1.10,1.11,1.30,1.31,1.32,1.50,1.51,1.54,1.60,1.70,1.80,1.81,1.82,1.90,1.92,1.93,1.94,2.00,2.01,2.10,2.17,2.20,2.30,2.35,2.36,2.40,2.41,2.42,2.43,2.50,2.52,2.53,2.60,2.70,2.76,2.80,3.00,3.01,3.10,3.15,3.16,3.21,3.30,3.40,3.41,3.42,3.50,3.55,3.56,3.60,3.61,3.65,3.66,3.70,3.71,3.72,3.73,4.00,4.01,4.10,4.11,4.20,4.21,4.25,4.30,4.31,4.40,4.41,4.45,4.46,4.50,4.53,4.55,4.60,4.65,4.66,4.70,4.75,4.76,4.78,4.80,4.81,4.82,4.83,4.84,4.85,4.86,4.87,4.88,4.89,4.90,4.91,4.92,4.93	none	none
382	1.02,1.10,1.11,1.30,1.31,1.32,1.50,1.51,1.54,1.60,1.70,1.80,1.81,1.82,1.90,1.92,1.93,1.94,2.00,2.01,2.10,2.17,2.20,2.30,2.35,2.36,2.40,2.41,2.42,2.43,2.50,2.52,2.53,2.60,2.70,2.76,2.80,3.00,3.01,3.10,3.15,3.16,3.21,3.30,3.40,3.41,3.42,3.50,3.55,3.56,3.60,3.61,3.65,3.66,3.70,3.71,3.72,3.73,4.00,4.01,4.10,4.11,4.20,4.21,4.25,4.30,4.31,4.40,4.41,4.45,4.46,4.50,4.53,4.55,4.60,4.65,4.66,4.70,4.75,4.76,4.78,4.80,4.81,4.82,4.83,4.84,4.85,4.86,4.87,4.88,4.89,4.90,4.91,4.92,4.93	none	none
383	1.02,1.10,1.11,1.30,1.31,1.32,1.50,1.51,1.54,1.60,1.70,1.80,1.81,1.82,1.90,1.92,1.93,1.94,2.00,2.01,2.10,2.17,2.20,2.30,2.35,2.36,2.40,2.41,2.42,2.43,2.50,2.52,2.53,2.60,2.70,2.76,2.80,3.00,3.01,3.10,3.15,3.16,3.21,3.30,3.40,3.41,3.42,3.50,3.55,3.56,3.60,3.61,3.65,3.66,3.70,3.71,3.72,3.73,4.00,4.01,4.10,4.11,4.20,4.21,4.25,4.30,4.31,4.40,4.41,4.45,4.46,4.50,4.53,4.55,4.60,4.65,4.66,4.70,4.75,4.76,4.78,4.80,4.81,4.82,4.83,4.84,4.85,4.86,4.87,4.88,4.89,4.90,4.91,4.92,4.93	none	none
384	1.02,1.10,1.11,1.30,1.31,1.32,1.50,1.51,1.54,1.60,1.70,1.80,1.81,1.82,1.90,1.92,1.93,1.94,2.00,2.01,2.10,2.17,2.20,2.30,2.35,2.36,2.40,2.41,2.42,2.43,2.50,2.52,2.53,2.60,2.70,2.76,2.80,3.00,3.01,3.10,3.15,3.16,3.21,3.30,3.40,3.41,3.42,3.50,3.55,3.56,3.60,3.61,3.65,3.66,3.70,3.71,3.72,3.73,4.00,4.01,4.10,4.11,4.20,4.21,4.25,4.30,4.31,4.40,4.41,4.45,4.46,4.50,4.53,4.55,4.60,4.65,4.66,4.70,4.75,4.76,4.78,4.80,4.81,4.82,4.83,4.84,4.85,4.86,4.87,4.88,4.89,4.90,4.91,4.92,4.93	none	none
385	1.02,1.10,1.11,1.30,1.31,1.32,1.50,1.51,1.54,1.60,1.70,1.80,1.81,1.82,1.90,1.92,1.93,1.94,2.00,2.01,2.10,2.17,2.20,2.30,2.35,2.36,2.40,2.41,2.42,2.43,2.50,2.52,2.53,2.60,2.70,2.76,2.80,3.00,3.01,3.10,3.15,3.16,3.21,3.30,3.40,3.41,3.42,3.50,3.55,3.56,3.60,3.61,3.65,3.66,3.70,3.71,3.72,3.73,4.00,4.01,4.10,4.11,4.20,4.21,4.25,4.30,4.31,4.40,4.41,4.45,4.46,4.50,4.53,4.55,4.60,4.65,4.66,4.70,4.75,4.76,4.78,4.80,4.81,4.82,4.83,4.84,4.85,4.86,4.87,4.88,4.89,4.90,4.91,4.92,4.93	none	none
386	1.02,1.10,1.11,1.30,1.31,1.32,1.50,1.51,1.54,1.60,1.70,1.80,1.81,1.82,1.90,1.92,1.93,1.94,2.00,2.01,2.10,2.17,2.20,2.30,2.35,2.36,2.40,2.41,2.42,2.43,2.50,2.52,2.53,2.60,2.70,2.76,2.80,3.00,3.01,3.10,3.15,3.16,3.21,3.30,3.40,3.41,3.42,3.50,3.55,3.56,3.60,3.61,3.65,3.66,3.70,3.71,3.72,3.73,4.00,4.01,4.10,4.11,4.20,4.21,4.25,4.30,4.31,4.40,4.41,4.45,4.46,4.50,4.53,4.55,4.60,4.65,4.66,4.70,4.75,4.76,4.78,4.80,4.81,4.82,4.83,4.84,4.85,4.86,4.87,4.88,4.89,4.90,4.91,4.92,4.93	none	none
387	1.02,1.10,1.11,1.30,1.31,1.32,1.50,1.51,1.54,1.60,1.70,1.80,1.81,1.82,1.90,1.92,1.93,1.94,2.00,2.01,2.10,2.17,2.20,2.30,2.35,2.36,2.40,2.41,2.42,2.43,2.50,2.52,2.53,2.60,2.70,2.76,2.80,3.00,3.01,3.10,3.15,3.16,3.21,3.30,3.40,3.41,3.42,3.50,3.55,3.56,3.60,3.61,3.65,3.66,3.70,3.71,3.72,3.73,4.00,4.01,4.10,4.11,4.20,4.21,4.25,4.30,4.31,4.40,4.41,4.45,4.46,4.50,4.53,4.55,4.60,4.65,4.66,4.70,4.75,4.76,4.78,4.80,4.81,4.82,4.83,4.84,4.85,4.86,4.87,4.88,4.89,4.90,4.91,4.92,4.93	none	none
388	1.02,1.10,1.11,1.30,1.31,1.32,1.50,1.51,1.54,1.60,1.70,1.80,1.81,1.82,1.90,1.92,1.93,1.94,2.00,2.01,2.10,2.17,2.20,2.30,2.35,2.36,2.40,2.41,2.42,2.43,2.50,2.52,2.53,2.60,2.70,2.76,2.80,3.00,3.01,3.10,3.15,3.16,3.21,3.30,3.40,3.41,3.42,3.50,3.55,3.56,3.60,3.61,3.65,3.66,3.70,3.71,3.72,3.73,4.00,4.01,4.10,4.11,4.20,4.21,4.25,4.30,4.31,4.40,4.41,4.45,4.46,4.50,4.53,4.55,4.60,4.65,4.66,4.70,4.75,4.76,4.78,4.80,4.81,4.82,4.83,4.84,4.85,4.86,4.87,4.88,4.89,4.90,4.91,4.92,4.93	none	none
389	1.02,1.10,1.11,1.30,1.31,1.32,1.50,1.51,1.54,1.60,1.70,1.80,1.81,1.82,1.90,1.92,1.93,1.94,2.00,2.01,2.10,2.17,2.20,2.30,2.35,2.36,2.40,2.41,2.42,2.43,2.50,2.52,2.53,2.60,2.70,2.76,2.80,3.00,3.01,3.10,3.15,3.16,3.21,3.30,3.40,3.41,3.42,3.50,3.55,3.56,3.60,3.61,3.65,3.66,3.70,3.71,3.72,3.73,4.00,4.01,4.10,4.11,4.20,4.21,4.25,4.30,4.31,4.40,4.41,4.45,4.46,4.50,4.53,4.55,4.60,4.65,4.66,4.70,4.75,4.76,4.78,4.80,4.81,4.82,4.83,4.84,4.85,4.86,4.87,4.88,4.89,4.90,4.91,4.92,4.93	none	none
390	1.02,1.10,1.11,1.30,1.31,1.32,1.50,1.51,1.54,1.60,1.70,1.80,1.81,1.82,1.90,1.92,1.93,1.94,2.00,2.01,2.10,2.17,2.20,2.30,2.35,2.36,2.40,2.41,2.42,2.43,2.50,2.52,2.53,2.60,2.70,2.76,2.80,3.00,3.01,3.10,3.15,3.16,3.21,3.30,3.40,3.41,3.42,3.50,3.55,3.56,3.60,3.61,3.65,3.66,3.70,3.71,3.72,3.73,4.00,4.01,4.10,4.11,4.20,4.21,4.25,4.30,4.31,4.40,4.41,4.45,4.46,4.50,4.53,4.55,4.60,4.65,4.66,4.70,4.75,4.76,4.78,4.80,4.81,4.82,4.83,4.84,4.85,4.86,4.87,4.88,4.89,4.90,4.91,4.92,4.93	none	none
391	1.02,1.10,1.11,1.30,1.31,1.32,1.50,1.51,1.54,1.60,1.70,1.80,1.81,1.82,1.90,1.92,1.93,1.94,2.00,2.01,2.10,2.17,2.20,2.30,2.35,2.36,2.40,2.41,2.42,2.43,2.50,2.52,2.53,2.60,2.70,2.76,2.80,3.00,3.01,3.10,3.15,3.16,3.21,3.30,3.40,3.41,3.42,3.50,3.55,3.56,3.60,3.61,3.65,3.66,3.70,3.71,3.72,3.73,4.00,4.01,4.10,4.11,4.20,4.21,4.25,4.30,4.31,4.40,4.41,4.45,4.46,4.50,4.53,4.55,4.60,4.65,4.66,4.70,4.75,4.76,4.78,4.80,4.81,4.82,4.83,4.84,4.85,4.86,4.87,4.88,4.89,4.90,4.91,4.92,4.93	none	none
392	1.02,1.10,1.11,1.30,1.31,1.32,1.50,1.51,1.54,1.60,1.70,1.80,1.81,1.82,1.90,1.92,1.93,1.94,2.00,2.01,2.10,2.17,2.20,2.30,2.35,2.36,2.40,2.41,2.42,2.43,2.50,2.52,2.53,2.60,2.70,2.76,2.80,3.00,3.01,3.10,3.15,3.16,3.21,3.30,3.40,3.41,3.42,3.50,3.55,3.56,3.60,3.61,3.65,3.66,3.70,3.71,3.72,3.73,4.00,4.01,4.10,4.11,4.20,4.21,4.25,4.30,4.31,4.40,4.41,4.45,4.46,4.50,4.53,4.55,4.60,4.65,4.66,4.70,4.75,4.76,4.78,4.80,4.81,4.82,4.83,4.84,4.85,4.86,4.87,4.88,4.89,4.90,4.91,4.92,4.93	none	none
393	1.02,1.10,1.11,1.30,1.31,1.32,1.50,1.51,1.54,1.60,1.70,1.80,1.81,1.82,1.90,1.92,1.93,1.94,2.00,2.01,2.10,2.17,2.20,2.30,2.35,2.36,2.40,2.41,2.42,2.43,2.50,2.52,2.53,2.60,2.70,2.76,2.80,3.00,3.01,3.10,3.15,3.16,3.21,3.30,3.40,3.41,3.42,3.50,3.55,3.56,3.60,3.61,3.65,3.66,3.70,3.71,3.72,3.73,4.00,4.01,4.10,4.11,4.20,4.21,4.25,4.30,4.31,4.40,4.41,4.45,4.46,4.50,4.53,4.55,4.60,4.65,4.66,4.70,4.75,4.76,4.78,4.80,4.81,4.82,4.83,4.84,4.85,4.86,4.87,4.88,4.89,4.90,4.91,4.92,4.93	none	none
394	1.02,1.10,1.11,1.30,1.31,1.32,1.50,1.51,1.54,1.60,1.70,1.80,1.81,1.82,1.90,1.92,1.93,1.94,2.00,2.01,2.10,2.17,2.20,2.30,2.35,2.36,2.40,2.41,2.42,2.43,2.50,2.52,2.53,2.60,2.70,2.76,2.80,3.00,3.01,3.10,3.15,3.16,3.21,3.30,3.40,3.41,3.42,3.50,3.55,3.56,3.60,3.61,3.65,3.66,3.70,3.71,3.72,3.73,4.00,4.01,4.10,4.11,4.20,4.21,4.25,4.30,4.31,4.40,4.41,4.45,4.46,4.50,4.53,4.55,4.60,4.65,4.66,4.70,4.75,4.76,4.78,4.80,4.81,4.82,4.83,4.84,4.85,4.86,4.87,4.88,4.89,4.90,4.91,4.92,4.93	none	none
395	1.02,1.10,1.11,1.30,1.31,1.32,1.50,1.51,1.54,1.60,1.70,1.80,1.81,1.82,1.90,1.92,1.93,1.94,2.00,2.01,2.10,2.17,2.20,2.30,2.35,2.36,2.40,2.41,2.42,2.43,2.50,2.52,2.53,2.60,2.70,2.76,2.80,3.00,3.01,3.10,3.15,3.16,3.21,3.30,3.40,3.41,3.42,3.50,3.55,3.56,3.60,3.61,3.65,3.66,3.70,3.71,3.72,3.73,4.00,4.01,4.10,4.11,4.20,4.21,4.25,4.30,4.31,4.40,4.41,4.45,4.46,4.50,4.53,4.55,4.60,4.65,4.66,4.70,4.75,4.76,4.78,4.80,4.81,4.82,4.83,4.84,4.85,4.86,4.87,4.88,4.89,4.90,4.91,4.92,4.93	none	none
396	1.80,1.81,1.82,1.90,1.92,1.93,1.94,2.00,2.01,2.10,2.17,2.20,2.30,2.35,2.36,2.40,2.41,2.42,2.43,2.50,2.52,2.53,2.60,2.70,2.76,2.80,3.00,3.01,3.10,3.15,3.16,3.21,3.30,3.40,3.41,3.42,3.50,3.55,3.56,3.60,3.61,3.65,3.66,3.70,3.71,3.72,3.73,4.00,4.01,4.10,4.11,4.20,4.21,4.25,4.30,4.31,4.40,4.41,4.45,4.46,4.50,4.53,4.55,4.60,4.65,4.66,4.70,4.75,4.76,4.78,4.80,4.81,4.82,4.83,4.84,4.85,4.86,4.87,4.88,4.89,4.90,4.91,4.92,4.93	1.02,1.10,1.11,1.30,1.31,1.32,1.50,1.51,1.54,1.60,1.70	none
397	1.80,1.81,1.82,1.90,1.92,1.93,1.94,2.00,2.01,2.10,2.17,2.20,2.30,2.35,2.36,2.40,2.41,2.42,2.43,2.50,2.52,2.53,2.60,2.70,2.76,2.80,3.00,3.01,3.10,3.15,3.16,3.21,3.30,3.40,3.41,3.42,3.50,3.55,3.56,3.60,3.61,3.65,3.66,3.70,3.71,3.72,3.73,4.00,4.01,4.10,4.11,4.20,4.21,4.25,4.30,4.31,4.40,4.41,4.45,4.46,4.50,4.53,4.55,4.60,4.65,4.66,4.70,4.75,4.76,4.78,4.80,4.81,4.82,4.83,4.84,4.85,4.86,4.87,4.88,4.89,4.90,4.91,4.92,4.93	1.02,1.10,1.11,1.30,1.31,1.32,1.50,1.51,1.54,1.60,1.70	none
398	1.02,1.10,1.11,1.30,1.31,1.32,1.50,1.51,1.54,1.60,1.70,1.80,1.81,1.82,1.90,1.92,1.93,1.94,2.00,2.01,2.10,2.17,2.20,2.30,2.35,2.36,2.40,2.41,2.42,2.43,2.50,2.52,2.53,2.60,2.70,2.76,2.80,3.00,3.01,3.10,3.15,3.16,3.21,3.30,3.40,3.41,3.42,3.50,3.55,3.56,3.60,3.61,3.65,3.66,3.70,3.71,3.72,3.73,4.00,4.01,4.10,4.11,4.20,4.21,4.25,4.30,4.31,4.40,4.41,4.45,4.46,4.50,4.53,4.55,4.60,4.65,4.66,4.70,4.75,4.76,4.78,4.80,4.81,4.82,4.83,4.84,4.85,4.86,4.87,4.88,4.89,4.90,4.91,4.92,4.93	none	none
399	1.02,1.10,1.11,1.30,1.31,1.32,1.50,1.51,1.54,1.60,1.70,1.80,1.81,1.82,1.90,1.92,1.93,1.94,2.00,2.01,2.10,2.17,2.20,2.30,2.35,2.36	2.40,2.41,2.42,2.43,2.50,2.52,2.53,2.60,2.70,2.76,2.80,3.00,3.01,3.10,3.15,3.16,3.21,3.30,3.40,3.41,3.42,3.50,3.55,3.56,3.60,3.61,3.65,3.66,3.70,3.71,3.72,3.73,4.00,4.01,4.10,4.11,4.20,4.21,4.25,4.30,4.31,4.40,4.41,4.45,4.46,4.50,4.53,4.55,4.60,4.65,4.66,4.70,4.75,4.76,4.78,4.80,4.81,4.82,4.83,4.84,4.85,4.86,4.87,4.88,4.89,4.90,4.91,4.92,4.93	none
400	2.00,2.01,2.10,2.17,2.20,2.30,2.35,2.36,2.40,2.41,2.42,2.43,2.50,2.52,2.53,2.60,2.70,2.76,2.80,3.00,3.01,3.10,3.15,3.16,3.21,3.30,3.40,3.41,3.42,3.50,3.55,3.56,3.60,3.61,3.65,3.66,3.70,3.71,3.72,3.73,4.00,4.01,4.10,4.11,4.20,4.21,4.25,4.30,4.31,4.40,4.41,4.45,4.46,4.50,4.53,4.55,4.60,4.65,4.66,4.70,4.75,4.76,4.78,4.80,4.81,4.82,4.83,4.84,4.85,4.86,4.87,4.88,4.89,4.90,4.91,4.92,4.93	1.02,1.10,1.11,1.30,1.31,1.32,1.50,1.51,1.54,1.60,1.70,1.80,1.81,1.82,1.90,1.92,1.93,1.94	none
401	2.00,2.01,2.10,2.17,2.20,2.30,2.35,2.36,2.40,2.41,2.42,2.43,2.50,2.52,2.53,2.60,2.70,2.76,2.80,3.00,3.01,3.10,3.15,3.16,3.21,3.30,3.40,3.41,3.42,3.50,3.55,3.56,3.60,3.61,3.65,3.66,3.70,3.71,3.72,3.73,4.00,4.01,4.10,4.11,4.20,4.21,4.25,4.30,4.31,4.40,4.41,4.45,4.46,4.50,4.53,4.55,4.60,4.65,4.66,4.70,4.75,4.76,4.78,4.80,4.81,4.82,4.83,4.84,4.85,4.86,4.87,4.88,4.89,4.90,4.91,4.92,4.93	1.02,1.10,1.11,1.30,1.31,1.32,1.50,1.51,1.54,1.60,1.70,1.80,1.81,1.82,1.90,1.92,1.93,1.94	none
402	1.80,1.81,1.82,1.90,1.92,1.93,1.94	1.02,1.10,1.11,1.30,1.31,1.32,1.50,1.51,1.54,1.60,1.70,2.00,2.01,2.10,2.17,2.20,2.30,2.35,2.36,2.40,2.41,2.42,2.43,2.50,2.52,2.53,2.60,2.70,2.76,2.80,3.00,3.01,3.10,3.15,3.16,3.21,3.30,3.40,3.41,3.42,3.50,3.55,3.56,3.60,3.61,3.65,3.66,3.70,3.71,3.72,3.73,4.00,4.01,4.10,4.11,4.20,4.21,4.25,4.30,4.31,4.40,4.41,4.45,4.46,4.50,4.53,4.55,4.60,4.65,4.66,4.70,4.75,4.76,4.78,4.80,4.81,4.82,4.83,4.84,4.85,4.86,4.87,4.88,4.89,4.90,4.91,4.92,4.93	none
403	1.02,1.10,1.11,1.30,1.31,1.32,1.50,1.51,1.54,1.60,1.70,1.80,1.81,1.82,1.90,1.92,1.93,1.94,2.00,2.01,2.10,2.17,2.20,2.30,2.35,2.36,2.40,2.41,2.42,2.43,2.50,2.52,2.53,2.60,2.70,2.76,2.80,3.00,3.01,3.10,3.15,3.16,3.21,3.30,3.40,3.41,3.42,3.50,3.55,3.56,3.60,3.61,3.65,3.66,3.70,3.71,3.72,3.73,4.00,4.01,4.10,4.11,4.20,4.21,4.25,4.30,4.31,4.40,4.41,4.45,4.46,4.50,4.53,4.55,4.60,4.65,4.66,4.70,4.75,4.76,4.78,4.80,4.81,4.82,4.83,4.84,4.85,4.86,4.87,4.88,4.89,4.90,4.91,4.92,4.93	none	none
404	2.00,2.01,2.10,2.17,2.20,2.30,2.35,2.36,2.40,2.41,2.42,2.43,2.50,2.52,2.53,2.60,2.70,2.76,2.80,3.00,3.01,3.10,3.15,3.16,3.21,3.30,3.40,3.41,3.42,3.50,3.55,3.56,3.60,3.61,3.65,3.66,3.70,3.71,3.72,3.73,4.00,4.01,4.10,4.11,4.20,4.21,4.25,4.30,4.31,4.40,4.41,4.45,4.46,4.50,4.53,4.55,4.60,4.65,4.66,4.70,4.75,4.76,4.78,4.80,4.81,4.82,4.83,4.84,4.85,4.86,4.87,4.88,4.89,4.90,4.91,4.92,4.93	1.02,1.10,1.11,1.30,1.31,1.32,1.50,1.51,1.54,1.60,1.70,1.80,1.81,1.82,1.90,1.92,1.93,1.94	none
405	2.10,2.17,2.20,2.30,2.35,2.36,2.40,2.41,2.42,2.43,2.50,2.52,2.53,2.60,2.70,2.76,2.80,3.00,3.01,3.10,3.15,3.16,3.21,3.30,3.40,3.41,3.42,3.50,3.55,3.56,3.60,3.61,3.65,3.66,3.70,3.71,3.72,3.73,4.00,4.01,4.10,4.11,4.20,4.21,4.25,4.30,4.31,4.40,4.41,4.45,4.46,4.50,4.53,4.55,4.60,4.65,4.66,4.70,4.75,4.76,4.78,4.80,4.81,4.82,4.83,4.84,4.85,4.86,4.87,4.88,4.89,4.90,4.91,4.92,4.93	1.02,1.10,1.11,1.30,1.31,1.32,1.50,1.51,1.54,1.60,1.70,1.80,1.81,1.82,1.90,1.92,1.93,1.94,2.00,2.01	none
406	2.10,2.17,2.20,2.30,2.35,2.36,2.40,2.41,2.42,2.43,2.50,2.52,2.53,2.60,2.70,2.76,2.80,3.00,3.01,3.10,3.15,3.16,3.21,3.30,3.40,3.41,3.42,3.50,3.55,3.56,3.60,3.61,3.65,3.66,3.70,3.71,3.72,3.73,4.00,4.01,4.10,4.11,4.20,4.21,4.25,4.30,4.31,4.40,4.41,4.45,4.46,4.50,4.53,4.55,4.60,4.65,4.66,4.70,4.75,4.76,4.78,4.80,4.81,4.82,4.83,4.84,4.85,4.86,4.87,4.88,4.89,4.90,4.91,4.92,4.93	1.02,1.10,1.11,1.30,1.31,1.32,1.50,1.51,1.54,1.60,1.70,1.80,1.81,1.82,1.90,1.92,1.93,1.94,2.00,2.01	none
407	2.10,2.17,2.20,2.30,2.35,2.36,2.40,2.41,2.42,2.43,2.50,2.52,2.53,2.60,2.70,2.76,2.80,3.00,3.01,3.10,3.15,3.16,3.21,3.30,3.40,3.41,3.42,3.50,3.55,3.56,3.60,3.61,3.65,3.66,3.70,3.71,3.72,3.73,4.00,4.01,4.10,4.11,4.20,4.21,4.25,4.30,4.31,4.40,4.41,4.45,4.46,4.50,4.53,4.55,4.60,4.65,4.66,4.70,4.75,4.76,4.78,4.80,4.81,4.82,4.83,4.84,4.85,4.86,4.87,4.88,4.89,4.90,4.91,4.92,4.93	1.02,1.10,1.11,1.30,1.31,1.32,1.50,1.51,1.54,1.60,1.70,1.80,1.81,1.82,1.90,1.92,1.93,1.94,2.00,2.01	none
408	2.10,2.17,2.20,2.30,2.35,2.36,2.40,2.41,2.42,2.43,2.50,2.52,2.53,2.60,2.70,2.76,2.80,3.00,3.01,3.10,3.15,3.16,3.21,3.30,3.40,3.41,3.42,3.50,3.55,3.56,3.60,3.61,3.65,3.66,3.70,3.71,3.72,3.73,4.00,4.01,4.10,4.11,4.20,4.21,4.25,4.30,4.31,4.40,4.41,4.45,4.46,4.50,4.53,4.55,4.60,4.65,4.66,4.70,4.75,4.76,4.78,4.80,4.81,4.82,4.83,4.84,4.85,4.86,4.87,4.88,4.89,4.90,4.91,4.92,4.93	1.02,1.10,1.11,1.30,1.31,1.32,1.50,1.51,1.54,1.60,1.70,1.80,1.81,1.82,1.90,1.92,1.93,1.94,2.00,2.01	none
409	2.10,2.17,2.20,2.30,2.35,2.36,2.40,2.41,2.42,2.43,2.50,2.52,2.53,2.60,2.70,2.76,2.80,3.00,3.01,3.10,3.15,3.16,3.21,3.30,3.40,3.41,3.42,3.50,3.55,3.56,3.60,3.61,3.65,3.66,3.70,3.71,3.72,3.73,4.00,4.01,4.10,4.11,4.20,4.21,4.25,4.30,4.31,4.40,4.41,4.45,4.46,4.50,4.53,4.55,4.60,4.65,4.66,4.70,4.75,4.76,4.78,4.80,4.81,4.82,4.83,4.84,4.85,4.86,4.87,4.88,4.89,4.90,4.91,4.92,4.93	1.02,1.10,1.11,1.30,1.31,1.32,1.50,1.51,1.54,1.60,1.70,1.80,1.81,1.82,1.90,1.92,1.93,1.94,2.00,2.01	none
410	2.50,2.52,2.53,2.60,2.70,2.76,2.80,3.00,3.01,3.10,3.15,3.16,3.21,3.30,3.40,3.41,3.42,3.50,3.55,3.56,3.60,3.61,3.65,3.66,3.70,3.71,3.72,3.73,4.00,4.01,4.10,4.11,4.20,4.21,4.25,4.30,4.31,4.40,4.41,4.45,4.46,4.50,4.53,4.55,4.60,4.65,4.66,4.70,4.75,4.76,4.78,4.80,4.81,4.82,4.83,4.84,4.85,4.86,4.87,4.88,4.89,4.90,4.91,4.92,4.93	1.02,1.10,1.11,1.30,1.31,1.32,1.50,1.51,1.54,1.60,1.70,1.80,1.81,1.82,1.90,1.92,1.93,1.94,2.00,2.01,2.10,2.17,2.20,2.30,2.35,2.36,2.40,2.41,2.42,2.43	none
411	2.50,2.52,2.53,2.60,2.70,2.76,2.80,3.00,3.01,3.10,3.15,3.16,3.21,3.30,3.40,3.41,3.42,3.50,3.55,3.56,3.60,3.61,3.65,3.66,3.70,3.71,3.72,3.73,4.00,4.01,4.10,4.11,4.20,4.21,4.25,4.30,4.31,4.40,4.41,4.45,4.46,4.50,4.53,4.55,4.60,4.65,4.66,4.70,4.75,4.76,4.78,4.80,4.81,4.82,4.83,4.84,4.85,4.86,4.87,4.88,4.89,4.90,4.91,4.92,4.93	1.02,1.10,1.11,1.30,1.31,1.32,1.50,1.51,1.54,1.60,1.70,1.80,1.81,1.82,1.90,1.92,1.93,1.94,2.00,2.01,2.10,2.17,2.20,2.30,2.35,2.36,2.40,2.41,2.42,2.43	none
412	none	1.02,1.10,1.11,1.30,1.31,1.32,1.50,1.51,1.54,1.60,1.70,1.80,1.81,1.82,1.90,1.92,1.93,1.94,2.00,2.01,2.10,2.17,2.20,2.30,2.35,2.36,2.40,2.41,2.42,2.43,2.50,2.52,2.53,2.60,2.70,2.76,2.80,3.00,3.01,3.10,3.15,3.16,3.21,3.30,3.40,3.41,3.42,3.50,3.55,3.56,3.60,3.61,3.65,3.66,3.70,3.71,3.72,3.73,4.00,4.01,4.10,4.11,4.20,4.21,4.25,4.30,4.31,4.40,4.41,4.45,4.46,4.50,4.53,4.55,4.60,4.65,4.66,4.70,4.75,4.76,4.78,4.80,4.81,4.82,4.83,4.84,4.85,4.86,4.87,4.88,4.89,4.90,4.91,4.92,4.93	none
413	2.70,2.76,2.80,3.00,3.01,3.10,3.15,3.16,3.21,3.30,3.40,3.41,3.42,3.50,3.55,3.56,3.60,3.61,3.65,3.66,3.70,3.71,3.72,3.73,4.00,4.01,4.10,4.11,4.20,4.21,4.25,4.30,4.31,4.40,4.41,4.45,4.46,4.50,4.53,4.55,4.60,4.65,4.66,4.70,4.75,4.76,4.78,4.80,4.81,4.82,4.83,4.84,4.85,4.86,4.87,4.88,4.89,4.90,4.91,4.92,4.93	1.02,1.10,1.11,1.30,1.31,1.32,1.50,1.51,1.54,1.60,1.70,1.80,1.81,1.82,1.90,1.92,1.93,1.94,2.00,2.01,2.10,2.17,2.20,2.30,2.35,2.36,2.40,2.41,2.42,2.43,2.50,2.52,2.53,2.60	none
414	2.70,2.76,2.80,3.00,3.01,3.10,3.15,3.16,3.21,3.30,3.40,3.41,3.42,3.50,3.55,3.56,3.60,3.61,3.65,3.66,3.70,3.71,3.72,3.73,4.00,4.01,4.10,4.11,4.20,4.21,4.25,4.30,4.31,4.40,4.41,4.45,4.46,4.50,4.53,4.55,4.60,4.65,4.66,4.70,4.75,4.76,4.78,4.80,4.81,4.82,4.83,4.84,4.85,4.86,4.87,4.88,4.89,4.90,4.91,4.92,4.93	1.02,1.10,1.11,1.30,1.31,1.32,1.50,1.51,1.54,1.60,1.70,1.80,1.81,1.82,1.90,1.92,1.93,1.94,2.00,2.01,2.10,2.17,2.20,2.30,2.35,2.36,2.40,2.41,2.42,2.43,2.50,2.52,2.53,2.60	none
415	2.70,2.76,2.80,3.00,3.01,3.10,3.15,3.16,3.21,3.30,3.40,3.41,3.42,3.50,3.55,3.56,3.60,3.61,3.65,3.66,3.70,3.71,3.72,3.73,4.00,4.01,4.10,4.11,4.20,4.21,4.25,4.30,4.31,4.40,4.41,4.45,4.46,4.50,4.53,4.55,4.60,4.65,4.66,4.70,4.75,4.76,4.78,4.80,4.81,4.82,4.83,4.84,4.85,4.86,4.87,4.88,4.89,4.90,4.91,4.92,4.93	1.02,1.10,1.11,1.30,1.31,1.32,1.50,1.51,1.54,1.60,1.70,1.80,1.81,1.82,1.90,1.92,1.93,1.94,2.00,2.01,2.10,2.17,2.20,2.30,2.35,2.36,2.40,2.41,2.42,2.43,2.50,2.52,2.53,2.60	none
416	none	1.02,1.10,1.11,1.30,1.31,1.32,1.50,1.51,1.54,1.60,1.70,1.80,1.81,1.82,1.90,1.92,1.93,1.94,2.00,2.01,2.10,2.17,2.20,2.30,2.35,2.36,2.40,2.41,2.42,2.43,2.50,2.52,2.53,2.60,2.70,2.76,2.80,3.00,3.01,3.10,3.15,3.16,3.21,3.30,3.40,3.41,3.42,3.50,3.55,3.56,3.60,3.61,3.65,3.66,3.70,3.71,3.72,3.73,4.00,4.01,4.10,4.11,4.20,4.21,4.25,4.30,4.31,4.40,4.41,4.45,4.46,4.50,4.53,4.55,4.60,4.65,4.66,4.70,4.75,4.76,4.78,4.80,4.81,4.82,4.83,4.84,4.85,4.86,4.87,4.88,4.89,4.90,4.91,4.92,4.93	none
417	none	1.02,1.10,1.11,1.30,1.31,1.32,1.50,1.51,1.54,1.60,1.70,1.80,1.81,1.82,1.90,1.92,1.93,1.94,2.00,2.01,2.10,2.17,2.20,2.30,2.35,2.36,2.40,2.41,2.42,2.43,2.50,2.52,2.53,2.60,2.70,2.76,2.80,3.00,3.01,3.10,3.15,3.16,3.21,3.30,3.40,3.41,3.42,3.50,3.55,3.56,3.60,3.61,3.65,3.66,3.70,3.71,3.72,3.73,4.00,4.01,4.10,4.11,4.20,4.21,4.25,4.30,4.31,4.40,4.41,4.45,4.46,4.50,4.53,4.55,4.60,4.65,4.66,4.70,4.75,4.76,4.78,4.80,4.81,4.82,4.83,4.84,4.85,4.86,4.87,4.88,4.89,4.90,4.91,4.92,4.93	none
418	none	1.02,1.10,1.11,1.30,1.31,1.32,1.50,1.51,1.54,1.60,1.70,1.80,1.81,1.82,1.90,1.92,1.93,1.94,2.00,2.01,2.10,2.17,2.20,2.30,2.35,2.36,2.40,2.41,2.42,2.43,2.50,2.52,2.53,2.60,2.70,2.76,2.80,3.00,3.01,3.10,3.15,3.16,3.21,3.30,3.40,3.41,3.42,3.50,3.55,3.56,3.60,3.61,3.65,3.66,3.70,3.71,3.72,3.73,4.00,4.01,4.10,4.11,4.20,4.21,4.25,4.30,4.31,4.40,4.41,4.45,4.46,4.50,4.53,4.55,4.60,4.65,4.66,4.70,4.75,4.76,4.78,4.80,4.81,4.82,4.83,4.84,4.85,4.86,4.87,4.88,4.89,4.90,4.91,4.92,4.93	none
419	none	1.02,1.10,1.11,1.30,1.31,1.32,1.50,1.51,1.54,1.60,1.70,1.80,1.81,1.82,1.90,1.92,1.93,1.94,2.00,2.01,2.10,2.17,2.20,2.30,2.35,2.36,2.40,2.41,2.42,2.43,2.50,2.52,2.53,2.60,2.70,2.76,2.80,3.00,3.01,3.10,3.15,3.16,3.21,3.30,3.40,3.41,3.42,3.50,3.55,3.56,3.60,3.61,3.65,3.66,3.70,3.71,3.72,3.73,4.00,4.01,4.10,4.11,4.20,4.21,4.25,4.30,4.31,4.40,4.41,4.45,4.46,4.50,4.53,4.55,4.60,4.65,4.66,4.70,4.75,4.76,4.78,4.80,4.81,4.82,4.83,4.84,4.85,4.86,4.87,4.88,4.89,4.90,4.91,4.92,4.93	none
420	none	1.02,1.10,1.11,1.30,1.31,1.32,1.50,1.51,1.54,1.60,1.70,1.80,1.81,1.82,1.90,1.92,1.93,1.94,2.00,2.01,2.10,2.17,2.20,2.30,2.35,2.36,2.40,2.41,2.42,2.43,2.50,2.52,2.53,2.60,2.70,2.76,2.80,3.00,3.01,3.10,3.15,3.16,3.21,3.30,3.40,3.41,3.42,3.50,3.55,3.56,3.60,3.61,3.65,3.66,3.70,3.71,3.72,3.73,4.00,4.01,4.10,4.11,4.20,4.21,4.25,4.30,4.31,4.40,4.41,4.45,4.46,4.50,4.53,4.55,4.60,4.65,4.66,4.70,4.75,4.76,4.78,4.80,4.81,4.82,4.83,4.84,4.85,4.86,4.87,4.88,4.89,4.90,4.91,4.92,4.93	none
421	none	1.02,1.10,1.11,1.30,1.31,1.32,1.50,1.51,1.54,1.60,1.70,1.80,1.81,1.82,1.90,1.92,1.93,1.94,2.00,2.01,2.10,2.17,2.20,2.30,2.35,2.36,2.40,2.41,2.42,2.43,2.50,2.52,2.53,2.60,2.70,2.76,2.80,3.00,3.01,3.10,3.15,3.16,3.21,3.30,3.40,3.41,3.42,3.50,3.55,3.56,3.60,3.61,3.65,3.66,3.70,3.71,3.72,3.73,4.00,4.01,4.10,4.11,4.20,4.21,4.25,4.30,4.31,4.40,4.41,4.45,4.46,4.50,4.53,4.55,4.60,4.65,4.66,4.70,4.75,4.76,4.78,4.80,4.81,4.82,4.83,4.84,4.85,4.86,4.87,4.88,4.89,4.90,4.91,4.92,4.93	none
422	none	1.02,1.10,1.11,1.30,1.31,1.32,1.50,1.51,1.54,1.60,1.70,1.80,1.81,1.82,1.90,1.92,1.93,1.94,2.00,2.01,2.10,2.17,2.20,2.30,2.35,2.36,2.40,2.41,2.42,2.43,2.50,2.52,2.53,2.60,2.70,2.76,2.80,3.00,3.01,3.10,3.15,3.16,3.21,3.30,3.40,3.41,3.42,3.50,3.55,3.56,3.60,3.61,3.65,3.66,3.70,3.71,3.72,3.73,4.00,4.01,4.10,4.11,4.20,4.21,4.25,4.30,4.31,4.40,4.41,4.45,4.46,4.50,4.53,4.55,4.60,4.65,4.66,4.70,4.75,4.76,4.78,4.80,4.81,4.82,4.83,4.84,4.85,4.86,4.87,4.88,4.89,4.90,4.91,4.92,4.93	none
423	none	1.02,1.10,1.11,1.30,1.31,1.32,1.50,1.51,1.54,1.60,1.70,1.80,1.81,1.82,1.90,1.92,1.93,1.94,2.00,2.01,2.10,2.17,2.20,2.30,2.35,2.36,2.40,2.41,2.42,2.43,2.50,2.52,2.53,2.60,2.70,2.76,2.80,3.00,3.01,3.10,3.15,3.16,3.21,3.30,3.40,3.41,3.42,3.50,3.55,3.56,3.60,3.61,3.65,3.66,3.70,3.71,3.72,3.73,4.00,4.01,4.10,4.11,4.20,4.21,4.25,4.30,4.31,4.40,4.41,4.45,4.46,4.50,4.53,4.55,4.60,4.65,4.66,4.70,4.75,4.76,4.78,4.80,4.81,4.82,4.83,4.84,4.85,4.86,4.87,4.88,4.89,4.90,4.91,4.92,4.93	none
424	none	1.02,1.10,1.11,1.30,1.31,1.32,1.50,1.51,1.54,1.60,1.70,1.80,1.81,1.82,1.90,1.92,1.93,1.94,2.00,2.01,2.10,2.17,2.20,2.30,2.35,2.36,2.40,2.41,2.42,2.43,2.50,2.52,2.53,2.60,2.70,2.76,2.80,3.00,3.01,3.10,3.15,3.16,3.21,3.30,3.40,3.41,3.42,3.50,3.55,3.56,3.60,3.61,3.65,3.66,3.70,3.71,3.72,3.73,4.00,4.01,4.10,4.11,4.20,4.21,4.25,4.30,4.31,4.40,4.41,4.45,4.46,4.50,4.53,4.55,4.60,4.65,4.66,4.70,4.75,4.76,4.78,4.80,4.81,4.82,4.83,4.84,4.85,4.86,4.87,4.88,4.89,4.90,4.91,4.92,4.93	none
425	none	1.02,1.10,1.11,1.30,1.31,1.32,1.50,1.51,1.54,1.60,1.70,1.80,1.81,1.82,1.90,1.92,1.93,1.94,2.00,2.01,2.10,2.17,2.20,2.30,2.35,2.36,2.40,2.41,2.42,2.43,2.50,2.52,2.53,2.60,2.70,2.76,2.80,3.00,3.01,3.10,3.15,3.16,3.21,3.30,3.40,3.41,3.42,3.50,3.55,3.56,3.60,3.61,3.65,3.66,3.70,3.71,3.72,3.73,4.00,4.01,4.10,4.11,4.20,4.21,4.25,4.30,4.31,4.40,4.41,4.45,4.46,4.50,4.53,4.55,4.60,4.65,4.66,4.70,4.75,4.76,4.78,4.80,4.81,4.82,4.83,4.84,4.85,4.86,4.87,4.88,4.89,4.90,4.91,4.92,4.93	none
426	none	1.02,1.10,1.11,1.30,1.31,1.32,1.50,1.51,1.54,1.60,1.70,1.80,1.81,1.82,1.90,1.92,1.93,1.94,2.00,2.01,2.10,2.17,2.20,2.30,2.35,2.36,2.40,2.41,2.42,2.43,2.50,2.52,2.53,2.60,2.70,2.76,2.80,3.00,3.01,3.10,3.15,3.16,3.21,3.30,3.40,3.41,3.42,3.50,3.55,3.56,3.60,3.61,3.65,3.66,3.70,3.71,3.72,3.73,4.00,4.01,4.10,4.11,4.20,4.21,4.25,4.30,4.31,4.40,4.41,4.45,4.46,4.50,4.53,4.55,4.60,4.65,4.66,4.70,4.75,4.76,4.78,4.80,4.81,4.82,4.83,4.84,4.85,4.86,4.87,4.88,4.89,4.90,4.91,4.92,4.93	none
427	none	1.02,1.10,1.11,1.30,1.31,1.32,1.50,1.51,1.54,1.60,1.70,1.80,1.81,1.82,1.90,1.92,1.93,1.94,2.00,2.01,2.10,2.17,2.20,2.30,2.35,2.36,2.40,2.41,2.42,2.43,2.50,2.52,2.53,2.60,2.70,2.76,2.80,3.00,3.01,3.10,3.15,3.16,3.21,3.30,3.40,3.41,3.42,3.50,3.55,3.56,3.60,3.61,3.65,3.66,3.70,3.71,3.72,3.73,4.00,4.01,4.10,4.11,4.20,4.21,4.25,4.30,4.31,4.40,4.41,4.45,4.46,4.50,4.53,4.55,4.60,4.65,4.66,4.70,4.75,4.76,4.78,4.80,4.81,4.82,4.83,4.84,4.85,4.86,4.87,4.88,4.89,4.90,4.91,4.92,4.93	none
428	none	1.02,1.10,1.11,1.30,1.31,1.32,1.50,1.51,1.54,1.60,1.70,1.80,1.81,1.82,1.90,1.92,1.93,1.94,2.00,2.01,2.10,2.17,2.20,2.30,2.35,2.36,2.40,2.41,2.42,2.43,2.50,2.52,2.53,2.60,2.70,2.76,2.80,3.00,3.01,3.10,3.15,3.16,3.21,3.30,3.40,3.41,3.42,3.50,3.55,3.56,3.60,3.61,3.65,3.66,3.70,3.71,3.72,3.73,4.00,4.01,4.10,4.11,4.20,4.21,4.25,4.30,4.31,4.40,4.41,4.45,4.46,4.50,4.53,4.55,4.60,4.65,4.66,4.70,4.75,4.76,4.78,4.80,4.81,4.82,4.83,4.84,4.85,4.86,4.87,4.88,4.89,4.90,4.91,4.92,4.93	none
429	none	1.02,1.10,1.11,1.30,1.31,1.32,1.50,1.51,1.54,1.60,1.70,1.80,1.81,1.82,1.90,1.92,1.93,1.94,2.00,2.01,2.10,2.17,2.20,2.30,2.35,2.36,2.40,2.41,2.42,2.43,2.50,2.52,2.53,2.60,2.70,2.76,2.80,3.00,3.01,3.10,3.15,3.16,3.21,3.30,3.40,3.41,3.42,3.50,3.55,3.56,3.60,3.61,3.65,3.66,3.70,3.71,3.72,3.73,4.00,4.01,4.10,4.11,4.20,4.21,4.25,4.30,4.31,4.40,4.41,4.45,4.46,4.50,4.53,4.55,4.60,4.65,4.66,4.70,4.75,4.76,4.78,4.80,4.81,4.82,4.83,4.84,4.85,4.86,4.87,4.88,4.89,4.90,4.91,4.92,4.93	none
430	none	1.02,1.10,1.11,1.30,1.31,1.32,1.50,1.51,1.54,1.60,1.70,1.80,1.81,1.82,1.90,1.92,1.93,1.94,2.00,2.01,2.10,2.17,2.20,2.30,2.35,2.36,2.40,2.41,2.42,2.43,2.50,2.52,2.53,2.60,2.70,2.76,2.80,3.00,3.01,3.10,3.15,3.16,3.21,3.30,3.40,3.41,3.42,3.50,3.55,3.56,3.60,3.61,3.65,3.66,3.70,3.71,3.72,3.73,4.00,4.01,4.10,4.11,4.20,4.21,4.25,4.30,4.31,4.40,4.41,4.45,4.46,4.50,4.53,4.55,4.60,4.65,4.66,4.70,4.75,4.76,4.78,4.80,4.81,4.82,4.83,4.84,4.85,4.86,4.87,4.88,4.89,4.90,4.91,4.92,4.93	none
431	none	1.02,1.10,1.11,1.30,1.31,1.32,1.50,1.51,1.54,1.60,1.70,1.80,1.81,1.82,1.90,1.92,1.93,1.94,2.00,2.01,2.10,2.17,2.20,2.30,2.35,2.36,2.40,2.41,2.42,2.43,2.50,2.52,2.53,2.60,2.70,2.76,2.80,3.00,3.01,3.10,3.15,3.16,3.21,3.30,3.40,3.41,3.42,3.50,3.55,3.56,3.60,3.61,3.65,3.66,3.70,3.71,3.72,3.73,4.00,4.01,4.10,4.11,4.20,4.21,4.25,4.30,4.31,4.40,4.41,4.45,4.46,4.50,4.53,4.55,4.60,4.65,4.66,4.70,4.75,4.76,4.78,4.80,4.81,4.82,4.83,4.84,4.85,4.86,4.87,4.88,4.89,4.90,4.91,4.92,4.93	none
432	none	1.02,1.10,1.11,1.30,1.31,1.32,1.50,1.51,1.54,1.60,1.70,1.80,1.81,1.82,1.90,1.92,1.93,1.94,2.00,2.01,2.10,2.17,2.20,2.30,2.35,2.36,2.40,2.41,2.42,2.43,2.50,2.52,2.53,2.60,2.70,2.76,2.80,3.00,3.01,3.10,3.15,3.16,3.21,3.30,3.40,3.41,3.42,3.50,3.55,3.56,3.60,3.61,3.65,3.66,3.70,3.71,3.72,3.73,4.00,4.01,4.10,4.11,4.20,4.21,4.25,4.30,4.31,4.40,4.41,4.45,4.46,4.50,4.53,4.55,4.60,4.65,4.66,4.70,4.75,4.76,4.78,4.80,4.81,4.82,4.83,4.84,4.85,4.86,4.87,4.88,4.89,4.90,4.91,4.92,4.93	none
433	none	1.02,1.10,1.11,1.30,1.31,1.32,1.50,1.51,1.54,1.60,1.70,1.80,1.81,1.82,1.90,1.92,1.93,1.94,2.00,2.01,2.10,2.17,2.20,2.30,2.35,2.36,2.40,2.41,2.42,2.43,2.50,2.52,2.53,2.60,2.70,2.76,2.80,3.00,3.01,3.10,3.15,3.16,3.21,3.30,3.40,3.41,3.42,3.50,3.55,3.56,3.60,3.61,3.65,3.66,3.70,3.71,3.72,3.73,4.00,4.01,4.10,4.11,4.20,4.21,4.25,4.30,4.31,4.40,4.41,4.45,4.46,4.50,4.53,4.55,4.60,4.65,4.66,4.70,4.75,4.76,4.78,4.80,4.81,4.82,4.83,4.84,4.85,4.86,4.87,4.88,4.89,4.90,4.91,4.92,4.93	none
434	none	1.02,1.10,1.11,1.30,1.31,1.32,1.50,1.51,1.54,1.60,1.70,1.80,1.81,1.82,1.90,1.92,1.93,1.94,2.00,2.01,2.10,2.17,2.20,2.30,2.35,2.36,2.40,2.41,2.42,2.43,2.50,2.52,2.53,2.60,2.70,2.76,2.80,3.00,3.01,3.10,3.15,3.16,3.21,3.30,3.40,3.41,3.42,3.50,3.55,3.56,3.60,3.61,3.65,3.66,3.70,3.71,3.72,3.73,4.00,4.01,4.10,4.11,4.20,4.21,4.25,4.30,4.31,4.40,4.41,4.45,4.46,4.50,4.53,4.55,4.60,4.65,4.66,4.70,4.75,4.76,4.78,4.80,4.81,4.82,4.83,4.84,4.85,4.86,4.87,4.88,4.89,4.90,4.91,4.92,4.93	none
435	none	1.02,1.10,1.11,1.30,1.31,1.32,1.50,1.51,1.54,1.60,1.70,1.80,1.81,1.82,1.90,1.92,1.93,1.94,2.00,2.01,2.10,2.17,2.20,2.30,2.35,2.36,2.40,2.41,2.42,2.43,2.50,2.52,2.53,2.60,2.70,2.76,2.80,3.00,3.01,3.10,3.15,3.16,3.21,3.30,3.40,3.41,3.42,3.50,3.55,3.56,3.60,3.61,3.65,3.66,3.70,3.71,3.72,3.73,4.00,4.01,4.10,4.11,4.20,4.21,4.25,4.30,4.31,4.40,4.41,4.45,4.46,4.50,4.53,4.55,4.60,4.65,4.66,4.70,4.75,4.76,4.78,4.80,4.81,4.82,4.83,4.84,4.85,4.86,4.87,4.88,4.89,4.90,4.91,4.92,4.93	none
436	none	1.02,1.10,1.11,1.30,1.31,1.32,1.50,1.51,1.54,1.60,1.70,1.80,1.81,1.82,1.90,1.92,1.93,1.94,2.00,2.01,2.10,2.17,2.20,2.30,2.35,2.36,2.40,2.41,2.42,2.43,2.50,2.52,2.53,2.60,2.70,2.76,2.80,3.00,3.01,3.10,3.15,3.16,3.21,3.30,3.40,3.41,3.42,3.50,3.55,3.56,3.60,3.61,3.65,3.66,3.70,3.71,3.72,3.73,4.00,4.01,4.10,4.11,4.20,4.21,4.25,4.30,4.31,4.40,4.41,4.45,4.46,4.50,4.53,4.55,4.60,4.65,4.66,4.70,4.75,4.76,4.78,4.80,4.81,4.82,4.83,4.84,4.85,4.86,4.87,4.88,4.89,4.90,4.91,4.92,4.93	none
437	none	1.02,1.10,1.11,1.30,1.31,1.32,1.50,1.51,1.54,1.60,1.70,1.80,1.81,1.82,1.90,1.92,1.93,1.94,2.00,2.01,2.10,2.17,2.20,2.30,2.35,2.36,2.40,2.41,2.42,2.43,2.50,2.52,2.53,2.60,2.70,2.76,2.80,3.00,3.01,3.10,3.15,3.16,3.21,3.30,3.40,3.41,3.42,3.50,3.55,3.56,3.60,3.61,3.65,3.66,3.70,3.71,3.72,3.73,4.00,4.01,4.10,4.11,4.20,4.21,4.25,4.30,4.31,4.40,4.41,4.45,4.46,4.50,4.53,4.55,4.60,4.65,4.66,4.70,4.75,4.76,4.78,4.80,4.81,4.82,4.83,4.84,4.85,4.86,4.87,4.88,4.89,4.90,4.91,4.92,4.93	none
438	none	1.02,1.10,1.11,1.30,1.31,1.32,1.50,1.51,1.54,1.60,1.70,1.80,1.81,1.82,1.90,1.92,1.93,1.94,2.00,2.01,2.10,2.17,2.20,2.30,2.35,2.36,2.40,2.41,2.42,2.43,2.50,2.52,2.53,2.60,2.70,2.76,2.80,3.00,3.01,3.10,3.15,3.16,3.21,3.30,3.40,3.41,3.42,3.50,3.55,3.56,3.60,3.61,3.65,3.66,3.70,3.71,3.72,3.73,4.00,4.01,4.10,4.11,4.20,4.21,4.25,4.30,4.31,4.40,4.41,4.45,4.46,4.50,4.53,4.55,4.60,4.65,4.66,4.70,4.75,4.76,4.78,4.80,4.81,4.82,4.83,4.84,4.85,4.86,4.87,4.88,4.89,4.90,4.91,4.92,4.93	none
439	none	1.02,1.10,1.11,1.30,1.31,1.32,1.50,1.51,1.54,1.60,1.70,1.80,1.81,1.82,1.90,1.92,1.93,1.94,2.00,2.01,2.10,2.17,2.20,2.30,2.35,2.36,2.40,2.41,2.42,2.43,2.50,2.52,2.53,2.60,2.70,2.76,2.80,3.00,3.01,3.10,3.15,3.16,3.21,3.30,3.40,3.41,3.42,3.50,3.55,3.56,3.60,3.61,3.65,3.66,3.70,3.71,3.72,3.73,4.00,4.01,4.10,4.11,4.20,4.21,4.25,4.30,4.31,4.40,4.41,4.45,4.46,4.50,4.53,4.55,4.60,4.65,4.66,4.70,4.75,4.76,4.78,4.80,4.81,4.82,4.83,4.84,4.85,4.86,4.87,4.88,4.89,4.90,4.91,4.92,4.93	none
440	none	1.02,1.10,1.11,1.30,1.31,1.32,1.50,1.51,1.54,1.60,1.70,1.80,1.81,1.82,1.90,1.92,1.93,1.94,2.00,2.01,2.10,2.17,2.20,2.30,2.35,2.36,2.40,2.41,2.42,2.43,2.50,2.52,2.53,2.60,2.70,2.76,2.80,3.00,3.01,3.10,3.15,3.16,3.21,3.30,3.40,3.41,3.42,3.50,3.55,3.56,3.60,3.61,3.65,3.66,3.70,3.71,3.72,3.73,4.00,4.01,4.10,4.11,4.20,4.21,4.25,4.30,4.31,4.40,4.41,4.45,4.46,4.50,4.53,4.55,4.60,4.65,4.66,4.70,4.75,4.76,4.78,4.80,4.81,4.82,4.83,4.84,4.85,4.86,4.87,4.88,4.89,4.90,4.91,4.92,4.93	none
441	none	1.02,1.10,1.11,1.30,1.31,1.32,1.50,1.51,1.54,1.60,1.70,1.80,1.81,1.82,1.90,1.92,1.93,1.94,2.00,2.01,2.10,2.17,2.20,2.30,2.35,2.36,2.40,2.41,2.42,2.43,2.50,2.52,2.53,2.60,2.70,2.76,2.80,3.00,3.01,3.10,3.15,3.16,3.21,3.30,3.40,3.41,3.42,3.50,3.55,3.56,3.60,3.61,3.65,3.66,3.70,3.71,3.72,3.73,4.00,4.01,4.10,4.11,4.20,4.21,4.25,4.30,4.31,4.40,4.41,4.45,4.46,4.50,4.53,4.55,4.60,4.65,4.66,4.70,4.75,4.76,4.78,4.80,4.81,4.82,4.83,4.84,4.85,4.86,4.87,4.88,4.89,4.90,4.91,4.92,4.93	none
442	none	1.02,1.10,1.11,1.30,1.31,1.32,1.50,1.51,1.54,1.60,1.70,1.80,1.81,1.82,1.90,1.92,1.93,1.94,2.00,2.01,2.10,2.17,2.20,2.30,2.35,2.36,2.40,2.41,2.42,2.43,2.50,2.52,2.53,2.60,2.70,2.76,2.80,3.00,3.01,3.10,3.15,3.16,3.21,3.30,3.40,3.41,3.42,3.50,3.55,3.56,3.60,3.61,3.65,3.66,3.70,3.71,3.72,3.73,4.00,4.01,4.10,4.11,4.20,4.21,4.25,4.30,4.31,4.40,4.41,4.45,4.46,4.50,4.53,4.55,4.60,4.65,4.66,4.70,4.75,4.76,4.78,4.80,4.81,4.82,4.83,4.84,4.85,4.86,4.87,4.88,4.89,4.90,4.91,4.92,4.93	none
443	none	1.02,1.10,1.11,1.30,1.31,1.32,1.50,1.51,1.54,1.60,1.70,1.80,1.81,1.82,1.90,1.92,1.93,1.94,2.00,2.01,2.10,2.17,2.20,2.30,2.35,2.36,2.40,2.41,2.42,2.43,2.50,2.52,2.53,2.60,2.70,2.76,2.80,3.00,3.01,3.10,3.15,3.16,3.21,3.30,3.40,3.41,3.42,3.50,3.55,3.56,3.60,3.61,3.65,3.66,3.70,3.71,3.72,3.73,4.00,4.01,4.10,4.11,4.20,4.21,4.25,4.30,4.31,4.40,4.41,4.45,4.46,4.50,4.53,4.55,4.60,4.65,4.66,4.70,4.75,4.76,4.78,4.80,4.81,4.82,4.83,4.84,4.85,4.86,4.87,4.88,4.89,4.90,4.91,4.92,4.93	none
444	none	1.02,1.10,1.11,1.30,1.31,1.32,1.50,1.51,1.54,1.60,1.70,1.80,1.81,1.82,1.90,1.92,1.93,1.94,2.00,2.01,2.10,2.17,2.20,2.30,2.35,2.36,2.40,2.41,2.42,2.43,2.50,2.52,2.53,2.60,2.70,2.76,2.80,3.00,3.01,3.10,3.15,3.16,3.21,3.30,3.40,3.41,3.42,3.50,3.55,3.56,3.60,3.61,3.65,3.66,3.70,3.71,3.72,3.73,4.00,4.01,4.10,4.11,4.20,4.21,4.25,4.30,4.31,4.40,4.41,4.45,4.46,4.50,4.53,4.55,4.60,4.65,4.66,4.70,4.75,4.76,4.78,4.80,4.81,4.82,4.83,4.84,4.85,4.86,4.87,4.88,4.89,4.90,4.91,4.92,4.93	none
445	none	1.02,1.10,1.11,1.30,1.31,1.32,1.50,1.51,1.54,1.60,1.70,1.80,1.81,1.82,1.90,1.92,1.93,1.94,2.00,2.01,2.10,2.17,2.20,2.30,2.35,2.36,2.40,2.41,2.42,2.43,2.50,2.52,2.53,2.60,2.70,2.76,2.80,3.00,3.01,3.10,3.15,3.16,3.21,3.30,3.40,3.41,3.42,3.50,3.55,3.56,3.60,3.61,3.65,3.66,3.70,3.71,3.72,3.73,4.00,4.01,4.10,4.11,4.20,4.21,4.25,4.30,4.31,4.40,4.41,4.45,4.46,4.50,4.53,4.55,4.60,4.65,4.66,4.70,4.75,4.76,4.78,4.80,4.81,4.82,4.83,4.84,4.85,4.86,4.87,4.88,4.89,4.90,4.91,4.92,4.93	none
446	none	1.02,1.10,1.11,1.30,1.31,1.32,1.50,1.51,1.54,1.60,1.70,1.80,1.81,1.82,1.90,1.92,1.93,1.94,2.00,2.01,2.10,2.17,2.20,2.30,2.35,2.36,2.40,2.41,2.42,2.43,2.50,2.52,2.53,2.60,2.70,2.76,2.80,3.00,3.01,3.10,3.15,3.16,3.21,3.30,3.40,3.41,3.42,3.50,3.55,3.56,3.60,3.61,3.65,3.66,3.70,3.71,3.72,3.73,4.00,4.01,4.10,4.11,4.20,4.21,4.25,4.30,4.31,4.40,4.41,4.45,4.46,4.50,4.53,4.55,4.60,4.65,4.66,4.70,4.75,4.76,4.78,4.80,4.81,4.82,4.83,4.84,4.85,4.86,4.87,4.88,4.89,4.90,4.91,4.92,4.93	none
447	none	1.02,1.10,1.11,1.30,1.31,1.32,1.50,1.51,1.54,1.60,1.70,1.80,1.81,1.82,1.90,1.92,1.93,1.94,2.00,2.01,2.10,2.17,2.20,2.30,2.35,2.36,2.40,2.41,2.42,2.43,2.50,2.52,2.53,2.60,2.70,2.76,2.80,3.00,3.01,3.10,3.15,3.16,3.21,3.30,3.40,3.41,3.42,3.50,3.55,3.56,3.60,3.61,3.65,3.66,3.70,3.71,3.72,3.73,4.00,4.01,4.10,4.11,4.20,4.21,4.25,4.30,4.31,4.40,4.41,4.45,4.46,4.50,4.53,4.55,4.60,4.65,4.66,4.70,4.75,4.76,4.78,4.80,4.81,4.82,4.83,4.84,4.85,4.86,4.87,4.88,4.89,4.90,4.91,4.92,4.93	none
448	none	1.02,1.10,1.11,1.30,1.31,1.32,1.50,1.51,1.54,1.60,1.70,1.80,1.81,1.82,1.90,1.92,1.93,1.94,2.00,2.01,2.10,2.17,2.20,2.30,2.35,2.36,2.40,2.41,2.42,2.43,2.50,2.52,2.53,2.60,2.70,2.76,2.80,3.00,3.01,3.10,3.15,3.16,3.21,3.30,3.40,3.41,3.42,3.50,3.55,3.56,3.60,3.61,3.65,3.66,3.70,3.71,3.72,3.73,4.00,4.01,4.10,4.11,4.20,4.21,4.25,4.30,4.31,4.40,4.41,4.45,4.46,4.50,4.53,4.55,4.60,4.65,4.66,4.70,4.75,4.76,4.78,4.80,4.81,4.82,4.83,4.84,4.85,4.86,4.87,4.88,4.89,4.90,4.91,4.92,4.93	none
449	none	1.02,1.10,1.11,1.30,1.31,1.32,1.50,1.51,1.54,1.60,1.70,1.80,1.81,1.82,1.90,1.92,1.93,1.94,2.00,2.01,2.10,2.17,2.20,2.30,2.35,2.36,2.40,2.41,2.42,2.43,2.50,2.52,2.53,2.60,2.70,2.76,2.80,3.00,3.01,3.10,3.15,3.16,3.21,3.30,3.40,3.41,3.42,3.50,3.55,3.56,3.60,3.61,3.65,3.66,3.70,3.71,3.72,3.73,4.00,4.01,4.10,4.11,4.20,4.21,4.25,4.30,4.31,4.40,4.41,4.45,4.46,4.50,4.53,4.55,4.60,4.65,4.66,4.70,4.75,4.76,4.78,4.80,4.81,4.82,4.83,4.84,4.85,4.86,4.87,4.88,4.89,4.90,4.91,4.92,4.93	none
450	1.60,1.70,1.80,1.81,1.82,1.90,1.92,1.93,1.94,2.00,2.01,2.10,2.17,2.20,2.30,2.35,2.36,2.40,2.41,2.42,2.43,2.50,2.52,2.53,2.60,2.70,2.76,2.80,3.00,3.01,3.10,3.15,3.16,3.21,3.30,3.40,3.41,3.42,3.50,3.55,3.56,3.60,3.61,3.65,3.66,3.70,3.71,3.72,3.73,4.00,4.01,4.10,4.11,4.20,4.21,4.25,4.30,4.31,4.40,4.41,4.45,4.46,4.50,4.53,4.55,4.60,4.65,4.66,4.70,4.75,4.76,4.78,4.80,4.81,4.82,4.83,4.84,4.85,4.86,4.87,4.88,4.89,4.90,4.91,4.92,4.93	1.02,1.10,1.11,1.30,1.31,1.32,1.50,1.51,1.54	none
451	1.60,1.70,1.80,1.81,1.82,1.90,1.92,1.93,1.94,2.00,2.01,2.10,2.17,2.20,2.30,2.35,2.36,2.40,2.41,2.42,2.43,2.50,2.52,2.53,2.60,2.70,2.76,2.80,3.00,3.01,3.10,3.15,3.16,3.21,3.30,3.40,3.41,3.42,3.50,3.55,3.56,3.60,3.61,3.65,3.66,3.70,3.71,3.72,3.73,4.00,4.01,4.10,4.11,4.20,4.21,4.25,4.30,4.31,4.40,4.41,4.45,4.46,4.50,4.53,4.55,4.60,4.65,4.66,4.70,4.75,4.76,4.78,4.80,4.81,4.82,4.83,4.84,4.85,4.86,4.87,4.88,4.89,4.90,4.91,4.92,4.93	1.02,1.10,1.11,1.30,1.31,1.32,1.50,1.51,1.54	none
452	1.60,1.70,1.80,1.81,1.82,1.90,1.92,1.93,1.94,2.00,2.01,2.10,2.17,2.20,2.30,2.35,2.36,2.40,2.41,2.42,2.43,2.50,2.52,2.53,2.60,2.70,2.76,2.80,3.00,3.01,3.10,3.15,3.16,3.21,3.30,3.40,3.41,3.42,3.50,3.55,3.56,3.60,3.61,3.65,3.66,3.70,3.71,3.72,3.73,4.00,4.01,4.10,4.11,4.20,4.21,4.25,4.30,4.31,4.40,4.41,4.45,4.46,4.50,4.53,4.55,4.60,4.65,4.66,4.70,4.75,4.76,4.78,4.80,4.81,4.82,4.83,4.84,4.85,4.86,4.87,4.88,4.89,4.90,4.91,4.92,4.93	1.02,1.10,1.11,1.30,1.31,1.32,1.50,1.51,1.54	none
453	1.60,1.70,1.80,1.81,1.82,1.90,1.92,1.93,1.94,2.00,2.01,2.10,2.17,2.20,2.30,2.35,2.36,2.40,2.41,2.42,2.43,2.50,2.52,2.53,2.60,2.70,2.76,2.80,3.00,3.01,3.10,3.15,3.16,3.21,3.30,3.40,3.41,3.42,3.50,3.55,3.56,3.60,3.61,3.65,3.66,3.70,3.71,3.72,3.73,4.00,4.01,4.10,4.11,4.20,4.21,4.25,4.30,4.31,4.40,4.41,4.45,4.46,4.50,4.53,4.55,4.60,4.65,4.66,4.70,4.75,4.76,4.78,4.80,4.81,4.82,4.83,4.84,4.85,4.86,4.87,4.88,4.89,4.90,4.91,4.92,4.93	1.02,1.10,1.11,1.30,1.31,1.32,1.50,1.51,1.54	none
454	1.60,1.70,1.80,1.81,1.82,1.90,1.92,1.93,1.94,2.00,2.01,2.10,2.17,2.20,2.30,2.35,2.36,2.40,2.41,2.42,2.43,2.50,2.52,2.53,2.60,2.70,2.76,2.80,3.00,3.01,3.10,3.15,3.16,3.21,3.30,3.40,3.41,3.42,3.50,3.55,3.56,3.60,3.61,3.65,3.66,3.70,3.71,3.72,3.73,4.00,4.01,4.10,4.11,4.20,4.21,4.25,4.30,4.31,4.40,4.41,4.45,4.46,4.50,4.53,4.55,4.60,4.65,4.66,4.70,4.75,4.76,4.78,4.80,4.81,4.82,4.83,4.84,4.85,4.86,4.87,4.88,4.89,4.90,4.91,4.92,4.93	1.02,1.10,1.11,1.30,1.31,1.32,1.50,1.51,1.54	none
455	1.80,1.81,1.82,1.90,1.92,1.93,1.94,2.00,2.01,2.10,2.17,2.20,2.30,2.35,2.36,2.40,2.41,2.42,2.43,2.50,2.52,2.53,2.60,2.70,2.76,2.80,3.00,3.01,3.10,3.15,3.16,3.21,3.30,3.40,3.41,3.42,3.50,3.55,3.56,3.60,3.61,3.65,3.66,3.70,3.71,3.72,3.73,4.00,4.01,4.10,4.11,4.20,4.21,4.25,4.30,4.31,4.40,4.41,4.45,4.46,4.50,4.53,4.55,4.60,4.65,4.66,4.70,4.75,4.76,4.78,4.80,4.81,4.82,4.83,4.84,4.85,4.86,4.87,4.88,4.89,4.90,4.91,4.92,4.93	1.02,1.10,1.11,1.30,1.31,1.32,1.50,1.51,1.54,1.60,1.70	none
456	1.80,1.81,1.82,1.90,1.92,1.93,1.94,2.00,2.01,2.10,2.17,2.20,2.30,2.35,2.36,2.40,2.41,2.42,2.43,2.50,2.52,2.53,2.60,2.70,2.76,2.80,3.00,3.01,3.10,3.15,3.16,3.21,3.30,3.40,3.41,3.42,3.50,3.55,3.56,3.60,3.61,3.65,3.66,3.70,3.71,3.72,3.73,4.00,4.01,4.10,4.11,4.20,4.21,4.25,4.30,4.31,4.40,4.41,4.45,4.46,4.50,4.53,4.55,4.60,4.65,4.66,4.70,4.75,4.76,4.78,4.80,4.81,4.82,4.83,4.84,4.85,4.86,4.87,4.88,4.89,4.90,4.91,4.92,4.93	1.02,1.10,1.11,1.30,1.31,1.32,1.50,1.51,1.54,1.60,1.70	none
457	1.90,1.92,1.93,1.94,2.00,2.01,2.10,2.17,2.20,2.30,2.35,2.36,2.40,2.41,2.42,2.43,2.50,2.52,2.53,2.60,2.70,2.76,2.80,3.00,3.01,3.10,3.15,3.16,3.21,3.30,3.40,3.41,3.42,3.50,3.55,3.56,3.60,3.61,3.65,3.66,3.70,3.71,3.72,3.73,4.00,4.01,4.10,4.11,4.20,4.21,4.25,4.30,4.31,4.40,4.41,4.45,4.46,4.50,4.53,4.55,4.60,4.65,4.66,4.70,4.75,4.76,4.78,4.80,4.81,4.82,4.83,4.84,4.85,4.86,4.87,4.88,4.89,4.90,4.91,4.92,4.93	1.02,1.10,1.11,1.30,1.31,1.32,1.50,1.51,1.54,1.60,1.70,1.80,1.81,1.82	none
458	2.00,2.01,2.10,2.17,2.20,2.30,2.35,2.36,2.40,2.41,2.42,2.43,2.50,2.52,2.53,2.60,2.70,2.76,2.80,3.00,3.01,3.10,3.15,3.16,3.21,3.30,3.40,3.41,3.42,3.50,3.55,3.56,3.60,3.61,3.65,3.66,3.70,3.71,3.72,3.73,4.00,4.01,4.10,4.11,4.20,4.21,4.25,4.30,4.31,4.40,4.41,4.45,4.46,4.50,4.53,4.55,4.60,4.65,4.66,4.70,4.75,4.76,4.78,4.80,4.81,4.82,4.83,4.84,4.85,4.86,4.87,4.88,4.89,4.90,4.91,4.92,4.93	1.02,1.10,1.11,1.30,1.31,1.32,1.50,1.51,1.54,1.60,1.70,1.80,1.81,1.82,1.90,1.92,1.93,1.94	none
459	none	1.02,1.10,1.11,1.30,1.31,1.32,1.50,1.51,1.54,1.60,1.70,1.80,1.81,1.82,1.90,1.92,1.93,1.94,2.00,2.01,2.10,2.17,2.20,2.30,2.35,2.36,2.40,2.41,2.42,2.43,2.50,2.52,2.53,2.60,2.70,2.76,2.80,3.00,3.01,3.10,3.15,3.16,3.21,3.30,3.40,3.41,3.42,3.50,3.55,3.56,3.60,3.61,3.65,3.66,3.70,3.71,3.72,3.73,4.00,4.01,4.10,4.11,4.20,4.21,4.25,4.30,4.31,4.40,4.41,4.45,4.46,4.50,4.53,4.55,4.60,4.65,4.66,4.70,4.75,4.76,4.78,4.80,4.81,4.82,4.83,4.84,4.85,4.86,4.87,4.88,4.89,4.90,4.91,4.92,4.93	none
460	none	1.02,1.10,1.11,1.30,1.31,1.32,1.50,1.51,1.54,1.60,1.70,1.80,1.81,1.82,1.90,1.92,1.93,1.94,2.00,2.01,2.10,2.17,2.20,2.30,2.35,2.36,2.40,2.41,2.42,2.43,2.50,2.52,2.53,2.60,2.70,2.76,2.80,3.00,3.01,3.10,3.15,3.16,3.21,3.30,3.40,3.41,3.42,3.50,3.55,3.56,3.60,3.61,3.65,3.66,3.70,3.71,3.72,3.73,4.00,4.01,4.10,4.11,4.20,4.21,4.25,4.30,4.31,4.40,4.41,4.45,4.46,4.50,4.53,4.55,4.60,4.65,4.66,4.70,4.75,4.76,4.78,4.80,4.81,4.82,4.83,4.84,4.85,4.86,4.87,4.88,4.89,4.90,4.91,4.92,4.93	none
461	1.02,1.10,1.11,1.30,1.31,1.32,1.50,1.51,1.54,1.60,1.70,1.80,1.81,1.82,1.90,1.92,1.93,1.94,2.00,2.01,2.10,2.17,2.20,2.30,2.35,2.36,2.40,2.41,2.42,2.43,2.50,2.52,2.53,2.60,2.70,2.76,2.80,3.00,3.01,3.10,3.15,3.16,3.21,3.30,3.40,3.41,3.42,3.50,3.55,3.56,3.60,3.61,3.65,3.66,3.70,3.71,3.72,3.73,4.00,4.01,4.10,4.11,4.20,4.21,4.25,4.30,4.31,4.40,4.41,4.45,4.46,4.50,4.53,4.55,4.60,4.65,4.66,4.70,4.75,4.76,4.78,4.80,4.81,4.82,4.83,4.84,4.85,4.86,4.87,4.88,4.89,4.90,4.91,4.92,4.93	none	none
462	none	1.02,1.10,1.11,1.30,1.31,1.32,1.50,1.51,1.54,1.60,1.70,1.80,1.81,1.82,1.90,1.92,1.93,1.94,2.00,2.01,2.10,2.17,2.20,2.30,2.35,2.36,2.40,2.41,2.42,2.43,2.50,2.52,2.53,2.60,2.70,2.76,2.80,3.00,3.01,3.10,3.15,3.16,3.21,3.30,3.40,3.41,3.42,3.50,3.55,3.56,3.60,3.61,3.65,3.66,3.70,3.71,3.72,3.73,4.00,4.01,4.10,4.11,4.20,4.21,4.25,4.30,4.31,4.40,4.41,4.45,4.46,4.50,4.53,4.55,4.60,4.65,4.66,4.70,4.75,4.76,4.78,4.80,4.81,4.82,4.83,4.84,4.85,4.86,4.87,4.88,4.89,4.90,4.91,4.92,4.93	none
463	1.80,1.81,1.82,1.90,1.92,1.93,1.94,2.00,2.01,2.10,2.17,2.20,2.30,2.35,2.36,2.40,2.41,2.42,2.43,2.50,2.52,2.53,2.60,2.70,2.76,2.80,3.00,3.01,3.10,3.15,3.16,3.21,3.30,3.40,3.41,3.42,3.50,3.55,3.56,3.60,3.61,3.65,3.66,3.70,3.71,3.72,3.73,4.00,4.01,4.10,4.11,4.20,4.21,4.25,4.30,4.31,4.40,4.41,4.45,4.46,4.50,4.53,4.55,4.60,4.65,4.66,4.70,4.75,4.76,4.78,4.80,4.81,4.82,4.83,4.84,4.85,4.86,4.87,4.88,4.89,4.90,4.91,4.92,4.93	1.02,1.10,1.11,1.30,1.31,1.32,1.50,1.51,1.54,1.60,1.70	none
464	1.80,1.81,1.82,1.90,1.92,1.93,1.94,2.00,2.01,2.10,2.17,2.20,2.30,2.35,2.36,2.40,2.41,2.42,2.43,2.50,2.52,2.53,2.60,2.70,2.76,2.80,3.00,3.01,3.10,3.15,3.16,3.21,3.30,3.40,3.41,3.42,3.50,3.55,3.56,3.60,3.61,3.65,3.66,3.70,3.71,3.72,3.73,4.00,4.01,4.10,4.11,4.20,4.21,4.25,4.30,4.31,4.40,4.41,4.45,4.46,4.50,4.53,4.55,4.60,4.65,4.66,4.70,4.75,4.76,4.78,4.80,4.81,4.82,4.83,4.84,4.85,4.86,4.87,4.88,4.89,4.90,4.91,4.92,4.93	1.02,1.10,1.11,1.30,1.31,1.32,1.50,1.51,1.54,1.60,1.70	none
465	2.00,2.01,2.10,2.17,2.20,2.30,2.35,2.36,2.40,2.41,2.42,2.43,2.50,2.52,2.53,2.60,2.70,2.76,2.80,3.00,3.01,3.10,3.15,3.16,3.21,3.30,3.40,3.41,3.42,3.50,3.55,3.56,3.60,3.61,3.65,3.66,3.70,3.71,3.72,3.73,4.00,4.01,4.10,4.11,4.20,4.21,4.25,4.30,4.31,4.40,4.41,4.45,4.46,4.50,4.53,4.55,4.60,4.65,4.66,4.70,4.75,4.76,4.78,4.80,4.81,4.82,4.83,4.84,4.85,4.86,4.87,4.88,4.89,4.90,4.91,4.92,4.93	1.02,1.10,1.11,1.30,1.31,1.32,1.50,1.51,1.54,1.60,1.70,1.80,1.81,1.82,1.90,1.92,1.93,1.94	none
466	2.00,2.01,2.10,2.17,2.20,2.30,2.35,2.36,2.40,2.41,2.42,2.43,2.50,2.52,2.53,2.60,2.70,2.76,2.80,3.00,3.01,3.10,3.15,3.16,3.21,3.30,3.40,3.41,3.42,3.50,3.55,3.56,3.60,3.61,3.65,3.66,3.70,3.71,3.72,3.73,4.00,4.01,4.10,4.11,4.20,4.21,4.25,4.30,4.31,4.40,4.41,4.45,4.46,4.50,4.53,4.55,4.60,4.65,4.66,4.70,4.75,4.76,4.78,4.80,4.81,4.82,4.83,4.84,4.85,4.86,4.87,4.88,4.89,4.90,4.91,4.92,4.93	1.02,1.10,1.11,1.30,1.31,1.32,1.50,1.51,1.54,1.60,1.70,1.80,1.81,1.82,1.90,1.92,1.93,1.94	none
467	2.50,2.52,2.53,2.60,2.70,2.76,2.80,3.00,3.01,3.10,3.15,3.16,3.21,3.30,3.40,3.41,3.42,3.50,3.55,3.56,3.60,3.61,3.65,3.66,3.70,3.71,3.72,3.73,4.00,4.01,4.10,4.11,4.20,4.21,4.25,4.30,4.31,4.40,4.41,4.45,4.46,4.50,4.53,4.55,4.60,4.65,4.66,4.70,4.75,4.76,4.78,4.80,4.81,4.82,4.83,4.84,4.85,4.86,4.87,4.88,4.89,4.90,4.91,4.92,4.93	1.02,1.10,1.11,1.30,1.31,1.32,1.50,1.51,1.54,1.60,1.70,1.80,1.81,1.82,1.90,1.92,1.93,1.94,2.00,2.01,2.10,2.17,2.20,2.30,2.35,2.36,2.40,2.41,2.42,2.43	none
468	none	1.02,1.10,1.11,1.30,1.31,1.32,1.50,1.51,1.54,1.60,1.70,1.80,1.81,1.82,1.90,1.92,1.93,1.94,2.00,2.01,2.10,2.17,2.20,2.30,2.35,2.36,2.40,2.41,2.42,2.43,2.50,2.52,2.53,2.60,2.70,2.76,2.80,3.00,3.01,3.10,3.15,3.16,3.21,3.30,3.40,3.41,3.42,3.50,3.55,3.56,3.60,3.61,3.65,3.66,3.70,3.71,3.72,3.73,4.00,4.01,4.10,4.11,4.20,4.21,4.25,4.30,4.31,4.40,4.41,4.45,4.46,4.50,4.53,4.55,4.60,4.65,4.66,4.70,4.75,4.76,4.78,4.80,4.81,4.82,4.83,4.84,4.85,4.86,4.87,4.88,4.89,4.90,4.91,4.92,4.93	none
469	none	1.02,1.10,1.11,1.30,1.31,1.32,1.50,1.51,1.54,1.60,1.70,1.80,1.81,1.82,1.90,1.92,1.93,1.94,2.00,2.01,2.10,2.17,2.20,2.30,2.35,2.36,2.40,2.41,2.42,2.43,2.50,2.52,2.53,2.60,2.70,2.76,2.80,3.00,3.01,3.10,3.15,3.16,3.21,3.30,3.40,3.41,3.42,3.50,3.55,3.56,3.60,3.61,3.65,3.66,3.70,3.71,3.72,3.73,4.00,4.01,4.10,4.11,4.20,4.21,4.25,4.30,4.31,4.40,4.41,4.45,4.46,4.50,4.53,4.55,4.60,4.65,4.66,4.70,4.75,4.76,4.78,4.80,4.81,4.82,4.83,4.84,4.85,4.86,4.87,4.88,4.89,4.90,4.91,4.92,4.93	none
470	1.02,1.10,1.11,1.30,1.31,1.32,1.50,1.51,1.54,1.60,1.70,1.80,1.81,1.82,1.90,1.92,1.93,1.94,2.00,2.01,2.10,2.17,2.20,2.30,2.35,2.36,2.40,2.41,2.42,2.43,2.50,2.52,2.53,2.60,2.70,2.76,2.80,3.00,3.01,3.10,3.15,3.16,3.21,3.30,3.40,3.41,3.42,3.50,3.55,3.56,3.60,3.61,3.65,3.66,3.70,3.71,3.72,3.73,4.00,4.01,4.10,4.11,4.20,4.21,4.25,4.30,4.31,4.40,4.41,4.45,4.46,4.50,4.53,4.55,4.60,4.65,4.66,4.70,4.75,4.76,4.78,4.80,4.81,4.82,4.83,4.84,4.85,4.86,4.87,4.88,4.89,4.90,4.91,4.92,4.93	none	none
471	1.02,1.10,1.11,1.30,1.31,1.32,1.50,1.51,1.54,1.60,1.70,1.80,1.81,1.82,1.90,1.92,1.93,1.94,2.00,2.01,2.10,2.17,2.20,2.30,2.35,2.36,2.40,2.41,2.42,2.43,2.50,2.52,2.53,2.60,2.70,2.76,2.80,3.00,3.01,3.10,3.15,3.16,3.21,3.30,3.40,3.41,3.42,3.50,3.55,3.56	3.60,3.61,3.65,3.66,3.70,3.71,3.72,3.73,4.00,4.01,4.10,4.11,4.20,4.21,4.25,4.30,4.31,4.40,4.41,4.45,4.46,4.50,4.53,4.55,4.60,4.65,4.66,4.70,4.75,4.76,4.78,4.80,4.81,4.82,4.83,4.84,4.85,4.86,4.87,4.88,4.89,4.90,4.91,4.92,4.93	none
472	1.02,1.10,1.11,1.30,1.31,1.32,1.50,1.51,1.54,1.60,1.70,1.80,1.81,1.82,1.90,1.92,1.93,1.94,2.00,2.01,2.10,2.17,2.20,2.30,2.35,2.36,2.40,2.41,2.42,2.43,2.50,2.52,2.53,2.60,2.70,2.76,2.80,3.00,3.01,3.10,3.15,3.16,3.21,3.30,3.40,3.41,3.42,3.50,3.55,3.56,3.60,3.61,3.65,3.66,3.70,3.71,3.72,3.73,4.00,4.01,4.10,4.11,4.20,4.21,4.25,4.30,4.31,4.40,4.41,4.45,4.46,4.50,4.53,4.55,4.60,4.65,4.66,4.70,4.75,4.76,4.78,4.80,4.81,4.82,4.83,4.84,4.85,4.86,4.87,4.88,4.89,4.90,4.91,4.92,4.93	none	none
473	1.80,1.81,1.82,1.90,1.92,1.93,1.94,2.00,2.01,2.10,2.17,3.60,3.61,3.65,3.66,3.70,3.71,3.72,3.73,4.00,4.01,4.10,4.11,4.20,4.21,4.25,4.30,4.31,4.40,4.41,4.45,4.46,4.50,4.53,4.55,4.60,4.65,4.66,4.70,4.75,4.76,4.78,4.80,4.81,4.82,4.83,4.84,4.85,4.86,4.87,4.88,4.89,4.90,4.91,4.92,4.93	1.02,1.10,1.11,1.30,1.31,1.32,1.50,1.51,1.54,1.60,1.70,2.20,2.30,2.35,2.36,2.40,2.41,2.42,2.43,2.50,2.52,2.53,2.60,2.70,2.76,2.80,3.00,3.01,3.10,3.15,3.16,3.21,3.30,3.40,3.41,3.42,3.50,3.55,3.56	none
474	2.40,2.41,2.42,2.43,2.50,2.52,2.53,2.60,2.70,2.76,2.80	1.02,1.10,1.11,1.30,1.31,1.32,1.50,1.51,1.54,1.60,1.70,1.80,1.81,1.82,1.90,1.92,1.93,1.94,2.00,2.01,2.10,2.17,2.20,2.30,2.35,2.36,3.00,3.01,3.10,3.15,3.16,3.21,3.30,3.40,3.41,3.42,3.50,3.55,3.56,3.60,3.61,3.65,3.66,3.70,3.71,3.72,3.73,4.00,4.01,4.10,4.11,4.20,4.21,4.25,4.30,4.31,4.40,4.41,4.45,4.46,4.50,4.53,4.55,4.60,4.65,4.66,4.70,4.75,4.76,4.78,4.80,4.81,4.82,4.83,4.84,4.85,4.86,4.87,4.88,4.89,4.90,4.91,4.92,4.93	none
475	2.40,2.41,2.42,2.43,2.50,2.52,2.53,2.60,2.70,2.76,2.80,3.30,3.40,3.41,3.42,3.50,3.55,3.56,3.60,3.61,3.65,3.66,3.70,3.71,3.72,3.73,4.00,4.01,4.10,4.11,4.20,4.21,4.25,4.30,4.31,4.40,4.41,4.45,4.46,4.50,4.53,4.55,4.60,4.65,4.66,4.70,4.75,4.76,4.78,4.80,4.81,4.82,4.83,4.84,4.85,4.86,4.87,4.88,4.89,4.90,4.91,4.92,4.93	1.02,1.10,1.11,1.30,1.31,1.32,1.50,1.51,1.54,1.60,1.70,1.80,1.81,1.82,1.90,1.92,1.93,1.94,2.00,2.01,2.10,2.17,2.20,2.30,2.35,2.36,3.00,3.01,3.10,3.15,3.16,3.21	none
476	2.70,2.76,2.80,3.00,3.01,3.10,3.15,3.16,3.21,3.30,3.40,3.41,3.42,3.50,3.55,3.56,3.60,3.61,3.65,3.66,3.70,3.71,3.72,3.73,4.00,4.01,4.10,4.11,4.20,4.21,4.25,4.30,4.31,4.40,4.41,4.45,4.46,4.50,4.53,4.55,4.60,4.65,4.66,4.70,4.75,4.76,4.78,4.80,4.81,4.82,4.83,4.84,4.85,4.86,4.87,4.88,4.89,4.90,4.91,4.92,4.93	1.02,1.10,1.11,1.30,1.31,1.32,1.50,1.51,1.54,1.60,1.70,1.80,1.81,1.82,1.90,1.92,1.93,1.94,2.00,2.01,2.10,2.17,2.20,2.30,2.35,2.36,2.40,2.41,2.42,2.43,2.50,2.52,2.53,2.60	none
477	none	1.02,1.10,1.11,1.30,1.31,1.32,1.50,1.51,1.54,1.60,1.70,1.80,1.81,1.82,1.90,1.92,1.93,1.94,2.00,2.01,2.10,2.17,2.20,2.30,2.35,2.36,2.40,2.41,2.42,2.43,2.50,2.52,2.53,2.60,2.70,2.76,2.80,3.00,3.01,3.10,3.15,3.16,3.21,3.30,3.40,3.41,3.42,3.50,3.55,3.56,3.60,3.61,3.65,3.66,3.70,3.71,3.72,3.73,4.00,4.01,4.10,4.11,4.20,4.21,4.25,4.30,4.31,4.40,4.41,4.45,4.46,4.50,4.53,4.55,4.60,4.65,4.66,4.70,4.75,4.76,4.78,4.80,4.81,4.82,4.83,4.84,4.85,4.86,4.87,4.88,4.89,4.90,4.91,4.92,4.93	none
478	none	1.02,1.10,1.11,1.30,1.31,1.32,1.50,1.51,1.54,1.60,1.70,1.80,1.81,1.82,1.90,1.92,1.93,1.94,2.00,2.01,2.10,2.17,2.20,2.30,2.35,2.36,2.40,2.41,2.42,2.43,2.50,2.52,2.53,2.60,2.70,2.76,2.80,3.00,3.01,3.10,3.15,3.16,3.21,3.30,3.40,3.41,3.42,3.50,3.55,3.56,3.60,3.61,3.65,3.66,3.70,3.71,3.72,3.73,4.00,4.01,4.10,4.11,4.20,4.21,4.25,4.30,4.31,4.40,4.41,4.45,4.46,4.50,4.53,4.55,4.60,4.65,4.66,4.70,4.75,4.76,4.78,4.80,4.81,4.82,4.83,4.84,4.85,4.86,4.87,4.88,4.89,4.90,4.91,4.92,4.93	none
479	none	1.02,1.10,1.11,1.30,1.31,1.32,1.50,1.51,1.54,1.60,1.70,1.80,1.81,1.82,1.90,1.92,1.93,1.94,2.00,2.01,2.10,2.17,2.20,2.30,2.35,2.36,2.40,2.41,2.42,2.43,2.50,2.52,2.53,2.60,2.70,2.76,2.80,3.00,3.01,3.10,3.15,3.16,3.21,3.30,3.40,3.41,3.42,3.50,3.55,3.56,3.60,3.61,3.65,3.66,3.70,3.71,3.72,3.73,4.00,4.01,4.10,4.11,4.20,4.21,4.25,4.30,4.31,4.40,4.41,4.45,4.46,4.50,4.53,4.55,4.60,4.65,4.66,4.70,4.75,4.76,4.78,4.80,4.81,4.82,4.83,4.84,4.85,4.86,4.87,4.88,4.89,4.90,4.91,4.92,4.93	none
480	1.02,1.10,1.11,1.30,1.31,1.32,1.50,1.51,1.54,1.60,1.70,1.80,1.81,1.82,1.90,1.92,1.93,1.94,2.00,2.01,2.10,2.17,2.20,2.30,2.35,2.36,2.40,2.41,2.42,2.43,2.50,2.52,2.53,2.60,2.70,2.76,2.80,3.00,3.01,3.10,3.15,3.16,3.21,3.30,3.40,3.41,3.42,3.50,3.55,3.56,3.60,3.61,3.65,3.66,3.70,3.71,3.72,3.73,4.00,4.01,4.10,4.11,4.20,4.21,4.25,4.30,4.31,4.40,4.41,4.45,4.46,4.50,4.53,4.55,4.60,4.65,4.66,4.70,4.75,4.76,4.78,4.80,4.81,4.82,4.83,4.84,4.85,4.86,4.87,4.88,4.89,4.90,4.91,4.92,4.93	none	none
481	1.02,1.10,1.11,1.30,1.31,1.32,1.50,1.51,1.54,1.60,1.70,1.80,1.81,1.82,1.90,1.92,1.93,1.94,2.00,2.01,2.10,2.17,2.20,2.30,2.35,2.36,2.40,2.41,2.42,2.43,2.50,2.52,2.53,2.60,2.70,2.76,2.80,3.00,3.01,3.10,3.15,3.16,3.21,3.30,3.40,3.41,3.42,3.50,3.55,3.56,3.60,3.61,3.65,3.66,3.70,3.71,3.72,3.73,4.00,4.01,4.10,4.11,4.20,4.21,4.25,4.30,4.31,4.40,4.41,4.45,4.46,4.50,4.53,4.55,4.60,4.65,4.66,4.70,4.75,4.76,4.78,4.80,4.81,4.82,4.83,4.84,4.85,4.86,4.87,4.88,4.89,4.90,4.91,4.92,4.93	none	none
482	1.02,1.10,1.11,1.30,1.31,1.32,1.50,1.51,1.54,1.60,1.70,1.80,1.81,1.82,1.90,1.92,1.93,1.94,2.00,2.01,2.10,2.17,2.20,2.30,2.35,2.36,2.40,2.41,2.42,2.43,2.50,2.52,2.53,2.60,2.70,2.76,2.80,3.00,3.01,3.10,3.15,3.16,3.21,3.30,3.40,3.41,3.42,3.50,3.55,3.56,3.60,3.61,3.65,3.66,3.70,3.71,3.72,3.73,4.00,4.01,4.10,4.11,4.20,4.21,4.25,4.30,4.31,4.40,4.41,4.45,4.46,4.50,4.53,4.55,4.60,4.65,4.66,4.70,4.75,4.76,4.78,4.80,4.81,4.82,4.83,4.84,4.85,4.86,4.87,4.88,4.89,4.90,4.91,4.92,4.93	none	none
483	1.02,1.10,1.11,1.30,1.31,1.32,1.50,1.51,1.54,1.60,1.70,1.80,1.81,1.82,1.90,1.92,1.93,1.94,2.00,2.01,2.10,2.17,2.20,2.30,2.35,2.36,2.40,2.41,2.42,2.43,2.50,2.52,2.53,2.60,2.70,2.76,2.80,3.00,3.01,3.10,3.15,3.16,3.21,3.30,3.40,3.41,3.42,3.50,3.55,3.56,3.60,3.61,3.65,3.66,3.70,3.71,3.72,3.73,4.00,4.01,4.10,4.11,4.20,4.21,4.25,4.30,4.31,4.40,4.41,4.45,4.46,4.50,4.53,4.55,4.60,4.65,4.66,4.70,4.75,4.76,4.78,4.80,4.81,4.82,4.83,4.84,4.85,4.86,4.87,4.88,4.89,4.90,4.91,4.92,4.93	none	none
484	1.02,1.10,1.11,1.30,1.31,1.32,1.50,1.51,1.54,1.60,1.70,1.80,1.81,1.82,1.90,1.92,1.93,1.94,2.00,2.01,2.10,2.17,2.20,2.30,2.35,2.36,2.40,2.41,2.42,2.43,2.50,2.52,2.53,2.60,2.70,2.76,2.80,3.00,3.01,3.10,3.15,3.16,3.21,3.30,3.40,3.41,3.42,3.50,3.55,3.56,3.60,3.61,3.65,3.66,3.70,3.71,3.72,3.73,4.00,4.01,4.10,4.11,4.20,4.21,4.25,4.30,4.31,4.40,4.41,4.45,4.46,4.50,4.53,4.55,4.60,4.65,4.66,4.70,4.75,4.76,4.78,4.80,4.81,4.82,4.83,4.84,4.85,4.86,4.87,4.88,4.89,4.90,4.91,4.92,4.93	none	none
485	1.02,1.10,1.11,1.30,1.31,1.32,1.50,1.51,1.54,1.60,1.70,1.80,1.81,1.82,1.90,1.92,1.93,1.94,2.00,2.01,2.10,2.17,2.20,2.30,2.35,2.36,2.40,2.41,2.42,2.43,2.50,2.52,2.53,2.60,2.70,2.76,2.80,3.00,3.01,3.10,3.15,3.16,3.21,3.30,3.40,3.41,3.42,3.50,3.55,3.56,3.60,3.61,3.65,3.66,3.70,3.71,3.72,3.73,4.00,4.01,4.10,4.11,4.20,4.21,4.25,4.30,4.31,4.40,4.41,4.45,4.46,4.50,4.53,4.55,4.60,4.65,4.66,4.70,4.75,4.76,4.78,4.80,4.81,4.82,4.83,4.84,4.85,4.86,4.87,4.88,4.89,4.90,4.91,4.92,4.93	none	none
486	1.02,1.10,1.11,1.30,1.31,1.32,1.50,1.51,1.54,1.60,1.70,1.80,1.81,1.82,1.90,1.92,1.93,1.94,2.00,2.01,2.10,2.17,2.20,2.30,2.35,2.36,2.40,2.41,2.42,2.43,2.50,2.52,2.53,2.60,2.70,2.76,2.80,3.00,3.01,3.10,3.15,3.16,3.21,3.30,3.40,3.41,3.42,3.50,3.55,3.56,3.60,3.61,3.65,3.66,3.70,3.71,3.72,3.73,4.00,4.01,4.10,4.11,4.20,4.21,4.25,4.30,4.31,4.40,4.41,4.45,4.46,4.50,4.53,4.55,4.60,4.65,4.66,4.70,4.75,4.76,4.78,4.80,4.81,4.82,4.83,4.84,4.85,4.86,4.87,4.88,4.89,4.90,4.91,4.92,4.93	none	none
487	1.02,1.10,1.11,1.30,1.31,1.32,1.50,1.51,1.54,1.60,1.70,1.80,1.81,1.82,1.90,1.92,1.93,1.94,2.00,2.01,2.10,2.17,2.20,2.30,2.35,2.36,2.40,2.41,2.42,2.43,2.50,2.52,2.53,2.60,2.70,2.76,2.80,3.00,3.01,3.10,3.15,3.16,3.21,3.30,3.40,3.41,3.42,3.50,3.55,3.56,3.60,3.61,3.65,3.66,3.70,3.71,3.72,3.73,4.00,4.01,4.10,4.11,4.20,4.21,4.25,4.30,4.31,4.40,4.41,4.45,4.46,4.50,4.53,4.55,4.60,4.65,4.66,4.70,4.75,4.76,4.78,4.80,4.81,4.82,4.83,4.84,4.85,4.86,4.87,4.88,4.89,4.90,4.91,4.92,4.93	none	none
488	1.02,1.10,1.11,1.30,1.31,1.32,1.50,1.51,1.54,1.60,1.70,1.80,1.81,1.82,1.90,1.92,1.93,1.94,2.00,2.01,2.10,2.17,2.20,2.30,2.35,2.36,2.40,2.41,2.42,2.43,2.50,2.52,2.53,2.60,2.70,2.76,2.80,3.00,3.01,3.10,3.15,3.16,3.21,3.30,3.40,3.41,3.42,3.50,3.55,3.56,3.60,3.61,3.65,3.66,3.70,3.71,3.72,3.73,4.00,4.01,4.10,4.11,4.20,4.21,4.25,4.30,4.31,4.40,4.41,4.45,4.46,4.50,4.53,4.55,4.60,4.65,4.66,4.70,4.75,4.76,4.78,4.80,4.81,4.82,4.83,4.84,4.85,4.86,4.87,4.88,4.89,4.90,4.91,4.92,4.93	none	none
489	1.02,1.10,1.11,1.30,1.31,1.32,1.50,1.51,1.54,1.60,1.70,1.80,1.81,1.82,1.90,1.92,1.93,1.94,2.00,2.01,2.10,2.17,2.20,2.30,2.35,2.36,2.40,2.41,2.42,2.43,2.50,2.52,2.53,2.60,2.70,2.76,2.80,3.00,3.01,3.10,3.15,3.16,3.21,3.30,3.40,3.41,3.42,3.50,3.55,3.56,3.60,3.61,3.65,3.66,3.70,3.71,3.72,3.73,4.00,4.01,4.10,4.11,4.20,4.21,4.25,4.30,4.31,4.40,4.41,4.45,4.46,4.50,4.53,4.55,4.60,4.65,4.66,4.70,4.75,4.76,4.78,4.80,4.81,4.82,4.83,4.84,4.85,4.86,4.87,4.88,4.89,4.90,4.91,4.92,4.93	none	none
490	1.02,1.10,1.11,1.30,1.31,1.32,1.50,1.51,1.54,1.60,1.70,1.80,1.81,1.82,1.90,1.92,1.93,1.94,2.00,2.01,2.10,2.17,2.20,2.30,2.35,2.36,2.40,2.41,2.42,2.43,2.50,2.52,2.53,2.60,2.70,2.76,2.80,3.00,3.01,3.10,3.15,3.16,3.21,3.30,3.40,3.41,3.42,3.50,3.55,3.56,3.60,3.61,3.65,3.66,3.70,3.71,3.72,3.73,4.00,4.01,4.10,4.11,4.20,4.21,4.25,4.30,4.31,4.40,4.41,4.45,4.46,4.50,4.53,4.55,4.60,4.65,4.66,4.70,4.75,4.76,4.78,4.80,4.81,4.82,4.83,4.84,4.85,4.86,4.87,4.88,4.89,4.90,4.91,4.92,4.93	none	none
491	none	1.02,1.10,1.11,1.30,1.31,1.32,1.50,1.51,1.54,1.60,1.70,1.80,1.81,1.82,1.90,1.92,1.93,1.94,2.00,2.01,2.10,2.17,2.20,2.30,2.35,2.36,2.40,2.41,2.42,2.43,2.50,2.52,2.53,2.60,2.70,2.76,2.80,3.00,3.01,3.10,3.15,3.16,3.21,3.30,3.40,3.41,3.42,3.50,3.55,3.56,3.60,3.61,3.65,3.66,3.70,3.71,3.72,3.73,4.00,4.01,4.10,4.11,4.20,4.21,4.25,4.30,4.31,4.40,4.41,4.45,4.46,4.50,4.53,4.55,4.60,4.65,4.66,4.70,4.75,4.76,4.78,4.80,4.81,4.82,4.83,4.84,4.85,4.86,4.87,4.88,4.89,4.90,4.91,4.92,4.93	none
492	1.02,1.10,1.11,1.30,1.31,1.32,1.50,1.51,1.54,1.60,1.70,1.80,1.81,1.82,1.90,1.92,1.93,1.94,2.00,2.01,2.10,2.17,2.20,2.30,2.35,2.36,2.40,2.41,2.42,2.43,2.50,2.52,2.53,2.60,2.70,2.76,2.80,3.00,3.01,3.10,3.15,3.16,3.21,3.30,3.40,3.41,3.42,3.50,3.55,3.56,3.60,3.61,3.65,3.66,3.70,3.71,3.72,3.73,4.00,4.01,4.10,4.11,4.20,4.21,4.25,4.30,4.31,4.40,4.41,4.45,4.46,4.50,4.53,4.55,4.60,4.65,4.66,4.70,4.75,4.76,4.78,4.80,4.81,4.82,4.83,4.84,4.85,4.86,4.87,4.88,4.89,4.90,4.91,4.92,4.93	none	none
493	1.02,1.10,1.11,1.30,1.31,1.32,1.50,1.51,1.54,1.60,1.70,1.80,1.81,1.82,1.90,1.92,1.93,1.94,2.00,2.01,2.10,2.17,2.20,2.30,2.35,2.36,2.40,2.41,2.42,2.43,2.50,2.52,2.53,2.60,2.70,2.76,2.80,3.00,3.01,3.10,3.15,3.16,3.21,3.30,3.40,3.41,3.42,3.50,3.55,3.56,3.60,3.61,3.65,3.66,3.70,3.71,3.72,3.73,4.00,4.01,4.10,4.11,4.20,4.21,4.25,4.30,4.31,4.40,4.41,4.45,4.46,4.50,4.53,4.55,4.60,4.65,4.66,4.70,4.75,4.76,4.78,4.80,4.81,4.82,4.83,4.84,4.85,4.86,4.87,4.88,4.89,4.90,4.91,4.92,4.93	none	none
494	1.02,1.10,1.11,1.30,1.31,1.32,1.50,1.51,1.54,1.60,1.70,1.80,1.81,1.82,1.90,1.92,1.93,1.94,2.00,2.01,2.10,2.17,2.20,2.30,2.35,2.36,2.40,2.41,2.42,2.43,2.50,2.52,2.53,2.60,2.70,2.76,2.80,3.00,3.01,3.10,3.15,3.16,3.21,3.30,3.40,3.41,3.42,3.50,3.55,3.56,3.60,3.61,3.65,3.66,3.70,3.71,3.72,3.73,4.00,4.01,4.10,4.11,4.20,4.21,4.25,4.30,4.31,4.40,4.41,4.45,4.46,4.50,4.53,4.55,4.60,4.65,4.66,4.70,4.75,4.76,4.78,4.80,4.81,4.82,4.83,4.84,4.85,4.86,4.87,4.88,4.89,4.90,4.91,4.92,4.93	none	none
495	1.02,1.10,1.11,1.30,1.31,1.32,1.50,1.51,1.54,1.60,1.70,1.80,1.81,1.82,1.90,1.92,1.93,1.94,2.00,2.01,2.10,2.17,2.20,2.30,2.35,2.36,2.40,2.41,2.42,2.43,2.50,2.52,2.53,2.60,2.70,2.76,2.80,3.00,3.01,3.10,3.15,3.16,3.21,3.30,3.40,3.41,3.42,3.50,3.55,3.56,3.60,3.61,3.65,3.66,3.70,3.71,3.72,3.73,4.00,4.01,4.10,4.11,4.20,4.21,4.25,4.30,4.31,4.40,4.41,4.45,4.46,4.50,4.53,4.55,4.60,4.65,4.66,4.70,4.75,4.76,4.78,4.80,4.81,4.82,4.83,4.84,4.85,4.86,4.87,4.88,4.89,4.90,4.91,4.92,4.93	none	none
496	1.02,1.10,1.11,1.30,1.31,1.32,1.50,1.51,1.54,1.60,1.70,1.80,1.81,1.82,1.90,1.92,1.93,1.94,2.00,2.01,2.10,2.17,2.20,2.30,2.35,2.36,2.40,2.41,2.42,2.43,2.50,2.52,2.53,2.60,2.70,2.76,2.80,3.00,3.01,3.10,3.15,3.16,3.21,3.30,3.40,3.41,3.42,3.50,3.55,3.56,3.60,3.61,3.65,3.66,3.70,3.71,3.72,3.73,4.00,4.01,4.10,4.11,4.20,4.21,4.25,4.30,4.31,4.40,4.41,4.45,4.46,4.50,4.53,4.55,4.60,4.65,4.66,4.70,4.75,4.76,4.78,4.80,4.81,4.82,4.83,4.84,4.85,4.86,4.87,4.88,4.89,4.90,4.91,4.92,4.93	none	none
497	1.02,1.10,1.11,1.30,1.31,1.32,1.50,1.51,1.54,1.60,1.70,1.80,1.81,1.82,1.90,1.92,1.93,1.94,2.00,2.01,2.10,2.17,2.20,2.30,2.35,2.36,2.40,2.41,2.42,2.43,2.50,2.52,2.53,2.60,2.70,2.76,2.80,3.00,3.01,3.10,3.15,3.16,3.21,3.30,3.40,3.41,3.42,3.50,3.55,3.56,3.60,3.61,3.65,3.66,3.70,3.71,3.72,3.73,4.00,4.01,4.10,4.11,4.20,4.21,4.25,4.30,4.31,4.40,4.41,4.45,4.46,4.50,4.53,4.55,4.60,4.65,4.66,4.70,4.75,4.76,4.78,4.80,4.81,4.82,4.83,4.84,4.85,4.86,4.87,4.88,4.89,4.90,4.91,4.92,4.93	none	none
498	1.02,1.10,1.11,1.30,1.31,1.32,1.50,1.51,1.54,1.60,1.70,1.80,1.81,1.82,1.90,1.92,1.93,1.94,2.00,2.01,2.10,2.17,2.20,2.30,2.35,2.36,2.40,2.41,2.42,2.43,2.50,2.52,2.53,2.60,2.70,2.76,2.80,3.00,3.01,3.10,3.15,3.16,3.21,3.30,3.40,3.41,3.42,3.50,3.55,3.56,3.60,3.61,3.65,3.66,3.70,3.71,3.72,3.73,4.00,4.01,4.10,4.11,4.20,4.21,4.25,4.30,4.31,4.40,4.41,4.45,4.46,4.50,4.53,4.55,4.60,4.65,4.66,4.70,4.75,4.76,4.78,4.80,4.81,4.82,4.83,4.84,4.85,4.86,4.87,4.88,4.89,4.90,4.91,4.92,4.93	none	none
499	1.02,1.10,1.11,1.30,1.31,1.32,1.50,1.51,1.54,1.60,1.70,1.80,1.81,1.82,1.90,1.92,1.93,1.94,2.00,2.01,2.10,2.17,2.20,2.30,2.35,2.36,2.40,2.41,2.42,2.43,2.50,2.52,2.53,2.60,2.70,2.76,2.80,3.00,3.01,3.10,3.15,3.16,3.21,3.30,3.40,3.41,3.42,3.50,3.55,3.56,3.60,3.61,3.65,3.66,3.70,3.71,3.72,3.73,4.00,4.01,4.10,4.11,4.20,4.21,4.25,4.30,4.31,4.40,4.41,4.45,4.46,4.50,4.53,4.55,4.60,4.65,4.66,4.70,4.75,4.76,4.78,4.80,4.81,4.82,4.83,4.84,4.85,4.86,4.87,4.88,4.89,4.90,4.91,4.92,4.93	none	none
500	1.02,1.10,1.11,1.30,1.31,1.32,1.50,1.51,1.54,1.60,1.70,1.80,1.81,1.82,1.90,1.92,1.93,1.94,2.00,2.01,2.10,2.17,2.20,2.30,2.35,2.36,2.40,2.41,2.42,2.43,2.50,2.52,2.53,2.60,2.70,2.76,2.80,3.00,3.01,3.10,3.15,3.16,3.21,3.30,3.40,3.41,3.42,3.50,3.55,3.56,3.60,3.61,3.65,3.66,3.70,3.71,3.72,3.73,4.00,4.01,4.10,4.11,4.20,4.21,4.25,4.30,4.31,4.40,4.41,4.45,4.46,4.50,4.53,4.55,4.60,4.65,4.66,4.70,4.75,4.76,4.78,4.80,4.81,4.82,4.83,4.84,4.85,4.86,4.87,4.88,4.89,4.90,4.91,4.92,4.93	none	none
501	1.02,1.10,1.11,1.30,1.31,1.32,1.50,1.51,1.54,1.60,1.70,1.80,1.81,1.82,1.90,1.92,1.93,1.94,2.00,2.01,2.10,2.17,2.20,2.30,2.35,2.36,2.40,2.41,2.42,2.43,2.50,2.52,2.53,2.60,2.70,2.76,2.80,3.00,3.01,3.10,3.15,3.16,3.21,3.30,3.40,3.41,3.42,3.50,3.55,3.56,3.60,3.61,3.65,3.66,3.70,3.71,3.72,3.73,4.00,4.01,4.10,4.11,4.20,4.21,4.25,4.30,4.31,4.40,4.41,4.45,4.46,4.50,4.53,4.55,4.60,4.65,4.66,4.70,4.75,4.76,4.78,4.80,4.81,4.82,4.83,4.84,4.85,4.86,4.87,4.88,4.89,4.90,4.91,4.92,4.93	none	none
502	1.02,1.10,1.11,1.30,1.31,1.32,1.50,1.51,1.54,1.60,1.70,1.80,1.81,1.82,1.90,1.92,1.93,1.94,2.00,2.01,2.10,2.17,2.20,2.30,2.35,2.36,2.40,2.41,2.42,2.43,2.50,2.52,2.53,2.60,2.70,2.76,2.80,3.00,3.01,3.10,3.15,3.16,3.21,3.30,3.40,3.41,3.42,3.50,3.55,3.56,3.60,3.61,3.65,3.66,3.70,3.71,3.72,3.73,4.00,4.01,4.10,4.11,4.20,4.21,4.25,4.30,4.31,4.40,4.41,4.45,4.46,4.50,4.53,4.55,4.60,4.65,4.66,4.70,4.75,4.76,4.78,4.80,4.81,4.82,4.83,4.84,4.85,4.86,4.87,4.88,4.89,4.90,4.91,4.92,4.93	none	none
503	1.02,1.10,1.11,1.30,1.31,1.32,1.50,1.51,1.54,1.60,1.70,1.80,1.81,1.82,1.90,1.92,1.93,1.94,2.00,2.01,2.10,2.17,2.20,2.30,2.35,2.36,2.40,2.41,2.42,2.43,2.50,2.52,2.53,2.60,2.70,2.76,2.80,3.00,3.01,3.10,3.15,3.16,3.21,3.30,3.40,3.41,3.42,3.50,3.55,3.56,3.60,3.61,3.65,3.66,3.70,3.71,3.72,3.73,4.00,4.01,4.10,4.11,4.20,4.21,4.25,4.30,4.31,4.40,4.41,4.45,4.46,4.50,4.53,4.55,4.60,4.65,4.66,4.70,4.75,4.76,4.78,4.80,4.81,4.82,4.83,4.84,4.85,4.86,4.87,4.88,4.89,4.90,4.91,4.92,4.93	none	none
504	1.02,1.10,1.11,1.30,1.31,1.32,1.50,1.51,1.54,1.60,1.70,1.80,1.81,1.82,1.90,1.92,1.93,1.94,2.00,2.01,2.10,2.17,2.20,2.30,2.35,2.36,2.40,2.41,2.42,2.43,2.50,2.52,2.53,2.60,2.70,2.76,2.80,3.00,3.01,3.10,3.15,3.16,3.21,3.30,3.40,3.41,3.42,3.50,3.55,3.56,3.60,3.61,3.65,3.66,3.70,3.71,3.72,3.73,4.00,4.01,4.10,4.11,4.20,4.21,4.25,4.30,4.31,4.40,4.41,4.45,4.46,4.50,4.53,4.55,4.60,4.65,4.66,4.70,4.75,4.76,4.78,4.80,4.81,4.82,4.83,4.84,4.85,4.86,4.87,4.88,4.89,4.90,4.91,4.92,4.93	none	none
505	1.02,1.10,1.11,1.30,1.31,1.32,1.50,1.51,1.54,1.60,1.70,1.80,1.81,1.82,1.90,1.92,1.93,1.94,2.00,2.01,2.10,2.17,2.20,2.30,2.35,2.36,2.40,2.41,2.42,2.43,2.50,2.52,2.53,2.60,2.70,2.76,2.80,3.00,3.01,3.10,3.15,3.16,3.21,3.30,3.40,3.41,3.42,3.50,3.55,3.56,3.60,3.61,3.65,3.66,3.70,3.71,3.72,3.73,4.00,4.01,4.10,4.11,4.20,4.21,4.25,4.30,4.31,4.40,4.41,4.45,4.46,4.50,4.53,4.55,4.60,4.65,4.66,4.70,4.75,4.76,4.78,4.80,4.81,4.82,4.83,4.84,4.85,4.86,4.87,4.88,4.89,4.90,4.91,4.92,4.93	none	none
506	1.02,1.10,1.11,1.30,1.31,1.32,1.50,1.51,1.54,1.60,1.70,1.80,1.81,1.82,1.90,1.92,1.93,1.94,2.00,2.01,2.10,2.17,2.20,2.30,2.35,2.36,2.40,2.41,2.42,2.43,2.50,2.52,2.53,2.60,2.70,2.76,2.80,3.00,3.01,3.10,3.15,3.16,3.21,3.30,3.40,3.41,3.42,3.50,3.55,3.56,3.60,3.61,3.65,3.66,3.70,3.71,3.72,3.73,4.00,4.01,4.10,4.11,4.20,4.21,4.25,4.30,4.31,4.40,4.41,4.45,4.46,4.50,4.53,4.55,4.60,4.65,4.66,4.70,4.75,4.76,4.78,4.80,4.81,4.82,4.83,4.84,4.85,4.86,4.87,4.88,4.89,4.90,4.91,4.92,4.93	none	none
507	1.02,1.10,1.11,1.30,1.31,1.32,1.50,1.51,1.54,1.60,1.70,1.80,1.81,1.82,1.90,1.92,1.93,1.94,2.00,2.01,2.10,2.17,2.20,2.30,2.35,2.36,2.40,2.41,2.42,2.43,2.50,2.52,2.53,2.60,2.70,2.76,2.80,3.00,3.01,3.10,3.15,3.16,3.21,3.30,3.40,3.41,3.42,3.50,3.55,3.56,3.60,3.61,3.65,3.66,3.70,3.71,3.72,3.73,4.00,4.01,4.10,4.11,4.20,4.21,4.25,4.30,4.31,4.40,4.41,4.45,4.46,4.50,4.53,4.55,4.60,4.65,4.66,4.70,4.75,4.76,4.78,4.80,4.81,4.82,4.83,4.84,4.85,4.86,4.87,4.88,4.89,4.90,4.91,4.92,4.93	none	none
508	1.02,1.10,1.11,1.30,1.31,1.32,1.50,1.51,1.54,1.60,1.70,1.80,1.81,1.82,1.90,1.92,1.93,1.94,2.00,2.01,2.10,2.17,2.20,2.30,2.35,2.36,2.40,2.41,2.42,2.43,2.50,2.52,2.53,2.60,2.70,2.76,2.80,3.00,3.01,3.10,3.15,3.16,3.21,3.30,3.40,3.41,3.42,3.50,3.55,3.56,3.60,3.61,3.65,3.66,3.70,3.71,3.72,3.73,4.00,4.01,4.10,4.11,4.20,4.21,4.25,4.30,4.31,4.40,4.41,4.45,4.46,4.50,4.53,4.55,4.60,4.65,4.66,4.70,4.75,4.76,4.78,4.80,4.81,4.82,4.83,4.84,4.85,4.86,4.87,4.88,4.89,4.90,4.91,4.92,4.93	none	none
509	1.02,1.10,1.11,1.30,1.31,1.32,1.50,1.51,1.54,1.60,1.70,1.80,1.81,1.82,1.90,1.92,1.93,1.94,2.00,2.01,2.10,2.17,2.20,2.30,2.35,2.36,2.40,2.41,2.42,2.43,2.50,2.52,2.53,2.60,2.70,2.76,2.80,3.00,3.01,3.10,3.15,3.16,3.21,3.30,3.40,3.41,3.42,3.50,3.55,3.56,3.60,3.61,3.65,3.66,3.70,3.71,3.72,3.73,4.00,4.01,4.10,4.11,4.20,4.21,4.25,4.30,4.31,4.40,4.41,4.45,4.46,4.50,4.53,4.55,4.60,4.65,4.66,4.70,4.75,4.76,4.78,4.80,4.81,4.82,4.83,4.84,4.85,4.86,4.87,4.88,4.89,4.90,4.91,4.92,4.93	none	none
510	1.02,1.10,1.11,1.30,1.31,1.32,1.50,1.51,1.54,1.60,1.70,1.80,1.81,1.82,1.90,1.92,1.93,1.94,2.00,2.01,2.10,2.17,2.20,2.30,2.35,2.36,2.40,2.41,2.42,2.43,2.50,2.52,2.53,2.60,2.70,2.76,2.80,3.00,3.01,3.10,3.15,3.16,3.21,3.30,3.40,3.41,3.42,3.50,3.55,3.56,3.60,3.61,3.65,3.66,3.70,3.71,3.72,3.73,4.00,4.01,4.10,4.11,4.20,4.21,4.25,4.30,4.31,4.40,4.41,4.45,4.46,4.50,4.53,4.55,4.60,4.65,4.66,4.70,4.75,4.76,4.78,4.80,4.81,4.82,4.83,4.84,4.85,4.86,4.87,4.88,4.89,4.90,4.91,4.92,4.93	none	none
511	1.02,1.10,1.11,1.30,1.31,1.32,1.50,1.51,1.54,1.60,1.70,1.80,1.81,1.82,1.90,1.92,1.93,1.94,2.00,2.01,2.10,2.17,2.20,2.30,2.35,2.36,2.40,2.41,2.42,2.43,2.50,2.52,2.53,2.60,2.70,2.76,2.80,3.00,3.01,3.10,3.15,3.16,3.21,3.30,3.40,3.41,3.42,3.50,3.55,3.56,3.60,3.61,3.65,3.66,3.70,3.71,3.72,3.73,4.00,4.01,4.10,4.11,4.20,4.21,4.25,4.30,4.31,4.40,4.41,4.45,4.46,4.50,4.53,4.55,4.60,4.65,4.66,4.70,4.75,4.76,4.78,4.80,4.81,4.82,4.83,4.84,4.85,4.86,4.87,4.88,4.89,4.90,4.91,4.92,4.93	none	none
512	1.80,1.81,1.82,1.90,1.92,1.93,1.94,2.00,2.01,2.10,2.17,2.20,2.30,2.35,2.36,2.40,2.41,2.42,2.43,2.50,2.52,2.53,2.60,2.70,2.76,2.80,3.00,3.01,3.10,3.15,3.16,3.21,3.30,3.40,3.41,3.42,3.50,3.55,3.56,3.60,3.61,3.65,3.66,3.70,3.71,3.72,3.73,4.00,4.01,4.10,4.11,4.20,4.21,4.25,4.30,4.31,4.40,4.41,4.45,4.46,4.50,4.53,4.55,4.60,4.65,4.66,4.70,4.75,4.76,4.78,4.80,4.81,4.82,4.83,4.84,4.85,4.86,4.87,4.88,4.89,4.90,4.91,4.92,4.93	1.02,1.10,1.11,1.30,1.31,1.32,1.50,1.51,1.54,1.60,1.70	none
513	1.80,1.81,1.82,1.90,1.92,1.93,1.94,2.00,2.01,2.10,2.17,2.20,2.30,2.35,2.36,2.40,2.41,2.42,2.43,2.50,2.52,2.53,2.60,2.70,2.76,2.80,3.00,3.01,3.10,3.15,3.16,3.21,3.30,3.40,3.41,3.42,3.50,3.55,3.56,3.60,3.61,3.65,3.66,3.70,3.71,3.72,3.73,4.00,4.01,4.10,4.11,4.20,4.21,4.25,4.30,4.31,4.40,4.41,4.45,4.46,4.50,4.53,4.55,4.60,4.65,4.66,4.70,4.75,4.76,4.78,4.80,4.81,4.82,4.83,4.84,4.85,4.86,4.87,4.88,4.89,4.90,4.91,4.92,4.93	1.02,1.10,1.11,1.30,1.31,1.32,1.50,1.51,1.54,1.60,1.70	none
514	1.92,1.93,1.94,2.00,2.01,2.10,2.17,2.20,2.30,2.35,2.36,2.40,2.41,2.42,2.43,2.50,2.52,2.53,2.60,2.70,2.76,2.80,3.00,3.01,3.10,3.15,3.16,3.21,3.30,3.40,3.41,3.42,3.50,3.55,3.56,3.60,3.61,3.65,3.66,3.70,3.71,3.72,3.73,4.00,4.01,4.10,4.11,4.20,4.21,4.25,4.30,4.31,4.40,4.41,4.45,4.46,4.50,4.53,4.55,4.60,4.65,4.66,4.70,4.75,4.76,4.78,4.80,4.81,4.82,4.83,4.84,4.85,4.86,4.87,4.88,4.89,4.90,4.91,4.92,4.93	1.02,1.10,1.11,1.30,1.31,1.32,1.50,1.51,1.54,1.60,1.70,1.80,1.81,1.82,1.90	none
515	none	1.02,1.10,1.11,1.30,1.31,1.32,1.50,1.51,1.54,1.60,1.70,1.80,1.81,1.82,1.90,1.92,1.93,1.94,2.00,2.01,2.10,2.17,2.20,2.30,2.35,2.36,2.40,2.41,2.42,2.43,2.50,2.52,2.53,2.60,2.70,2.76,2.80,3.00,3.01,3.10,3.15,3.16,3.21,3.30,3.40,3.41,3.42,3.50,3.55,3.56,3.60,3.61,3.65,3.66,3.70,3.71,3.72,3.73,4.00,4.01,4.10,4.11,4.20,4.21,4.25,4.30,4.31,4.40,4.41,4.45,4.46,4.50,4.53,4.55,4.60,4.65,4.66,4.70,4.75,4.76,4.78,4.80,4.81,4.82,4.83,4.84,4.85,4.86,4.87,4.88,4.89,4.90,4.91,4.92,4.93	none
516	1.02,1.10,1.11,1.30,1.31,1.32,1.50,1.51,1.54,1.60,1.70,1.80,1.81,1.82,1.90,1.92,1.93,1.94,2.00,2.01,2.10,2.17,2.20,2.30,2.35,2.36,2.40,2.41,2.42,2.43,2.50,2.52,2.53,2.60,2.70,2.76,2.80,3.00,3.01,3.10,3.15,3.16,3.21,3.30,3.40,3.41,3.42,3.50,3.55,3.56,3.60,3.61,3.65,3.66,3.70,3.71,3.72,3.73,4.00,4.01,4.10,4.11,4.20,4.21,4.25,4.30,4.31,4.40,4.41,4.45,4.46,4.50,4.53,4.55,4.60,4.65,4.66,4.70,4.75,4.76,4.78,4.80,4.81,4.82,4.83,4.84,4.85,4.86,4.87,4.88,4.89,4.90,4.91,4.92,4.93	none	none
517	1.02,1.10,1.11,1.30,1.31,1.32,1.50,1.51,1.54,1.60,1.70,1.80,1.81,1.82,1.90,1.92,1.93,1.94,2.00,2.01,2.10,2.17,2.20,2.30,2.35,2.36,2.40,2.41,2.42,2.43,2.50,2.52,2.53,2.60,2.70,2.76,2.80,3.00,3.01,3.10,3.15,3.16,3.21,3.30,3.40,3.41,3.42,3.50,3.55,3.56,3.60,3.61,3.65,3.66,3.70,3.71,3.72,3.73,4.00,4.01,4.10,4.11,4.20,4.21,4.25,4.30,4.31,4.40,4.41,4.45,4.46,4.50,4.53,4.55,4.60,4.65,4.66,4.70,4.75,4.76,4.78,4.80,4.81,4.82,4.83,4.84,4.85,4.86,4.87,4.88,4.89,4.90,4.91,4.92,4.93	none	none
518	1.02,1.10,1.11,1.30,1.31,1.32,1.50,1.51,1.54,1.60,1.70,1.80,1.81,1.82,1.90,1.92,1.93,1.94,2.00,2.01,2.10,2.17,2.20,2.30,2.35,2.36,2.40,2.41,2.42,2.43,2.50,2.52,2.53,2.60,2.70,2.76,2.80,3.00,3.01,3.10,3.15,3.16,3.21,3.30,3.40,3.41,3.42,3.50,3.55,3.56,3.60,3.61,3.65,3.66,3.70,3.71,3.72,3.73,4.00,4.01,4.10,4.11,4.20,4.21,4.25,4.30,4.31,4.40,4.41,4.45,4.46,4.50,4.53,4.55,4.60,4.65,4.66,4.70,4.75,4.76,4.78,4.80,4.81,4.82,4.83,4.84,4.85,4.86,4.87,4.88,4.89,4.90,4.91,4.92,4.93	none	none
519	1.02,1.10,1.11,1.30,1.31,1.32,1.50,1.51,1.54,1.60,1.70,1.80,1.81,1.82,1.90,1.92,1.93,1.94,2.00,2.01,2.10,2.17,2.20,2.30,2.35,2.36,2.40,2.41,2.42,2.43,2.50,2.52,2.53,2.60,2.70,2.76,2.80,3.00,3.01,3.10,3.15,3.16,3.21,3.30,3.40,3.41,3.42,3.50,3.55,3.56,3.60,3.61,3.65,3.66,3.70,3.71,3.72,3.73,4.00,4.01,4.10,4.11,4.20,4.21,4.25,4.30,4.31,4.40,4.41,4.45,4.46,4.50,4.53,4.55,4.60,4.65,4.66,4.70,4.75,4.76,4.78,4.80,4.81,4.82,4.83,4.84,4.85,4.86,4.87,4.88,4.89,4.90,4.91,4.92,4.93	none	none
520	1.02,1.10,1.11,1.30,1.31,1.32,1.50,1.51,1.54,1.60,1.70,1.80,1.81,1.82,1.90,1.92,1.93,1.94,2.00,2.01,2.10,2.17,2.20,2.30,2.35,2.36,2.40,2.41,2.42,2.43,2.50,2.52,2.53,2.60,2.70,2.76,2.80,3.00,3.01,3.10,3.15,3.16,3.21,3.30,3.40,3.41,3.42,3.50,3.55,3.56,3.60,3.61,3.65,3.66,3.70,3.71,3.72,3.73,4.00,4.01,4.10,4.11,4.20,4.21,4.25,4.30,4.31,4.40,4.41,4.45,4.46,4.50,4.53,4.55,4.60,4.65,4.66,4.70,4.75,4.76,4.78,4.80,4.81,4.82,4.83,4.84,4.85,4.86,4.87,4.88,4.89,4.90,4.91,4.92,4.93	none	none
521	1.02,1.10,1.11,1.30,1.31,1.32,1.50,1.51,1.54,1.60,1.70,1.80,1.81,1.82,1.90,1.92,1.93,1.94,2.00,2.01,2.10,2.17,2.20,2.30,2.35,2.36,2.40,2.41,2.42,2.43,2.50,2.52,2.53,2.60,2.70,2.76,2.80,3.00,3.01,3.10,3.15,3.16,3.21,3.30,3.40,3.41,3.42,3.50,3.55,3.56,3.60,3.61,3.65,3.66,3.70,3.71,3.72,3.73,4.00,4.01,4.10,4.11,4.20,4.21,4.25,4.30,4.31,4.40,4.41,4.45,4.46,4.50,4.53,4.55,4.60,4.65,4.66,4.70,4.75,4.76,4.78,4.80,4.81,4.82,4.83,4.84,4.85,4.86,4.87,4.88,4.89,4.90,4.91,4.92,4.93	none	none
522	1.02,1.10,1.11,1.30,1.31,1.32,1.50,1.51,1.54,1.60,1.70,1.80,1.81,1.82,1.90,1.92,1.93,1.94,2.00,2.01,2.10,2.17,2.20,2.30,2.35,2.36,2.40,2.41,2.42,2.43,2.50,2.52,2.53,2.60,2.70,2.76,2.80,3.00,3.01,3.10,3.15,3.16,3.21,3.30,3.40,3.41,3.42,3.50,3.55,3.56,3.60,3.61,3.65,3.66,3.70,3.71,3.72,3.73,4.00,4.01,4.10,4.11,4.20,4.21,4.25,4.30,4.31,4.40,4.41,4.45,4.46,4.50,4.53,4.55,4.60,4.65,4.66,4.70,4.75,4.76,4.78,4.80,4.81,4.82,4.83,4.84,4.85,4.86,4.87,4.88,4.89,4.90,4.91,4.92,4.93	none	none
523	1.02,1.10,1.11,1.30,1.31,1.32,1.50,1.51,1.54,1.60,1.70,1.80,1.81,1.82,1.90,1.92,1.93,1.94,2.00,2.01,2.10,2.17,2.20,2.30,2.35,2.36,2.40,2.41,2.42,2.43,2.50,2.52,2.53,2.60,2.70,2.76,2.80,3.00,3.01,3.10,3.15,3.16,3.21,3.30,3.40,3.41,3.42,3.50,3.55,3.56,3.60,3.61,3.65,3.66,3.70,3.71,3.72,3.73,4.00,4.01,4.10,4.11,4.20,4.21,4.25,4.30,4.31,4.40,4.41,4.45,4.46,4.50,4.53,4.55,4.60,4.65,4.66,4.70,4.75,4.76,4.78,4.80,4.81,4.82,4.83,4.84,4.85,4.86,4.87,4.88,4.89,4.90,4.91,4.92,4.93	none	none
524	1.02,1.10,1.11,1.30,1.31,1.32,1.50,1.51,1.54,1.60,1.70,1.80,1.81,1.82,1.90,1.92,1.93,1.94,2.00,2.01,2.10,2.17,2.20,2.30,2.35,2.36,2.40,2.41,2.42,2.43,2.50,2.52,2.53,2.60,2.70,2.76,2.80,3.00,3.01,3.10,3.15,3.16,3.21,3.30,3.40,3.41,3.42,3.50,3.55,3.56,3.60,3.61,3.65,3.66,3.70,3.71,3.72,3.73,4.00,4.01,4.10,4.11,4.20,4.21,4.25,4.30,4.31,4.40,4.41,4.45,4.46,4.50,4.53,4.55,4.60,4.65,4.66,4.70,4.75,4.76,4.78,4.80,4.81,4.82,4.83,4.84,4.85,4.86,4.87,4.88,4.89,4.90,4.91,4.92,4.93	none	none
525	1.02,1.10,1.11,1.30,1.31,1.32,1.50,1.51,1.54,1.60,1.70,1.80,1.81,1.82,1.90,1.92,1.93,1.94,2.00,2.01,2.10,2.17,2.20,2.30,2.35,2.36,2.40,2.41,2.42,2.43,2.50,2.52,2.53,2.60,2.70,2.76,2.80,3.00,3.01,3.10,3.15,3.16,3.21,3.30,3.40,3.41,3.42,3.50,3.55,3.56,3.60,3.61,3.65,3.66,3.70,3.71,3.72,3.73,4.00,4.01,4.10,4.11,4.20,4.21,4.25,4.30,4.31,4.40,4.41,4.45,4.46,4.50,4.53,4.55,4.60,4.65,4.66,4.70,4.75,4.76,4.78,4.80,4.81,4.82,4.83,4.84,4.85,4.86,4.87,4.88,4.89,4.90,4.91,4.92,4.93	none	none
526	none	1.02,1.10,1.11,1.30,1.31,1.32,1.50,1.51,1.54,1.60,1.70,1.80,1.81,1.82,1.90,1.92,1.93,1.94,2.00,2.01,2.10,2.17,2.20,2.30,2.35,2.36,2.40,2.41,2.42,2.43,2.50,2.52,2.53,2.60,2.70,2.76,2.80,3.00,3.01,3.10,3.15,3.16,3.21,3.30,3.40,3.41,3.42,3.50,3.55,3.56,3.60,3.61,3.65,3.66,3.70,3.71,3.72,3.73,4.00,4.01,4.10,4.11,4.20,4.21,4.25,4.30,4.31,4.40,4.41,4.45,4.46,4.50,4.53,4.55,4.60,4.65,4.66,4.70,4.75,4.76,4.78,4.80,4.81,4.82,4.83,4.84,4.85,4.86,4.87,4.88,4.89,4.90,4.91,4.92,4.93	none
527	none	1.02,1.10,1.11,1.30,1.31,1.32,1.50,1.51,1.54,1.60,1.70,1.80,1.81,1.82,1.90,1.92,1.93,1.94,2.00,2.01,2.10,2.17,2.20,2.30,2.35,2.36,2.40,2.41,2.42,2.43,2.50,2.52,2.53,2.60,2.70,2.76,2.80,3.00,3.01,3.10,3.15,3.16,3.21,3.30,3.40,3.41,3.42,3.50,3.55,3.56,3.60,3.61,3.65,3.66,3.70,3.71,3.72,3.73,4.00,4.01,4.10,4.11,4.20,4.21,4.25,4.30,4.31,4.40,4.41,4.45,4.46,4.50,4.53,4.55,4.60,4.65,4.66,4.70,4.75,4.76,4.78,4.80,4.81,4.82,4.83,4.84,4.85,4.86,4.87,4.88,4.89,4.90,4.91,4.92,4.93	none
528	none	1.02,1.10,1.11,1.30,1.31,1.32,1.50,1.51,1.54,1.60,1.70,1.80,1.81,1.82,1.90,1.92,1.93,1.94,2.00,2.01,2.10,2.17,2.20,2.30,2.35,2.36,2.40,2.41,2.42,2.43,2.50,2.52,2.53,2.60,2.70,2.76,2.80,3.00,3.01,3.10,3.15,3.16,3.21,3.30,3.40,3.41,3.42,3.50,3.55,3.56,3.60,3.61,3.65,3.66,3.70,3.71,3.72,3.73,4.00,4.01,4.10,4.11,4.20,4.21,4.25,4.30,4.31,4.40,4.41,4.45,4.46,4.50,4.53,4.55,4.60,4.65,4.66,4.70,4.75,4.76,4.78,4.80,4.81,4.82,4.83,4.84,4.85,4.86,4.87,4.88,4.89,4.90,4.91,4.92,4.93	none
529	none	1.02,1.10,1.11,1.30,1.31,1.32,1.50,1.51,1.54,1.60,1.70,1.80,1.81,1.82,1.90,1.92,1.93,1.94,2.00,2.01,2.10,2.17,2.20,2.30,2.35,2.36,2.40,2.41,2.42,2.43,2.50,2.52,2.53,2.60,2.70,2.76,2.80,3.00,3.01,3.10,3.15,3.16,3.21,3.30,3.40,3.41,3.42,3.50,3.55,3.56,3.60,3.61,3.65,3.66,3.70,3.71,3.72,3.73,4.00,4.01,4.10,4.11,4.20,4.21,4.25,4.30,4.31,4.40,4.41,4.45,4.46,4.50,4.53,4.55,4.60,4.65,4.66,4.70,4.75,4.76,4.78,4.80,4.81,4.82,4.83,4.84,4.85,4.86,4.87,4.88,4.89,4.90,4.91,4.92,4.93	none
530	1.02,1.10,1.11,1.30,1.31,1.32,1.50,1.51,1.54,1.60,1.70,1.80,1.81,1.82,1.90,1.92,1.93,1.94,2.00,2.01,2.10,2.17,2.20,2.30,2.35,2.36,2.40,2.41,2.42,2.43,2.50,2.52,2.53,2.60,2.70,2.76,2.80,3.00,3.01,3.10,3.15,3.16,3.21,3.30,3.40,3.41,3.42,3.50,3.55,3.56,3.60,3.61,3.65,3.66,3.70,3.71,3.72,3.73,4.00,4.01,4.10,4.11,4.20,4.21,4.25,4.30,4.31,4.40,4.41,4.45,4.46,4.50,4.53,4.55,4.60,4.65,4.66,4.70,4.75,4.76,4.78,4.80,4.81,4.82,4.83,4.84,4.85,4.86,4.87,4.88,4.89,4.90,4.91,4.92,4.93	none	none
531	1.02,1.10,1.11,1.30,1.31,1.32,1.50,1.51,1.54,1.60,1.70,1.80,1.81,1.82,1.90,1.92,1.93,1.94,2.00,2.01,2.10,2.17,2.20,2.30,2.35,2.36,2.40,2.41,2.42,2.43,2.50,2.52,2.53,2.60,2.70,2.76,2.80,3.00,3.01,3.10,3.15,3.16,3.21,3.30,3.40,3.41,3.42,3.50,3.55,3.56,3.60,3.61,3.65,3.66,3.70,3.71,3.72,3.73,4.00,4.01,4.10,4.11,4.20,4.21,4.25,4.30,4.31,4.40,4.41,4.45,4.46,4.50,4.53,4.55,4.60,4.65,4.66,4.70,4.75,4.76,4.78,4.80,4.81,4.82,4.83,4.84,4.85,4.86,4.87,4.88,4.89,4.90,4.91,4.92,4.93	none	none
532	1.02,1.10,1.11,1.30,1.31,1.32,1.50,1.51,1.54,1.60,1.70,1.80,1.81,1.82,1.90,1.92,1.93,1.94,2.00,2.01,2.10,2.17,2.20,2.30,2.35,2.36,2.40,2.41,2.42,2.43,2.50,2.52,2.53,2.60,2.70,2.76,2.80,3.00,3.01,3.10,3.15,3.16,3.21,3.30,3.40,3.41,3.42,3.50,3.55,3.56,3.60,3.61,3.65,3.66,3.70,3.71,3.72,3.73,4.00,4.01,4.10,4.11,4.20,4.21,4.25,4.30,4.31,4.40,4.41,4.45,4.46,4.50,4.53,4.55,4.60,4.65,4.66,4.70,4.75,4.76,4.78,4.80,4.81,4.82,4.83,4.84,4.85,4.86,4.87,4.88,4.89,4.90,4.91,4.92,4.93	none	none
533	1.02,1.10,1.11,1.30,1.31,1.32,1.50,1.51,1.54,1.60,1.70,1.80,1.81,1.82,1.90,1.92,1.93,1.94,2.00,2.01,2.10,2.17,2.20,2.30,2.35,2.36,2.40,2.41,2.42,2.43,2.50,2.52,2.53,2.60,2.70,2.76,2.80,3.00,3.01,3.10,3.15,3.16,3.21,3.30,3.40,3.41,3.42,3.50,3.55,3.56,3.60,3.61,3.65,3.66,3.70,3.71,3.72,3.73,4.00,4.01,4.10,4.11,4.20,4.21,4.25,4.30,4.31,4.40,4.41,4.45,4.46,4.50,4.53,4.55,4.60,4.65,4.66,4.70,4.75,4.76,4.78,4.80,4.81,4.82,4.83,4.84,4.85,4.86,4.87,4.88,4.89,4.90,4.91,4.92,4.93	none	none
534	1.02,1.10,1.11,1.30,1.31,1.32,1.50,1.51,1.54,1.60,1.70,1.80,1.81,1.82,1.90,1.92,1.93,1.94,2.00,2.01,2.10,2.17,2.20,2.30,2.35,2.36,2.40,2.41,2.42,2.43,2.50,2.52,2.53,2.60,2.70,2.76,2.80,3.00,3.01,3.10,3.15,3.16,3.21,3.30,3.40,3.41,3.42,3.50,3.55,3.56,3.60,3.61,3.65,3.66,3.70,3.71,3.72,3.73,4.00,4.01,4.10,4.11,4.20,4.21,4.25,4.30,4.31,4.40,4.41,4.45,4.46,4.50,4.53,4.55,4.60,4.65,4.66,4.70,4.75,4.76,4.78,4.80,4.81,4.82,4.83,4.84,4.85,4.86,4.87,4.88,4.89,4.90,4.91,4.92,4.93	none	none
535	1.02,1.10,1.11,1.30,1.31,1.32,1.50,1.51,1.54,1.60,1.70,1.80,1.81,1.82,1.90,1.92,1.93,1.94,2.00,2.01,2.10,2.17,2.20,2.30,2.35,2.36,2.40,2.41,2.42,2.43,2.50,2.52,2.53,2.60,2.70,2.76,2.80,3.00,3.01,3.10,3.15,3.16,3.21,3.30,3.40,3.41,3.42,3.50,3.55,3.56,3.60,3.61,3.65,3.66,3.70,3.71,3.72,3.73,4.00,4.01,4.10,4.11,4.20,4.21,4.25,4.30,4.31,4.40,4.41,4.45,4.46,4.50,4.53,4.55,4.60,4.65,4.66,4.70,4.75,4.76,4.78,4.80,4.81,4.82,4.83,4.84,4.85,4.86,4.87,4.88,4.89,4.90,4.91,4.92,4.93	none	none
536	1.02,1.10,1.11,1.30,1.31,1.32,1.50,1.51,1.54,1.60,1.70,1.80,1.81,1.82,1.90,1.92,1.93,1.94,2.00,2.01,2.10,2.17,2.20,2.30,2.35,2.36,2.40,2.41,2.42,2.43,2.50,2.52,2.53,2.60,2.70,2.76,2.80,3.00,3.01,3.10,3.15,3.16,3.21,3.30,3.40,3.41,3.42,3.50,3.55,3.56,3.60,3.61,3.65,3.66,3.70,3.71,3.72,3.73,4.00,4.01,4.10,4.11,4.20,4.21,4.25,4.30,4.31,4.40,4.41,4.45,4.46,4.50,4.53,4.55,4.60,4.65,4.66,4.70,4.75,4.76,4.78,4.80,4.81,4.82,4.83,4.84,4.85,4.86,4.87,4.88,4.89,4.90,4.91,4.92,4.93	none	none
537	1.02,1.10,1.11,1.30,1.31,1.32,1.50,1.51,1.54,1.60,1.70,1.80,1.81,1.82,1.90,1.92,1.93,1.94,2.00,2.01,2.10,2.17,2.20,2.30,2.35,2.36,2.40,2.41,2.42,2.43,2.50,2.52,2.53,2.60,2.70,2.76,2.80,3.00,3.01,3.10,3.15,3.16,3.21,3.30,3.40,3.41,3.42,3.50,3.55,3.56,3.60,3.61,3.65,3.66,3.70,3.71,3.72,3.73,4.00,4.01,4.10,4.11,4.20,4.21,4.25,4.30,4.31,4.40,4.41,4.45,4.46,4.50,4.53,4.55,4.60,4.65,4.66,4.70,4.75,4.76,4.78,4.80,4.81,4.82,4.83,4.84,4.85,4.86,4.87,4.88,4.89,4.90,4.91,4.92,4.93	none	none
538	1.02,1.10,1.11,1.30,1.31,1.32,1.50,1.51,1.54,1.60,1.70,1.80,1.81,1.82,1.90,1.92,1.93,1.94,2.00,2.01,2.10,2.17,2.20,2.30,2.35,2.36,2.40,2.41,2.42,2.43,2.50,2.52,2.53,2.60,2.70,2.76,2.80,3.00,3.01,3.10,3.15,3.16,3.21,3.30,3.40,3.41,3.42,3.50,3.55,3.56,3.60,3.61,3.65,3.66,3.70,3.71,3.72,3.73,4.00,4.01,4.10,4.11,4.20,4.21,4.25,4.30,4.31,4.40,4.41,4.45,4.46,4.50,4.53,4.55,4.60,4.65,4.66,4.70,4.75,4.76,4.78,4.80,4.81,4.82,4.83,4.84,4.85,4.86,4.87,4.88,4.89,4.90,4.91,4.92,4.93	none	none
539	1.02,1.10,1.11,1.30,1.31,1.32,1.50,1.51,1.54,1.60,1.70,1.80,1.81,1.82,1.90,1.92,1.93,1.94,2.00,2.01,2.10,2.17,2.20,2.30,2.35,2.36,2.40,2.41,2.42,2.43,2.50,2.52,2.53,2.60,2.70,2.76,2.80,3.00,3.01,3.10,3.15,3.16,3.21,3.30,3.40,3.41,3.42,3.50,3.55,3.56,3.60,3.61,3.65,3.66,3.70,3.71,3.72,3.73,4.00,4.01,4.10,4.11,4.20,4.21,4.25,4.30,4.31,4.40,4.41,4.45,4.46,4.50,4.53,4.55,4.60,4.65,4.66,4.70,4.75,4.76,4.78,4.80,4.81,4.82,4.83,4.84,4.85,4.86,4.87,4.88,4.89,4.90,4.91,4.92,4.93	none	none
540	1.02,1.10,1.11,1.30,1.31,1.32,1.50,1.51,1.54,1.60,1.70,1.80,1.81,1.82,1.90,1.92,1.93,1.94,2.00,2.01,2.10,2.17,2.20,2.30,2.35,2.36,2.40,2.41,2.42,2.43,2.50,2.52,2.53,2.60,2.70,2.76,2.80,3.00,3.01,3.10,3.15,3.16,3.21,3.30,3.40,3.41,3.42,3.50,3.55,3.56,3.60,3.61,3.65,3.66,3.70,3.71,3.72,3.73,4.00,4.01,4.10,4.11,4.20,4.21,4.25,4.30,4.31,4.40,4.41,4.45,4.46,4.50,4.53,4.55,4.60,4.65,4.66,4.70,4.75,4.76,4.78,4.80,4.81,4.82,4.83,4.84,4.85,4.86,4.87,4.88,4.89,4.90,4.91,4.92,4.93	none	none
541	3.55,3.56,3.60,3.61,3.65,3.66,3.70,3.71,3.72,3.73,4.00,4.01,4.10,4.11,4.20,4.21,4.25,4.30,4.31,4.40,4.41,4.45,4.46,4.50,4.53,4.55,4.60,4.65,4.66,4.70,4.75,4.76,4.78,4.80,4.81,4.82,4.83,4.84,4.85,4.86,4.87,4.88,4.89,4.90,4.91,4.92,4.93	1.02,1.10,1.11,1.30,1.31,1.32,1.50,1.51,1.54,1.60,1.70,1.80,1.81,1.82,1.90,1.92,1.93,1.94,2.00,2.01,2.10,2.17,2.20,2.30,2.35,2.36,2.40,2.41,2.42,2.43,2.50,2.52,2.53,2.60,2.70,2.76,2.80,3.00,3.01,3.10,3.15,3.16,3.21,3.30,3.40,3.41,3.42,3.50	none
542	1.02,1.10,1.11,1.30,1.31,1.32,1.50,1.51,1.54,1.60,1.70,1.80,1.81,1.82,1.90,1.92,1.93,1.94,2.00,2.01,2.10,2.17,2.20,2.30,2.35,2.36,2.40,2.41,2.42,2.43,2.50,2.52,2.53,2.60,2.70,2.76,2.80,3.00,3.01,3.10,3.15,3.16,3.21,3.30,3.40,3.41,3.42,3.50,3.55,3.56,3.60,3.61,3.65,3.66,3.70,3.71,3.72,3.73,4.00,4.01,4.10,4.11,4.20,4.21,4.25,4.30,4.31,4.40,4.41,4.45,4.46,4.50,4.53,4.55,4.60,4.65,4.66,4.70,4.75,4.76,4.78,4.80,4.81,4.82,4.83,4.84,4.85,4.86,4.87,4.88,4.89,4.90,4.91,4.92,4.93	none	none
543	1.02,1.10,1.11,1.30,1.31,1.32,1.50,1.51,1.54,1.60,1.70,1.80,1.81,1.82,1.90,1.92,1.93,1.94,2.00,2.01,2.10,2.17,2.20,2.30,2.35,2.36,2.40,2.41,2.42,2.43,2.50,2.52,2.53,2.60,2.70,2.76,2.80,3.00,3.01,3.10,3.15,3.16,3.21,3.30,3.40,3.41,3.42,3.50,3.55,3.56,3.60,3.61,3.65,3.66,3.70,3.71,3.72,3.73,4.00,4.01,4.10,4.11,4.20,4.21,4.25,4.30,4.31,4.40,4.41,4.45,4.46,4.50,4.53,4.55,4.60,4.65,4.66,4.70,4.75,4.76,4.78,4.80,4.81,4.82,4.83,4.84,4.85,4.86,4.87,4.88,4.89,4.90,4.91,4.92,4.93	none	none
544	1.02,1.10,1.11,1.30,1.31,1.32,1.50,1.51,1.54,1.60,1.70,1.80,1.81,1.82,1.90,1.92,1.93,1.94,2.00,2.01,2.10,2.17,2.20,2.30,2.35,2.36,2.40,2.41,2.42,2.43,2.50,2.52,2.53,2.60,2.70,2.76,2.80,3.00,3.01,3.10,3.15,3.16,3.21,3.30,3.40,3.41,3.42,3.50,3.55,3.56,3.60,3.61,3.65,3.66,3.70,3.71,3.72,3.73,4.00,4.01,4.10,4.11,4.20,4.21,4.25,4.30,4.31,4.40,4.41,4.45,4.46,4.50,4.53,4.55,4.60,4.65,4.66,4.70,4.75,4.76,4.78,4.80,4.81,4.82,4.83,4.84,4.85,4.86,4.87,4.88,4.89,4.90,4.91,4.92,4.93	none	none
545	1.02,1.10,1.11,1.30,1.31,1.32,1.50,1.51,1.54,1.60,1.70,1.80,1.81,1.82,1.90,1.92,1.93,1.94,2.00,2.01,2.10,2.17,2.20,2.30,2.35,2.36,2.40,2.41,2.42,2.43,2.50,2.52,2.53,2.60,2.70,2.76,2.80,3.00,3.01,3.10,3.15,3.16,3.21,3.30,3.40,3.41,3.42,3.50,3.55,3.56,3.60,3.61,3.65,3.66,3.70,3.71,3.72,3.73,4.00,4.01,4.10,4.11,4.20,4.21,4.25,4.30,4.31,4.40,4.41,4.45,4.46,4.50,4.53,4.55,4.60,4.65,4.66,4.70,4.75,4.76,4.78,4.80,4.81,4.82,4.83,4.84,4.85,4.86,4.87,4.88,4.89,4.90,4.91,4.92,4.93	none	none
546	1.02,1.10,1.11,1.30,1.31,1.32,1.50,1.51,1.54,1.60,1.70,1.80,1.81,1.82,1.90,1.92,1.93,1.94,2.00,2.01,2.10,2.17,2.20,2.30,2.35,2.36,2.40,2.41,2.42,2.43,2.50,2.52,2.53,2.60,2.70,2.76,2.80,3.00,3.01,3.10,3.15,3.16,3.21,3.30,3.40,3.41,3.42,3.50,3.55,3.56,3.60,3.61,3.65,3.66,3.70,3.71,3.72,3.73,4.00,4.01,4.10,4.11,4.20,4.21,4.25,4.30,4.31,4.40,4.41,4.45,4.46,4.50,4.53,4.55,4.60,4.65,4.66,4.70,4.75,4.76,4.78,4.80,4.81,4.82,4.83,4.84,4.85,4.86,4.87,4.88,4.89,4.90,4.91,4.92,4.93	none	none
547	1.02,1.10,1.11,1.30,1.31,1.32,1.50,1.51,1.54,1.60,1.70,1.80,1.81,1.82,1.90,1.92,1.93,1.94,2.00,2.01,2.10,2.17,2.20,2.30,2.35,2.36,2.40,2.41,2.42,2.43,2.50,2.52,2.53,2.60,2.70,2.76,2.80,3.00,3.01,3.10,3.15,3.16,3.21,3.30,3.40,3.41,3.42,3.50,3.55,3.56,3.60,3.61,3.65,3.66,3.70,3.71,3.72,3.73,4.00,4.01,4.10,4.11,4.20,4.21,4.25,4.30,4.31,4.40,4.41,4.45,4.46,4.50,4.53,4.55,4.60,4.65,4.66,4.70,4.75,4.76,4.78,4.80,4.81,4.82,4.83,4.84,4.85,4.86,4.87,4.88,4.89,4.90,4.91,4.92,4.93	none	none
548	1.02,1.10,1.11,1.30,1.31,1.32,1.50,1.51,1.54,1.60,1.70,1.80,1.81,1.82,1.90,1.92,1.93,1.94,2.00,2.01,2.10,2.17,2.20,2.30,2.35,2.36,2.40,2.41,2.42,2.43,2.50,2.52,2.53,2.60,2.70,2.76,2.80,3.00,3.01,3.10,3.15,3.16,3.21,3.30,3.40,3.41,3.42,3.50,3.55,3.56,3.60,3.61,3.65,3.66,3.70,3.71,3.72,3.73,4.00,4.01,4.10,4.11,4.20,4.21,4.25,4.30,4.31,4.40,4.41,4.45,4.46,4.50,4.53,4.55,4.60,4.65,4.66,4.70,4.75,4.76,4.78,4.80,4.81,4.82,4.83,4.84,4.85,4.86,4.87,4.88,4.89,4.90,4.91,4.92,4.93	none	none
549	1.02,1.10,1.11,1.30,1.31,1.32,1.50,1.51,1.54,1.60,1.70,1.80,1.81,1.82,1.90,1.92,1.93,1.94,2.00,2.01,2.10,2.17,2.20,2.30,2.35,2.36,2.40,2.41,2.42,2.43,2.50,2.52,2.53,2.60,2.70,2.76,2.80,3.00,3.01,3.10,3.15,3.16,3.21,3.30,3.40,3.41,3.42,3.50,3.55,3.56,3.60,3.61,3.65,3.66,3.70,3.71,3.72,3.73,4.00,4.01,4.10,4.11,4.20,4.21,4.25,4.30,4.31,4.40,4.41,4.45,4.46,4.50,4.53,4.55,4.60,4.65,4.66,4.70,4.75,4.76,4.78,4.80,4.81,4.82,4.83,4.84,4.85,4.86,4.87,4.88,4.89,4.90,4.91,4.92,4.93	none	none
550	1.02,1.10,1.11,1.30,1.31,1.32,1.50,1.51,1.54,1.60,1.70,1.80,1.81,1.82,1.90,1.92,1.93,1.94,2.00,2.01,2.10,2.17,2.20,2.30,2.35,2.36,2.40,2.41,2.42,2.43,2.50,2.52,2.53,2.60,2.70,2.76,2.80,3.00,3.01,3.10,3.15,3.16,3.21,3.30,3.40,3.41,3.42,3.50,3.55,3.56,3.60,3.61,3.65,3.66,3.70,3.71,3.72,3.73,4.00,4.01,4.10,4.11,4.20,4.21,4.25,4.30,4.31,4.40,4.41,4.45,4.46,4.50,4.53,4.55,4.60,4.65,4.66,4.70,4.75,4.76,4.78,4.80,4.81,4.82,4.83,4.84,4.85,4.86,4.87,4.88,4.89,4.90,4.91,4.92,4.93	none	none
551	1.02,1.10,1.11,1.30,1.31,1.32,1.50,1.51,1.54,1.60,1.70,1.80,1.81,1.82,1.90,1.92,1.93,1.94,2.00,2.01,2.10,2.17,2.20,2.30,2.35,2.36,2.40,2.41,2.42,2.43,2.50,2.52,2.53,2.60,2.70,2.76,2.80,3.00,3.01,3.10,3.15,3.16,3.21,3.30,3.40,3.41,3.42,3.50,3.55,3.56,3.60,3.61,3.65,3.66,3.70,3.71,3.72,3.73,4.00,4.01,4.10,4.11,4.20,4.21,4.25,4.30,4.31,4.40,4.41,4.45,4.46,4.50,4.53,4.55,4.60,4.65,4.66,4.70,4.75,4.76,4.78,4.80,4.81,4.82,4.83,4.84,4.85,4.86,4.87,4.88,4.89,4.90,4.91,4.92,4.93	none	none
552	1.02,1.10,1.11,1.30,1.31,1.32,1.50,1.51,1.54,1.60,1.70,1.80,1.81,1.82,1.90,1.92,1.93,1.94,2.00,2.01,2.10,2.17,2.20,2.30,2.35,2.36,2.40,2.41,2.42,2.43,2.50,2.52,2.53,2.60,2.70,2.76,2.80,3.00,3.01,3.10,3.15,3.16,3.21,3.30,3.40,3.41,3.42,3.50,3.55,3.56,3.60,3.61,3.65,3.66,3.70,3.71,3.72,3.73,4.00,4.01,4.10,4.11,4.20,4.21,4.25,4.30,4.31,4.40,4.41,4.45,4.46,4.50,4.53,4.55,4.60,4.65,4.66,4.70,4.75,4.76,4.78,4.80,4.81,4.82,4.83,4.84,4.85,4.86,4.87,4.88,4.89,4.90,4.91,4.92,4.93	none	none
553	3.55,3.56,3.60,3.61,3.65,3.66,3.70,3.71,3.72,3.73,4.00,4.01,4.10,4.11,4.20,4.21,4.25,4.30,4.31,4.40,4.41,4.45,4.46,4.50,4.53,4.55,4.60,4.65,4.66,4.70,4.75,4.76,4.78,4.80,4.81,4.82,4.83,4.84,4.85,4.86,4.87,4.88,4.89,4.90,4.91,4.92,4.93	1.02,1.10,1.11,1.30,1.31,1.32,1.50,1.51,1.54,1.60,1.70,1.80,1.81,1.82,1.90,1.92,1.93,1.94,2.00,2.01,2.10,2.17,2.20,2.30,2.35,2.36,2.40,2.41,2.42,2.43,2.50,2.52,2.53,2.60,2.70,2.76,2.80,3.00,3.01,3.10,3.15,3.16,3.21,3.30,3.40,3.41,3.42,3.50	none
554	3.55,3.56,3.60,3.61,3.65,3.66,3.70,3.71,3.72,3.73,4.00,4.01,4.10,4.11,4.20,4.21,4.25,4.30,4.31,4.40,4.41,4.45,4.46,4.50,4.53,4.55,4.60,4.65,4.66,4.70,4.75,4.76,4.78,4.80,4.81,4.82,4.83,4.84,4.85,4.86,4.87,4.88,4.89,4.90,4.91,4.92,4.93	1.02,1.10,1.11,1.30,1.31,1.32,1.50,1.51,1.54,1.60,1.70,1.80,1.81,1.82,1.90,1.92,1.93,1.94,2.00,2.01,2.10,2.17,2.20,2.30,2.35,2.36,2.40,2.41,2.42,2.43,2.50,2.52,2.53,2.60,2.70,2.76,2.80,3.00,3.01,3.10,3.15,3.16,3.21,3.30,3.40,3.41,3.42,3.50	none
555	3.55,3.56,3.60,3.61,3.65,3.66,3.70,3.71,3.72,3.73,4.00,4.01,4.10,4.11,4.20,4.21,4.25,4.30,4.31,4.40,4.41,4.45,4.46,4.50,4.53,4.55,4.60,4.65,4.66,4.70,4.75,4.76,4.78,4.80,4.81,4.82,4.83,4.84,4.85,4.86,4.87,4.88,4.89,4.90,4.91,4.92,4.93	1.02,1.10,1.11,1.30,1.31,1.32,1.50,1.51,1.54,1.60,1.70,1.80,1.81,1.82,1.90,1.92,1.93,1.94,2.00,2.01,2.10,2.17,2.20,2.30,2.35,2.36,2.40,2.41,2.42,2.43,2.50,2.52,2.53,2.60,2.70,2.76,2.80,3.00,3.01,3.10,3.15,3.16,3.21,3.30,3.40,3.41,3.42,3.50	none
556	1.02,1.10,1.11,1.30,1.31,1.32,1.50,1.51,1.54,1.60,1.70,1.80,1.81,1.82,1.90,1.92,1.93,1.94,2.00,2.01,2.10,2.17,2.20,2.30,2.35,2.36,2.40,2.41,2.42,2.43,2.50,2.52,2.53,2.60,2.70,2.76,2.80,3.00,3.01,3.10,3.15,3.16,3.21,3.30,3.40,3.41,3.42,3.50,3.55,3.56,3.60,3.61,3.65,3.66,3.70,3.71,3.72,3.73,4.00,4.01,4.10,4.11,4.20,4.21,4.25,4.30,4.31,4.40,4.41,4.45,4.46,4.50,4.53,4.55,4.60,4.65,4.66,4.70,4.75,4.76,4.78,4.80,4.81,4.82,4.83,4.84,4.85,4.86,4.87,4.88,4.89,4.90,4.91,4.92,4.93	none	none
557	1.02,1.10,1.11,1.30,1.31,1.32,1.50,1.51,1.54,1.60,1.70,1.80,1.81,1.82,1.90,1.92,1.93,1.94,2.00,2.01,2.10,2.17,2.20,2.30,2.35,2.36,2.40,2.41,2.42,2.43,2.50,2.52,2.53,2.60,2.70,2.76,2.80,3.00,3.01,3.10,3.15,3.16,3.21,3.30,3.40,3.41,3.42,3.50,3.55,3.56,3.60,3.61,3.65,3.66,3.70,3.71,3.72,3.73,4.00,4.01,4.10,4.11,4.20,4.21,4.25,4.30,4.31,4.40,4.41,4.45,4.46,4.50,4.53,4.55,4.60,4.65,4.66,4.70,4.75,4.76,4.78,4.80,4.81,4.82,4.83,4.84,4.85,4.86,4.87,4.88,4.89,4.90,4.91,4.92,4.93	none	none
558	1.02,1.10,1.11,1.30,1.31,1.32,1.50,1.51,1.54,1.60,1.70,1.80,1.81,1.82,1.90,1.92,1.93,1.94,2.00,2.01,2.10,2.17,2.20,2.30,2.35,2.36,2.40,2.41,2.42,2.43,2.50,2.52,2.53,2.60,2.70,2.76,2.80,3.00,3.01,3.10,3.15,3.16,3.21,3.30,3.40,3.41,3.42,3.50,3.55,3.56,3.60,3.61,3.65,3.66,3.70,3.71,3.72,3.73,4.00,4.01,4.10,4.11,4.20,4.21,4.25,4.30,4.31,4.40,4.41,4.45,4.46,4.50,4.53,4.55,4.60,4.65,4.66,4.70,4.75,4.76,4.78,4.80,4.81,4.82,4.83,4.84,4.85,4.86,4.87,4.88,4.89,4.90,4.91,4.92,4.93	none	none
559	1.02,1.10,1.11,1.30,1.31,1.32,1.50,1.51,1.54,1.60,1.70,1.80,1.81,1.82,1.90,1.92,1.93,1.94,2.00,2.01,2.10,2.17,2.20,2.30,2.35,2.36,2.40,2.41,2.42,2.43,2.50,2.52,2.53,2.60,2.70,2.76,2.80,3.00,3.01,3.10,3.15,3.16,3.21,3.30,3.40,3.41,3.42,3.50,3.55,3.56,3.60,3.61,3.65,3.66,3.70,3.71,3.72,3.73,4.00,4.01,4.10,4.11,4.20,4.21,4.25,4.30,4.31,4.40,4.41,4.45,4.46,4.50,4.53,4.55,4.60,4.65,4.66,4.70,4.75,4.76,4.78,4.80,4.81,4.82,4.83,4.84,4.85,4.86,4.87,4.88,4.89,4.90,4.91,4.92,4.93	none	none
560	1.02,1.10,1.11,1.30,1.31,1.32,1.50,1.51,1.54,1.60,1.70,1.80,1.81,1.82,1.90,1.92,1.93,1.94,2.00,2.01,2.10,2.17,2.20,2.30,2.35,2.36,2.40,2.41,2.42,2.43,2.50,2.52,2.53,2.60,2.70,2.76,2.80,3.00,3.01,3.10,3.15,3.16,3.21,3.30,3.40,3.41,3.42,3.50,3.55,3.56,3.60,3.61,3.65,3.66,3.70,3.71,3.72,3.73,4.00,4.01,4.10,4.11,4.20,4.21,4.25,4.30,4.31,4.40,4.41,4.45,4.46,4.50,4.53,4.55,4.60,4.65,4.66,4.70,4.75,4.76,4.78,4.80,4.81,4.82,4.83,4.84,4.85,4.86,4.87,4.88,4.89,4.90,4.91,4.92,4.93	none	none
561	1.02,1.10,1.11,1.30,1.31,1.32,1.50,1.51,1.54,1.60,1.70,1.80,1.81,1.82,1.90,1.92,1.93,1.94,2.00,2.01,2.10,2.17,2.20,2.30,2.35,2.36,2.40,2.41,2.42,2.43,2.50,2.52,2.53,2.60,2.70,2.76,2.80,3.00,3.01,3.10,3.15,3.16,3.21,3.30,3.40,3.41,3.42,3.50,3.55,3.56,3.60,3.61,3.65,3.66,3.70,3.71,3.72,3.73,4.00,4.01,4.10,4.11,4.20,4.21,4.25,4.30,4.31,4.40,4.41,4.45,4.46,4.50,4.53,4.55,4.60,4.65,4.66,4.70,4.75,4.76,4.78,4.80,4.81,4.82,4.83,4.84,4.85,4.86,4.87,4.88,4.89,4.90,4.91,4.92,4.93	none	none
562	1.02,1.10,1.11,1.30,1.31,1.32,1.50,1.51,1.54,1.60,1.70,1.80,1.81,1.82,1.90,1.92,1.93,1.94,2.00,2.01,2.10,2.17,2.20,2.30,2.35,2.36,2.40,2.41,2.42,2.43,2.50,2.52,2.53,2.60,2.70,2.76,2.80,3.00,3.01,3.10,3.15,3.16,3.21,3.30,3.40,3.41,3.42,3.50,3.55,3.56,3.60,3.61,3.65,3.66,3.70,3.71,3.72,3.73,4.00,4.01,4.10,4.11,4.20,4.21,4.25,4.30,4.31,4.40,4.41,4.45,4.46,4.50,4.53,4.55,4.60,4.65,4.66,4.70,4.75,4.76,4.78,4.80,4.81,4.82,4.83,4.84,4.85,4.86,4.87,4.88,4.89,4.90,4.91,4.92,4.93	none	none
563	1.54,1.60,1.70,1.80,1.81,1.82,1.90,1.92,1.93,1.94,2.00,2.01,2.10,2.17,2.20,2.30,2.35,2.36,2.40,2.41,2.42,2.43,2.50,2.52,2.53,2.60,2.70,2.76,2.80,3.00,3.01,3.10,3.15,3.16,3.21,3.30,3.40,3.41,3.42,3.50,3.55,3.56,3.60,3.61,3.65,3.66,3.70,3.71,3.72,3.73,4.00,4.01,4.10,4.11,4.20,4.21,4.25,4.30,4.31,4.40,4.41,4.45,4.46,4.50,4.53,4.55,4.60,4.65,4.66,4.70,4.75,4.76,4.78,4.80,4.81,4.82,4.83,4.84,4.85,4.86,4.87,4.88,4.89,4.90,4.91,4.92,4.93	1.02,1.10,1.11,1.30,1.31,1.32,1.50,1.51	none
564	1.54,1.60,1.70,1.80,1.81,1.82,1.90,1.92,1.93,1.94,2.00,2.01,2.10,2.17,2.20,2.30,2.35,2.36,2.40,2.41,2.42,2.43,2.50,2.52,2.53,2.60,2.70,2.76,2.80,3.00,3.01,3.10,3.15,3.16,3.21,3.30,3.40,3.41,3.42,3.50,3.55,3.56,3.60,3.61,3.65,3.66,3.70,3.71,3.72,3.73,4.00,4.01,4.10,4.11,4.20,4.21,4.25,4.30,4.31,4.40,4.41,4.45,4.46,4.50,4.53,4.55,4.60,4.65,4.66,4.70,4.75,4.76,4.78,4.80,4.81,4.82,4.83,4.84,4.85,4.86,4.87,4.88,4.89,4.90,4.91,4.92,4.93	1.02,1.10,1.11,1.30,1.31,1.32,1.50,1.51	none
565	1.80,1.81,1.82,1.90,1.92,1.93,1.94,2.00,2.01,2.10,2.17,2.20,2.30,2.35,2.36,2.40,2.41,2.42,2.43,2.50,2.52,2.53,2.60,2.70,2.76,2.80,3.00,3.01,3.10,3.15,3.16,3.21,3.30,3.40,3.41,3.42,3.50,3.55,3.56,3.60,3.61,3.65,3.66,3.70,3.71,3.72,3.73,4.00,4.01,4.10,4.11,4.20,4.21,4.25,4.30,4.31,4.40,4.41,4.45,4.46,4.50,4.53,4.55,4.60,4.65,4.66,4.70,4.75,4.76,4.78,4.80,4.81,4.82,4.83,4.84,4.85,4.86,4.87,4.88,4.89,4.90,4.91,4.92,4.93	1.02,1.10,1.11,1.30,1.31,1.32,1.50,1.51,1.54,1.60,1.70	none
566	2.20,2.30,2.35,2.36,2.40,2.41,2.42,2.43,2.50,2.52,2.53,2.60,2.70,2.76,2.80,3.00,3.01,3.10,3.15,3.16,3.21,3.30,3.40,3.41,3.42,3.50,3.55,3.56,3.60,3.61,3.65,3.66,3.70,3.71,3.72,3.73,4.00,4.01,4.10,4.11,4.20,4.21,4.25,4.30,4.31,4.40,4.41,4.45,4.46,4.50,4.53,4.55,4.60,4.65,4.66,4.70,4.75,4.76,4.78,4.80,4.81,4.82,4.83,4.84,4.85,4.86,4.87,4.88,4.89,4.90,4.91,4.92,4.93	1.02,1.10,1.11,1.30,1.31,1.32,1.50,1.51,1.54,1.60,1.70,1.80,1.81,1.82,1.90,1.92,1.93,1.94,2.00,2.01,2.10,2.17	none
567	2.70,2.76,2.80,3.00,3.01,3.10,3.15,3.16,3.21,3.30,3.40,3.41,3.42,3.50,3.55,3.56,3.60,3.61,3.65,3.66,3.70,3.71,3.72,3.73,4.00,4.01,4.10,4.11,4.20,4.21,4.25,4.30,4.31,4.40,4.41,4.45,4.46,4.50,4.53,4.55,4.60,4.65,4.66,4.70,4.75,4.76,4.78,4.80,4.81,4.82,4.83,4.84,4.85,4.86,4.87,4.88,4.89,4.90,4.91,4.92,4.93	1.02,1.10,1.11,1.30,1.31,1.32,1.50,1.51,1.54,1.60,1.70,1.80,1.81,1.82,1.90,1.92,1.93,1.94,2.00,2.01,2.10,2.17,2.20,2.30,2.35,2.36,2.40,2.41,2.42,2.43,2.50,2.52,2.53,2.60	none
568	2.70,2.76,2.80,3.00,3.01,3.10,3.15,3.16,3.21,3.30,3.40,3.41,3.42,3.50,3.55,3.56,3.60,3.61,3.65,3.66,3.70,3.71,3.72,3.73,4.00,4.01,4.10,4.11,4.20,4.21,4.25,4.30,4.31,4.40,4.41,4.45,4.46,4.50,4.53,4.55,4.60,4.65,4.66,4.70,4.75,4.76,4.78,4.80,4.81,4.82,4.83,4.84,4.85,4.86,4.87,4.88,4.89,4.90,4.91,4.92,4.93	1.02,1.10,1.11,1.30,1.31,1.32,1.50,1.51,1.54,1.60,1.70,1.80,1.81,1.82,1.90,1.92,1.93,1.94,2.00,2.01,2.10,2.17,2.20,2.30,2.35,2.36,2.40,2.41,2.42,2.43,2.50,2.52,2.53,2.60	none
569	2.70,2.76,2.80,3.00,3.01,3.10,3.15,3.16,3.21,3.30,3.40,3.41,3.42,3.50,3.55,3.56,3.60,3.61,3.65,3.66,3.70,3.71,3.72,3.73,4.00,4.01,4.10,4.11,4.20,4.21,4.25,4.30,4.31,4.40,4.41,4.45,4.46,4.50,4.53,4.55,4.60,4.65,4.66,4.70,4.75,4.76,4.78,4.80,4.81,4.82,4.83,4.84,4.85,4.86,4.87,4.88,4.89,4.90,4.91,4.92,4.93	1.02,1.10,1.11,1.30,1.31,1.32,1.50,1.51,1.54,1.60,1.70,1.80,1.81,1.82,1.90,1.92,1.93,1.94,2.00,2.01,2.10,2.17,2.20,2.30,2.35,2.36,2.40,2.41,2.42,2.43,2.50,2.52,2.53,2.60	none
570	1.02,1.10,1.11,1.30,1.31,1.32,1.50,1.51,1.54,1.60,1.70,1.80,1.81,1.82,1.90,1.92,1.93,1.94,2.00,2.01,2.10,2.17,2.20,2.30,2.35,2.36,2.40,2.41,2.42,2.43,2.50,2.52,2.53,2.60,2.70,2.76,2.80,3.00,3.01,3.10,3.15,3.16,3.21,3.30,3.40,3.41,3.42,3.50,3.55,3.56,3.60,3.61,3.65,3.66,3.70,3.71,3.72,3.73,4.00,4.01,4.10,4.11,4.20,4.21,4.25,4.30,4.31,4.40,4.41,4.45,4.46,4.50,4.53,4.55,4.60,4.65,4.66,4.70,4.75,4.76,4.78,4.80,4.81,4.82,4.83,4.84,4.85,4.86,4.87,4.88,4.89,4.90,4.91,4.92,4.93	none	none
571	1.02,1.10,1.11,1.30,1.31,1.32,1.50,1.51,1.54,1.60,1.70,1.80,1.81,1.82,1.90,1.92,1.93,1.94,2.00,2.01,2.10,2.17,2.20,2.30,2.35,2.36,2.40,2.41,2.42,2.43,2.50,2.52,2.53,2.60,2.70,2.76,2.80,3.00,3.01,3.10,3.15,3.16,3.21,3.30,3.40,3.41,3.42,3.50,3.55,3.56,3.60,3.61,3.65,3.66,3.70,3.71,3.72,3.73,4.00,4.01,4.10,4.11,4.20,4.21,4.25,4.30,4.31,4.40,4.41,4.45,4.46,4.50,4.53,4.55,4.60,4.65,4.66,4.70,4.75,4.76,4.78,4.80,4.81,4.82,4.83,4.84,4.85,4.86,4.87,4.88,4.89,4.90,4.91,4.92,4.93	none	none
572	1.02,1.10,1.11,1.30,1.31,1.32,1.50,1.51,1.54,1.60,1.70,1.80,1.81,1.82,1.90,1.92,1.93,1.94,2.00,2.01,2.10,2.17,2.20,2.30,2.35,2.36,2.40,2.41,2.42,2.43,2.50,2.52,2.53,2.60,2.70,2.76,2.80,3.00,3.01,3.10,3.15,3.16,3.21,3.30,3.40,3.41,3.42,3.50,3.55,3.56,3.60,3.61,3.65,3.66,3.70,3.71,3.72,3.73,4.00,4.01,4.10,4.11,4.20,4.21,4.25,4.30,4.31,4.40,4.41,4.45,4.46,4.50,4.53,4.55,4.60,4.65,4.66,4.70,4.75,4.76,4.78,4.80,4.81,4.82,4.83,4.84,4.85,4.86,4.87,4.88,4.89,4.90,4.91,4.92,4.93	none	none
573	1.02,1.10,1.11,1.30,1.31,1.32,1.50,1.51,1.54,1.60,1.70,1.80,1.81,1.82,1.90,1.92,1.93,1.94,2.00,2.01,2.10,2.17,2.20,2.30,2.35,2.36,2.40,2.41,2.42,2.43,2.50,2.52,2.53,2.60,2.70,2.76,2.80,3.00,3.01,3.10,3.15,3.16,3.21,3.30,3.40,3.41,3.42,3.50,3.55,3.56,3.60,3.61,3.65,3.66,3.70,3.71,3.72,3.73,4.00,4.01,4.10,4.11,4.20,4.21,4.25,4.30,4.31,4.40,4.41,4.45,4.46,4.50,4.53,4.55,4.60,4.65,4.66,4.70,4.75,4.76,4.78,4.80,4.81,4.82,4.83,4.84,4.85,4.86,4.87,4.88,4.89,4.90,4.91,4.92,4.93	none	none
574	1.30,1.31,1.32,1.50,1.51,1.54,1.60,1.70,1.80,1.81,1.82,1.90,1.92,1.93,1.94,2.00,2.01,2.10,2.17,2.20,2.30,2.35,2.36,2.40,2.41,2.42,2.43,2.50,2.52,2.53,2.60,2.70,2.76,2.80,3.00,3.01,3.10,3.15,3.16,3.21,3.30,3.40,3.41,3.42,3.50,3.55,3.56,3.60,3.61,3.65,3.66,3.70,3.71,3.72,3.73,4.00,4.01,4.10,4.11,4.20,4.21,4.25,4.30,4.31,4.40,4.41,4.45,4.46,4.50,4.53,4.55,4.60,4.65,4.66,4.70,4.75,4.76,4.78,4.80,4.81,4.82,4.83,4.84,4.85,4.86,4.87,4.88,4.89,4.90,4.91,4.92,4.93	1.02,1.10,1.11	none
575	1.80,1.81,1.82,1.90,1.92,1.93,1.94,2.00,2.01,2.10,2.17,2.20,2.30,2.35,2.36,2.40,2.41,2.42,2.43,2.50,2.52,2.53,2.60,2.70,2.76,2.80,3.00,3.01,3.10,3.15,3.16,3.21,3.30,3.40,3.41,3.42,3.50,3.55,3.56,3.60,3.61,3.65,3.66,3.70,3.71,3.72,3.73,4.00,4.01,4.10,4.11,4.20,4.21,4.25,4.30,4.31,4.40,4.41,4.45,4.46,4.50,4.53,4.55,4.60,4.65,4.66,4.70,4.75,4.76,4.78,4.80,4.81,4.82,4.83,4.84,4.85,4.86,4.87,4.88,4.89,4.90,4.91,4.92,4.93	1.02,1.10,1.11,1.30,1.31,1.32,1.50,1.51,1.54,1.60,1.70	none
576	none	1.02,1.10,1.11,1.30,1.31,1.32,1.50,1.51,1.54,1.60,1.70,1.80,1.81,1.82,1.90,1.92,1.93,1.94,2.00,2.01,2.10,2.17,2.20,2.30,2.35,2.36,2.40,2.41,2.42,2.43,2.50,2.52,2.53,2.60,2.70,2.76,2.80,3.00,3.01,3.10,3.15,3.16,3.21,3.30,3.40,3.41,3.42,3.50,3.55,3.56,3.60,3.61,3.65,3.66,3.70,3.71,3.72,3.73,4.00,4.01,4.10,4.11,4.20,4.21,4.25,4.30,4.31,4.40,4.41,4.45,4.46,4.50,4.53,4.55,4.60,4.65,4.66,4.70,4.75,4.76,4.78,4.80,4.81,4.82,4.83,4.84,4.85,4.86,4.87,4.88,4.89,4.90,4.91,4.92,4.93	none
577	1.02,1.10,1.11,1.30,1.31,1.32,1.50,1.51,1.54,1.60,1.70,1.80,1.81,1.82,1.90,1.92,1.93,1.94,2.00,2.01,2.10,2.17,2.20,2.30,2.35,2.36,2.40,2.41,2.42,2.43,2.50,2.52,2.53,2.60,2.70,2.76,2.80,3.00,3.01,3.10,3.15,3.16,3.21,3.30,3.40,3.41,3.42,3.50,3.55,3.56,3.60,3.61,3.65,3.66,3.70,3.71,3.72,3.73,4.00,4.01,4.10,4.11,4.20,4.21,4.25,4.30,4.31,4.40,4.41,4.45,4.46,4.50,4.53,4.55,4.60,4.65,4.66,4.70,4.75,4.76,4.78,4.80,4.81,4.82,4.83,4.84,4.85,4.86,4.87,4.88,4.89,4.90,4.91,4.92,4.93	none	none
578	2.80,3.00,3.01,3.10,3.15,3.16,3.21,3.30,3.40,3.41,3.42,3.50,3.55,3.56,3.60,3.61,3.65,3.66,3.70,3.71,3.72,3.73,4.00,4.01,4.10,4.11,4.20,4.21,4.25,4.30,4.31,4.40,4.41,4.45,4.46,4.50,4.53,4.55,4.60,4.65,4.66,4.70,4.75,4.76,4.78,4.80,4.81,4.82,4.83,4.84,4.85,4.86,4.87,4.88,4.89,4.90,4.91,4.92,4.93	1.02,1.10,1.11,1.30,1.31,1.32,1.50,1.51,1.54,1.60,1.70,1.80,1.81,1.82,1.90,1.92,1.93,1.94,2.00,2.01,2.10,2.17,2.20,2.30,2.35,2.36,2.40,2.41,2.42,2.43,2.50,2.52,2.53,2.60,2.70,2.76	none
579	3.70,3.71,3.72,3.73,4.00,4.01,4.10,4.11,4.20,4.21,4.25,4.30,4.31,4.40,4.41,4.45,4.46,4.50,4.53,4.55,4.60,4.65,4.66,4.70,4.75,4.76,4.78,4.80,4.81,4.82,4.83,4.84,4.85,4.86,4.87,4.88,4.89,4.90,4.91,4.92,4.93	1.02,1.10,1.11,1.30,1.31,1.32,1.50,1.51,1.54,1.60,1.70,1.80,1.81,1.82,1.90,1.92,1.93,1.94,2.00,2.01,2.10,2.17,2.20,2.30,2.35,2.36,2.40,2.41,2.42,2.43,2.50,2.52,2.53,2.60,2.70,2.76,2.80,3.00,3.01,3.10,3.15,3.16,3.21,3.30,3.40,3.41,3.42,3.50,3.55,3.56,3.60,3.61,3.65,3.66	none
580	1.02,1.10,1.11,1.30,1.31,1.32,1.50,1.51,1.54,1.60,1.70,1.80,1.81,1.82,1.90,1.92,1.93,1.94,2.00,2.01,2.10,2.17,2.20,2.30,2.35,2.36,2.40,2.41,2.42,2.43,2.50,2.52,2.53,2.60,2.70,2.76,2.80,3.00,3.01,3.10,3.15,3.16,3.21,3.30,3.40,3.41,3.42,3.50,3.55,3.56,3.60,3.61,3.65,3.66,3.70,3.71,3.72,3.73,4.00,4.01,4.10,4.11,4.20,4.21,4.25,4.30,4.31,4.40,4.41,4.45,4.46,4.50,4.53,4.55,4.60,4.65,4.66,4.70,4.75,4.76,4.78,4.80,4.81,4.82,4.83,4.84,4.85,4.86,4.87,4.88,4.89,4.90,4.91,4.92,4.93	none	none
581	1.02,1.10,1.11,1.30,1.31,1.32,1.50,1.51,1.54,1.60,1.70,1.80,1.81,1.82,1.90,1.92,1.93,1.94,2.00,2.01,2.10,2.17,2.20,2.30,2.35,2.36,2.40,2.41,2.42,2.43,2.50,2.52,2.53,2.60,2.70,2.76,2.80,3.00,3.01,3.10,3.15,3.16,3.21,3.30,3.40,3.41,3.42,3.50,3.55,3.56,3.60,3.61,3.65,3.66,3.70,3.71,3.72,3.73,4.00,4.01,4.10,4.11,4.20,4.21,4.25,4.30,4.31,4.40,4.41,4.45,4.46,4.50,4.53,4.55,4.60,4.65,4.66,4.70,4.75,4.76,4.78,4.80,4.81,4.82,4.83,4.84,4.85,4.86,4.87,4.88,4.89,4.90,4.91,4.92,4.93	none	none
582	1.02,1.10,1.11,1.30,1.31,1.32,1.50,1.51,1.54,1.60,1.70,1.80,1.81,1.82,1.90,1.92,1.93,1.94,2.00,2.01,2.10,2.17,2.20,2.30,2.35,2.36,2.40,2.41,2.42,2.43,2.50,2.52,2.53,2.60,2.70,2.76,2.80,3.00,3.01,3.10,3.15,3.16,3.21,3.30,3.40,3.41,3.42,3.50,3.55,3.56,3.60,3.61,3.65,3.66,3.70,3.71,3.72,3.73,4.00,4.01,4.10,4.11,4.20,4.21,4.25,4.30,4.31,4.40,4.41,4.45,4.46,4.50,4.53,4.55,4.60,4.65,4.66,4.70,4.75,4.76,4.78,4.80,4.81,4.82,4.83,4.84,4.85,4.86,4.87,4.88,4.89,4.90,4.91,4.92,4.93	none	none
583	1.02,1.10,1.11,1.30,1.31,1.32,1.50,1.51,1.54,1.60,1.70,1.80,1.81,1.82,1.90,1.92,1.93,1.94,2.00,2.01,2.10,2.17,2.20,2.30,2.35,2.36,2.40,2.41,2.42,2.43,2.50,2.52,2.53,2.60,2.70,2.76,2.80,3.00,3.01,3.10,3.15,3.16,3.21,3.30,3.40,3.41,3.42,3.50,3.55,3.56,3.60,3.61,3.65,3.66,3.70,3.71,3.72,3.73,4.00,4.01,4.10,4.11,4.20,4.21,4.25,4.30,4.31,4.40,4.41,4.45,4.46,4.50,4.53,4.55,4.60,4.65,4.66,4.70,4.75,4.76,4.78,4.80,4.81,4.82,4.83,4.84,4.85,4.86,4.87,4.88,4.89,4.90,4.91,4.92,4.93	none	none
584	1.02,1.10,1.11,1.30,1.31,1.32,1.50,1.51,1.54,1.60,1.70,1.80,1.81,1.82,1.90,1.92,1.93,1.94,2.00,2.01,2.10,2.17,2.20,2.30,2.35,2.36,2.40,2.41,2.42,2.43,2.50,2.52,2.53,2.60,2.70,2.76,2.80,3.00,3.01,3.10,3.15,3.16,3.21,3.30,3.40,3.41,3.42,3.50,3.55,3.56,3.60,3.61,3.65,3.66,3.70,3.71,3.72,3.73,4.00,4.01,4.10,4.11,4.20,4.21,4.25,4.30,4.31,4.40,4.41,4.45,4.46,4.50,4.53,4.55,4.60,4.65,4.66,4.70,4.75,4.76,4.78,4.80,4.81,4.82,4.83,4.84,4.85,4.86,4.87,4.88,4.89,4.90,4.91,4.92,4.93	none	none
585	1.02,1.10,1.11,1.30,1.31,1.32,1.50,1.51,1.54,1.60,1.70,1.80,1.81,1.82,1.90,1.92,1.93,1.94,2.00,2.01,2.10,2.17,2.20,2.30,2.35,2.36,2.40,2.41,2.42,2.43,2.50,2.52,2.53,2.60,2.70,2.76,2.80,3.00,3.01,3.10,3.15,3.16,3.21,3.30,3.40,3.41,3.42,3.50,3.55,3.56,3.60,3.61,3.65,3.66,3.70,3.71,3.72,3.73,4.00,4.01,4.10,4.11,4.20,4.21,4.25,4.30,4.31,4.40,4.41,4.45,4.46,4.50,4.53,4.55,4.60,4.65,4.66,4.70,4.75,4.76,4.78,4.80,4.81,4.82,4.83,4.84,4.85,4.86,4.87,4.88,4.89,4.90,4.91,4.92,4.93	none	none
586	1.02,1.10,1.11,1.30,1.31,1.32,1.50,1.51,1.54,1.60,1.70,1.80,1.81,1.82,1.90,1.92,1.93,1.94,2.00,2.01,2.10,2.17,2.20,2.30,2.35,2.36	2.40,2.41,2.42,2.43,2.50,2.52,2.53,2.60,2.70,2.76,2.80,3.00,3.01,3.10,3.15,3.16,3.21,3.30,3.40,3.41,3.42,3.50,3.55,3.56,3.60,3.61,3.65,3.66,3.70,3.71,3.72,3.73,4.00,4.01,4.10,4.11,4.20,4.21,4.25,4.30,4.31,4.40,4.41,4.45,4.46,4.50,4.53,4.55,4.60,4.65,4.66,4.70,4.75,4.76,4.78,4.80,4.81,4.82,4.83,4.84,4.85,4.86,4.87,4.88,4.89,4.90,4.91,4.92,4.93	none
587	1.02,1.10,1.11,1.30,1.31,1.32,1.50,1.51,1.54,1.60,1.70,1.80,1.81,1.82,1.90,1.92,1.93,1.94,2.00,2.01,2.10,2.17,2.20,2.30,2.35,2.36,2.40,2.41,2.42,2.43,2.50,2.52,2.53,2.60,2.70,2.76,2.80,3.00,3.01,3.10,3.15,3.16,3.21,3.30,3.40,3.41,3.42,3.50,3.55,3.56,3.60,3.61,3.65,3.66,3.70,3.71,3.72,3.73,4.00,4.01,4.10,4.11,4.20,4.21,4.25,4.30,4.31,4.40,4.41,4.45,4.46,4.50,4.53,4.55,4.60,4.65,4.66,4.70,4.75,4.76,4.78,4.80,4.81,4.82,4.83,4.84,4.85,4.86,4.87,4.88,4.89,4.90,4.91,4.92,4.93	none	none
588	1.02,1.10,1.11,1.30,1.31,1.32,1.50,1.51,1.54,1.60,1.70,1.80,1.81,1.82,1.90,1.92,1.93,1.94,2.00,2.01,2.10,2.17,2.20,2.30,2.35,2.36	2.40,2.41,2.42,2.43,2.50,2.52,2.53,2.60,2.70,2.76,2.80,3.00,3.01,3.10,3.15,3.16,3.21,3.30,3.40,3.41,3.42,3.50,3.55,3.56,3.60,3.61,3.65,3.66,3.70,3.71,3.72,3.73,4.00,4.01,4.10,4.11,4.20,4.21,4.25,4.30,4.31,4.40,4.41,4.45,4.46,4.50,4.53,4.55,4.60,4.65,4.66,4.70,4.75,4.76,4.78,4.80,4.81,4.82,4.83,4.84,4.85,4.86,4.87,4.88,4.89,4.90,4.91,4.92,4.93	none
589	1.02,1.10,1.11,1.30,1.31,1.32,1.50,1.51,1.54,1.60,1.70,1.80,1.81,1.82,1.90,1.92,1.93,1.94,2.00,2.01,2.10,2.17,2.20,2.30,2.35,2.36	2.40,2.41,2.42,2.43,2.50,2.52,2.53,2.60,2.70,2.76,2.80,3.00,3.01,3.10,3.15,3.16,3.21,3.30,3.40,3.41,3.42,3.50,3.55,3.56,3.60,3.61,3.65,3.66,3.70,3.71,3.72,3.73,4.00,4.01,4.10,4.11,4.20,4.21,4.25,4.30,4.31,4.40,4.41,4.45,4.46,4.50,4.53,4.55,4.60,4.65,4.66,4.70,4.75,4.76,4.78,4.80,4.81,4.82,4.83,4.84,4.85,4.86,4.87,4.88,4.89,4.90,4.91,4.92,4.93	none
590	1.02,1.10,1.11,1.30,1.31,1.32,1.50,1.51,1.54,1.60,1.70,1.80,1.81,1.82,1.90,1.92,1.93,1.94,2.00,2.01,2.10,2.17,2.20,2.30,2.35,2.36,2.40,2.41,2.42,2.43,2.50,2.52,2.53,2.60,2.70,2.76,2.80,3.00,3.01,3.10,3.15,3.16,3.21,3.30,3.40,3.41,3.42,3.50,3.55,3.56,3.60,3.61,3.65,3.66,3.70,3.71,3.72,3.73,4.00,4.01,4.10,4.11,4.20,4.21,4.25,4.30,4.31,4.40,4.41,4.45,4.46,4.50,4.53,4.55,4.60,4.65,4.66,4.70,4.75,4.76,4.78,4.80,4.81,4.82,4.83,4.84,4.85,4.86,4.87,4.88,4.89,4.90,4.91,4.92,4.93	none	none
591	1.02,1.10,1.11,1.30,1.31,1.32,1.50,1.51,1.54,1.60,1.70,1.80,1.81,1.82,1.90,1.92,1.93,1.94,2.00,2.01,2.10,2.17,2.20,2.30,2.35,2.36,2.40,2.41,2.42,2.43,2.50,2.52,2.53,2.60,2.70,2.76,2.80,3.00,3.01,3.10,3.15,3.16,3.21,3.30,3.40,3.41,3.42,3.50,3.55,3.56,3.60,3.61,3.65,3.66,3.70,3.71,3.72,3.73,4.00,4.01,4.10,4.11,4.20,4.21,4.25,4.30,4.31,4.40,4.41,4.45,4.46,4.50,4.53,4.55,4.60,4.65,4.66,4.70,4.75,4.76,4.78,4.80,4.81,4.82,4.83,4.84,4.85,4.86,4.87,4.88,4.89,4.90,4.91,4.92,4.93	none	none
592	1.02,1.10,1.11,1.30,1.31,1.32,1.50,1.51,1.54,1.60,1.70,1.80,1.81,1.82,1.90,1.92,1.93,1.94,2.00,2.01,2.10,2.17,2.20,2.30,2.35,2.36,2.40,2.41,2.42,2.43,2.50,2.52,2.53,2.60,2.70,2.76,2.80,3.00,3.01,3.10,3.15,3.16,3.21,3.30,3.40,3.41,3.42,3.50,3.55,3.56,3.60,3.61,3.65,3.66,3.70,3.71,3.72,3.73,4.00,4.01,4.10,4.11,4.20,4.21,4.25,4.30,4.31,4.40,4.41,4.45,4.46,4.50,4.53,4.55,4.60,4.65,4.66,4.70,4.75,4.76,4.78,4.80,4.81,4.82,4.83,4.84,4.85,4.86,4.87,4.88,4.89,4.90,4.91,4.92,4.93	none	none
593	1.02,1.10,1.11,1.30,1.31,1.32,1.50,1.51,1.54,1.60,1.70,1.80,1.81,1.82,1.90,1.92,1.93,1.94,2.00,2.01,2.10,2.17,2.20,2.30,2.35,2.36,2.40,2.41,2.42,2.43,2.50,2.52,2.53,2.60,2.70,2.76,2.80,3.00,3.01,3.10,3.15,3.16,3.21,3.30,3.40,3.41,3.42,3.50,3.55,3.56,3.60,3.61,3.65,3.66,3.70,3.71,3.72,3.73,4.00,4.01,4.10,4.11,4.20,4.21,4.25,4.30,4.31,4.40,4.41,4.45,4.46,4.50,4.53,4.55,4.60,4.65,4.66,4.70,4.75,4.76,4.78,4.80,4.81,4.82,4.83,4.84,4.85,4.86,4.87,4.88,4.89,4.90,4.91,4.92,4.93	none	none
594	1.02,1.10,1.11,1.30,1.31,1.32,1.50,1.51,1.54,1.60,1.70,1.80,1.81,1.82,1.90,1.92,1.93,1.94,2.00,2.01,2.10,2.17,2.20,2.30,2.35,2.36	2.40,2.41,2.42,2.43,2.50,2.52,2.53,2.60,2.70,2.76,2.80,3.00,3.01,3.10,3.15,3.16,3.21,3.30,3.40,3.41,3.42,3.50,3.55,3.56,3.60,3.61,3.65,3.66,3.70,3.71,3.72,3.73,4.00,4.01,4.10,4.11,4.20,4.21,4.25,4.30,4.31,4.40,4.41,4.45,4.46,4.50,4.53,4.55,4.60,4.65,4.66,4.70,4.75,4.76,4.78,4.80,4.81,4.82,4.83,4.84,4.85,4.86,4.87,4.88,4.89,4.90,4.91,4.92,4.93	none
595	1.02,1.10,1.11,1.30,1.31,1.32,1.50,1.51,1.54,1.60,1.70,1.80,1.81,1.82,1.90,1.92,1.93,1.94,2.00,2.01,2.10,2.17,2.20,2.30,2.35,2.36	2.40,2.41,2.42,2.43,2.50,2.52,2.53,2.60,2.70,2.76,2.80,3.00,3.01,3.10,3.15,3.16,3.21,3.30,3.40,3.41,3.42,3.50,3.55,3.56,3.60,3.61,3.65,3.66,3.70,3.71,3.72,3.73,4.00,4.01,4.10,4.11,4.20,4.21,4.25,4.30,4.31,4.40,4.41,4.45,4.46,4.50,4.53,4.55,4.60,4.65,4.66,4.70,4.75,4.76,4.78,4.80,4.81,4.82,4.83,4.84,4.85,4.86,4.87,4.88,4.89,4.90,4.91,4.92,4.93	none
596	1.02,1.10,1.11,1.30,1.31,1.32,1.50,1.51,1.54,1.60,1.70,1.80,1.81,1.82,1.90,1.92,1.93,1.94,2.00,2.01,2.10,2.17,2.20,2.30,2.35,2.36	2.40,2.41,2.42,2.43,2.50,2.52,2.53,2.60,2.70,2.76,2.80,3.00,3.01,3.10,3.15,3.16,3.21,3.30,3.40,3.41,3.42,3.50,3.55,3.56,3.60,3.61,3.65,3.66,3.70,3.71,3.72,3.73,4.00,4.01,4.10,4.11,4.20,4.21,4.25,4.30,4.31,4.40,4.41,4.45,4.46,4.50,4.53,4.55,4.60,4.65,4.66,4.70,4.75,4.76,4.78,4.80,4.81,4.82,4.83,4.84,4.85,4.86,4.87,4.88,4.89,4.90,4.91,4.92,4.93	none
597	1.02,1.10,1.11,1.30,1.31,1.32,1.50,1.51,1.54,1.60,1.70,1.80,1.81,1.82,1.90,1.92,1.93,1.94,2.00,2.01,2.10,2.17,2.20,2.30,2.35,2.36,2.40,2.41,2.42,2.43,2.50,2.52,2.53,2.60,2.70,2.76,2.80,3.00,3.01,3.10,3.15,3.16,3.21,3.30,3.40,3.41,3.42,3.50,3.55,3.56,3.60,3.61,3.65,3.66,3.70,3.71,3.72,3.73,4.00,4.01,4.10,4.11,4.20,4.21,4.25,4.30,4.31,4.40,4.41,4.45,4.46,4.50,4.53,4.55,4.60,4.65,4.66,4.70,4.75,4.76,4.78,4.80,4.81,4.82,4.83,4.84,4.85,4.86,4.87,4.88,4.89,4.90,4.91,4.92,4.93	none	none
598	1.02,1.10,1.11,1.30,1.31,1.32,1.50,1.51,1.54,1.60,1.70,1.80,1.81,1.82,1.90,1.92,1.93,1.94,2.00,2.01,2.10,2.17,2.20,2.30,2.35,2.36,2.40,2.41,2.42,2.43,2.50,2.52,2.53,2.60,2.70,2.76,2.80,3.00,3.01,3.10,3.15,3.16,3.21,3.30,3.40,3.41,3.42,3.50,3.55,3.56,3.60,3.61,3.65,3.66,3.70,3.71,3.72,3.73,4.00,4.01,4.10,4.11,4.20,4.21,4.25,4.30,4.31,4.40,4.41,4.45,4.46,4.50,4.53,4.55,4.60,4.65,4.66,4.70,4.75,4.76,4.78,4.80,4.81,4.82,4.83,4.84,4.85,4.86,4.87,4.88,4.89,4.90,4.91,4.92,4.93	none	none
599	1.02,1.10,1.11,1.30,1.31,1.32,1.50,1.51,1.54,1.60,1.70,1.80,1.81,1.82,1.90,1.92,1.93,1.94,2.00,2.01,2.10,2.17,2.20,2.30,2.35,2.36,2.40,2.41,2.42,2.43,2.50,2.52,2.53,2.60,2.70,2.76,2.80,3.00,3.01,3.10,3.15,3.16,3.21,3.30,3.40,3.41,3.42,3.50,3.55,3.56,3.60,3.61,3.65,3.66,3.70,3.71,3.72,3.73,4.00,4.01,4.10,4.11,4.20,4.21,4.25,4.30,4.31,4.40,4.41,4.45,4.46,4.50,4.53,4.55,4.60,4.65,4.66,4.70,4.75,4.76,4.78,4.80,4.81,4.82,4.83,4.84,4.85,4.86,4.87,4.88,4.89,4.90,4.91,4.92,4.93	none	none
600	1.02,1.10,1.11,1.30,1.31,1.32,1.50,1.51,1.54,1.60,1.70,1.80,1.81,1.82,1.90,1.92,1.93,1.94,2.00,2.01,2.10,2.17,2.20,2.30,2.35,2.36,2.40,2.41,2.42,2.43,2.50,2.52,2.53,2.60,2.70,2.76,2.80,3.00,3.01,3.10,3.15,3.16,3.21,3.30,3.40,3.41,3.42,3.50,3.55,3.56,3.60,3.61,3.65,3.66,3.70,3.71,3.72,3.73,4.00,4.01,4.10,4.11,4.20,4.21,4.25,4.30,4.31,4.40,4.41,4.45,4.46,4.50,4.53,4.55,4.60,4.65,4.66,4.70,4.75,4.76,4.78,4.80,4.81,4.82,4.83,4.84,4.85,4.86,4.87,4.88,4.89,4.90,4.91,4.92,4.93	none	none
601	1.02,1.10,1.11,1.30,1.31,1.32,1.50,1.51,1.54,1.60,1.70,1.80,1.81,1.82,1.90,1.92,1.93,1.94,2.00,2.01,2.10,2.17,2.20,2.30,2.35,2.36,2.40,2.41,2.42,2.43,2.50,2.52,2.53,2.60,2.70,2.76,2.80,3.00,3.01,3.10,3.15,3.16,3.21,3.30,3.40,3.41,3.42,3.50,3.55,3.56,3.60,3.61,3.65,3.66,3.70,3.71,3.72,3.73,4.00,4.01,4.10,4.11,4.20,4.21,4.25,4.30,4.31,4.40,4.41,4.45,4.46,4.50,4.53,4.55,4.60,4.65,4.66,4.70,4.75,4.76,4.78,4.80,4.81,4.82,4.83,4.84,4.85,4.86,4.87,4.88,4.89,4.90,4.91,4.92,4.93	none	none
602	1.02,1.10,1.11,1.30,1.31,1.32,1.50,1.51,1.54,1.60,1.70,1.80,1.81,1.82,1.90,1.92,1.93,1.94,2.00,2.01,2.10,2.17,2.20,2.30,2.35,2.36,2.40,2.41,2.42,2.43,2.50,2.52,2.53,2.60,2.70,2.76,2.80,3.00,3.01,3.10,3.15,3.16,3.21,3.30,3.40,3.41,3.42,3.50,3.55,3.56,3.60,3.61,3.65,3.66,3.70,3.71,3.72,3.73,4.00,4.01,4.10,4.11,4.20,4.21,4.25,4.30,4.31,4.40,4.41,4.45,4.46,4.50,4.53,4.55,4.60,4.65,4.66,4.70,4.75,4.76,4.78,4.80,4.81,4.82,4.83,4.84,4.85,4.86,4.87,4.88,4.89,4.90,4.91,4.92,4.93	none	none
603	1.02,1.10,1.11,1.30,1.31,1.32,1.50,1.51,1.54,1.60,1.70,1.80,1.81,1.82,1.90,1.92,1.93,1.94,2.00,2.01,2.10,2.17,2.20,2.30,2.35,2.36,2.40,2.41,2.42,2.43,2.50,2.52,2.53,2.60,2.70,2.76,2.80,3.00,3.01,3.10,3.15,3.16,3.21,3.30,3.40,3.41,3.42,3.50,3.55,3.56,3.60,3.61,3.65,3.66,3.70,3.71,3.72,3.73,4.00,4.01,4.10,4.11,4.20,4.21,4.25,4.30,4.31,4.40,4.41,4.45,4.46,4.50,4.53,4.55,4.60,4.65,4.66,4.70,4.75,4.76,4.78,4.80,4.81,4.82,4.83,4.84,4.85,4.86,4.87,4.88,4.89,4.90,4.91,4.92,4.93	none	none
604	1.02,1.10,1.11,1.30,1.31,1.32,1.50,1.51,1.54,1.60,1.70,1.80,1.81,1.82,1.90,1.92,1.93,1.94,2.00,2.01,2.10,2.17,2.20,2.30,2.35,2.36,2.40,2.41,2.42,2.43,2.50,2.52,2.53,2.60,2.70,2.76,2.80,3.00,3.01,3.10,3.15,3.16,3.21,3.30,3.40,3.41,3.42,3.50,3.55,3.56,3.60,3.61,3.65,3.66,3.70,3.71,3.72,3.73,4.00,4.01,4.10,4.11,4.20,4.21,4.25,4.30,4.31,4.40,4.41,4.45,4.46,4.50,4.53,4.55,4.60,4.65,4.66,4.70,4.75,4.76,4.78,4.80,4.81,4.82,4.83,4.84,4.85,4.86,4.87,4.88,4.89,4.90,4.91,4.92,4.93	none	none
605	1.02,1.10,1.11,1.30,1.31,1.32,1.50,1.51,1.54,1.60,1.70,1.80,1.81,1.82,1.90,1.92,1.93,1.94,2.00,2.01,2.10,2.17,2.20,2.30,2.35,2.36,2.40,2.41,2.42,2.43,2.50,2.52,2.53,2.60,2.70,2.76,2.80,3.00,3.01,3.10,3.15,3.16,3.21,3.30,3.40,3.41,3.42,3.50,3.55,3.56,3.60,3.61,3.65,3.66,3.70,3.71,3.72,3.73,4.00,4.01,4.10,4.11,4.20,4.21,4.25,4.30,4.31,4.40,4.41,4.45,4.46,4.50,4.53,4.55,4.60,4.65,4.66,4.70,4.75,4.76,4.78,4.80,4.81,4.82,4.83,4.84,4.85,4.86,4.87,4.88,4.89,4.90,4.91,4.92,4.93	none	none
606	1.02,1.10,1.11,1.30,1.31,1.32,1.50,1.51,1.54,1.60,1.70,1.80,1.81,1.82,1.90,1.92,1.93,1.94,2.00,2.01,2.10,2.17,2.20,2.30,2.35,2.36,2.40,2.41,2.42,2.43,2.50,2.52,2.53,2.60,2.70,2.76,2.80,3.00,3.01,3.10,3.15,3.16,3.21,3.30,3.40,3.41,3.42,3.50,3.55,3.56,3.60,3.61,3.65,3.66,3.70,3.71,3.72,3.73,4.00,4.01,4.10,4.11,4.20,4.21,4.25,4.30,4.31,4.40,4.41,4.45,4.46,4.50,4.53,4.55,4.60,4.65,4.66,4.70,4.75,4.76,4.78,4.80,4.81,4.82,4.83,4.84,4.85,4.86,4.87,4.88,4.89,4.90,4.91,4.92,4.93	none	none
607	1.02,1.10,1.11,1.30,1.31,1.32,1.50,1.51,1.54,1.60,1.70,1.80,1.81,1.82,1.90,1.92,1.93,1.94,2.00,2.01,2.10,2.17,2.20,2.30,2.35,2.36,2.40,2.41,2.42,2.43,2.50,2.52,2.53,2.60,2.70,2.76,2.80,3.00,3.01,3.10,3.15,3.16,3.21,3.30,3.40,3.41,3.42,3.50,3.55,3.56,3.60,3.61,3.65,3.66,3.70,3.71,3.72,3.73,4.00,4.01,4.10,4.11,4.20,4.21,4.25,4.30,4.31,4.40,4.41,4.45,4.46,4.50,4.53,4.55,4.60,4.65,4.66,4.70,4.75,4.76,4.78,4.80,4.81,4.82,4.83,4.84,4.85,4.86,4.87,4.88,4.89,4.90,4.91,4.92,4.93	none	none
608	1.02,1.10,1.11,1.30,1.31,1.32,1.50,1.51,1.54,1.60,1.70,1.80,1.81,1.82,1.90,1.92,1.93,1.94,2.00,2.01,2.10,2.17,2.20,2.30,2.35,2.36,2.40,2.41,2.42,2.43,2.50,2.52,2.53,2.60,2.70,2.76,2.80,3.00,3.01,3.10,3.15,3.16,3.21,3.30,3.40,3.41,3.42,3.50,3.55,3.56,3.60,3.61,3.65,3.66,3.70,3.71,3.72,3.73,4.00,4.01,4.10,4.11,4.20,4.21,4.25,4.30,4.31,4.40,4.41,4.45,4.46,4.50,4.53,4.55,4.60,4.65,4.66,4.70,4.75,4.76,4.78,4.80,4.81,4.82,4.83,4.84,4.85,4.86,4.87,4.88,4.89,4.90,4.91,4.92,4.93	none	none
609	1.02,1.10,1.11,1.30,1.31,1.32,1.50,1.51,1.54,1.60,1.70,1.80,1.81,1.82,1.90,1.92,1.93,1.94,2.00,2.01,2.10,2.17,2.20,2.30,2.35,2.36,2.40,2.41,2.42,2.43,2.50,2.52,2.53,2.60,2.70,2.76,2.80,3.00,3.01,3.10,3.15,3.16,3.21,3.30,3.40,3.41,3.42,3.50,3.55,3.56,3.60,3.61,3.65,3.66,3.70,3.71,3.72,3.73,4.00,4.01,4.10,4.11,4.20,4.21,4.25,4.30,4.31,4.40,4.41,4.45,4.46,4.50,4.53,4.55,4.60,4.65,4.66,4.70,4.75,4.76,4.78,4.80,4.81,4.82,4.83,4.84,4.85,4.86,4.87,4.88,4.89,4.90,4.91,4.92,4.93	none	none
610	1.02,1.10,1.11,1.30,1.31,1.32,1.50,1.51,1.54,1.60,1.70,1.80,1.81,1.82,1.90,1.92,1.93,1.94,2.00,2.01,2.10,2.17,2.20,2.30,2.35,2.36,2.40,2.41,2.42,2.43,2.50,2.52,2.53,2.60,2.70,2.76,2.80,3.00,3.01,3.10,3.15,3.16,3.21,3.30,3.40,3.41,3.42,3.50,3.55,3.56,3.60,3.61,3.65,3.66,3.70,3.71,3.72,3.73,4.00,4.01,4.10,4.11,4.20,4.21,4.25,4.30,4.31,4.40,4.41,4.45,4.46,4.50,4.53,4.55,4.60,4.65,4.66,4.70,4.75,4.76,4.78,4.80,4.81,4.82,4.83,4.84,4.85,4.86,4.87,4.88,4.89,4.90,4.91,4.92,4.93	none	none
611	1.02,1.10,1.11,1.30,1.31,1.32,1.50,1.51,1.54,1.60,1.70,1.80,1.81,1.82,1.90,1.92,1.93,1.94,2.00,2.01,2.10,2.17,2.20,2.30,2.35,2.36,2.40,2.41,2.42,2.43,2.50,2.52,2.53,2.60,2.70,2.76,2.80,3.00,3.01,3.10,3.15,3.16,3.21,3.30,3.40,3.41,3.42,3.50,3.55,3.56,3.60,3.61,3.65,3.66,3.70,3.71,3.72,3.73,4.00,4.01,4.10,4.11,4.20,4.21,4.25,4.30,4.31,4.40,4.41,4.45,4.46,4.50,4.53,4.55,4.60,4.65,4.66,4.70,4.75,4.76,4.78,4.80,4.81,4.82,4.83,4.84,4.85,4.86,4.87,4.88,4.89,4.90,4.91,4.92,4.93	none	none
612	1.02,1.10,1.11,1.30,1.31,1.32,1.50,1.51,1.54,1.60,1.70,1.80,1.81,1.82,1.90,1.92,1.93,1.94,2.00,2.01,2.10,2.17,2.20,2.30,2.35,2.36,2.40,2.41,2.42,2.43,2.50,2.52,2.53,2.60,2.70,2.76,2.80,3.00,3.01,3.10,3.15,3.16,3.21,3.30,3.40,3.41,3.42,3.50,3.55,3.56,3.60,3.61,3.65,3.66,3.70,3.71,3.72,3.73,4.00,4.01,4.10,4.11,4.20,4.21,4.25,4.30,4.31,4.40,4.41,4.45,4.46,4.50,4.53,4.55,4.60,4.65,4.66,4.70,4.75,4.76,4.78,4.80,4.81,4.82,4.83,4.84,4.85,4.86,4.87,4.88,4.89,4.90,4.91,4.92,4.93	none	none
613	1.02,1.10,1.11,1.30,1.31,1.32,1.50,1.51,1.54,1.60,1.70,1.80,1.81,1.82,1.90,1.92,1.93,1.94,2.00,2.01,2.10,2.17,2.20,2.30,2.35,2.36,2.40,2.41,2.42,2.43,2.50,2.52,2.53,2.60,2.70,2.76,2.80,3.00,3.01,3.10,3.15,3.16,3.21,3.30,3.40,3.41,3.42,3.50,3.55,3.56,3.60,3.61,3.65,3.66,3.70,3.71,3.72,3.73,4.00,4.01,4.10,4.11,4.20,4.21,4.25,4.30,4.31,4.40,4.41,4.45,4.46,4.50,4.53,4.55,4.60,4.65,4.66,4.70,4.75,4.76,4.78,4.80,4.81,4.82,4.83,4.84,4.85,4.86,4.87,4.88,4.89,4.90,4.91,4.92,4.93	none	none
614	1.02,1.10,1.11,1.30,1.31,1.32,1.50,1.51,1.54,1.60,1.70,1.80,1.81,1.82,1.90,1.92,1.93,1.94,2.00,2.01,2.10,2.17,2.20,2.30,2.35,2.36,2.40,2.41,2.42,2.43,2.50,2.52,2.53,2.60,2.70,2.76,2.80,3.00,3.01,3.10,3.15,3.16,3.21,3.30,3.40,3.41,3.42,3.50,3.55,3.56,3.60,3.61,3.65,3.66,3.70,3.71,3.72,3.73,4.00,4.01,4.10,4.11,4.20,4.21,4.25,4.30,4.31,4.40,4.41,4.45,4.46,4.50,4.53,4.55,4.60,4.65,4.66,4.70,4.75,4.76,4.78,4.80,4.81,4.82,4.83,4.84,4.85,4.86,4.87,4.88,4.89,4.90,4.91,4.92,4.93	none	none
615	1.02,1.10,1.11,1.30,1.31,1.32,1.50,1.51,1.54,1.60,1.70,1.80,1.81,1.82,1.90,1.92,1.93,1.94,2.00,2.01,2.10,2.17,2.20,2.30,2.35,2.36,2.40,2.41,2.42,2.43,2.50,2.52,2.53,2.60,2.70,2.76,2.80,3.00,3.01,3.10,3.15,3.16,3.21,3.30,3.40,3.41,3.42,3.50,3.55,3.56,3.60,3.61,3.65,3.66,3.70,3.71,3.72,3.73,4.00,4.01,4.10,4.11,4.20,4.21,4.25,4.30,4.31,4.40,4.41,4.45,4.46,4.50,4.53,4.55,4.60,4.65,4.66,4.70,4.75,4.76,4.78,4.80,4.81,4.82,4.83,4.84,4.85,4.86,4.87,4.88,4.89,4.90,4.91,4.92,4.93	none	none
616	1.02,1.10,1.11,1.30,1.31,1.32,1.50,1.51,1.54,1.60,1.70,1.80,1.81,1.82,1.90,1.92,1.93,1.94,2.00,2.01,2.10,2.17,2.20,2.30,2.35,2.36,2.40,2.41,2.42,2.43,2.50,2.52,2.53,2.60,2.70,2.76,2.80,3.00,3.01,3.10,3.15,3.16,3.21,3.30,3.40,3.41,3.42,3.50,3.55,3.56,3.60,3.61,3.65,3.66,3.70,3.71,3.72,3.73,4.00,4.01,4.10,4.11,4.20,4.21,4.25,4.30,4.31,4.40,4.41,4.45,4.46,4.50,4.53,4.55,4.60,4.65,4.66,4.70,4.75,4.76,4.78,4.80,4.81,4.82,4.83,4.84,4.85,4.86,4.87,4.88,4.89,4.90,4.91,4.92,4.93	none	none
617	1.02,1.10,1.11,1.30,1.31,1.32,1.50,1.51,1.54,1.60,1.70,1.80,1.81,1.82,1.90,1.92,1.93,1.94,2.00,2.01,2.10,2.17,2.20,2.30,2.35,2.36,2.40,2.41,2.42,2.43,2.50,2.52,2.53,2.60,2.70,2.76,2.80,3.00,3.01,3.10,3.15,3.16,3.21,3.30,3.40,3.41,3.42,3.50,3.55,3.56,3.60,3.61,3.65,3.66,3.70,3.71,3.72,3.73,4.00,4.01,4.10,4.11,4.20,4.21,4.25,4.30,4.31,4.40,4.41,4.45,4.46,4.50,4.53,4.55,4.60,4.65,4.66,4.70,4.75,4.76,4.78,4.80,4.81,4.82,4.83,4.84,4.85,4.86,4.87,4.88,4.89,4.90,4.91,4.92,4.93	none	none
618	1.02,1.10,1.11,1.30,1.31,1.32,1.50,1.51,1.54,1.60,1.70,1.80,1.81,1.82,1.90,1.92,1.93,1.94,2.00,2.01,2.10,2.17,2.20,2.30,2.35,2.36,2.40,2.41,2.42,2.43,2.50,2.52,2.53,2.60,2.70,2.76,2.80,3.00,3.01,3.10,3.15,3.16,3.21,3.30,3.40,3.41,3.42,3.50,3.55,3.56,3.60,3.61,3.65,3.66,3.70,3.71,3.72,3.73,4.00,4.01,4.10,4.11,4.20,4.21,4.25,4.30,4.31,4.40,4.41,4.45,4.46,4.50,4.53,4.55,4.60,4.65,4.66,4.70,4.75,4.76,4.78,4.80,4.81,4.82,4.83,4.84,4.85,4.86,4.87,4.88,4.89,4.90,4.91,4.92,4.93	none	none
619	2.40,2.41,2.42,2.43,2.50,2.52,2.53,2.60,2.70,2.76,2.80,3.00,3.01,3.10,3.15,3.16,3.21,3.30,3.40,3.41,3.42,3.50,3.55,3.56,3.60,3.61,3.65,3.66,3.70,3.71,3.72,3.73,4.00,4.01,4.10,4.11,4.20,4.21,4.25,4.30,4.31,4.40,4.41,4.45,4.46,4.50,4.53,4.55,4.60,4.65,4.66,4.70,4.75,4.76,4.78,4.80,4.81,4.82,4.83,4.84,4.85,4.86,4.87,4.88,4.89,4.90,4.91,4.92,4.93	1.02,1.10,1.11,1.30,1.31,1.32,1.50,1.51,1.54,1.60,1.70,1.80,1.81,1.82,1.90,1.92,1.93,1.94,2.00,2.01,2.10,2.17,2.20,2.30,2.35,2.36	none
620	2.00,2.01,2.10,2.17,2.20,2.30,2.35,2.36,2.40,2.41,2.42,2.43,2.50,2.52,2.53,2.60,2.70,2.76,2.80,3.00,3.01,3.10,3.15,3.16,3.21,3.30,3.40,3.41,3.42,3.50,3.55,3.56,3.60,3.61,3.65,3.66,3.70,3.71,3.72,3.73,4.00,4.01,4.10,4.11,4.20,4.21,4.25,4.30,4.31,4.40,4.41,4.45,4.46,4.50,4.53,4.55,4.60,4.65,4.66,4.70,4.75,4.76,4.78,4.80,4.81,4.82,4.83,4.84,4.85,4.86,4.87,4.88,4.89,4.90,4.91,4.92,4.93	1.02,1.10,1.11,1.30,1.31,1.32,1.50,1.51,1.54,1.60,1.70,1.80,1.81,1.82,1.90,1.92,1.93,1.94	none
621	2.70,2.76,2.80,3.00,3.01,3.10,3.15,3.16,3.21,3.30,3.40,3.41,3.42,3.50,3.55,3.56,3.60,3.61,3.65,3.66,3.70,3.71,3.72,3.73,4.00,4.01,4.10,4.11,4.20,4.21,4.25,4.30,4.31,4.40,4.41,4.45,4.46,4.50,4.53,4.55,4.60,4.65,4.66,4.70,4.75,4.76,4.78,4.80,4.81,4.82,4.83,4.84,4.85,4.86,4.87,4.88,4.89,4.90,4.91,4.92,4.93	1.02,1.10,1.11,1.30,1.31,1.32,1.50,1.51,1.54,1.60,1.70,1.80,1.81,1.82,1.90,1.92,1.93,1.94,2.00,2.01,2.10,2.17,2.20,2.30,2.35,2.36,2.40,2.41,2.42,2.43,2.50,2.52,2.53,2.60	none
622	3.10,3.15,3.16,3.21,3.30,3.40,3.41,3.42,3.50,3.55,3.56,3.60,3.61,3.65,3.66,3.70,3.71,3.72,3.73,4.00,4.01,4.10,4.11,4.20,4.21,4.25,4.30,4.31,4.40,4.41,4.45,4.46,4.50,4.53,4.55,4.60,4.65,4.66,4.70,4.75,4.76,4.78,4.80,4.81,4.82,4.83,4.84,4.85,4.86,4.87,4.88,4.89,4.90,4.91,4.92,4.93	1.02,1.10,1.11,1.30,1.31,1.32,1.50,1.51,1.54,1.60,1.70,1.80,1.81,1.82,1.90,1.92,1.93,1.94,2.00,2.01,2.10,2.17,2.20,2.30,2.35,2.36,2.40,2.41,2.42,2.43,2.50,2.52,2.53,2.60,2.70,2.76,2.80,3.00,3.01	none
623	none	1.02,1.10,1.11,1.30,1.31,1.32,1.50,1.51,1.54,1.60,1.70,1.80,1.81,1.82,1.90,1.92,1.93,1.94,2.00,2.01,2.10,2.17,2.20,2.30,2.35,2.36,2.40,2.41,2.42,2.43,2.50,2.52,2.53,2.60,2.70,2.76,2.80,3.00,3.01,3.10,3.15,3.16,3.21,3.30,3.40,3.41,3.42,3.50,3.55,3.56,3.60,3.61,3.65,3.66,3.70,3.71,3.72,3.73,4.00,4.01,4.10,4.11,4.20,4.21,4.25,4.30,4.31,4.40,4.41,4.45,4.46,4.50,4.53,4.55,4.60,4.65,4.66,4.70,4.75,4.76,4.78,4.80,4.81,4.82,4.83,4.84,4.85,4.86,4.87,4.88,4.89,4.90,4.91,4.92,4.93	none
624	1.02,1.10,1.11,1.30,1.31,1.32,1.50,1.51,1.54,1.60,1.70,1.80,1.81,1.82,1.90,1.92,1.93,1.94,2.00,2.01,2.10,2.17,2.20,2.30,2.35,2.36,2.40,2.41,2.42,2.43,2.50,2.52,2.53,2.60,2.70,2.76,2.80,3.00,3.01,3.10,3.15,3.16,3.21,3.30,3.40,3.41,3.42,3.50,3.55,3.56,3.60,3.61,3.65,3.66,3.70,3.71,3.72,3.73,4.00,4.01,4.10,4.11,4.20,4.21,4.25,4.30,4.31,4.40,4.41,4.45,4.46,4.50,4.53,4.55,4.60,4.65,4.66,4.70,4.75,4.76,4.78,4.80,4.81,4.82,4.83,4.84,4.85,4.86,4.87,4.88,4.89,4.90,4.91,4.92,4.93	none	none
625	1.02,1.10,1.11,1.30,1.31,1.32,1.50,1.51,1.54,1.60,1.70,1.80,1.81,1.82,1.90,1.92,1.93,1.94,2.00,2.01,2.10,2.17,2.20,2.30,2.35,2.36,2.40,2.41,2.42,2.43,2.50,2.52,2.53,2.60,2.70,2.76,2.80,3.00,3.01,3.10,3.15,3.16,3.21,3.30,3.40,3.41,3.42,3.50,3.55,3.56,3.60,3.61,3.65,3.66,3.70,3.71,3.72,3.73,4.00,4.01,4.10,4.11,4.20,4.21,4.25,4.30,4.31,4.40,4.41,4.45,4.46,4.50,4.53,4.55,4.60,4.65,4.66,4.70,4.75,4.76,4.78,4.80,4.81,4.82,4.83,4.84,4.85,4.86,4.87,4.88,4.89,4.90,4.91,4.92,4.93	none	none
626	1.02,1.10,1.11,1.30,1.31,1.32,1.50,1.51,1.54,1.60,1.70,1.80,1.81,1.82,1.90,1.92,1.93,1.94,2.00,2.01,2.10,2.17,2.20,2.30,2.35,2.36,2.40,2.41,2.42,2.43,2.50,2.52,2.53,2.60,2.70,2.76,2.80,3.00,3.01,3.10,3.15,3.16,3.21,3.30,3.40,3.41,3.42,3.50,3.55,3.56,3.60,3.61,3.65,3.66,3.70,3.71,3.72,3.73,4.00,4.01,4.10,4.11,4.20,4.21,4.25,4.30,4.31,4.40,4.41,4.45,4.46,4.50,4.53,4.55,4.60,4.65,4.66,4.70,4.75,4.76,4.78,4.80,4.81,4.82,4.83,4.84,4.85,4.86,4.87,4.88,4.89,4.90,4.91,4.92,4.93	none	none
627	1.02,1.10,1.11,1.30,1.31,1.32,1.50,1.51,1.54,1.60,1.70,1.80,1.81,1.82,1.90,1.92,1.93,1.94,2.00,2.01,2.10,2.17,2.20,2.30,2.35,2.36,2.40,2.41,2.42,2.43,2.50,2.52,2.53,2.60,2.70,2.76,2.80,3.00,3.01,3.10,3.15,3.16,3.21,3.30,3.40,3.41,3.42,3.50,3.55,3.56,3.60,3.61,3.65,3.66,3.70,3.71,3.72,3.73,4.00,4.01,4.10,4.11,4.20,4.21,4.25,4.30,4.31,4.40,4.41,4.45,4.46,4.50,4.53,4.55,4.60,4.65,4.66,4.70,4.75,4.76,4.78,4.80,4.81,4.82,4.83,4.84,4.85,4.86,4.87,4.88,4.89,4.90,4.91,4.92,4.93	none	none
628	none	1.02,1.10,1.11,1.30,1.31,1.32,1.50,1.51,1.54,1.60,1.70,1.80,1.81,1.82,1.90,1.92,1.93,1.94,2.00,2.01,2.10,2.17,2.20,2.30,2.35,2.36,2.40,2.41,2.42,2.43,2.50,2.52,2.53,2.60,2.70,2.76,2.80,3.00,3.01,3.10,3.15,3.16,3.21,3.30,3.40,3.41,3.42,3.50,3.55,3.56,3.60,3.61,3.65,3.66,3.70,3.71,3.72,3.73,4.00,4.01,4.10,4.11,4.20,4.21,4.25,4.30,4.31,4.40,4.41,4.45,4.46,4.50,4.53,4.55,4.60,4.65,4.66,4.70,4.75,4.76,4.78,4.80,4.81,4.82,4.83,4.84,4.85,4.86,4.87,4.88,4.89,4.90,4.91,4.92,4.93	none
629	none	1.02,1.10,1.11,1.30,1.31,1.32,1.50,1.51,1.54,1.60,1.70,1.80,1.81,1.82,1.90,1.92,1.93,1.94,2.00,2.01,2.10,2.17,2.20,2.30,2.35,2.36,2.40,2.41,2.42,2.43,2.50,2.52,2.53,2.60,2.70,2.76,2.80,3.00,3.01,3.10,3.15,3.16,3.21,3.30,3.40,3.41,3.42,3.50,3.55,3.56,3.60,3.61,3.65,3.66,3.70,3.71,3.72,3.73,4.00,4.01,4.10,4.11,4.20,4.21,4.25,4.30,4.31,4.40,4.41,4.45,4.46,4.50,4.53,4.55,4.60,4.65,4.66,4.70,4.75,4.76,4.78,4.80,4.81,4.82,4.83,4.84,4.85,4.86,4.87,4.88,4.89,4.90,4.91,4.92,4.93	none
630	1.02,1.10,1.11,1.30,1.31,1.32,1.50,1.51,1.54,1.60,1.70,1.80,1.81,1.82,1.90,1.92,1.93,1.94,2.00,2.01,2.10,2.17,2.20,2.30,2.35,2.36,2.40,2.41,2.42,2.43,2.50,2.52,2.53,2.60,2.70,2.76,2.80,3.00,3.01,3.10,3.15,3.16,3.21,3.30,3.40,3.41,3.42,3.50,3.55,3.56,3.60,3.61,3.65,3.66,3.70,3.71,3.72,3.73,4.00,4.01,4.10,4.11,4.20,4.21,4.25,4.30,4.31,4.40,4.41,4.45,4.46,4.50,4.53,4.55,4.60,4.65,4.66,4.70,4.75,4.76,4.78,4.80,4.81,4.82,4.83,4.84,4.85,4.86,4.87,4.88,4.89,4.90,4.91,4.92,4.93	none	none
631	1.02,1.10,1.11,1.30,1.31,1.32,1.50,1.51,1.54,1.60,1.70,1.80,1.81,1.82,1.90,1.92,1.93,1.94,2.00,2.01,2.10,2.17,2.20,2.30,2.35,2.36,2.40,2.41,2.42,2.43,2.50,2.52,2.53,2.60,2.70,2.76,2.80,3.00,3.01,3.10,3.15,3.16,3.21,3.30,3.40,3.41,3.42,3.50,3.55,3.56,3.60,3.61,3.65,3.66,3.70,3.71,3.72,3.73,4.00,4.01,4.10,4.11,4.20,4.21,4.25,4.30,4.31,4.40,4.41,4.45,4.46,4.50,4.53,4.55,4.60,4.65,4.66,4.70,4.75,4.76,4.78,4.80,4.81,4.82,4.83,4.84,4.85,4.86,4.87,4.88,4.89,4.90,4.91,4.92,4.93	none	none
632	none	1.02,1.10,1.11,1.30,1.31,1.32,1.50,1.51,1.54,1.60,1.70,1.80,1.81,1.82,1.90,1.92,1.93,1.94,2.00,2.01,2.10,2.17,2.20,2.30,2.35,2.36,2.40,2.41,2.42,2.43,2.50,2.52,2.53,2.60,2.70,2.76,2.80,3.00,3.01,3.10,3.15,3.16,3.21,3.30,3.40,3.41,3.42,3.50,3.55,3.56,3.60,3.61,3.65,3.66,3.70,3.71,3.72,3.73,4.00,4.01,4.10,4.11,4.20,4.21,4.25,4.30,4.31,4.40,4.41,4.45,4.46,4.50,4.53,4.55,4.60,4.65,4.66,4.70,4.75,4.76,4.78,4.80,4.81,4.82,4.83,4.84,4.85,4.86,4.87,4.88,4.89,4.90,4.91,4.92,4.93	none
633	none	1.02,1.10,1.11,1.30,1.31,1.32,1.50,1.51,1.54,1.60,1.70,1.80,1.81,1.82,1.90,1.92,1.93,1.94,2.00,2.01,2.10,2.17,2.20,2.30,2.35,2.36,2.40,2.41,2.42,2.43,2.50,2.52,2.53,2.60,2.70,2.76,2.80,3.00,3.01,3.10,3.15,3.16,3.21,3.30,3.40,3.41,3.42,3.50,3.55,3.56,3.60,3.61,3.65,3.66,3.70,3.71,3.72,3.73,4.00,4.01,4.10,4.11,4.20,4.21,4.25,4.30,4.31,4.40,4.41,4.45,4.46,4.50,4.53,4.55,4.60,4.65,4.66,4.70,4.75,4.76,4.78,4.80,4.81,4.82,4.83,4.84,4.85,4.86,4.87,4.88,4.89,4.90,4.91,4.92,4.93	none
634	none	1.02,1.10,1.11,1.30,1.31,1.32,1.50,1.51,1.54,1.60,1.70,1.80,1.81,1.82,1.90,1.92,1.93,1.94,2.00,2.01,2.10,2.17,2.20,2.30,2.35,2.36,2.40,2.41,2.42,2.43,2.50,2.52,2.53,2.60,2.70,2.76,2.80,3.00,3.01,3.10,3.15,3.16,3.21,3.30,3.40,3.41,3.42,3.50,3.55,3.56,3.60,3.61,3.65,3.66,3.70,3.71,3.72,3.73,4.00,4.01,4.10,4.11,4.20,4.21,4.25,4.30,4.31,4.40,4.41,4.45,4.46,4.50,4.53,4.55,4.60,4.65,4.66,4.70,4.75,4.76,4.78,4.80,4.81,4.82,4.83,4.84,4.85,4.86,4.87,4.88,4.89,4.90,4.91,4.92,4.93	none
635	1.30,1.31,1.32,1.50,1.51,1.54,1.60,1.70,1.80,1.81,1.82,1.90,1.92,1.93,1.94,2.00,2.01,2.10,2.17,2.20,2.30,2.35,2.36,2.40,2.41,2.42,2.43,2.50,2.52,2.53,2.60,2.70,2.76,2.80,3.00,3.01,3.10,3.15,3.16,3.21,3.30,3.40,3.41,3.42,3.50,3.55,3.56,3.60,3.61,3.65,3.66,3.70,3.71,3.72,3.73,4.00,4.01,4.10,4.11,4.20,4.21,4.25,4.30,4.31,4.40,4.41,4.45,4.46,4.50,4.53,4.55,4.60,4.65,4.66,4.70,4.75,4.76,4.78,4.80,4.81,4.82,4.83,4.84,4.85,4.86,4.87,4.88,4.89,4.90,4.91,4.92,4.93	1.02,1.10,1.11	none
636	1.60,1.70,1.80,1.81,1.82,1.90,1.92,1.93,1.94,2.00,2.01,2.10,2.17,2.20,2.30,2.35,2.36,2.40,2.41,2.42,2.43,2.50,2.52,2.53,2.60,2.70,2.76,2.80,3.00,3.01,3.10,3.15,3.16,3.21,3.30,3.40,3.41,3.42,3.50,3.55,3.56,3.60,3.61,3.65,3.66,3.70,3.71,3.72,3.73,4.00,4.01,4.10,4.11,4.20,4.21,4.25,4.30,4.31,4.40,4.41,4.45,4.46,4.50,4.53,4.55,4.60,4.65,4.66,4.70,4.75,4.76,4.78,4.80,4.81,4.82,4.83,4.84,4.85,4.86,4.87,4.88,4.89,4.90,4.91,4.92,4.93	1.02,1.10,1.11,1.30,1.31,1.32,1.50,1.51,1.54	none
637	1.60,1.70,1.80,1.81,1.82,1.90,1.92,1.93,1.94,2.00,2.01,2.10,2.17,2.20,2.30,2.35,2.36,2.40,2.41,2.42,2.43,2.50,2.52,2.53,2.60,2.70,2.76,2.80,3.00,3.01,3.10,3.15,3.16,3.21,3.30,3.40,3.41,3.42,3.50,3.55,3.56,3.60,3.61,3.65,3.66,3.70,3.71,3.72,3.73,4.00,4.01,4.10,4.11,4.20,4.21,4.25,4.30,4.31,4.40,4.41,4.45,4.46,4.50,4.53,4.55,4.60,4.65,4.66,4.70,4.75,4.76,4.78,4.80,4.81,4.82,4.83,4.84,4.85,4.86,4.87,4.88,4.89,4.90,4.91,4.92,4.93	1.02,1.10,1.11,1.30,1.31,1.32,1.50,1.51,1.54	none
638	2.50,2.52,2.53,2.60,2.70,2.76,2.80,3.00,3.01,3.10,3.15,3.16,3.21,3.30,3.40,3.41,3.42,3.50,3.55,3.56,3.60,3.61,3.65,3.66,3.70,3.71,3.72,3.73,4.00,4.01,4.10,4.11,4.20,4.21,4.25,4.30,4.31,4.40,4.41,4.45,4.46,4.50,4.53,4.55,4.60,4.65,4.66,4.70,4.75,4.76,4.78,4.80,4.81,4.82,4.83,4.84,4.85,4.86,4.87,4.88,4.89,4.90,4.91,4.92,4.93	1.02,1.10,1.11,1.30,1.31,1.32,1.50,1.51,1.54,1.60,1.70,1.80,1.81,1.82,1.90,1.92,1.93,1.94,2.00,2.01,2.10,2.17,2.20,2.30,2.35,2.36,2.40,2.41,2.42,2.43	none
639	1.10,1.11,1.30,1.31,1.32,1.50,1.51,1.54,1.60,1.70,1.80,1.81,1.82,1.90,1.92,1.93,1.94,2.00,2.01,2.10,2.17,2.20,2.30,2.35,2.36,2.40,2.41,2.42,2.43,2.50,2.52,2.53,2.60,2.70,2.76,2.80,3.00,3.01,3.10,3.15,3.16,3.21,3.30,3.40,3.41,3.42,3.50,3.55,3.56,3.60,3.61,3.65,3.66,3.70,3.71,3.72,3.73,4.00,4.01,4.10,4.11,4.20,4.21,4.25,4.30,4.31,4.40,4.41,4.45,4.46,4.50,4.53,4.55,4.60,4.65,4.66,4.70,4.75,4.76,4.78,4.80,4.81,4.82,4.83,4.84,4.85,4.86,4.87,4.88,4.89,4.90,4.91,4.92,4.93	1.02	none
640	1.02,1.10,1.11,1.30,1.31,1.32,1.50,1.51,1.54,1.60,1.70,1.80,1.81,1.82,1.90,1.92,1.93,1.94,2.00,2.01,2.10,2.17,2.20,2.30,2.35,2.36,2.40,2.41,2.42,2.43,2.50,2.52,2.53,2.60,2.70,2.76,2.80,3.00,3.01,3.10,3.15,3.16,3.21,3.30,3.40,3.41,3.42,3.50,3.55,3.56,3.60,3.61,3.65,3.66,3.70,3.71,3.72,3.73,4.00,4.01,4.10,4.11,4.20,4.21,4.25,4.30,4.31,4.40,4.41,4.45,4.46,4.50,4.53,4.55,4.60,4.65,4.66,4.70,4.75,4.76,4.78,4.80,4.81,4.82,4.83,4.84,4.85,4.86,4.87,4.88,4.89,4.90,4.91,4.92,4.93	none	none
641	1.02,1.10,1.11,1.30,1.31,1.32,1.50,1.51,1.54,1.60,1.70,1.80,1.81,1.82,1.90,1.92,1.93,1.94,2.00,2.01,2.10,2.17,2.20,2.30,2.35,2.36,2.40,2.41,2.42,2.43,2.50,2.52,2.53,2.60,2.70,2.76,2.80,3.00,3.01,3.10,3.15,3.16,3.21,3.30,3.40,3.41,3.42,3.50,3.55,3.56,3.60,3.61,3.65,3.66,3.70,3.71,3.72,3.73,4.00,4.01,4.10,4.11,4.20,4.21,4.25,4.30,4.31,4.40,4.41,4.45,4.46,4.50,4.53,4.55,4.60,4.65,4.66,4.70,4.75,4.76,4.78,4.80,4.81,4.82,4.83,4.84,4.85,4.86,4.87,4.88,4.89,4.90,4.91,4.92,4.93	none	none
642	1.02,1.10,1.11,1.30,1.31,1.32,1.50,1.51,1.54,1.60,1.70,1.80,1.81,1.82,1.90,1.92,1.93,1.94,2.00,2.01,2.10,2.17,2.20,2.30,2.35,2.36,2.40,2.41,2.42,2.43,2.50,2.52,2.53,2.60,2.70,2.76,2.80,3.00,3.01,3.10,3.15,3.16,3.21,3.30,3.40,3.41,3.42,3.50,3.55,3.56,3.60,3.61,3.65,3.66,3.70,3.71,3.72,3.73,4.00,4.01,4.10,4.11,4.20,4.21,4.25,4.30,4.31,4.40,4.41,4.45,4.46,4.50,4.53,4.55,4.60,4.65,4.66,4.70,4.75,4.76,4.78,4.80,4.81,4.82,4.83,4.84,4.85,4.86,4.87,4.88,4.89,4.90,4.91,4.92,4.93	none	none
643	1.02,1.10,1.11,1.30,1.31,1.32,1.50,1.51,1.54,1.60,1.70,1.80,1.81,1.82,1.90,1.92,1.93,1.94,2.00,2.01,2.10,2.17,2.20,2.30,2.35,2.36,2.40,2.41,2.42,2.43,2.50,2.52,2.53,2.60,2.70,2.76,2.80,3.00,3.01,3.10,3.15,3.16,3.21,3.30,3.40,3.41,3.42,3.50,3.55,3.56,3.60,3.61,3.65,3.66,3.70,3.71,3.72,3.73,4.00,4.01,4.10,4.11,4.20,4.21,4.25,4.30,4.31,4.40,4.41,4.45,4.46,4.50,4.53,4.55,4.60,4.65,4.66,4.70,4.75,4.76,4.78,4.80,4.81,4.82,4.83,4.84,4.85,4.86,4.87,4.88,4.89,4.90,4.91,4.92,4.93	none	none
644	1.02,1.10,1.11,1.30,1.31,1.32,1.50,1.51,1.54,1.60,1.70,1.80,1.81,1.82,1.90,1.92,1.93,1.94,2.00,2.01,2.10,2.17,2.20,2.30,2.35,2.36,2.40,2.41,2.42,2.43,2.50,2.52,2.53,2.60,2.70,2.76,2.80,3.00,3.01,3.10,3.15,3.16,3.21,3.30,3.40,3.41,3.42,3.50,3.55,3.56,3.60,3.61,3.65,3.66,3.70,3.71,3.72,3.73,4.00,4.01,4.10,4.11,4.20,4.21,4.25,4.30,4.31,4.40,4.41,4.45,4.46,4.50,4.53,4.55,4.60,4.65,4.66,4.70,4.75,4.76,4.78,4.80,4.81,4.82,4.83,4.84,4.85,4.86,4.87,4.88,4.89,4.90,4.91,4.92,4.93	none	none
645	1.02,1.10,1.11,1.30,1.31,1.32,1.50,1.51,1.54,1.60,1.70,1.80,1.81,1.82,1.90,1.92,1.93,1.94,2.00,2.01,2.10,2.17,2.20,2.30,2.35,2.36,2.40,2.41,2.42,2.43,2.50,2.52,2.53,2.60,2.70,2.76,2.80,3.00,3.01,3.10,3.15,3.16,3.21,3.30,3.40,3.41,3.42,3.50,3.55,3.56,3.60,3.61,3.65,3.66,3.70,3.71,3.72,3.73,4.00,4.01,4.10,4.11,4.20,4.21,4.25,4.30,4.31,4.40,4.41,4.45,4.46,4.50,4.53,4.55,4.60,4.65,4.66,4.70,4.75,4.76,4.78,4.80,4.81,4.82,4.83,4.84,4.85,4.86,4.87,4.88,4.89,4.90,4.91,4.92,4.93	none	none
646	1.02,1.10,1.11,1.30,1.31,1.32,1.50,1.51,1.54,1.60,1.70,1.80,1.81,1.82,1.90,1.92,1.93,1.94,2.00,2.01,2.10,2.17,2.20,2.30,2.35,2.36,2.40,2.41,2.42,2.43,2.50,2.52,2.53,2.60,2.70,2.76,2.80,3.00,3.01,3.10,3.15,3.16,3.21,3.30,3.40,3.41,3.42,3.50,3.55,3.56,3.60,3.61,3.65,3.66,3.70,3.71,3.72,3.73,4.00,4.01,4.10,4.11,4.20,4.21,4.25,4.30,4.31,4.40,4.41,4.45,4.46,4.50,4.53,4.55,4.60,4.65,4.66,4.70,4.75,4.76,4.78,4.80,4.81,4.82,4.83,4.84,4.85,4.86,4.87,4.88,4.89,4.90,4.91,4.92,4.93	none	none
647	1.02,1.10,1.11,1.30,1.31,1.32,1.50,1.51,1.54,1.60,1.70,1.80,1.81,1.82,1.90,1.92,1.93,1.94,2.00,2.01,2.10,2.17,2.20,2.30,2.35,2.36,2.40,2.41,2.42,2.43,2.50,2.52,2.53,2.60,2.70,2.76,2.80,3.00,3.01,3.10,3.15,3.16,3.21,3.30,3.40,3.41,3.42,3.50,3.55,3.56,3.60,3.61,3.65,3.66,3.70,3.71,3.72,3.73,4.00,4.01,4.10,4.11,4.20,4.21,4.25,4.30,4.31,4.40,4.41,4.45,4.46,4.50,4.53,4.55,4.60,4.65,4.66,4.70,4.75,4.76,4.78,4.80,4.81,4.82,4.83,4.84,4.85,4.86,4.87,4.88,4.89,4.90,4.91,4.92,4.93	none	none
648	1.02,1.10,1.11,1.30,1.31,1.32,1.50,1.51,1.54,1.60,1.70,1.80,1.81,1.82,1.90,1.92,1.93,1.94,2.00,2.01,2.10,2.17,2.20,2.30,2.35,2.36,2.40,2.41,2.42,2.43,2.50,2.52,2.53,2.60,2.70,2.76,2.80,3.00,3.01,3.10,3.15,3.16,3.21,3.30,3.40,3.41,3.42,3.50,3.55,3.56,3.60,3.61,3.65,3.66,3.70,3.71,3.72,3.73,4.00,4.01,4.10,4.11,4.20,4.21,4.25,4.30,4.31,4.40,4.41,4.45,4.46,4.50,4.53,4.55,4.60,4.65,4.66,4.70,4.75,4.76,4.78,4.80,4.81,4.82,4.83,4.84,4.85,4.86,4.87,4.88,4.89,4.90,4.91,4.92,4.93	none	none
649	1.02,1.10,1.11,1.30,1.31,1.32,1.50,1.51,1.54,1.60,1.70,1.80,1.81,1.82,1.90,1.92,1.93,1.94,2.00,2.01,2.10,2.17,2.20,2.30,2.35,2.36,2.40,2.41,2.42,2.43,2.50,2.52,2.53,2.60,2.70,2.76,2.80,3.00,3.01,3.10,3.15,3.16,3.21,3.30,3.40,3.41,3.42,3.50,3.55,3.56,3.60,3.61,3.65,3.66,3.70,3.71,3.72,3.73,4.00,4.01,4.10,4.11,4.20,4.21,4.25,4.30,4.31,4.40,4.41,4.45,4.46,4.50,4.53,4.55,4.60,4.65,4.66,4.70,4.75,4.76,4.78,4.80,4.81,4.82,4.83,4.84,4.85,4.86,4.87,4.88,4.89,4.90,4.91,4.92,4.93	none	none
650	1.02,1.10,1.11,1.30,1.31,1.32,1.50,1.51,1.54,1.60,1.70,1.80,1.81,1.82,1.90,1.92,1.93,1.94,2.00,2.01,2.10,2.17,2.20,2.30,2.35,2.36,2.40,2.41,2.42,2.43,2.50,2.52,2.53,2.60,2.70,2.76,2.80,3.00,3.01,3.10,3.15,3.16,3.21,3.30,3.40,3.41,3.42,3.50,3.55,3.56,3.60,3.61,3.65,3.66,3.70,3.71,3.72,3.73,4.00,4.01,4.10,4.11,4.20,4.21,4.25,4.30,4.31,4.40,4.41,4.45,4.46,4.50,4.53,4.55,4.60,4.65,4.66,4.70,4.75,4.76,4.78,4.80,4.81,4.82,4.83,4.84,4.85,4.86,4.87,4.88,4.89,4.90,4.91,4.92,4.93	none	none
651	1.02,1.10,1.11,1.30,1.31,1.32,1.50,1.51,1.54,1.60,1.70,1.80,1.81,1.82,1.90,1.92,1.93,1.94,2.00,2.01,2.10,2.17,2.20,2.30,2.35,2.36,2.40,2.41,2.42,2.43,2.50,2.52,2.53,2.60,2.70,2.76,2.80,3.00,3.01,3.10,3.15,3.16,3.21,3.30,3.40,3.41,3.42,3.50,3.55,3.56,3.60,3.61,3.65,3.66,3.70,3.71,3.72,3.73,4.00,4.01,4.10,4.11,4.20,4.21,4.25,4.30,4.31,4.40,4.41,4.45,4.46,4.50,4.53,4.55,4.60,4.65,4.66,4.70,4.75,4.76,4.78,4.80,4.81,4.82,4.83,4.84,4.85,4.86,4.87,4.88,4.89,4.90,4.91,4.92,4.93	none	none
652	1.02,1.10,1.11,1.30,1.31,1.32,1.50,1.51,1.54,1.60,1.70,1.80,1.81,1.82,1.90,1.92,1.93,1.94,2.00,2.01,2.10,2.17,2.20,2.30,2.35,2.36,2.40,2.41,2.42,2.43,2.50,2.52,2.53,2.60,2.70,2.76,2.80,3.00,3.01,3.10,3.15,3.16,3.21,3.30,3.40,3.41,3.42,3.50,3.55,3.56,3.60,3.61,3.65,3.66,3.70,3.71,3.72,3.73,4.00,4.01,4.10,4.11,4.20,4.21,4.25,4.30,4.31,4.40,4.41,4.45,4.46,4.50,4.53,4.55,4.60,4.65,4.66,4.70,4.75,4.76,4.78,4.80,4.81,4.82,4.83,4.84,4.85,4.86,4.87,4.88,4.89,4.90,4.91,4.92,4.93	none	none
653	1.02,1.10,1.11,1.30,1.31,1.32,1.50,1.51,1.54,1.60,1.70,1.80,1.81,1.82,1.90,1.92,1.93,1.94,2.00,2.01,2.10,2.17,2.20,2.30,2.35,2.36,2.40,2.41,2.42,2.43,2.50,2.52,2.53,2.60,2.70,2.76,2.80,3.00,3.01,3.10,3.15,3.16,3.21,3.30,3.40,3.41,3.42,3.50,3.55,3.56,3.60,3.61,3.65,3.66,3.70,3.71,3.72,3.73,4.00,4.01,4.10,4.11,4.20,4.21,4.25,4.30,4.31,4.40,4.41,4.45,4.46,4.50,4.53,4.55,4.60,4.65,4.66,4.70,4.75,4.76,4.78,4.80,4.81,4.82,4.83,4.84,4.85,4.86,4.87,4.88,4.89,4.90,4.91,4.92,4.93	none	none
654	1.02,1.10,1.11,1.30,1.31,1.32,1.50,1.51,1.54,1.60,1.70,1.80,1.81,1.82,1.90,1.92,1.93,1.94,2.00,2.01,2.10,2.17,2.20,2.30,2.35,2.36,2.40,2.41,2.42,2.43,2.50,2.52,2.53,2.60,2.70,2.76,2.80,3.00,3.01,3.10,3.15,3.16,3.21,3.30,3.40,3.41,3.42,3.50,3.55,3.56,3.60,3.61,3.65,3.66,3.70,3.71,3.72,3.73,4.00,4.01,4.10,4.11,4.20,4.21,4.25,4.30,4.31,4.40,4.41,4.45,4.46,4.50,4.53,4.55,4.60,4.65,4.66,4.70,4.75,4.76,4.78,4.80,4.81,4.82,4.83,4.84,4.85,4.86,4.87,4.88,4.89,4.90,4.91,4.92,4.93	none	none
655	1.02,1.10,1.11,1.30,1.31,1.32,1.50,1.51,1.54,1.60,1.70,1.80,1.81,1.82,1.90,1.92,1.93,1.94,2.00,2.01,2.10,2.17,2.20,2.30,2.35,2.36,2.40,2.41,2.42,2.43,2.50,2.52,2.53,2.60,2.70,2.76,2.80,3.00,3.01,3.10,3.15,3.16,3.21,3.30,3.40,3.41,3.42,3.50,3.55,3.56,3.60,3.61,3.65,3.66,3.70,3.71,3.72,3.73,4.00,4.01,4.10,4.11,4.20,4.21,4.25,4.30,4.31,4.40,4.41,4.45,4.46,4.50,4.53,4.55,4.60,4.65,4.66,4.70,4.75,4.76,4.78,4.80,4.81,4.82,4.83,4.84,4.85,4.86,4.87,4.88,4.89,4.90,4.91,4.92,4.93	none	none
656	1.02,1.10,1.11,1.30,1.31,1.32,1.50,1.51,1.54,1.60,1.70,1.80,1.81,1.82,1.90,1.92,1.93,1.94,2.00,2.01,2.10,2.17,2.20,2.30,2.35,2.36,2.40,2.41,2.42,2.43,2.50,2.52,2.53,2.60,2.70,2.76,2.80,3.00,3.01,3.10,3.15,3.16,3.21,3.30,3.40,3.41,3.42,3.50,3.55,3.56,3.60,3.61,3.65,3.66,3.70,3.71,3.72,3.73,4.00,4.01,4.10,4.11,4.20,4.21,4.25,4.30,4.31,4.40,4.41,4.45,4.46,4.50,4.53,4.55,4.60,4.65,4.66,4.70,4.75,4.76,4.78,4.80,4.81,4.82,4.83,4.84,4.85,4.86,4.87,4.88,4.89,4.90,4.91,4.92,4.93	none	none
657	1.02,1.10,1.11,1.30,1.31,1.32,1.50,1.51,1.54,1.60,1.70,1.80,1.81,1.82,1.90,1.92,1.93,1.94,2.00,2.01,2.10,2.17,2.20,2.30,2.35,2.36,2.40,2.41,2.42,2.43,2.50,2.52,2.53,2.60,2.70,2.76,2.80,3.00,3.01,3.10,3.15,3.16,3.21,3.30,3.40,3.41,3.42,3.50,3.55,3.56,3.60,3.61,3.65,3.66,3.70,3.71,3.72,3.73,4.00,4.01,4.10,4.11,4.20,4.21,4.25,4.30,4.31,4.40,4.41,4.45,4.46,4.50,4.53,4.55,4.60,4.65,4.66,4.70,4.75,4.76,4.78,4.80,4.81,4.82,4.83,4.84,4.85,4.86,4.87,4.88,4.89,4.90,4.91,4.92,4.93	none	none
658	1.02,1.10,1.11,1.30,1.31,1.32,1.50,1.51,1.54,1.60,1.70,1.80,1.81,1.82,1.90,1.92,1.93,1.94,2.00,2.01,2.10,2.17,2.20,2.30,2.35,2.36,2.40,2.41,2.42,2.43,2.50,2.52,2.53,2.60,2.70,2.76,2.80,3.00,3.01,3.10,3.15,3.16,3.21,3.30,3.40,3.41,3.42,3.50,3.55,3.56,3.60,3.61,3.65,3.66,3.70,3.71,3.72,3.73,4.00,4.01,4.10,4.11,4.20,4.21,4.25,4.30,4.31,4.40,4.41,4.45,4.46,4.50,4.53,4.55,4.60,4.65,4.66,4.70,4.75,4.76,4.78,4.80,4.81,4.82,4.83,4.84,4.85,4.86,4.87,4.88,4.89,4.90,4.91,4.92,4.93	none	none
659	1.02,1.10,1.11,1.30,1.31,1.32,1.50,1.51,1.54,1.60,1.70,1.80,1.81,1.82,1.90,1.92,1.93,1.94,2.00,2.01,2.10,2.17,2.20,2.30,2.35,2.36,2.40,2.41,2.42,2.43,2.50,2.52,2.53,2.60,2.70,2.76,2.80,3.00,3.01,3.10,3.15,3.16,3.21,3.30,3.40,3.41,3.42,3.50,3.55,3.56,3.60,3.61,3.65,3.66,3.70,3.71,3.72,3.73,4.00,4.01,4.10,4.11,4.20,4.21,4.25,4.30,4.31,4.40,4.41,4.45,4.46,4.50,4.53,4.55,4.60,4.65,4.66,4.70,4.75,4.76,4.78,4.80,4.81,4.82,4.83,4.84,4.85,4.86,4.87,4.88,4.89,4.90,4.91,4.92,4.93	none	none
660	none	1.02,1.10,1.11,1.30,1.31,1.32,1.50,1.51,1.54,1.60,1.70,1.80,1.81,1.82,1.90,1.92,1.93,1.94,2.00,2.01,2.10,2.17,2.20,2.30,2.35,2.36,2.40,2.41,2.42,2.43,2.50,2.52,2.53,2.60,2.70,2.76,2.80,3.00,3.01,3.10,3.15,3.16,3.21,3.30,3.40,3.41,3.42,3.50,3.55,3.56,3.60,3.61,3.65,3.66,3.70,3.71,3.72,3.73,4.00,4.01,4.10,4.11,4.20,4.21,4.25,4.30,4.31,4.40,4.41,4.45,4.46,4.50,4.53,4.55,4.60,4.65,4.66,4.70,4.75,4.76,4.78,4.80,4.81,4.82,4.83,4.84,4.85,4.86,4.87,4.88,4.89,4.90,4.91,4.92,4.93	none
661	none	1.02,1.10,1.11,1.30,1.31,1.32,1.50,1.51,1.54,1.60,1.70,1.80,1.81,1.82,1.90,1.92,1.93,1.94,2.00,2.01,2.10,2.17,2.20,2.30,2.35,2.36,2.40,2.41,2.42,2.43,2.50,2.52,2.53,2.60,2.70,2.76,2.80,3.00,3.01,3.10,3.15,3.16,3.21,3.30,3.40,3.41,3.42,3.50,3.55,3.56,3.60,3.61,3.65,3.66,3.70,3.71,3.72,3.73,4.00,4.01,4.10,4.11,4.20,4.21,4.25,4.30,4.31,4.40,4.41,4.45,4.46,4.50,4.53,4.55,4.60,4.65,4.66,4.70,4.75,4.76,4.78,4.80,4.81,4.82,4.83,4.84,4.85,4.86,4.87,4.88,4.89,4.90,4.91,4.92,4.93	none
662	none	1.02,1.10,1.11,1.30,1.31,1.32,1.50,1.51,1.54,1.60,1.70,1.80,1.81,1.82,1.90,1.92,1.93,1.94,2.00,2.01,2.10,2.17,2.20,2.30,2.35,2.36,2.40,2.41,2.42,2.43,2.50,2.52,2.53,2.60,2.70,2.76,2.80,3.00,3.01,3.10,3.15,3.16,3.21,3.30,3.40,3.41,3.42,3.50,3.55,3.56,3.60,3.61,3.65,3.66,3.70,3.71,3.72,3.73,4.00,4.01,4.10,4.11,4.20,4.21,4.25,4.30,4.31,4.40,4.41,4.45,4.46,4.50,4.53,4.55,4.60,4.65,4.66,4.70,4.75,4.76,4.78,4.80,4.81,4.82,4.83,4.84,4.85,4.86,4.87,4.88,4.89,4.90,4.91,4.92,4.93	none
663	none	1.02,1.10,1.11,1.30,1.31,1.32,1.50,1.51,1.54,1.60,1.70,1.80,1.81,1.82,1.90,1.92,1.93,1.94,2.00,2.01,2.10,2.17,2.20,2.30,2.35,2.36,2.40,2.41,2.42,2.43,2.50,2.52,2.53,2.60,2.70,2.76,2.80,3.00,3.01,3.10,3.15,3.16,3.21,3.30,3.40,3.41,3.42,3.50,3.55,3.56,3.60,3.61,3.65,3.66,3.70,3.71,3.72,3.73,4.00,4.01,4.10,4.11,4.20,4.21,4.25,4.30,4.31,4.40,4.41,4.45,4.46,4.50,4.53,4.55,4.60,4.65,4.66,4.70,4.75,4.76,4.78,4.80,4.81,4.82,4.83,4.84,4.85,4.86,4.87,4.88,4.89,4.90,4.91,4.92,4.93	none
664	none	1.02,1.10,1.11,1.30,1.31,1.32,1.50,1.51,1.54,1.60,1.70,1.80,1.81,1.82,1.90,1.92,1.93,1.94,2.00,2.01,2.10,2.17,2.20,2.30,2.35,2.36,2.40,2.41,2.42,2.43,2.50,2.52,2.53,2.60,2.70,2.76,2.80,3.00,3.01,3.10,3.15,3.16,3.21,3.30,3.40,3.41,3.42,3.50,3.55,3.56,3.60,3.61,3.65,3.66,3.70,3.71,3.72,3.73,4.00,4.01,4.10,4.11,4.20,4.21,4.25,4.30,4.31,4.40,4.41,4.45,4.46,4.50,4.53,4.55,4.60,4.65,4.66,4.70,4.75,4.76,4.78,4.80,4.81,4.82,4.83,4.84,4.85,4.86,4.87,4.88,4.89,4.90,4.91,4.92,4.93	none
665	none	1.02,1.10,1.11,1.30,1.31,1.32,1.50,1.51,1.54,1.60,1.70,1.80,1.81,1.82,1.90,1.92,1.93,1.94,2.00,2.01,2.10,2.17,2.20,2.30,2.35,2.36,2.40,2.41,2.42,2.43,2.50,2.52,2.53,2.60,2.70,2.76,2.80,3.00,3.01,3.10,3.15,3.16,3.21,3.30,3.40,3.41,3.42,3.50,3.55,3.56,3.60,3.61,3.65,3.66,3.70,3.71,3.72,3.73,4.00,4.01,4.10,4.11,4.20,4.21,4.25,4.30,4.31,4.40,4.41,4.45,4.46,4.50,4.53,4.55,4.60,4.65,4.66,4.70,4.75,4.76,4.78,4.80,4.81,4.82,4.83,4.84,4.85,4.86,4.87,4.88,4.89,4.90,4.91,4.92,4.93	none
666	1.02,1.10,1.11,1.30,1.31,1.32,1.50,1.51,1.54,1.60,1.70,1.80,1.81,1.82,1.90,1.92,1.93,1.94,2.00,2.01,2.10,2.17,2.20,2.30,2.35,2.36,2.40,2.41,2.42,2.43,2.50,2.52,2.53,2.60,2.70,2.76,2.80,3.00,3.01,3.10,3.15,3.16,3.21,3.30,3.40,3.41,3.42,3.50,3.55,3.56,3.60,3.61,3.65,3.66,3.70,3.71,3.72,3.73,4.00,4.01,4.10,4.11,4.20,4.21,4.25,4.30,4.31,4.40,4.41,4.45,4.46,4.50,4.53,4.55,4.60,4.65,4.66,4.70,4.75,4.76,4.78,4.80,4.81,4.82,4.83,4.84,4.85,4.86,4.87,4.88,4.89,4.90,4.91,4.92,4.93	none	none
667	1.02,1.10,1.11,1.30,1.31,1.32,1.50,1.51,1.54,1.60,1.70,1.80,1.81,1.82,1.90,1.92,1.93,1.94,2.00,2.01,2.10,2.17,2.20,2.30,2.35,2.36,2.40,2.41,2.42,2.43,2.50,2.52,2.53,2.60,2.70,2.76,2.80,3.00,3.01,3.10,3.15,3.16,3.21,3.30,3.40,3.41,3.42,3.50,3.55,3.56,3.60,3.61,3.65,3.66,3.70,3.71,3.72,3.73,4.00,4.01,4.10,4.11,4.20,4.21,4.25,4.30,4.31,4.40,4.41,4.45,4.46,4.50,4.53,4.55,4.60,4.65,4.66,4.70,4.75,4.76,4.78,4.80,4.81,4.82,4.83,4.84,4.85,4.86,4.87,4.88,4.89,4.90,4.91,4.92,4.93	none	none
668	1.02,1.10,1.11,1.30,1.31,1.32,1.50,1.51,1.54,1.60,1.70,1.80,1.81,1.82,1.90,1.92,1.93,1.94,2.00,2.01,2.10,2.17,2.20,2.30,2.35,2.36,2.40,2.41,2.42,2.43,2.50,2.52,2.53,2.60,2.70,2.76,2.80,3.00,3.01,3.10,3.15,3.16,3.21,3.30,3.40,3.41,3.42,3.50,3.55,3.56,3.60,3.61,3.65,3.66,3.70,3.71,3.72,3.73,4.00,4.01,4.10,4.11,4.20,4.21,4.25,4.30,4.31,4.40,4.41,4.45,4.46,4.50,4.53,4.55,4.60,4.65,4.66,4.70,4.75,4.76,4.78,4.80,4.81,4.82,4.83,4.84,4.85,4.86,4.87,4.88,4.89,4.90,4.91,4.92,4.93	none	none
669	1.02,1.10,1.11,1.30,1.31,1.32,1.50,1.51,1.54,1.60,1.70,1.80,1.81,1.82,1.90,1.92,1.93,1.94,2.00,2.01,2.10,2.17,2.20,2.30,2.35,2.36,2.40,2.41,2.42,2.43,2.50,2.52,2.53,2.60,2.70,2.76,2.80,3.00,3.01,3.10,3.15,3.16,3.21,3.30,3.40,3.41,3.42,3.50,3.55,3.56,3.60,3.61,3.65,3.66,3.70,3.71,3.72,3.73,4.00,4.01,4.10,4.11,4.20,4.21,4.25,4.30,4.31,4.40,4.41,4.45,4.46,4.50,4.53,4.55,4.60,4.65,4.66,4.70,4.75,4.76,4.78,4.80,4.81,4.82,4.83,4.84,4.85,4.86,4.87,4.88,4.89,4.90,4.91,4.92,4.93	none	none
670	1.02,1.10,1.11,1.30,1.31,1.32,1.50,1.51,1.54,1.60,1.70,1.80,1.81,1.82,1.90,1.92,1.93,1.94,2.00,2.01,2.10,2.17,2.20,2.30,2.35,2.36,2.40,2.41,2.42,2.43,2.50,2.52,2.53,2.60,2.70,2.76,2.80,3.00,3.01,3.10,3.15,3.16,3.21,3.30,3.40,3.41,3.42,3.50,3.55,3.56,3.60,3.61,3.65,3.66,3.70,3.71,3.72,3.73,4.00,4.01,4.10,4.11,4.20,4.21,4.25,4.30,4.31,4.40,4.41,4.45,4.46,4.50,4.53,4.55,4.60,4.65,4.66,4.70,4.75,4.76,4.78,4.80,4.81,4.82,4.83,4.84,4.85,4.86,4.87,4.88,4.89,4.90,4.91,4.92,4.93	none	none
671	1.02,1.10,1.11,1.30,1.31,1.32,1.50,1.51,1.54,1.60,1.70,1.80,1.81,1.82,1.90,1.92,1.93,1.94,2.00,2.01,2.10,2.17,2.20,2.30,2.35,2.36,2.40,2.41,2.42,2.43,2.50,2.52,2.53,2.60,2.70,2.76,2.80,3.00,3.01,3.10,3.15,3.16,3.21,3.30,3.40,3.41,3.42,3.50,3.55,3.56,3.60,3.61,3.65,3.66,3.70,3.71,3.72,3.73,4.00,4.01,4.10,4.11,4.20,4.21,4.25,4.30,4.31,4.40,4.41,4.45,4.46,4.50,4.53,4.55,4.60,4.65,4.66,4.70,4.75,4.76,4.78,4.80,4.81,4.82,4.83,4.84,4.85,4.86,4.87,4.88,4.89,4.90,4.91,4.92,4.93	none	none
672	1.02,1.10,1.11,1.30,1.31,1.32,1.50,1.51,1.54,1.60,1.70,1.80,1.81,1.82,1.90,1.92,1.93,1.94,2.00,2.01,2.10,2.17,2.20,2.30,2.35,2.36,2.40,2.41,2.42,2.43,2.50,2.52,2.53,2.60,2.70,2.76,2.80,3.00,3.01,3.10,3.15,3.16,3.21,3.30,3.40,3.41,3.42,3.50,3.55,3.56,3.60,3.61,3.65,3.66,3.70,3.71,3.72,3.73,4.00,4.01,4.10,4.11,4.20,4.21,4.25,4.30,4.31,4.40,4.41,4.45,4.46,4.50,4.53,4.55,4.60,4.65,4.66,4.70,4.75,4.76,4.78,4.80,4.81,4.82,4.83,4.84,4.85,4.86,4.87,4.88,4.89,4.90,4.91,4.92,4.93	none	none
673	1.02,1.10,1.11,1.30,1.31,1.32,1.50,1.51,1.54,1.60,1.70,1.80,1.81,1.82,1.90,1.92,1.93,1.94,2.00,2.01,2.10,2.17,2.20,2.30,2.35,2.36,2.40,2.41,2.42,2.43,2.50,2.52,2.53,2.60,2.70,2.76,2.80,3.00,3.01,3.10,3.15,3.16,3.21,3.30,3.40,3.41,3.42,3.50,3.55,3.56,3.60,3.61,3.65,3.66,3.70,3.71,3.72,3.73,4.00,4.01,4.10,4.11,4.20,4.21,4.25,4.30,4.31,4.40,4.41,4.45,4.46,4.50,4.53,4.55,4.60,4.65,4.66,4.70,4.75,4.76,4.78,4.80,4.81,4.82,4.83,4.84,4.85,4.86,4.87,4.88,4.89,4.90,4.91,4.92,4.93	none	none
674	1.02,1.10,1.11,1.30,1.31,1.32,1.50,1.51,1.54,1.60,1.70,1.80,1.81,1.82,1.90,1.92,1.93,1.94,2.00,2.01,2.10,2.17,2.20,2.30,2.35,2.36,2.40,2.41,2.42,2.43,2.50,2.52,2.53,2.60,2.70,2.76,2.80,3.00,3.01,3.10,3.15,3.16,3.21,3.30,3.40,3.41,3.42,3.50,3.55,3.56,3.60,3.61,3.65,3.66,3.70,3.71,3.72,3.73,4.00,4.01,4.10,4.11,4.20,4.21,4.25,4.30,4.31,4.40,4.41,4.45,4.46,4.50,4.53,4.55,4.60,4.65,4.66,4.70,4.75,4.76,4.78,4.80,4.81,4.82,4.83,4.84,4.85,4.86,4.87,4.88,4.89,4.90,4.91,4.92,4.93	none	none
675	1.02,1.10,1.11,1.30,1.31,1.32,1.50,1.51,1.54,1.60,1.70,1.80,1.81,1.82,1.90,1.92,1.93,1.94,2.00,2.01,2.10,2.17,2.20,2.30,2.35,2.36,2.40,2.41,2.42,2.43,2.50,2.52,2.53,2.60,2.70,2.76,2.80,3.00,3.01,3.10,3.15,3.16,3.21,3.30,3.40,3.41,3.42,3.50,3.55,3.56,3.60,3.61,3.65,3.66,3.70,3.71,3.72,3.73,4.00,4.01,4.10,4.11,4.20,4.21,4.25,4.30,4.31,4.40,4.41,4.45,4.46,4.50,4.53,4.55,4.60,4.65,4.66,4.70,4.75,4.76,4.78,4.80,4.81,4.82,4.83,4.84,4.85,4.86,4.87,4.88,4.89,4.90,4.91,4.92,4.93	none	none
676	1.02,1.10,1.11,1.30,1.31,1.32,1.50,1.51,1.54,1.60,1.70,1.80,1.81,1.82,1.90,1.92,1.93,1.94,2.00,2.01,2.10,2.17,2.20,2.30,2.35,2.36,2.40,2.41,2.42,2.43,2.50,2.52,2.53,2.60,2.70,2.76,2.80,3.00,3.01,3.10,3.15,3.16,3.21,3.30,3.40,3.41,3.42,3.50,3.55,3.56,3.60,3.61,3.65,3.66,3.70,3.71,3.72,3.73,4.00,4.01,4.10,4.11,4.20,4.21,4.25,4.30,4.31,4.40,4.41,4.45,4.46,4.50,4.53,4.55,4.60,4.65,4.66,4.70,4.75,4.76,4.78,4.80,4.81,4.82,4.83,4.84,4.85,4.86,4.87,4.88,4.89,4.90,4.91,4.92,4.93	none	none
677	1.02,1.10,1.11,1.30,1.31,1.32,1.50,1.51,1.54,1.60,1.70,1.80,1.81,1.82,1.90,1.92,1.93,1.94,2.00,2.01,2.10,2.17,2.20,2.30,2.35,2.36,2.40,2.41,2.42,2.43,2.50,2.52,2.53,2.60,2.70,2.76,2.80,3.00,3.01,3.10,3.15,3.16,3.21,3.30,3.40,3.41,3.42,3.50,3.55,3.56,3.60,3.61,3.65,3.66,3.70,3.71,3.72,3.73,4.00,4.01,4.10,4.11,4.20,4.21,4.25,4.30,4.31,4.40,4.41,4.45,4.46,4.50,4.53,4.55,4.60,4.65,4.66,4.70,4.75,4.76,4.78,4.80,4.81,4.82,4.83,4.84,4.85,4.86,4.87,4.88,4.89,4.90,4.91,4.92,4.93	none	none
678	none	1.02,1.10,1.11,1.30,1.31,1.32,1.50,1.51,1.54,1.60,1.70,1.80,1.81,1.82,1.90,1.92,1.93,1.94,2.00,2.01,2.10,2.17,2.20,2.30,2.35,2.36,2.40,2.41,2.42,2.43,2.50,2.52,2.53,2.60,2.70,2.76,2.80,3.00,3.01,3.10,3.15,3.16,3.21,3.30,3.40,3.41,3.42,3.50,3.55,3.56,3.60,3.61,3.65,3.66,3.70,3.71,3.72,3.73,4.00,4.01,4.10,4.11,4.20,4.21,4.25,4.30,4.31,4.40,4.41,4.45,4.46,4.50,4.53,4.55,4.60,4.65,4.66,4.70,4.75,4.76,4.78,4.80,4.81,4.82,4.83,4.84,4.85,4.86,4.87,4.88,4.89,4.90,4.91,4.92,4.93	none
679	3.00,3.01,3.10,3.15,3.16,3.21,3.30,3.40,3.41,3.42,3.50,3.55,3.56,3.60,3.61,3.65,3.66,3.70,3.71,3.72,3.73,4.00,4.01,4.10,4.11,4.20,4.21,4.25,4.30,4.31,4.40,4.41,4.45,4.46,4.50,4.53,4.55,4.60,4.65,4.66,4.70,4.75,4.76,4.78,4.80,4.81,4.82,4.83,4.84,4.85,4.86,4.87,4.88,4.89,4.90,4.91,4.92,4.93	1.02,1.10,1.11,1.30,1.31,1.32,1.50,1.51,1.54,1.60,1.70,1.80,1.81,1.82,1.90,1.92,1.93,1.94,2.00,2.01,2.10,2.17,2.20,2.30,2.35,2.36,2.40,2.41,2.42,2.43,2.50,2.52,2.53,2.60,2.70,2.76,2.80	none
680	1.02,1.10,1.11,1.30,1.31,1.32,1.50,1.51,1.54,1.60,1.70,1.80,1.81,1.82,1.90,1.92,1.93,1.94,2.00,2.01,2.10,2.17,2.20,2.30,2.35,2.36,2.40,2.41,2.42,2.43,2.50,2.52,2.53,2.60,2.70,2.76,2.80,3.00,3.01,3.10,3.15,3.16,3.21,3.30,3.40,3.41,3.42,3.50,3.55,3.56,3.60,3.61,3.65,3.66,3.70,3.71,3.72,3.73,4.00,4.01,4.10,4.11,4.20,4.21,4.25,4.30,4.31,4.40,4.41,4.45,4.46,4.50,4.53,4.55,4.60,4.65,4.66,4.70,4.75,4.76,4.78,4.80,4.81,4.82,4.83,4.84,4.85,4.86,4.87,4.88,4.89,4.90,4.91,4.92,4.93	none	none
681	1.02,1.10,1.11,1.30,1.31,1.32,1.50,1.51,1.54,1.60,1.70,1.80,1.81,1.82,1.90,1.92,1.93,1.94,2.00,2.01,2.10,2.17,2.20,2.30,2.35,2.36,2.40,2.41,2.42,2.43,2.50,2.52,2.53,2.60,2.70,2.76,2.80,3.00,3.01,3.10,3.15,3.16,3.21,3.30,3.40,3.41,3.42,3.50,3.55,3.56,3.60,3.61,3.65,3.66,3.70,3.71,3.72,3.73,4.00,4.01,4.10,4.11,4.20,4.21,4.25,4.30,4.31,4.40,4.41,4.45,4.46,4.50,4.53,4.55,4.60,4.65,4.66,4.70,4.75,4.76,4.78,4.80,4.81,4.82,4.83,4.84,4.85,4.86,4.87,4.88,4.89,4.90,4.91,4.92,4.93	none	none
682	1.02,1.10,1.11,1.30,1.31,1.32,1.50,1.51,1.54,1.60,1.70,1.80,1.81,1.82,1.90,1.92,1.93,1.94,2.00,2.01,2.10,2.17,2.20,2.30,2.35,2.36,2.40,2.41,2.42,2.43,2.50,2.52,2.53,2.60,2.70,2.76,2.80,3.00,3.01,3.10,3.15,3.16,3.21,3.30,3.40,3.41,3.42,3.50,3.55,3.56,3.60,3.61,3.65,3.66,3.70,3.71,3.72,3.73,4.00,4.01,4.10,4.11,4.20,4.21,4.25,4.30,4.31,4.40,4.41,4.45,4.46,4.50,4.53,4.55,4.60,4.65,4.66,4.70,4.75,4.76,4.78,4.80,4.81,4.82,4.83,4.84,4.85,4.86,4.87,4.88,4.89,4.90,4.91,4.92,4.93	none	none
683	1.02,1.10,1.11,1.30,1.31,1.32,1.50,1.51,1.54,1.60,1.70,1.80,1.81,1.82,1.90,1.92,1.93,1.94,2.00,2.01,2.10,2.17,2.20,2.30,2.35,2.36,2.40,2.41,2.42,2.43,2.50,2.52,2.53,2.60,2.70,2.76,2.80,3.00,3.01,3.10,3.15,3.16,3.21,3.30,3.40,3.41,3.42,3.50,3.55,3.56,3.60,3.61,3.65,3.66,3.70,3.71,3.72,3.73,4.00,4.01,4.10,4.11,4.20,4.21,4.25,4.30,4.31,4.40,4.41,4.45,4.46,4.50,4.53,4.55,4.60,4.65,4.66,4.70,4.75,4.76,4.78,4.80,4.81,4.82,4.83,4.84,4.85,4.86,4.87,4.88,4.89,4.90,4.91,4.92,4.93	none	none
684	1.02,1.10,1.11,1.30,1.31,1.32,1.50,1.51,1.54,1.60,1.70,1.80,1.81,1.82,1.90,1.92,1.93,1.94,2.00,2.01,2.10,2.17,2.20,2.30,2.35,2.36,2.40,2.41,2.42,2.43,2.50,2.52,2.53,2.60,2.70,2.76,2.80,3.00,3.01,3.10,3.15,3.16,3.21,3.30,3.40,3.41,3.42,3.50,3.55,3.56,3.60,3.61,3.65,3.66,3.70,3.71,3.72,3.73,4.00,4.01,4.10,4.11,4.20,4.21,4.25,4.30,4.31,4.40,4.41,4.45,4.46,4.50,4.53,4.55,4.60,4.65,4.66,4.70,4.75,4.76,4.78,4.80,4.81,4.82,4.83,4.84,4.85,4.86,4.87,4.88,4.89,4.90,4.91,4.92,4.93	none	none
685	1.02,1.10,1.11,1.30,1.31,1.32,1.50,1.51,1.54,1.60,1.70,1.80,1.81,1.82,1.90,1.92,1.93,1.94,2.00,2.01,2.10,2.17,2.20,2.30,2.35,2.36,2.40,2.41,2.42,2.43,2.50,2.52,2.53,2.60,2.70,2.76,2.80,3.00,3.01,3.10,3.15,3.16,3.21,3.30,3.40,3.41,3.42,3.50,3.55,3.56,3.60,3.61,3.65,3.66,3.70,3.71,3.72,3.73,4.00,4.01,4.10,4.11,4.20,4.21,4.25,4.30,4.31,4.40,4.41,4.45,4.46,4.50,4.53,4.55,4.60,4.65,4.66,4.70,4.75,4.76,4.78,4.80,4.81,4.82,4.83,4.84,4.85,4.86,4.87,4.88,4.89,4.90,4.91,4.92,4.93	none	none
686	1.02,1.10,1.11,1.30,1.31,1.32,1.50,1.51,1.54,1.60,1.70,1.80,1.81,1.82,1.90,1.92,1.93,1.94,2.00,2.01,2.10,2.17,2.20,2.30,2.35,2.36,2.40,2.41,2.42,2.43,2.50,2.52,2.53,2.60,2.70,2.76,2.80,3.00,3.01,3.10,3.15,3.16,3.21,3.30,3.40,3.41,3.42,3.50,3.55,3.56,3.60,3.61,3.65,3.66,3.70,3.71,3.72,3.73,4.00,4.01,4.10,4.11,4.20,4.21,4.25,4.30,4.31,4.40,4.41,4.45,4.46,4.50,4.53,4.55,4.60,4.65,4.66,4.70,4.75,4.76,4.78,4.80,4.81,4.82,4.83,4.84,4.85,4.86,4.87,4.88,4.89,4.90,4.91,4.92,4.93	none	none
687	1.02,1.10,1.11,1.30,1.31,1.32,1.50,1.51,1.54,1.60,1.70,1.80,1.81,1.82,1.90,1.92,1.93,1.94,2.00,2.01,2.10,2.17,2.20,2.30,2.35,2.36,2.40,2.41,2.42,2.43,2.50,2.52,2.53,2.60,2.70,2.76,2.80,3.00,3.01,3.10,3.15,3.16,3.21,3.30,3.40,3.41,3.42,3.50,3.55,3.56,3.60,3.61,3.65,3.66,3.70,3.71,3.72,3.73,4.00,4.01,4.10,4.11,4.20,4.21,4.25,4.30,4.31,4.40,4.41,4.45,4.46,4.50,4.53,4.55,4.60,4.65,4.66,4.70,4.75,4.76,4.78,4.80,4.81,4.82,4.83,4.84,4.85,4.86,4.87,4.88,4.89,4.90,4.91,4.92,4.93	none	none
688	1.02,1.10,1.11,1.30,1.31,1.32,1.50,1.51,1.54,1.60,1.70,1.80,1.81,1.82,1.90,1.92,1.93,1.94,2.00,2.01,2.10,2.17,2.20,2.30,2.35,2.36,2.40,2.41,2.42,2.43,2.50,2.52,2.53,2.60,2.70,2.76,2.80,3.00,3.01,3.10,3.15,3.16,3.21,3.30,3.40,3.41,3.42,3.50,3.55,3.56,3.60,3.61,3.65,3.66,3.70,3.71,3.72,3.73,4.00,4.01,4.10,4.11,4.20,4.21,4.25,4.30,4.31,4.40,4.41,4.45,4.46,4.50,4.53,4.55,4.60,4.65,4.66,4.70,4.75,4.76,4.78,4.80,4.81,4.82,4.83,4.84,4.85,4.86,4.87,4.88,4.89,4.90,4.91,4.92,4.93	none	none
689	1.02,1.10,1.11,1.30,1.31,1.32,1.50,1.51,1.54,1.60,1.70,1.80,1.81,1.82,1.90,1.92,1.93,1.94,2.00,2.01,2.10,2.17,2.20,2.30,2.35,2.36,2.40,2.41,2.42,2.43,2.50,2.52,2.53,2.60,2.70,2.76,2.80,3.00,3.01,3.10,3.15,3.16,3.21,3.30,3.40,3.41,3.42,3.50,3.55,3.56,3.60,3.61,3.65,3.66,3.70,3.71,3.72,3.73,4.00,4.01,4.10,4.11,4.20,4.21,4.25,4.30,4.31,4.40,4.41,4.45,4.46,4.50,4.53,4.55,4.60,4.65,4.66,4.70,4.75,4.76,4.78,4.80,4.81,4.82,4.83,4.84,4.85,4.86,4.87,4.88,4.89,4.90,4.91,4.92,4.93	none	none
690	1.02,1.10,1.11,1.30,1.31,1.32,1.50,1.51,1.54,1.60,1.70,1.80,1.81,1.82,1.90,1.92,1.93,1.94,2.00,2.01,2.10,2.17,2.20,2.30,2.35,2.36,2.40,2.41,2.42,2.43,2.50,2.52,2.53,2.60,2.70,2.76,2.80,3.00,3.01,3.10,3.15,3.16,3.21,3.30,3.40,3.41,3.42,3.50,3.55,3.56,3.60,3.61,3.65,3.66,3.70,3.71,3.72,3.73,4.00,4.01,4.10,4.11,4.20,4.21,4.25,4.30,4.31,4.40,4.41,4.45,4.46,4.50,4.53,4.55,4.60,4.65,4.66,4.70,4.75,4.76,4.78,4.80,4.81,4.82,4.83,4.84,4.85,4.86,4.87,4.88,4.89,4.90,4.91,4.92,4.93	none	none
691	1.02,1.10,1.11,1.30,1.31,1.32,1.50,1.51,1.54,1.60,1.70,1.80,1.81,1.82,1.90,1.92,1.93,1.94,2.00,2.01,2.10,2.17,2.20,2.30,2.35,2.36,2.40,2.41,2.42,2.43,2.50,2.52,2.53,2.60,2.70,2.76,2.80,3.00,3.01,3.10,3.15,3.16,3.21,3.30,3.40,3.41,3.42,3.50,3.55,3.56,3.60,3.61,3.65,3.66,3.70,3.71,3.72,3.73,4.00,4.01,4.10,4.11,4.20,4.21,4.25,4.30,4.31,4.40,4.41,4.45,4.46,4.50,4.53,4.55,4.60,4.65,4.66,4.70,4.75,4.76,4.78,4.80,4.81,4.82,4.83,4.84,4.85,4.86,4.87,4.88,4.89,4.90,4.91,4.92,4.93	none	none
692	1.02,1.10,1.11,1.30,1.31,1.32,1.50,1.51,1.54,1.60,1.70,1.80,1.81,1.82,1.90,1.92,1.93,1.94,2.00,2.01,2.10,2.17,2.20,2.30,2.35,2.36,2.40,2.41,2.42,2.43,2.50,2.52,2.53,2.60,2.70,2.76,2.80,3.00,3.01,3.10,3.15,3.16,3.21,3.30,3.40,3.41,3.42,3.50,3.55,3.56,3.60,3.61,3.65,3.66,3.70,3.71,3.72,3.73,4.00,4.01,4.10,4.11,4.20,4.21,4.25,4.30,4.31,4.40,4.41,4.45,4.46,4.50,4.53,4.55,4.60,4.65,4.66,4.70,4.75,4.76,4.78,4.80,4.81,4.82,4.83,4.84,4.85,4.86,4.87,4.88,4.89,4.90,4.91,4.92,4.93	none	none
693	1.02,1.10,1.11,1.30,1.31,1.32,1.50,1.51,1.54,1.60,1.70,1.80,1.81,1.82,1.90,1.92,1.93,1.94,2.00,2.01,2.10,2.17,2.20,2.30,2.35,2.36,2.40,2.41,2.42,2.43,2.50,2.52,2.53,2.60,2.70,2.76,2.80,3.00,3.01,3.10,3.15,3.16,3.21,3.30,3.40,3.41,3.42,3.50,3.55,3.56,3.60,3.61,3.65,3.66,3.70,3.71,3.72,3.73,4.00,4.01,4.10,4.11,4.20,4.21,4.25,4.30,4.31,4.40,4.41,4.45,4.46,4.50,4.53,4.55,4.60,4.65,4.66,4.70,4.75,4.76,4.78,4.80,4.81,4.82,4.83,4.84,4.85,4.86,4.87,4.88,4.89,4.90,4.91,4.92,4.93	none	none
694	1.02,1.10,1.11,1.30,1.31,1.32,1.50,1.51,1.54,1.60,1.70,1.80,1.81,1.82,1.90,1.92,1.93,1.94,2.00,2.01,2.10,2.17,2.20,2.30,2.35,2.36,2.40,2.41,2.42,2.43,2.50,2.52,2.53,2.60,2.70,2.76,2.80,3.00,3.01,3.10,3.15,3.16,3.21,3.30,3.40,3.41,3.42,3.50,3.55,3.56,3.60,3.61,3.65,3.66,3.70,3.71,3.72,3.73,4.00,4.01,4.10,4.11,4.20,4.21,4.25,4.30,4.31,4.40,4.41,4.45,4.46,4.50,4.53,4.55,4.60,4.65,4.66,4.70,4.75,4.76,4.78,4.80,4.81,4.82,4.83,4.84,4.85,4.86,4.87,4.88,4.89,4.90,4.91,4.92,4.93	none	none
695	1.02,1.10,1.11,1.30,1.31,1.32,1.50,1.51,1.54,1.60,1.70,1.80,1.81,1.82,1.90,1.92,1.93,1.94,2.00,2.01,2.10,2.17,2.20,2.30,2.35,2.36,2.40,2.41,2.42,2.43,2.50,2.52,2.53,2.60,2.70,2.76,2.80,3.00,3.01,3.10,3.15,3.16,3.21,3.30,3.40,3.41,3.42,3.50,3.55,3.56,3.60,3.61,3.65,3.66,3.70,3.71,3.72,3.73,4.00,4.01,4.10,4.11,4.20,4.21,4.25,4.30,4.31,4.40,4.41,4.45,4.46,4.50,4.53,4.55,4.60,4.65,4.66,4.70,4.75,4.76,4.78,4.80,4.81,4.82,4.83,4.84,4.85,4.86,4.87,4.88,4.89,4.90,4.91,4.92,4.93	none	none
696	2.40,2.41,2.42,2.43,2.50,2.52,2.53,2.60,2.70,2.76,2.80,3.00,3.01,3.10,3.15,3.16,3.21,3.30,3.40,3.41,3.42,3.50,3.55,3.56,3.60,3.61,3.65,3.66,3.70,3.71,3.72,3.73,4.00,4.01,4.10,4.11,4.20,4.21,4.25,4.30,4.31,4.40,4.41,4.45,4.46,4.50,4.53,4.55,4.60,4.65,4.66,4.70,4.75,4.76,4.78,4.80,4.81,4.82,4.83,4.84,4.85,4.86,4.87,4.88,4.89,4.90,4.91,4.92,4.93	1.02,1.10,1.11,1.30,1.31,1.32,1.50,1.51,1.54,1.60,1.70,1.80,1.81,1.82,1.90,1.92,1.93,1.94,2.00,2.01,2.10,2.17,2.20,2.30,2.35,2.36	none
697	none	1.02,1.10,1.11,1.30,1.31,1.32,1.50,1.51,1.54,1.60,1.70,1.80,1.81,1.82,1.90,1.92,1.93,1.94,2.00,2.01,2.10,2.17,2.20,2.30,2.35,2.36,2.40,2.41,2.42,2.43,2.50,2.52,2.53,2.60,2.70,2.76,2.80,3.00,3.01,3.10,3.15,3.16,3.21,3.30,3.40,3.41,3.42,3.50,3.55,3.56,3.60,3.61,3.65,3.66,3.70,3.71,3.72,3.73,4.00,4.01,4.10,4.11,4.20,4.21,4.25,4.30,4.31,4.40,4.41,4.45,4.46,4.50,4.53,4.55,4.60,4.65,4.66,4.70,4.75,4.76,4.78,4.80,4.81,4.82,4.83,4.84,4.85,4.86,4.87,4.88,4.89,4.90,4.91,4.92,4.93	none
698	none	1.02,1.10,1.11,1.30,1.31,1.32,1.50,1.51,1.54,1.60,1.70,1.80,1.81,1.82,1.90,1.92,1.93,1.94,2.00,2.01,2.10,2.17,2.20,2.30,2.35,2.36,2.40,2.41,2.42,2.43,2.50,2.52,2.53,2.60,2.70,2.76,2.80,3.00,3.01,3.10,3.15,3.16,3.21,3.30,3.40,3.41,3.42,3.50,3.55,3.56,3.60,3.61,3.65,3.66,3.70,3.71,3.72,3.73,4.00,4.01,4.10,4.11,4.20,4.21,4.25,4.30,4.31,4.40,4.41,4.45,4.46,4.50,4.53,4.55,4.60,4.65,4.66,4.70,4.75,4.76,4.78,4.80,4.81,4.82,4.83,4.84,4.85,4.86,4.87,4.88,4.89,4.90,4.91,4.92,4.93	none
699	none	1.02,1.10,1.11,1.30,1.31,1.32,1.50,1.51,1.54,1.60,1.70,1.80,1.81,1.82,1.90,1.92,1.93,1.94,2.00,2.01,2.10,2.17,2.20,2.30,2.35,2.36,2.40,2.41,2.42,2.43,2.50,2.52,2.53,2.60,2.70,2.76,2.80,3.00,3.01,3.10,3.15,3.16,3.21,3.30,3.40,3.41,3.42,3.50,3.55,3.56,3.60,3.61,3.65,3.66,3.70,3.71,3.72,3.73,4.00,4.01,4.10,4.11,4.20,4.21,4.25,4.30,4.31,4.40,4.41,4.45,4.46,4.50,4.53,4.55,4.60,4.65,4.66,4.70,4.75,4.76,4.78,4.80,4.81,4.82,4.83,4.84,4.85,4.86,4.87,4.88,4.89,4.90,4.91,4.92,4.93	none
700	1.02,1.10,1.11,1.30,1.31,1.32,1.50,1.51,1.54,1.60,1.70,1.80,1.81,1.82,1.90,1.92,1.93,1.94,2.00,2.01,2.10,2.17,2.20,2.30,2.35,2.36,2.40,2.41,2.42,2.43,2.50,2.52,2.53,2.60,2.70,2.76,2.80,3.00,3.01,3.10,3.15,3.16,3.21,3.30,3.40,3.41,3.42,3.50,3.55,3.56,3.60,3.61,3.65,3.66,3.70,3.71,3.72,3.73,4.00,4.01,4.10,4.11,4.20,4.21,4.25,4.30,4.31,4.40,4.41,4.45,4.46,4.50,4.53,4.55,4.60,4.65,4.66,4.70,4.75,4.76,4.78,4.80,4.81,4.82,4.83,4.84,4.85,4.86,4.87,4.88,4.89,4.90,4.91,4.92,4.93	none	none
701	1.02,1.10,1.11,1.30,1.31,1.32,1.50,1.51,1.54,1.60,1.70,1.80,1.81,1.82,1.90,1.92,1.93,1.94,2.00,2.01,2.10,2.17,2.20,2.30,2.35,2.36,2.40,2.41,2.42,2.43,2.50,2.52,2.53,2.60,2.70,2.76,2.80,3.00,3.01,3.10,3.15,3.16,3.21,3.30,3.40,3.41,3.42,3.50,3.55,3.56,3.60,3.61,3.65,3.66,3.70,3.71,3.72,3.73,4.00,4.01,4.10,4.11,4.20,4.21,4.25,4.30,4.31,4.40,4.41,4.45,4.46,4.50,4.53,4.55,4.60,4.65,4.66,4.70,4.75,4.76,4.78,4.80,4.81,4.82,4.83,4.84,4.85,4.86,4.87,4.88,4.89,4.90,4.91,4.92,4.93	none	none
702	1.02,1.10,1.11,1.30,1.31,1.32,1.50,1.51,1.54,1.60,1.70,1.80,1.81,1.82,1.90,1.92,1.93,1.94,2.00,2.01,2.10,2.17,2.20,2.30,2.35,2.36,2.40,2.41,2.42,2.43,2.50,2.52,2.53,2.60,2.70,2.76,2.80,3.00,3.01,3.10,3.15,3.16,3.21,3.30,3.40,3.41,3.42,3.50,3.55,3.56,3.60,3.61,3.65,3.66,3.70,3.71,3.72,3.73,4.00,4.01,4.10,4.11,4.20,4.21,4.25,4.30,4.31,4.40,4.41,4.45,4.46,4.50,4.53,4.55,4.60,4.65,4.66,4.70,4.75,4.76,4.78,4.80,4.81,4.82,4.83,4.84,4.85,4.86,4.87,4.88,4.89,4.90,4.91,4.92,4.93	none	none
703	1.02,1.10,1.11,1.30,1.31,1.32,1.50,1.51,1.54,1.60,1.70,1.80,1.81,1.82,1.90,1.92,1.93,1.94,2.00,2.01,2.10,2.17,2.20,2.30,2.35,2.36,2.40,2.41,2.42,2.43,2.50,2.52,2.53,2.60,2.70,2.76,2.80,3.00,3.01,3.10,3.15,3.16,3.21,3.30,3.40,3.41,3.42,3.50,3.55,3.56,3.60,3.61,3.65,3.66,3.70,3.71,3.72,3.73,4.00,4.01,4.10,4.11,4.20,4.21,4.25,4.30,4.31,4.40,4.41,4.45,4.46,4.50,4.53,4.55,4.60,4.65,4.66,4.70,4.75,4.76,4.78,4.80,4.81,4.82,4.83,4.84,4.85,4.86,4.87,4.88,4.89,4.90,4.91,4.92,4.93	none	none
704	1.02,1.10,1.11,1.30,1.31,1.32,1.50,1.51,1.54,1.60,1.70,1.80,1.81,1.82,1.90,1.92,1.93,1.94,2.00,2.01,2.10,2.17,2.20,2.30,2.35,2.36,2.40,2.41,2.42,2.43,2.50,2.52,2.53,2.60,2.70,2.76,2.80,3.00,3.01,3.10,3.15,3.16,3.21,3.30,3.40,3.41,3.42,3.50,3.55,3.56,3.60,3.61,3.65,3.66,3.70,3.71,3.72,3.73,4.00,4.01,4.10,4.11,4.20,4.21,4.25,4.30,4.31,4.40,4.41,4.45,4.46,4.50,4.53,4.55,4.60,4.65,4.66,4.70,4.75,4.76,4.78,4.80,4.81,4.82,4.83,4.84,4.85,4.86,4.87,4.88,4.89,4.90,4.91,4.92,4.93	none	none
705	1.02,1.10,1.11,1.30,1.31,1.32,1.50,1.51,1.54,1.60,1.70,1.80,1.81,1.82,1.90,1.92,1.93,1.94,2.00,2.01,2.10,2.17,2.20,2.30,2.35,2.36,2.40,2.41,2.42,2.43,2.50,2.52,2.53,2.60,2.70,2.76,2.80,3.00,3.01,3.10,3.15,3.16,3.21,3.30,3.40,3.41,3.42,3.50,3.55,3.56,3.60,3.61,3.65,3.66,3.70,3.71,3.72,3.73,4.00,4.01,4.10,4.11,4.20,4.21,4.25,4.30,4.31,4.40,4.41,4.45,4.46,4.50,4.53,4.55,4.60,4.65,4.66,4.70,4.75,4.76,4.78,4.80,4.81,4.82,4.83,4.84,4.85,4.86,4.87,4.88,4.89,4.90,4.91,4.92,4.93	none	none
706	1.02,1.10,1.11,1.30,1.31,1.32,1.50,1.51,1.54,1.60,1.70,1.80,1.81,1.82,1.90,1.92,1.93,1.94,2.00,2.01,2.10,2.17,2.20,2.30,2.35,2.36,2.40,2.41,2.42,2.43,2.50,2.52,2.53,2.60,2.70,2.76,2.80,3.00,3.01,3.10,3.15,3.16,3.21,3.30,3.40,3.41,3.42,3.50,3.55,3.56,3.60,3.61,3.65,3.66,3.70,3.71,3.72,3.73,4.00,4.01,4.10,4.11,4.20,4.21,4.25,4.30,4.31,4.40,4.41,4.45,4.46,4.50,4.53,4.55,4.60,4.65,4.66,4.70,4.75,4.76,4.78,4.80,4.81,4.82,4.83,4.84,4.85,4.86,4.87,4.88,4.89,4.90,4.91,4.92,4.93	none	none
707	1.02,1.10,1.11,1.30,1.31,1.32,1.50,1.51,1.54,1.60,1.70,1.80,1.81,1.82,1.90,1.92,1.93,1.94,2.00,2.01,2.10,2.17,2.20,2.30,2.35,2.36,2.40,2.41,2.42,2.43,2.50,2.52,2.53,2.60,2.70,2.76,2.80,3.00,3.01,3.10,3.15,3.16,3.21,3.30,3.40,3.41,3.42,3.50,3.55,3.56,3.60,3.61,3.65,3.66,3.70,3.71,3.72,3.73,4.00,4.01,4.10,4.11,4.20,4.21,4.25,4.30,4.31,4.40,4.41,4.45,4.46,4.50,4.53,4.55,4.60,4.65,4.66,4.70,4.75,4.76,4.78,4.80,4.81,4.82,4.83,4.84,4.85,4.86,4.87,4.88,4.89,4.90,4.91,4.92,4.93	none	none
708	1.02,1.10,1.11,1.30,1.31,1.32,1.50,1.51,1.54,1.60,1.70,1.80,1.81,1.82,1.90,1.92,1.93,1.94,2.00,2.01,2.10,2.17,2.20,2.30,2.35,2.36,2.40,2.41,2.42,2.43,2.50,2.52,2.53,2.60,2.70,2.76,2.80,3.00,3.01,3.10,3.15,3.16,3.21,3.30,3.40,3.41,3.42,3.50,3.55,3.56,3.60,3.61,3.65,3.66,3.70,3.71,3.72,3.73,4.00,4.01,4.10,4.11,4.20,4.21,4.25,4.30,4.31,4.40,4.41,4.45,4.46,4.50,4.53,4.55,4.60,4.65,4.66,4.70,4.75,4.76,4.78,4.80,4.81,4.82,4.83,4.84,4.85,4.86,4.87,4.88,4.89,4.90,4.91,4.92,4.93	none	none
709	1.02,1.10,1.11,1.30,1.31,1.32,1.50,1.51,1.54,1.60,1.70,1.80,1.81,1.82,1.90,1.92,1.93,1.94,2.00,2.01,2.10,2.17,2.20,2.30,2.35,2.36,2.40,2.41,2.42,2.43,2.50,2.52,2.53,2.60,2.70,2.76,2.80,3.00,3.01,3.10,3.15,3.16,3.21,3.30,3.40,3.41,3.42,3.50,3.55,3.56,3.60,3.61,3.65,3.66,3.70,3.71,3.72,3.73,4.00,4.01,4.10,4.11,4.20,4.21,4.25,4.30,4.31,4.40,4.41,4.45,4.46,4.50,4.53,4.55,4.60,4.65,4.66,4.70,4.75,4.76,4.78,4.80,4.81,4.82,4.83,4.84,4.85,4.86,4.87,4.88,4.89,4.90,4.91,4.92,4.93	none	none
710	1.02,1.10,1.11,1.30,1.31,1.32,1.50,1.51,1.54,1.60,1.70,1.80,1.81,1.82,1.90,1.92,1.93,1.94,2.00,2.01,2.10,2.17,2.20,2.30,2.35,2.36,2.40,2.41,2.42,2.43,2.50,2.52,2.53,2.60,2.70,2.76,2.80,3.00,3.01,3.10,3.15,3.16,3.21,3.30,3.40,3.41,3.42,3.50,3.55,3.56,3.60,3.61,3.65,3.66,3.70,3.71,3.72,3.73,4.00,4.01,4.10,4.11,4.20,4.21,4.25,4.30,4.31,4.40,4.41,4.45,4.46,4.50,4.53,4.55,4.60,4.65,4.66,4.70,4.75,4.76,4.78,4.80,4.81,4.82,4.83,4.84,4.85,4.86,4.87,4.88,4.89,4.90,4.91,4.92,4.93	none	none
711	1.02,1.10,1.11,1.30,1.31,1.32,1.50,1.51,1.54,1.60,1.70,1.80,1.81,1.82,1.90,1.92,1.93,1.94,2.00,2.01,2.10,2.17,2.20,2.30,2.35,2.36,2.40,2.41,2.42,2.43,2.50,2.52,2.53,2.60,2.70,2.76,2.80,3.00,3.01,3.10,3.15,3.16,3.21,3.30,3.40,3.41,3.42,3.50,3.55,3.56,3.60,3.61,3.65,3.66,3.70,3.71,3.72,3.73,4.00,4.01,4.10,4.11,4.20,4.21,4.25,4.30,4.31,4.40,4.41,4.45,4.46,4.50,4.53,4.55,4.60,4.65,4.66,4.70,4.75,4.76,4.78,4.80,4.81,4.82,4.83,4.84,4.85,4.86,4.87,4.88,4.89,4.90,4.91,4.92,4.93	none	none
712	1.02,1.10,1.11,1.30,1.31,1.32,1.50,1.51,1.54,1.60,1.70,1.80,1.81,1.82,1.90,1.92,1.93,1.94,2.00,2.01,2.10,2.17,2.20,2.30,2.35,2.36,2.40,2.41,2.42,2.43,2.50,2.52,2.53,2.60,2.70,2.76,2.80,3.00,3.01,3.10,3.15,3.16,3.21,3.30,3.40,3.41,3.42,3.50,3.55,3.56,3.60,3.61,3.65,3.66,3.70,3.71,3.72,3.73,4.00,4.01,4.10,4.11,4.20,4.21,4.25,4.30,4.31,4.40,4.41,4.45,4.46,4.50,4.53,4.55,4.60,4.65,4.66,4.70,4.75,4.76,4.78,4.80,4.81,4.82,4.83,4.84,4.85,4.86,4.87,4.88,4.89,4.90,4.91,4.92,4.93	none	none
713	1.02,1.10,1.11,1.30,1.31,1.32,1.50,1.51,1.54,1.60,1.70,1.80,1.81,1.82,1.90,1.92,1.93,1.94,2.00,2.01,2.10,2.17,2.20,2.30,2.35,2.36,2.40,2.41,2.42,2.43,2.50,2.52,2.53,2.60,2.70,2.76,2.80,3.00,3.01,3.10,3.15,3.16,3.21,3.30,3.40,3.41,3.42,3.50,3.55,3.56,3.60,3.61,3.65,3.66,3.70,3.71,3.72,3.73,4.00,4.01,4.10,4.11,4.20,4.21,4.25,4.30,4.31,4.40,4.41,4.45,4.46,4.50,4.53,4.55,4.60,4.65,4.66,4.70,4.75,4.76,4.78,4.80,4.81,4.82,4.83,4.84,4.85,4.86,4.87,4.88,4.89,4.90,4.91,4.92,4.93	none	none
714	1.02,1.10,1.11,1.30,1.31,1.32,1.50,1.51,1.54,1.60,1.70,1.80,1.81,1.82,1.90,1.92,1.93,1.94,2.00,2.01,2.10,2.17,2.20,2.30,2.35,2.36,2.40,2.41,2.42,2.43,2.50,2.52,2.53,2.60,2.70,2.76,2.80,3.00,3.01,3.10,3.15,3.16,3.21,3.30,3.40,3.41,3.42,3.50,3.55,3.56,3.60,3.61,3.65,3.66,3.70,3.71,3.72,3.73,4.00,4.01,4.10,4.11,4.20,4.21,4.25,4.30,4.31,4.40,4.41,4.45,4.46,4.50,4.53,4.55,4.60,4.65,4.66,4.70,4.75,4.76,4.78,4.80,4.81,4.82,4.83,4.84,4.85,4.86,4.87,4.88,4.89,4.90,4.91,4.92,4.93	none	none
715	1.02,1.10,1.11,1.30,1.31,1.32,1.50,1.51,1.54,1.60,1.70,1.80,1.81,1.82,1.90,1.92,1.93,1.94,2.00,2.01,2.10,2.17,2.20,2.30,2.35,2.36,2.40,2.41,2.42,2.43,2.50,2.52,2.53,2.60,2.70,2.76,2.80,3.00,3.01,3.10,3.15,3.16,3.21,3.30,3.40,3.41,3.42,3.50,3.55,3.56,3.60,3.61,3.65,3.66,3.70,3.71,3.72,3.73,4.00,4.01,4.10,4.11,4.20,4.21,4.25,4.30,4.31,4.40,4.41,4.45,4.46,4.50,4.53,4.55,4.60,4.65,4.66,4.70,4.75,4.76,4.78,4.80,4.81,4.82,4.83,4.84,4.85,4.86,4.87,4.88,4.89,4.90,4.91,4.92,4.93	none	none
716	1.02,1.10,1.11,1.30,1.31,1.32,1.50,1.51,1.54,1.60,1.70,1.80,1.81,1.82,1.90,1.92,1.93,1.94,2.00,2.01,2.10,2.17,2.20,2.30,2.35,2.36,2.40,2.41,2.42,2.43,2.50,2.52,2.53,2.60,2.70,2.76,2.80,3.00,3.01,3.10,3.15,3.16,3.21,3.30,3.40,3.41,3.42,3.50,3.55,3.56,3.60,3.61,3.65,3.66,3.70,3.71,3.72,3.73,4.00,4.01,4.10,4.11,4.20,4.21,4.25,4.30,4.31,4.40,4.41,4.45,4.46,4.50,4.53,4.55,4.60,4.65,4.66,4.70,4.75,4.76,4.78,4.80,4.81,4.82,4.83,4.84,4.85,4.86,4.87,4.88,4.89,4.90,4.91,4.92,4.93	none	none
717	1.02,1.10,1.11,1.30,1.31,1.32,1.50,1.51,1.54,1.60,1.70,1.80,1.81,1.82,1.90,1.92,1.93,1.94,2.00,2.01,2.10,2.17,2.20,2.30,2.35,2.36,2.40,2.41,2.42,2.43,2.50,2.52,2.53,2.60,2.70,2.76,2.80,3.00,3.01,3.10,3.15,3.16,3.21,3.30,3.40,3.41,3.42,3.50,3.55,3.56,3.60,3.61,3.65,3.66,3.70,3.71,3.72,3.73,4.00,4.01,4.10,4.11,4.20,4.21,4.25,4.30,4.31,4.40,4.41,4.45,4.46,4.50,4.53,4.55,4.60,4.65,4.66,4.70,4.75,4.76,4.78,4.80,4.81,4.82,4.83,4.84,4.85,4.86,4.87,4.88,4.89,4.90,4.91,4.92,4.93	none	none
718	1.02,1.10,1.11,1.30,1.31,1.32,1.50,1.51,1.54,1.60,1.70,1.80,1.81,1.82,1.90,1.92,1.93,1.94,2.00,2.01,2.10,2.17,2.20,2.30,2.35,2.36,2.40,2.41,2.42,2.43,2.50,2.52,2.53,2.60,2.70,2.76,2.80,3.00,3.01,3.10,3.15,3.16,3.21,3.30,3.40,3.41,3.42,3.50,3.55,3.56,3.60,3.61,3.65,3.66,3.70,3.71,3.72,3.73,4.00,4.01,4.10,4.11,4.20,4.21,4.25,4.30,4.31,4.40,4.41,4.45,4.46,4.50,4.53,4.55,4.60,4.65,4.66,4.70,4.75,4.76,4.78,4.80,4.81,4.82,4.83,4.84,4.85,4.86,4.87,4.88,4.89,4.90,4.91,4.92,4.93	none	none
719	1.02,1.10,1.11,1.30,1.31,1.32,1.50,1.51,1.54,1.60,1.70,1.80,1.81,1.82,1.90,1.92,1.93,1.94,2.00,2.01,2.10,2.17,2.20,2.30,2.35,2.36,2.40,2.41,2.42,2.43,2.50,2.52,2.53,2.60,2.70,2.76,2.80,3.00,3.01,3.10,3.15,3.16,3.21,3.30,3.40,3.41,3.42,3.50,3.55,3.56,3.60,3.61,3.65,3.66,3.70,3.71,3.72,3.73,4.00,4.01,4.10,4.11,4.20,4.21,4.25,4.30,4.31,4.40,4.41,4.45,4.46,4.50,4.53,4.55,4.60,4.65,4.66,4.70,4.75,4.76,4.78,4.80,4.81,4.82,4.83,4.84,4.85,4.86,4.87,4.88,4.89,4.90,4.91,4.92,4.93	none	none
720	1.02,1.10,1.11,1.30,1.31,1.32,1.50,1.51,1.54,1.60,1.70,1.80,1.81,1.82,1.90,1.92,1.93,1.94,2.00,2.01,2.10,2.17,2.20,2.30,2.35,2.36,2.40,2.41,2.42,2.43,2.50,2.52,2.53,2.60,2.70,2.76,2.80,3.00,3.01,3.10,3.15,3.16,3.21,3.30,3.40,3.41,3.42,3.50,3.55,3.56,3.60,3.61,3.65,3.66,3.70,3.71,3.72,3.73,4.00,4.01,4.10,4.11,4.20,4.21,4.25,4.30,4.31,4.40,4.41,4.45,4.46,4.50,4.53,4.55,4.60,4.65,4.66,4.70,4.75,4.76,4.78,4.80,4.81,4.82,4.83,4.84,4.85,4.86,4.87,4.88,4.89,4.90,4.91,4.92,4.93	none	none
721	1.02,1.10,1.11,1.30,1.31,1.32,1.50,1.51,1.54,1.60,1.70,1.80,1.81,1.82,1.90,1.92,1.93,1.94,2.00,2.01,2.10,2.17,2.20,2.30,2.35,2.36,2.40,2.41,2.42,2.43,2.50,2.52,2.53,2.60,2.70,2.76,2.80,3.00,3.01,3.10,3.15,3.16,3.21,3.30,3.40,3.41,3.42,3.50,3.55,3.56,3.60,3.61,3.65,3.66,3.70,3.71,3.72,3.73,4.00,4.01,4.10,4.11,4.20,4.21,4.25,4.30,4.31,4.40,4.41,4.45,4.46,4.50,4.53,4.55,4.60,4.65,4.66,4.70,4.75,4.76,4.78,4.80,4.81,4.82,4.83,4.84,4.85,4.86,4.87,4.88,4.89,4.90,4.91,4.92,4.93	none	none
722	1.02,1.10,1.11,1.30,1.31,1.32,1.50,1.51,1.54,1.60,1.70,1.80,1.81,1.82,1.90,1.92,1.93,1.94,2.00,2.01,2.10,2.17,2.20,2.30,2.35,2.36,2.40,2.41,2.42,2.43,2.50,2.52,2.53,2.60,2.70,2.76,2.80,3.00,3.01,3.10,3.15,3.16,3.21,3.30,3.40,3.41,3.42,3.50,3.55,3.56,3.60,3.61,3.65,3.66,3.70,3.71,3.72,3.73,4.00,4.01,4.10,4.11,4.20,4.21,4.25,4.30,4.31,4.40,4.41,4.45,4.46,4.50,4.53,4.55,4.60,4.65,4.66,4.70,4.75,4.76,4.78,4.80,4.81,4.82,4.83,4.84,4.85,4.86,4.87,4.88,4.89,4.90,4.91,4.92,4.93	none	none
723	1.02,1.10,1.11,1.30,1.31,1.32,1.50,1.51,1.54,1.60,1.70,1.80,1.81,1.82,1.90,1.92,1.93,1.94,2.00,2.01,2.10,2.17,2.20,2.30,2.35,2.36,2.40,2.41,2.42,2.43,2.50,2.52,2.53,2.60,2.70,2.76,2.80,3.00,3.01,3.10,3.15,3.16,3.21,3.30,3.40,3.41,3.42,3.50,3.55,3.56,3.60,3.61,3.65,3.66,3.70,3.71,3.72,3.73,4.00,4.01,4.10,4.11,4.20,4.21,4.25,4.30,4.31,4.40,4.41,4.45,4.46,4.50,4.53,4.55,4.60,4.65,4.66,4.70,4.75,4.76,4.78,4.80,4.81,4.82,4.83,4.84,4.85,4.86,4.87,4.88,4.89,4.90,4.91,4.92,4.93	none	none
724	1.02,1.10,1.11,1.30,1.31,1.32,1.50,1.51,1.54,1.60,1.70,1.80,1.81,1.82,1.90,1.92,1.93,1.94,2.00,2.01,2.10,2.17,2.20,2.30,2.35,2.36,2.40,2.41,2.42,2.43,2.50,2.52,2.53,2.60,2.70,2.76,2.80,3.00,3.01,3.10,3.15,3.16,3.21,3.30,3.40,3.41,3.42,3.50,3.55,3.56,3.60,3.61,3.65,3.66,3.70,3.71,3.72,3.73,4.00,4.01,4.10,4.11,4.20,4.21,4.25,4.30,4.31,4.40,4.41,4.45,4.46,4.50,4.53,4.55,4.60,4.65,4.66,4.70,4.75,4.76,4.78,4.80,4.81,4.82,4.83,4.84,4.85,4.86,4.87,4.88,4.89,4.90,4.91,4.92,4.93	none	none
725	1.02,1.10,1.11,1.30,1.31,1.32,1.50,1.51,1.54,1.60,1.70,1.80,1.81,1.82,1.90,1.92,1.93,1.94,2.00,2.01,2.10,2.17,2.20,2.30,2.35,2.36,2.40,2.41,2.42,2.43,2.50,2.52,2.53,2.60,2.70,2.76,2.80,3.00,3.01,3.10,3.15,3.16,3.21,3.30,3.40,3.41,3.42,3.50,3.55,3.56,3.60,3.61,3.65,3.66,3.70,3.71,3.72,3.73,4.00,4.01,4.10,4.11,4.20,4.21,4.25,4.30,4.31,4.40,4.41,4.45,4.46,4.50,4.53,4.55,4.60,4.65,4.66,4.70,4.75,4.76,4.78,4.80,4.81,4.82,4.83,4.84,4.85,4.86,4.87,4.88,4.89,4.90,4.91,4.92,4.93	none	none
726	1.02,1.10,1.11,1.30,1.31,1.32,1.50,1.51,1.54,1.60,1.70,1.80,1.81,1.82,1.90,1.92,1.93,1.94,2.00,2.01,2.10,2.17,2.20,2.30,2.35,2.36,2.40,2.41,2.42,2.43,2.50,2.52,2.53,2.60,2.70,2.76,2.80,3.00,3.01,3.10,3.15,3.16,3.21,3.30,3.40,3.41,3.42,3.50,3.55,3.56,3.60,3.61,3.65,3.66,3.70,3.71,3.72,3.73,4.00,4.01,4.10,4.11,4.20,4.21,4.25,4.30,4.31,4.40,4.41,4.45,4.46,4.50,4.53,4.55,4.60,4.65,4.66,4.70,4.75,4.76,4.78,4.80,4.81,4.82,4.83,4.84,4.85,4.86,4.87,4.88,4.89,4.90,4.91,4.92,4.93	none	none
727	none	1.02,1.10,1.11,1.30,1.31,1.32,1.50,1.51,1.54,1.60,1.70,1.80,1.81,1.82,1.90,1.92,1.93,1.94,2.00,2.01,2.10,2.17,2.20,2.30,2.35,2.36,2.40,2.41,2.42,2.43,2.50,2.52,2.53,2.60,2.70,2.76,2.80,3.00,3.01,3.10,3.15,3.16,3.21,3.30,3.40,3.41,3.42,3.50,3.55,3.56,3.60,3.61,3.65,3.66,3.70,3.71,3.72,3.73,4.00,4.01,4.10,4.11,4.20,4.21,4.25,4.30,4.31,4.40,4.41,4.45,4.46,4.50,4.53,4.55,4.60,4.65,4.66,4.70,4.75,4.76,4.78,4.80,4.81,4.82,4.83,4.84,4.85,4.86,4.87,4.88,4.89,4.90,4.91,4.92,4.93	none
728	none	1.02,1.10,1.11,1.30,1.31,1.32,1.50,1.51,1.54,1.60,1.70,1.80,1.81,1.82,1.90,1.92,1.93,1.94,2.00,2.01,2.10,2.17,2.20,2.30,2.35,2.36,2.40,2.41,2.42,2.43,2.50,2.52,2.53,2.60,2.70,2.76,2.80,3.00,3.01,3.10,3.15,3.16,3.21,3.30,3.40,3.41,3.42,3.50,3.55,3.56,3.60,3.61,3.65,3.66,3.70,3.71,3.72,3.73,4.00,4.01,4.10,4.11,4.20,4.21,4.25,4.30,4.31,4.40,4.41,4.45,4.46,4.50,4.53,4.55,4.60,4.65,4.66,4.70,4.75,4.76,4.78,4.80,4.81,4.82,4.83,4.84,4.85,4.86,4.87,4.88,4.89,4.90,4.91,4.92,4.93	none
729	none	1.02,1.10,1.11,1.30,1.31,1.32,1.50,1.51,1.54,1.60,1.70,1.80,1.81,1.82,1.90,1.92,1.93,1.94,2.00,2.01,2.10,2.17,2.20,2.30,2.35,2.36,2.40,2.41,2.42,2.43,2.50,2.52,2.53,2.60,2.70,2.76,2.80,3.00,3.01,3.10,3.15,3.16,3.21,3.30,3.40,3.41,3.42,3.50,3.55,3.56,3.60,3.61,3.65,3.66,3.70,3.71,3.72,3.73,4.00,4.01,4.10,4.11,4.20,4.21,4.25,4.30,4.31,4.40,4.41,4.45,4.46,4.50,4.53,4.55,4.60,4.65,4.66,4.70,4.75,4.76,4.78,4.80,4.81,4.82,4.83,4.84,4.85,4.86,4.87,4.88,4.89,4.90,4.91,4.92,4.93	none
730	none	1.02,1.10,1.11,1.30,1.31,1.32,1.50,1.51,1.54,1.60,1.70,1.80,1.81,1.82,1.90,1.92,1.93,1.94,2.00,2.01,2.10,2.17,2.20,2.30,2.35,2.36,2.40,2.41,2.42,2.43,2.50,2.52,2.53,2.60,2.70,2.76,2.80,3.00,3.01,3.10,3.15,3.16,3.21,3.30,3.40,3.41,3.42,3.50,3.55,3.56,3.60,3.61,3.65,3.66,3.70,3.71,3.72,3.73,4.00,4.01,4.10,4.11,4.20,4.21,4.25,4.30,4.31,4.40,4.41,4.45,4.46,4.50,4.53,4.55,4.60,4.65,4.66,4.70,4.75,4.76,4.78,4.80,4.81,4.82,4.83,4.84,4.85,4.86,4.87,4.88,4.89,4.90,4.91,4.92,4.93	none
731	none	1.02,1.10,1.11,1.30,1.31,1.32,1.50,1.51,1.54,1.60,1.70,1.80,1.81,1.82,1.90,1.92,1.93,1.94,2.00,2.01,2.10,2.17,2.20,2.30,2.35,2.36,2.40,2.41,2.42,2.43,2.50,2.52,2.53,2.60,2.70,2.76,2.80,3.00,3.01,3.10,3.15,3.16,3.21,3.30,3.40,3.41,3.42,3.50,3.55,3.56,3.60,3.61,3.65,3.66,3.70,3.71,3.72,3.73,4.00,4.01,4.10,4.11,4.20,4.21,4.25,4.30,4.31,4.40,4.41,4.45,4.46,4.50,4.53,4.55,4.60,4.65,4.66,4.70,4.75,4.76,4.78,4.80,4.81,4.82,4.83,4.84,4.85,4.86,4.87,4.88,4.89,4.90,4.91,4.92,4.93	none
732	none	1.02,1.10,1.11,1.30,1.31,1.32,1.50,1.51,1.54,1.60,1.70,1.80,1.81,1.82,1.90,1.92,1.93,1.94,2.00,2.01,2.10,2.17,2.20,2.30,2.35,2.36,2.40,2.41,2.42,2.43,2.50,2.52,2.53,2.60,2.70,2.76,2.80,3.00,3.01,3.10,3.15,3.16,3.21,3.30,3.40,3.41,3.42,3.50,3.55,3.56,3.60,3.61,3.65,3.66,3.70,3.71,3.72,3.73,4.00,4.01,4.10,4.11,4.20,4.21,4.25,4.30,4.31,4.40,4.41,4.45,4.46,4.50,4.53,4.55,4.60,4.65,4.66,4.70,4.75,4.76,4.78,4.80,4.81,4.82,4.83,4.84,4.85,4.86,4.87,4.88,4.89,4.90,4.91,4.92,4.93	none
733	none	1.02,1.10,1.11,1.30,1.31,1.32,1.50,1.51,1.54,1.60,1.70,1.80,1.81,1.82,1.90,1.92,1.93,1.94,2.00,2.01,2.10,2.17,2.20,2.30,2.35,2.36,2.40,2.41,2.42,2.43,2.50,2.52,2.53,2.60,2.70,2.76,2.80,3.00,3.01,3.10,3.15,3.16,3.21,3.30,3.40,3.41,3.42,3.50,3.55,3.56,3.60,3.61,3.65,3.66,3.70,3.71,3.72,3.73,4.00,4.01,4.10,4.11,4.20,4.21,4.25,4.30,4.31,4.40,4.41,4.45,4.46,4.50,4.53,4.55,4.60,4.65,4.66,4.70,4.75,4.76,4.78,4.80,4.81,4.82,4.83,4.84,4.85,4.86,4.87,4.88,4.89,4.90,4.91,4.92,4.93	none
734	none	1.02,1.10,1.11,1.30,1.31,1.32,1.50,1.51,1.54,1.60,1.70,1.80,1.81,1.82,1.90,1.92,1.93,1.94,2.00,2.01,2.10,2.17,2.20,2.30,2.35,2.36,2.40,2.41,2.42,2.43,2.50,2.52,2.53,2.60,2.70,2.76,2.80,3.00,3.01,3.10,3.15,3.16,3.21,3.30,3.40,3.41,3.42,3.50,3.55,3.56,3.60,3.61,3.65,3.66,3.70,3.71,3.72,3.73,4.00,4.01,4.10,4.11,4.20,4.21,4.25,4.30,4.31,4.40,4.41,4.45,4.46,4.50,4.53,4.55,4.60,4.65,4.66,4.70,4.75,4.76,4.78,4.80,4.81,4.82,4.83,4.84,4.85,4.86,4.87,4.88,4.89,4.90,4.91,4.92,4.93	none
735	none	1.02,1.10,1.11,1.30,1.31,1.32,1.50,1.51,1.54,1.60,1.70,1.80,1.81,1.82,1.90,1.92,1.93,1.94,2.00,2.01,2.10,2.17,2.20,2.30,2.35,2.36,2.40,2.41,2.42,2.43,2.50,2.52,2.53,2.60,2.70,2.76,2.80,3.00,3.01,3.10,3.15,3.16,3.21,3.30,3.40,3.41,3.42,3.50,3.55,3.56,3.60,3.61,3.65,3.66,3.70,3.71,3.72,3.73,4.00,4.01,4.10,4.11,4.20,4.21,4.25,4.30,4.31,4.40,4.41,4.45,4.46,4.50,4.53,4.55,4.60,4.65,4.66,4.70,4.75,4.76,4.78,4.80,4.81,4.82,4.83,4.84,4.85,4.86,4.87,4.88,4.89,4.90,4.91,4.92,4.93	none
736	none	1.02,1.10,1.11,1.30,1.31,1.32,1.50,1.51,1.54,1.60,1.70,1.80,1.81,1.82,1.90,1.92,1.93,1.94,2.00,2.01,2.10,2.17,2.20,2.30,2.35,2.36,2.40,2.41,2.42,2.43,2.50,2.52,2.53,2.60,2.70,2.76,2.80,3.00,3.01,3.10,3.15,3.16,3.21,3.30,3.40,3.41,3.42,3.50,3.55,3.56,3.60,3.61,3.65,3.66,3.70,3.71,3.72,3.73,4.00,4.01,4.10,4.11,4.20,4.21,4.25,4.30,4.31,4.40,4.41,4.45,4.46,4.50,4.53,4.55,4.60,4.65,4.66,4.70,4.75,4.76,4.78,4.80,4.81,4.82,4.83,4.84,4.85,4.86,4.87,4.88,4.89,4.90,4.91,4.92,4.93	none
737	none	1.02,1.10,1.11,1.30,1.31,1.32,1.50,1.51,1.54,1.60,1.70,1.80,1.81,1.82,1.90,1.92,1.93,1.94,2.00,2.01,2.10,2.17,2.20,2.30,2.35,2.36,2.40,2.41,2.42,2.43,2.50,2.52,2.53,2.60,2.70,2.76,2.80,3.00,3.01,3.10,3.15,3.16,3.21,3.30,3.40,3.41,3.42,3.50,3.55,3.56,3.60,3.61,3.65,3.66,3.70,3.71,3.72,3.73,4.00,4.01,4.10,4.11,4.20,4.21,4.25,4.30,4.31,4.40,4.41,4.45,4.46,4.50,4.53,4.55,4.60,4.65,4.66,4.70,4.75,4.76,4.78,4.80,4.81,4.82,4.83,4.84,4.85,4.86,4.87,4.88,4.89,4.90,4.91,4.92,4.93	none
738	none	1.02,1.10,1.11,1.30,1.31,1.32,1.50,1.51,1.54,1.60,1.70,1.80,1.81,1.82,1.90,1.92,1.93,1.94,2.00,2.01,2.10,2.17,2.20,2.30,2.35,2.36,2.40,2.41,2.42,2.43,2.50,2.52,2.53,2.60,2.70,2.76,2.80,3.00,3.01,3.10,3.15,3.16,3.21,3.30,3.40,3.41,3.42,3.50,3.55,3.56,3.60,3.61,3.65,3.66,3.70,3.71,3.72,3.73,4.00,4.01,4.10,4.11,4.20,4.21,4.25,4.30,4.31,4.40,4.41,4.45,4.46,4.50,4.53,4.55,4.60,4.65,4.66,4.70,4.75,4.76,4.78,4.80,4.81,4.82,4.83,4.84,4.85,4.86,4.87,4.88,4.89,4.90,4.91,4.92,4.93	none
739	none	1.02,1.10,1.11,1.30,1.31,1.32,1.50,1.51,1.54,1.60,1.70,1.80,1.81,1.82,1.90,1.92,1.93,1.94,2.00,2.01,2.10,2.17,2.20,2.30,2.35,2.36,2.40,2.41,2.42,2.43,2.50,2.52,2.53,2.60,2.70,2.76,2.80,3.00,3.01,3.10,3.15,3.16,3.21,3.30,3.40,3.41,3.42,3.50,3.55,3.56,3.60,3.61,3.65,3.66,3.70,3.71,3.72,3.73,4.00,4.01,4.10,4.11,4.20,4.21,4.25,4.30,4.31,4.40,4.41,4.45,4.46,4.50,4.53,4.55,4.60,4.65,4.66,4.70,4.75,4.76,4.78,4.80,4.81,4.82,4.83,4.84,4.85,4.86,4.87,4.88,4.89,4.90,4.91,4.92,4.93	none
740	none	1.02,1.10,1.11,1.30,1.31,1.32,1.50,1.51,1.54,1.60,1.70,1.80,1.81,1.82,1.90,1.92,1.93,1.94,2.00,2.01,2.10,2.17,2.20,2.30,2.35,2.36,2.40,2.41,2.42,2.43,2.50,2.52,2.53,2.60,2.70,2.76,2.80,3.00,3.01,3.10,3.15,3.16,3.21,3.30,3.40,3.41,3.42,3.50,3.55,3.56,3.60,3.61,3.65,3.66,3.70,3.71,3.72,3.73,4.00,4.01,4.10,4.11,4.20,4.21,4.25,4.30,4.31,4.40,4.41,4.45,4.46,4.50,4.53,4.55,4.60,4.65,4.66,4.70,4.75,4.76,4.78,4.80,4.81,4.82,4.83,4.84,4.85,4.86,4.87,4.88,4.89,4.90,4.91,4.92,4.93	none
741	none	1.02,1.10,1.11,1.30,1.31,1.32,1.50,1.51,1.54,1.60,1.70,1.80,1.81,1.82,1.90,1.92,1.93,1.94,2.00,2.01,2.10,2.17,2.20,2.30,2.35,2.36,2.40,2.41,2.42,2.43,2.50,2.52,2.53,2.60,2.70,2.76,2.80,3.00,3.01,3.10,3.15,3.16,3.21,3.30,3.40,3.41,3.42,3.50,3.55,3.56,3.60,3.61,3.65,3.66,3.70,3.71,3.72,3.73,4.00,4.01,4.10,4.11,4.20,4.21,4.25,4.30,4.31,4.40,4.41,4.45,4.46,4.50,4.53,4.55,4.60,4.65,4.66,4.70,4.75,4.76,4.78,4.80,4.81,4.82,4.83,4.84,4.85,4.86,4.87,4.88,4.89,4.90,4.91,4.92,4.93	none
742	none	1.02,1.10,1.11,1.30,1.31,1.32,1.50,1.51,1.54,1.60,1.70,1.80,1.81,1.82,1.90,1.92,1.93,1.94,2.00,2.01,2.10,2.17,2.20,2.30,2.35,2.36,2.40,2.41,2.42,2.43,2.50,2.52,2.53,2.60,2.70,2.76,2.80,3.00,3.01,3.10,3.15,3.16,3.21,3.30,3.40,3.41,3.42,3.50,3.55,3.56,3.60,3.61,3.65,3.66,3.70,3.71,3.72,3.73,4.00,4.01,4.10,4.11,4.20,4.21,4.25,4.30,4.31,4.40,4.41,4.45,4.46,4.50,4.53,4.55,4.60,4.65,4.66,4.70,4.75,4.76,4.78,4.80,4.81,4.82,4.83,4.84,4.85,4.86,4.87,4.88,4.89,4.90,4.91,4.92,4.93	none
743	none	1.02,1.10,1.11,1.30,1.31,1.32,1.50,1.51,1.54,1.60,1.70,1.80,1.81,1.82,1.90,1.92,1.93,1.94,2.00,2.01,2.10,2.17,2.20,2.30,2.35,2.36,2.40,2.41,2.42,2.43,2.50,2.52,2.53,2.60,2.70,2.76,2.80,3.00,3.01,3.10,3.15,3.16,3.21,3.30,3.40,3.41,3.42,3.50,3.55,3.56,3.60,3.61,3.65,3.66,3.70,3.71,3.72,3.73,4.00,4.01,4.10,4.11,4.20,4.21,4.25,4.30,4.31,4.40,4.41,4.45,4.46,4.50,4.53,4.55,4.60,4.65,4.66,4.70,4.75,4.76,4.78,4.80,4.81,4.82,4.83,4.84,4.85,4.86,4.87,4.88,4.89,4.90,4.91,4.92,4.93	none
744	none	1.02,1.10,1.11,1.30,1.31,1.32,1.50,1.51,1.54,1.60,1.70,1.80,1.81,1.82,1.90,1.92,1.93,1.94,2.00,2.01,2.10,2.17,2.20,2.30,2.35,2.36,2.40,2.41,2.42,2.43,2.50,2.52,2.53,2.60,2.70,2.76,2.80,3.00,3.01,3.10,3.15,3.16,3.21,3.30,3.40,3.41,3.42,3.50,3.55,3.56,3.60,3.61,3.65,3.66,3.70,3.71,3.72,3.73,4.00,4.01,4.10,4.11,4.20,4.21,4.25,4.30,4.31,4.40,4.41,4.45,4.46,4.50,4.53,4.55,4.60,4.65,4.66,4.70,4.75,4.76,4.78,4.80,4.81,4.82,4.83,4.84,4.85,4.86,4.87,4.88,4.89,4.90,4.91,4.92,4.93	none
745	none	1.02,1.10,1.11,1.30,1.31,1.32,1.50,1.51,1.54,1.60,1.70,1.80,1.81,1.82,1.90,1.92,1.93,1.94,2.00,2.01,2.10,2.17,2.20,2.30,2.35,2.36,2.40,2.41,2.42,2.43,2.50,2.52,2.53,2.60,2.70,2.76,2.80,3.00,3.01,3.10,3.15,3.16,3.21,3.30,3.40,3.41,3.42,3.50,3.55,3.56,3.60,3.61,3.65,3.66,3.70,3.71,3.72,3.73,4.00,4.01,4.10,4.11,4.20,4.21,4.25,4.30,4.31,4.40,4.41,4.45,4.46,4.50,4.53,4.55,4.60,4.65,4.66,4.70,4.75,4.76,4.78,4.80,4.81,4.82,4.83,4.84,4.85,4.86,4.87,4.88,4.89,4.90,4.91,4.92,4.93	none
746	none	1.02,1.10,1.11,1.30,1.31,1.32,1.50,1.51,1.54,1.60,1.70,1.80,1.81,1.82,1.90,1.92,1.93,1.94,2.00,2.01,2.10,2.17,2.20,2.30,2.35,2.36,2.40,2.41,2.42,2.43,2.50,2.52,2.53,2.60,2.70,2.76,2.80,3.00,3.01,3.10,3.15,3.16,3.21,3.30,3.40,3.41,3.42,3.50,3.55,3.56,3.60,3.61,3.65,3.66,3.70,3.71,3.72,3.73,4.00,4.01,4.10,4.11,4.20,4.21,4.25,4.30,4.31,4.40,4.41,4.45,4.46,4.50,4.53,4.55,4.60,4.65,4.66,4.70,4.75,4.76,4.78,4.80,4.81,4.82,4.83,4.84,4.85,4.86,4.87,4.88,4.89,4.90,4.91,4.92,4.93	none
747	none	1.02,1.10,1.11,1.30,1.31,1.32,1.50,1.51,1.54,1.60,1.70,1.80,1.81,1.82,1.90,1.92,1.93,1.94,2.00,2.01,2.10,2.17,2.20,2.30,2.35,2.36,2.40,2.41,2.42,2.43,2.50,2.52,2.53,2.60,2.70,2.76,2.80,3.00,3.01,3.10,3.15,3.16,3.21,3.30,3.40,3.41,3.42,3.50,3.55,3.56,3.60,3.61,3.65,3.66,3.70,3.71,3.72,3.73,4.00,4.01,4.10,4.11,4.20,4.21,4.25,4.30,4.31,4.40,4.41,4.45,4.46,4.50,4.53,4.55,4.60,4.65,4.66,4.70,4.75,4.76,4.78,4.80,4.81,4.82,4.83,4.84,4.85,4.86,4.87,4.88,4.89,4.90,4.91,4.92,4.93	none
748	none	1.02,1.10,1.11,1.30,1.31,1.32,1.50,1.51,1.54,1.60,1.70,1.80,1.81,1.82,1.90,1.92,1.93,1.94,2.00,2.01,2.10,2.17,2.20,2.30,2.35,2.36,2.40,2.41,2.42,2.43,2.50,2.52,2.53,2.60,2.70,2.76,2.80,3.00,3.01,3.10,3.15,3.16,3.21,3.30,3.40,3.41,3.42,3.50,3.55,3.56,3.60,3.61,3.65,3.66,3.70,3.71,3.72,3.73,4.00,4.01,4.10,4.11,4.20,4.21,4.25,4.30,4.31,4.40,4.41,4.45,4.46,4.50,4.53,4.55,4.60,4.65,4.66,4.70,4.75,4.76,4.78,4.80,4.81,4.82,4.83,4.84,4.85,4.86,4.87,4.88,4.89,4.90,4.91,4.92,4.93	none
749	none	1.02,1.10,1.11,1.30,1.31,1.32,1.50,1.51,1.54,1.60,1.70,1.80,1.81,1.82,1.90,1.92,1.93,1.94,2.00,2.01,2.10,2.17,2.20,2.30,2.35,2.36,2.40,2.41,2.42,2.43,2.50,2.52,2.53,2.60,2.70,2.76,2.80,3.00,3.01,3.10,3.15,3.16,3.21,3.30,3.40,3.41,3.42,3.50,3.55,3.56,3.60,3.61,3.65,3.66,3.70,3.71,3.72,3.73,4.00,4.01,4.10,4.11,4.20,4.21,4.25,4.30,4.31,4.40,4.41,4.45,4.46,4.50,4.53,4.55,4.60,4.65,4.66,4.70,4.75,4.76,4.78,4.80,4.81,4.82,4.83,4.84,4.85,4.86,4.87,4.88,4.89,4.90,4.91,4.92,4.93	none
750	none	1.02,1.10,1.11,1.30,1.31,1.32,1.50,1.51,1.54,1.60,1.70,1.80,1.81,1.82,1.90,1.92,1.93,1.94,2.00,2.01,2.10,2.17,2.20,2.30,2.35,2.36,2.40,2.41,2.42,2.43,2.50,2.52,2.53,2.60,2.70,2.76,2.80,3.00,3.01,3.10,3.15,3.16,3.21,3.30,3.40,3.41,3.42,3.50,3.55,3.56,3.60,3.61,3.65,3.66,3.70,3.71,3.72,3.73,4.00,4.01,4.10,4.11,4.20,4.21,4.25,4.30,4.31,4.40,4.41,4.45,4.46,4.50,4.53,4.55,4.60,4.65,4.66,4.70,4.75,4.76,4.78,4.80,4.81,4.82,4.83,4.84,4.85,4.86,4.87,4.88,4.89,4.90,4.91,4.92,4.93	none
751	none	1.02,1.10,1.11,1.30,1.31,1.32,1.50,1.51,1.54,1.60,1.70,1.80,1.81,1.82,1.90,1.92,1.93,1.94,2.00,2.01,2.10,2.17,2.20,2.30,2.35,2.36,2.40,2.41,2.42,2.43,2.50,2.52,2.53,2.60,2.70,2.76,2.80,3.00,3.01,3.10,3.15,3.16,3.21,3.30,3.40,3.41,3.42,3.50,3.55,3.56,3.60,3.61,3.65,3.66,3.70,3.71,3.72,3.73,4.00,4.01,4.10,4.11,4.20,4.21,4.25,4.30,4.31,4.40,4.41,4.45,4.46,4.50,4.53,4.55,4.60,4.65,4.66,4.70,4.75,4.76,4.78,4.80,4.81,4.82,4.83,4.84,4.85,4.86,4.87,4.88,4.89,4.90,4.91,4.92,4.93	none
752	none	1.02,1.10,1.11,1.30,1.31,1.32,1.50,1.51,1.54,1.60,1.70,1.80,1.81,1.82,1.90,1.92,1.93,1.94,2.00,2.01,2.10,2.17,2.20,2.30,2.35,2.36,2.40,2.41,2.42,2.43,2.50,2.52,2.53,2.60,2.70,2.76,2.80,3.00,3.01,3.10,3.15,3.16,3.21,3.30,3.40,3.41,3.42,3.50,3.55,3.56,3.60,3.61,3.65,3.66,3.70,3.71,3.72,3.73,4.00,4.01,4.10,4.11,4.20,4.21,4.25,4.30,4.31,4.40,4.41,4.45,4.46,4.50,4.53,4.55,4.60,4.65,4.66,4.70,4.75,4.76,4.78,4.80,4.81,4.82,4.83,4.84,4.85,4.86,4.87,4.88,4.89,4.90,4.91,4.92,4.93	none
753	none	1.02,1.10,1.11,1.30,1.31,1.32,1.50,1.51,1.54,1.60,1.70,1.80,1.81,1.82,1.90,1.92,1.93,1.94,2.00,2.01,2.10,2.17,2.20,2.30,2.35,2.36,2.40,2.41,2.42,2.43,2.50,2.52,2.53,2.60,2.70,2.76,2.80,3.00,3.01,3.10,3.15,3.16,3.21,3.30,3.40,3.41,3.42,3.50,3.55,3.56,3.60,3.61,3.65,3.66,3.70,3.71,3.72,3.73,4.00,4.01,4.10,4.11,4.20,4.21,4.25,4.30,4.31,4.40,4.41,4.45,4.46,4.50,4.53,4.55,4.60,4.65,4.66,4.70,4.75,4.76,4.78,4.80,4.81,4.82,4.83,4.84,4.85,4.86,4.87,4.88,4.89,4.90,4.91,4.92,4.93	none
754	none	1.02,1.10,1.11,1.30,1.31,1.32,1.50,1.51,1.54,1.60,1.70,1.80,1.81,1.82,1.90,1.92,1.93,1.94,2.00,2.01,2.10,2.17,2.20,2.30,2.35,2.36,2.40,2.41,2.42,2.43,2.50,2.52,2.53,2.60,2.70,2.76,2.80,3.00,3.01,3.10,3.15,3.16,3.21,3.30,3.40,3.41,3.42,3.50,3.55,3.56,3.60,3.61,3.65,3.66,3.70,3.71,3.72,3.73,4.00,4.01,4.10,4.11,4.20,4.21,4.25,4.30,4.31,4.40,4.41,4.45,4.46,4.50,4.53,4.55,4.60,4.65,4.66,4.70,4.75,4.76,4.78,4.80,4.81,4.82,4.83,4.84,4.85,4.86,4.87,4.88,4.89,4.90,4.91,4.92,4.93	none
755	none	1.02,1.10,1.11,1.30,1.31,1.32,1.50,1.51,1.54,1.60,1.70,1.80,1.81,1.82,1.90,1.92,1.93,1.94,2.00,2.01,2.10,2.17,2.20,2.30,2.35,2.36,2.40,2.41,2.42,2.43,2.50,2.52,2.53,2.60,2.70,2.76,2.80,3.00,3.01,3.10,3.15,3.16,3.21,3.30,3.40,3.41,3.42,3.50,3.55,3.56,3.60,3.61,3.65,3.66,3.70,3.71,3.72,3.73,4.00,4.01,4.10,4.11,4.20,4.21,4.25,4.30,4.31,4.40,4.41,4.45,4.46,4.50,4.53,4.55,4.60,4.65,4.66,4.70,4.75,4.76,4.78,4.80,4.81,4.82,4.83,4.84,4.85,4.86,4.87,4.88,4.89,4.90,4.91,4.92,4.93	none
756	none	1.02,1.10,1.11,1.30,1.31,1.32,1.50,1.51,1.54,1.60,1.70,1.80,1.81,1.82,1.90,1.92,1.93,1.94,2.00,2.01,2.10,2.17,2.20,2.30,2.35,2.36,2.40,2.41,2.42,2.43,2.50,2.52,2.53,2.60,2.70,2.76,2.80,3.00,3.01,3.10,3.15,3.16,3.21,3.30,3.40,3.41,3.42,3.50,3.55,3.56,3.60,3.61,3.65,3.66,3.70,3.71,3.72,3.73,4.00,4.01,4.10,4.11,4.20,4.21,4.25,4.30,4.31,4.40,4.41,4.45,4.46,4.50,4.53,4.55,4.60,4.65,4.66,4.70,4.75,4.76,4.78,4.80,4.81,4.82,4.83,4.84,4.85,4.86,4.87,4.88,4.89,4.90,4.91,4.92,4.93	none
757	none	1.02,1.10,1.11,1.30,1.31,1.32,1.50,1.51,1.54,1.60,1.70,1.80,1.81,1.82,1.90,1.92,1.93,1.94,2.00,2.01,2.10,2.17,2.20,2.30,2.35,2.36,2.40,2.41,2.42,2.43,2.50,2.52,2.53,2.60,2.70,2.76,2.80,3.00,3.01,3.10,3.15,3.16,3.21,3.30,3.40,3.41,3.42,3.50,3.55,3.56,3.60,3.61,3.65,3.66,3.70,3.71,3.72,3.73,4.00,4.01,4.10,4.11,4.20,4.21,4.25,4.30,4.31,4.40,4.41,4.45,4.46,4.50,4.53,4.55,4.60,4.65,4.66,4.70,4.75,4.76,4.78,4.80,4.81,4.82,4.83,4.84,4.85,4.86,4.87,4.88,4.89,4.90,4.91,4.92,4.93	none
758	none	1.02,1.10,1.11,1.30,1.31,1.32,1.50,1.51,1.54,1.60,1.70,1.80,1.81,1.82,1.90,1.92,1.93,1.94,2.00,2.01,2.10,2.17,2.20,2.30,2.35,2.36,2.40,2.41,2.42,2.43,2.50,2.52,2.53,2.60,2.70,2.76,2.80,3.00,3.01,3.10,3.15,3.16,3.21,3.30,3.40,3.41,3.42,3.50,3.55,3.56,3.60,3.61,3.65,3.66,3.70,3.71,3.72,3.73,4.00,4.01,4.10,4.11,4.20,4.21,4.25,4.30,4.31,4.40,4.41,4.45,4.46,4.50,4.53,4.55,4.60,4.65,4.66,4.70,4.75,4.76,4.78,4.80,4.81,4.82,4.83,4.84,4.85,4.86,4.87,4.88,4.89,4.90,4.91,4.92,4.93	none
759	none	1.02,1.10,1.11,1.30,1.31,1.32,1.50,1.51,1.54,1.60,1.70,1.80,1.81,1.82,1.90,1.92,1.93,1.94,2.00,2.01,2.10,2.17,2.20,2.30,2.35,2.36,2.40,2.41,2.42,2.43,2.50,2.52,2.53,2.60,2.70,2.76,2.80,3.00,3.01,3.10,3.15,3.16,3.21,3.30,3.40,3.41,3.42,3.50,3.55,3.56,3.60,3.61,3.65,3.66,3.70,3.71,3.72,3.73,4.00,4.01,4.10,4.11,4.20,4.21,4.25,4.30,4.31,4.40,4.41,4.45,4.46,4.50,4.53,4.55,4.60,4.65,4.66,4.70,4.75,4.76,4.78,4.80,4.81,4.82,4.83,4.84,4.85,4.86,4.87,4.88,4.89,4.90,4.91,4.92,4.93	none
760	none	1.02,1.10,1.11,1.30,1.31,1.32,1.50,1.51,1.54,1.60,1.70,1.80,1.81,1.82,1.90,1.92,1.93,1.94,2.00,2.01,2.10,2.17,2.20,2.30,2.35,2.36,2.40,2.41,2.42,2.43,2.50,2.52,2.53,2.60,2.70,2.76,2.80,3.00,3.01,3.10,3.15,3.16,3.21,3.30,3.40,3.41,3.42,3.50,3.55,3.56,3.60,3.61,3.65,3.66,3.70,3.71,3.72,3.73,4.00,4.01,4.10,4.11,4.20,4.21,4.25,4.30,4.31,4.40,4.41,4.45,4.46,4.50,4.53,4.55,4.60,4.65,4.66,4.70,4.75,4.76,4.78,4.80,4.81,4.82,4.83,4.84,4.85,4.86,4.87,4.88,4.89,4.90,4.91,4.92,4.93	none
761	none	1.02,1.10,1.11,1.30,1.31,1.32,1.50,1.51,1.54,1.60,1.70,1.80,1.81,1.82,1.90,1.92,1.93,1.94,2.00,2.01,2.10,2.17,2.20,2.30,2.35,2.36,2.40,2.41,2.42,2.43,2.50,2.52,2.53,2.60,2.70,2.76,2.80,3.00,3.01,3.10,3.15,3.16,3.21,3.30,3.40,3.41,3.42,3.50,3.55,3.56,3.60,3.61,3.65,3.66,3.70,3.71,3.72,3.73,4.00,4.01,4.10,4.11,4.20,4.21,4.25,4.30,4.31,4.40,4.41,4.45,4.46,4.50,4.53,4.55,4.60,4.65,4.66,4.70,4.75,4.76,4.78,4.80,4.81,4.82,4.83,4.84,4.85,4.86,4.87,4.88,4.89,4.90,4.91,4.92,4.93	none
762	none	1.02,1.10,1.11,1.30,1.31,1.32,1.50,1.51,1.54,1.60,1.70,1.80,1.81,1.82,1.90,1.92,1.93,1.94,2.00,2.01,2.10,2.17,2.20,2.30,2.35,2.36,2.40,2.41,2.42,2.43,2.50,2.52,2.53,2.60,2.70,2.76,2.80,3.00,3.01,3.10,3.15,3.16,3.21,3.30,3.40,3.41,3.42,3.50,3.55,3.56,3.60,3.61,3.65,3.66,3.70,3.71,3.72,3.73,4.00,4.01,4.10,4.11,4.20,4.21,4.25,4.30,4.31,4.40,4.41,4.45,4.46,4.50,4.53,4.55,4.60,4.65,4.66,4.70,4.75,4.76,4.78,4.80,4.81,4.82,4.83,4.84,4.85,4.86,4.87,4.88,4.89,4.90,4.91,4.92,4.93	none
763	none	1.02,1.10,1.11,1.30,1.31,1.32,1.50,1.51,1.54,1.60,1.70,1.80,1.81,1.82,1.90,1.92,1.93,1.94,2.00,2.01,2.10,2.17,2.20,2.30,2.35,2.36,2.40,2.41,2.42,2.43,2.50,2.52,2.53,2.60,2.70,2.76,2.80,3.00,3.01,3.10,3.15,3.16,3.21,3.30,3.40,3.41,3.42,3.50,3.55,3.56,3.60,3.61,3.65,3.66,3.70,3.71,3.72,3.73,4.00,4.01,4.10,4.11,4.20,4.21,4.25,4.30,4.31,4.40,4.41,4.45,4.46,4.50,4.53,4.55,4.60,4.65,4.66,4.70,4.75,4.76,4.78,4.80,4.81,4.82,4.83,4.84,4.85,4.86,4.87,4.88,4.89,4.90,4.91,4.92,4.93	none
764	none	1.02,1.10,1.11,1.30,1.31,1.32,1.50,1.51,1.54,1.60,1.70,1.80,1.81,1.82,1.90,1.92,1.93,1.94,2.00,2.01,2.10,2.17,2.20,2.30,2.35,2.36,2.40,2.41,2.42,2.43,2.50,2.52,2.53,2.60,2.70,2.76,2.80,3.00,3.01,3.10,3.15,3.16,3.21,3.30,3.40,3.41,3.42,3.50,3.55,3.56,3.60,3.61,3.65,3.66,3.70,3.71,3.72,3.73,4.00,4.01,4.10,4.11,4.20,4.21,4.25,4.30,4.31,4.40,4.41,4.45,4.46,4.50,4.53,4.55,4.60,4.65,4.66,4.70,4.75,4.76,4.78,4.80,4.81,4.82,4.83,4.84,4.85,4.86,4.87,4.88,4.89,4.90,4.91,4.92,4.93	none
765	none	1.02,1.10,1.11,1.30,1.31,1.32,1.50,1.51,1.54,1.60,1.70,1.80,1.81,1.82,1.90,1.92,1.93,1.94,2.00,2.01,2.10,2.17,2.20,2.30,2.35,2.36,2.40,2.41,2.42,2.43,2.50,2.52,2.53,2.60,2.70,2.76,2.80,3.00,3.01,3.10,3.15,3.16,3.21,3.30,3.40,3.41,3.42,3.50,3.55,3.56,3.60,3.61,3.65,3.66,3.70,3.71,3.72,3.73,4.00,4.01,4.10,4.11,4.20,4.21,4.25,4.30,4.31,4.40,4.41,4.45,4.46,4.50,4.53,4.55,4.60,4.65,4.66,4.70,4.75,4.76,4.78,4.80,4.81,4.82,4.83,4.84,4.85,4.86,4.87,4.88,4.89,4.90,4.91,4.92,4.93	none
766	none	1.02,1.10,1.11,1.30,1.31,1.32,1.50,1.51,1.54,1.60,1.70,1.80,1.81,1.82,1.90,1.92,1.93,1.94,2.00,2.01,2.10,2.17,2.20,2.30,2.35,2.36,2.40,2.41,2.42,2.43,2.50,2.52,2.53,2.60,2.70,2.76,2.80,3.00,3.01,3.10,3.15,3.16,3.21,3.30,3.40,3.41,3.42,3.50,3.55,3.56,3.60,3.61,3.65,3.66,3.70,3.71,3.72,3.73,4.00,4.01,4.10,4.11,4.20,4.21,4.25,4.30,4.31,4.40,4.41,4.45,4.46,4.50,4.53,4.55,4.60,4.65,4.66,4.70,4.75,4.76,4.78,4.80,4.81,4.82,4.83,4.84,4.85,4.86,4.87,4.88,4.89,4.90,4.91,4.92,4.93	none
767	none	1.02,1.10,1.11,1.30,1.31,1.32,1.50,1.51,1.54,1.60,1.70,1.80,1.81,1.82,1.90,1.92,1.93,1.94,2.00,2.01,2.10,2.17,2.20,2.30,2.35,2.36,2.40,2.41,2.42,2.43,2.50,2.52,2.53,2.60,2.70,2.76,2.80,3.00,3.01,3.10,3.15,3.16,3.21,3.30,3.40,3.41,3.42,3.50,3.55,3.56,3.60,3.61,3.65,3.66,3.70,3.71,3.72,3.73,4.00,4.01,4.10,4.11,4.20,4.21,4.25,4.30,4.31,4.40,4.41,4.45,4.46,4.50,4.53,4.55,4.60,4.65,4.66,4.70,4.75,4.76,4.78,4.80,4.81,4.82,4.83,4.84,4.85,4.86,4.87,4.88,4.89,4.90,4.91,4.92,4.93	none
768	none	1.02,1.10,1.11,1.30,1.31,1.32,1.50,1.51,1.54,1.60,1.70,1.80,1.81,1.82,1.90,1.92,1.93,1.94,2.00,2.01,2.10,2.17,2.20,2.30,2.35,2.36,2.40,2.41,2.42,2.43,2.50,2.52,2.53,2.60,2.70,2.76,2.80,3.00,3.01,3.10,3.15,3.16,3.21,3.30,3.40,3.41,3.42,3.50,3.55,3.56,3.60,3.61,3.65,3.66,3.70,3.71,3.72,3.73,4.00,4.01,4.10,4.11,4.20,4.21,4.25,4.30,4.31,4.40,4.41,4.45,4.46,4.50,4.53,4.55,4.60,4.65,4.66,4.70,4.75,4.76,4.78,4.80,4.81,4.82,4.83,4.84,4.85,4.86,4.87,4.88,4.89,4.90,4.91,4.92,4.93	none
769	none	1.02,1.10,1.11,1.30,1.31,1.32,1.50,1.51,1.54,1.60,1.70,1.80,1.81,1.82,1.90,1.92,1.93,1.94,2.00,2.01,2.10,2.17,2.20,2.30,2.35,2.36,2.40,2.41,2.42,2.43,2.50,2.52,2.53,2.60,2.70,2.76,2.80,3.00,3.01,3.10,3.15,3.16,3.21,3.30,3.40,3.41,3.42,3.50,3.55,3.56,3.60,3.61,3.65,3.66,3.70,3.71,3.72,3.73,4.00,4.01,4.10,4.11,4.20,4.21,4.25,4.30,4.31,4.40,4.41,4.45,4.46,4.50,4.53,4.55,4.60,4.65,4.66,4.70,4.75,4.76,4.78,4.80,4.81,4.82,4.83,4.84,4.85,4.86,4.87,4.88,4.89,4.90,4.91,4.92,4.93	none
770	none	1.02,1.10,1.11,1.30,1.31,1.32,1.50,1.51,1.54,1.60,1.70,1.80,1.81,1.82,1.90,1.92,1.93,1.94,2.00,2.01,2.10,2.17,2.20,2.30,2.35,2.36,2.40,2.41,2.42,2.43,2.50,2.52,2.53,2.60,2.70,2.76,2.80,3.00,3.01,3.10,3.15,3.16,3.21,3.30,3.40,3.41,3.42,3.50,3.55,3.56,3.60,3.61,3.65,3.66,3.70,3.71,3.72,3.73,4.00,4.01,4.10,4.11,4.20,4.21,4.25,4.30,4.31,4.40,4.41,4.45,4.46,4.50,4.53,4.55,4.60,4.65,4.66,4.70,4.75,4.76,4.78,4.80,4.81,4.82,4.83,4.84,4.85,4.86,4.87,4.88,4.89,4.90,4.91,4.92,4.93	none
771	none	1.02,1.10,1.11,1.30,1.31,1.32,1.50,1.51,1.54,1.60,1.70,1.80,1.81,1.82,1.90,1.92,1.93,1.94,2.00,2.01,2.10,2.17,2.20,2.30,2.35,2.36,2.40,2.41,2.42,2.43,2.50,2.52,2.53,2.60,2.70,2.76,2.80,3.00,3.01,3.10,3.15,3.16,3.21,3.30,3.40,3.41,3.42,3.50,3.55,3.56,3.60,3.61,3.65,3.66,3.70,3.71,3.72,3.73,4.00,4.01,4.10,4.11,4.20,4.21,4.25,4.30,4.31,4.40,4.41,4.45,4.46,4.50,4.53,4.55,4.60,4.65,4.66,4.70,4.75,4.76,4.78,4.80,4.81,4.82,4.83,4.84,4.85,4.86,4.87,4.88,4.89,4.90,4.91,4.92,4.93	none
772	none	1.02,1.10,1.11,1.30,1.31,1.32,1.50,1.51,1.54,1.60,1.70,1.80,1.81,1.82,1.90,1.92,1.93,1.94,2.00,2.01,2.10,2.17,2.20,2.30,2.35,2.36,2.40,2.41,2.42,2.43,2.50,2.52,2.53,2.60,2.70,2.76,2.80,3.00,3.01,3.10,3.15,3.16,3.21,3.30,3.40,3.41,3.42,3.50,3.55,3.56,3.60,3.61,3.65,3.66,3.70,3.71,3.72,3.73,4.00,4.01,4.10,4.11,4.20,4.21,4.25,4.30,4.31,4.40,4.41,4.45,4.46,4.50,4.53,4.55,4.60,4.65,4.66,4.70,4.75,4.76,4.78,4.80,4.81,4.82,4.83,4.84,4.85,4.86,4.87,4.88,4.89,4.90,4.91,4.92,4.93	none
773	none	1.02,1.10,1.11,1.30,1.31,1.32,1.50,1.51,1.54,1.60,1.70,1.80,1.81,1.82,1.90,1.92,1.93,1.94,2.00,2.01,2.10,2.17,2.20,2.30,2.35,2.36,2.40,2.41,2.42,2.43,2.50,2.52,2.53,2.60,2.70,2.76,2.80,3.00,3.01,3.10,3.15,3.16,3.21,3.30,3.40,3.41,3.42,3.50,3.55,3.56,3.60,3.61,3.65,3.66,3.70,3.71,3.72,3.73,4.00,4.01,4.10,4.11,4.20,4.21,4.25,4.30,4.31,4.40,4.41,4.45,4.46,4.50,4.53,4.55,4.60,4.65,4.66,4.70,4.75,4.76,4.78,4.80,4.81,4.82,4.83,4.84,4.85,4.86,4.87,4.88,4.89,4.90,4.91,4.92,4.93	none
774	none	1.02,1.10,1.11,1.30,1.31,1.32,1.50,1.51,1.54,1.60,1.70,1.80,1.81,1.82,1.90,1.92,1.93,1.94,2.00,2.01,2.10,2.17,2.20,2.30,2.35,2.36,2.40,2.41,2.42,2.43,2.50,2.52,2.53,2.60,2.70,2.76,2.80,3.00,3.01,3.10,3.15,3.16,3.21,3.30,3.40,3.41,3.42,3.50,3.55,3.56,3.60,3.61,3.65,3.66,3.70,3.71,3.72,3.73,4.00,4.01,4.10,4.11,4.20,4.21,4.25,4.30,4.31,4.40,4.41,4.45,4.46,4.50,4.53,4.55,4.60,4.65,4.66,4.70,4.75,4.76,4.78,4.80,4.81,4.82,4.83,4.84,4.85,4.86,4.87,4.88,4.89,4.90,4.91,4.92,4.93	none
775	none	1.02,1.10,1.11,1.30,1.31,1.32,1.50,1.51,1.54,1.60,1.70,1.80,1.81,1.82,1.90,1.92,1.93,1.94,2.00,2.01,2.10,2.17,2.20,2.30,2.35,2.36,2.40,2.41,2.42,2.43,2.50,2.52,2.53,2.60,2.70,2.76,2.80,3.00,3.01,3.10,3.15,3.16,3.21,3.30,3.40,3.41,3.42,3.50,3.55,3.56,3.60,3.61,3.65,3.66,3.70,3.71,3.72,3.73,4.00,4.01,4.10,4.11,4.20,4.21,4.25,4.30,4.31,4.40,4.41,4.45,4.46,4.50,4.53,4.55,4.60,4.65,4.66,4.70,4.75,4.76,4.78,4.80,4.81,4.82,4.83,4.84,4.85,4.86,4.87,4.88,4.89,4.90,4.91,4.92,4.93	none
776	none	1.02,1.10,1.11,1.30,1.31,1.32,1.50,1.51,1.54,1.60,1.70,1.80,1.81,1.82,1.90,1.92,1.93,1.94,2.00,2.01,2.10,2.17,2.20,2.30,2.35,2.36,2.40,2.41,2.42,2.43,2.50,2.52,2.53,2.60,2.70,2.76,2.80,3.00,3.01,3.10,3.15,3.16,3.21,3.30,3.40,3.41,3.42,3.50,3.55,3.56,3.60,3.61,3.65,3.66,3.70,3.71,3.72,3.73,4.00,4.01,4.10,4.11,4.20,4.21,4.25,4.30,4.31,4.40,4.41,4.45,4.46,4.50,4.53,4.55,4.60,4.65,4.66,4.70,4.75,4.76,4.78,4.80,4.81,4.82,4.83,4.84,4.85,4.86,4.87,4.88,4.89,4.90,4.91,4.92,4.93	none
777	none	1.02,1.10,1.11,1.30,1.31,1.32,1.50,1.51,1.54,1.60,1.70,1.80,1.81,1.82,1.90,1.92,1.93,1.94,2.00,2.01,2.10,2.17,2.20,2.30,2.35,2.36,2.40,2.41,2.42,2.43,2.50,2.52,2.53,2.60,2.70,2.76,2.80,3.00,3.01,3.10,3.15,3.16,3.21,3.30,3.40,3.41,3.42,3.50,3.55,3.56,3.60,3.61,3.65,3.66,3.70,3.71,3.72,3.73,4.00,4.01,4.10,4.11,4.20,4.21,4.25,4.30,4.31,4.40,4.41,4.45,4.46,4.50,4.53,4.55,4.60,4.65,4.66,4.70,4.75,4.76,4.78,4.80,4.81,4.82,4.83,4.84,4.85,4.86,4.87,4.88,4.89,4.90,4.91,4.92,4.93	none
778	none	1.02,1.10,1.11,1.30,1.31,1.32,1.50,1.51,1.54,1.60,1.70,1.80,1.81,1.82,1.90,1.92,1.93,1.94,2.00,2.01,2.10,2.17,2.20,2.30,2.35,2.36,2.40,2.41,2.42,2.43,2.50,2.52,2.53,2.60,2.70,2.76,2.80,3.00,3.01,3.10,3.15,3.16,3.21,3.30,3.40,3.41,3.42,3.50,3.55,3.56,3.60,3.61,3.65,3.66,3.70,3.71,3.72,3.73,4.00,4.01,4.10,4.11,4.20,4.21,4.25,4.30,4.31,4.40,4.41,4.45,4.46,4.50,4.53,4.55,4.60,4.65,4.66,4.70,4.75,4.76,4.78,4.80,4.81,4.82,4.83,4.84,4.85,4.86,4.87,4.88,4.89,4.90,4.91,4.92,4.93	none
779	none	1.02,1.10,1.11,1.30,1.31,1.32,1.50,1.51,1.54,1.60,1.70,1.80,1.81,1.82,1.90,1.92,1.93,1.94,2.00,2.01,2.10,2.17,2.20,2.30,2.35,2.36,2.40,2.41,2.42,2.43,2.50,2.52,2.53,2.60,2.70,2.76,2.80,3.00,3.01,3.10,3.15,3.16,3.21,3.30,3.40,3.41,3.42,3.50,3.55,3.56,3.60,3.61,3.65,3.66,3.70,3.71,3.72,3.73,4.00,4.01,4.10,4.11,4.20,4.21,4.25,4.30,4.31,4.40,4.41,4.45,4.46,4.50,4.53,4.55,4.60,4.65,4.66,4.70,4.75,4.76,4.78,4.80,4.81,4.82,4.83,4.84,4.85,4.86,4.87,4.88,4.89,4.90,4.91,4.92,4.93	none
780	none	1.02,1.10,1.11,1.30,1.31,1.32,1.50,1.51,1.54,1.60,1.70,1.80,1.81,1.82,1.90,1.92,1.93,1.94,2.00,2.01,2.10,2.17,2.20,2.30,2.35,2.36,2.40,2.41,2.42,2.43,2.50,2.52,2.53,2.60,2.70,2.76,2.80,3.00,3.01,3.10,3.15,3.16,3.21,3.30,3.40,3.41,3.42,3.50,3.55,3.56,3.60,3.61,3.65,3.66,3.70,3.71,3.72,3.73,4.00,4.01,4.10,4.11,4.20,4.21,4.25,4.30,4.31,4.40,4.41,4.45,4.46,4.50,4.53,4.55,4.60,4.65,4.66,4.70,4.75,4.76,4.78,4.80,4.81,4.82,4.83,4.84,4.85,4.86,4.87,4.88,4.89,4.90,4.91,4.92,4.93	none
781	none	1.02,1.10,1.11,1.30,1.31,1.32,1.50,1.51,1.54,1.60,1.70,1.80,1.81,1.82,1.90,1.92,1.93,1.94,2.00,2.01,2.10,2.17,2.20,2.30,2.35,2.36,2.40,2.41,2.42,2.43,2.50,2.52,2.53,2.60,2.70,2.76,2.80,3.00,3.01,3.10,3.15,3.16,3.21,3.30,3.40,3.41,3.42,3.50,3.55,3.56,3.60,3.61,3.65,3.66,3.70,3.71,3.72,3.73,4.00,4.01,4.10,4.11,4.20,4.21,4.25,4.30,4.31,4.40,4.41,4.45,4.46,4.50,4.53,4.55,4.60,4.65,4.66,4.70,4.75,4.76,4.78,4.80,4.81,4.82,4.83,4.84,4.85,4.86,4.87,4.88,4.89,4.90,4.91,4.92,4.93	none
782	none	1.02,1.10,1.11,1.30,1.31,1.32,1.50,1.51,1.54,1.60,1.70,1.80,1.81,1.82,1.90,1.92,1.93,1.94,2.00,2.01,2.10,2.17,2.20,2.30,2.35,2.36,2.40,2.41,2.42,2.43,2.50,2.52,2.53,2.60,2.70,2.76,2.80,3.00,3.01,3.10,3.15,3.16,3.21,3.30,3.40,3.41,3.42,3.50,3.55,3.56,3.60,3.61,3.65,3.66,3.70,3.71,3.72,3.73,4.00,4.01,4.10,4.11,4.20,4.21,4.25,4.30,4.31,4.40,4.41,4.45,4.46,4.50,4.53,4.55,4.60,4.65,4.66,4.70,4.75,4.76,4.78,4.80,4.81,4.82,4.83,4.84,4.85,4.86,4.87,4.88,4.89,4.90,4.91,4.92,4.93	none
783	none	1.02,1.10,1.11,1.30,1.31,1.32,1.50,1.51,1.54,1.60,1.70,1.80,1.81,1.82,1.90,1.92,1.93,1.94,2.00,2.01,2.10,2.17,2.20,2.30,2.35,2.36,2.40,2.41,2.42,2.43,2.50,2.52,2.53,2.60,2.70,2.76,2.80,3.00,3.01,3.10,3.15,3.16,3.21,3.30,3.40,3.41,3.42,3.50,3.55,3.56,3.60,3.61,3.65,3.66,3.70,3.71,3.72,3.73,4.00,4.01,4.10,4.11,4.20,4.21,4.25,4.30,4.31,4.40,4.41,4.45,4.46,4.50,4.53,4.55,4.60,4.65,4.66,4.70,4.75,4.76,4.78,4.80,4.81,4.82,4.83,4.84,4.85,4.86,4.87,4.88,4.89,4.90,4.91,4.92,4.93	none
784	none	1.02,1.10,1.11,1.30,1.31,1.32,1.50,1.51,1.54,1.60,1.70,1.80,1.81,1.82,1.90,1.92,1.93,1.94,2.00,2.01,2.10,2.17,2.20,2.30,2.35,2.36,2.40,2.41,2.42,2.43,2.50,2.52,2.53,2.60,2.70,2.76,2.80,3.00,3.01,3.10,3.15,3.16,3.21,3.30,3.40,3.41,3.42,3.50,3.55,3.56,3.60,3.61,3.65,3.66,3.70,3.71,3.72,3.73,4.00,4.01,4.10,4.11,4.20,4.21,4.25,4.30,4.31,4.40,4.41,4.45,4.46,4.50,4.53,4.55,4.60,4.65,4.66,4.70,4.75,4.76,4.78,4.80,4.81,4.82,4.83,4.84,4.85,4.86,4.87,4.88,4.89,4.90,4.91,4.92,4.93	none
785	none	1.02,1.10,1.11,1.30,1.31,1.32,1.50,1.51,1.54,1.60,1.70,1.80,1.81,1.82,1.90,1.92,1.93,1.94,2.00,2.01,2.10,2.17,2.20,2.30,2.35,2.36,2.40,2.41,2.42,2.43,2.50,2.52,2.53,2.60,2.70,2.76,2.80,3.00,3.01,3.10,3.15,3.16,3.21,3.30,3.40,3.41,3.42,3.50,3.55,3.56,3.60,3.61,3.65,3.66,3.70,3.71,3.72,3.73,4.00,4.01,4.10,4.11,4.20,4.21,4.25,4.30,4.31,4.40,4.41,4.45,4.46,4.50,4.53,4.55,4.60,4.65,4.66,4.70,4.75,4.76,4.78,4.80,4.81,4.82,4.83,4.84,4.85,4.86,4.87,4.88,4.89,4.90,4.91,4.92,4.93	none
786	none	1.02,1.10,1.11,1.30,1.31,1.32,1.50,1.51,1.54,1.60,1.70,1.80,1.81,1.82,1.90,1.92,1.93,1.94,2.00,2.01,2.10,2.17,2.20,2.30,2.35,2.36,2.40,2.41,2.42,2.43,2.50,2.52,2.53,2.60,2.70,2.76,2.80,3.00,3.01,3.10,3.15,3.16,3.21,3.30,3.40,3.41,3.42,3.50,3.55,3.56,3.60,3.61,3.65,3.66,3.70,3.71,3.72,3.73,4.00,4.01,4.10,4.11,4.20,4.21,4.25,4.30,4.31,4.40,4.41,4.45,4.46,4.50,4.53,4.55,4.60,4.65,4.66,4.70,4.75,4.76,4.78,4.80,4.81,4.82,4.83,4.84,4.85,4.86,4.87,4.88,4.89,4.90,4.91,4.92,4.93	none
787	none	1.02,1.10,1.11,1.30,1.31,1.32,1.50,1.51,1.54,1.60,1.70,1.80,1.81,1.82,1.90,1.92,1.93,1.94,2.00,2.01,2.10,2.17,2.20,2.30,2.35,2.36,2.40,2.41,2.42,2.43,2.50,2.52,2.53,2.60,2.70,2.76,2.80,3.00,3.01,3.10,3.15,3.16,3.21,3.30,3.40,3.41,3.42,3.50,3.55,3.56,3.60,3.61,3.65,3.66,3.70,3.71,3.72,3.73,4.00,4.01,4.10,4.11,4.20,4.21,4.25,4.30,4.31,4.40,4.41,4.45,4.46,4.50,4.53,4.55,4.60,4.65,4.66,4.70,4.75,4.76,4.78,4.80,4.81,4.82,4.83,4.84,4.85,4.86,4.87,4.88,4.89,4.90,4.91,4.92,4.93	none
788	none	1.02,1.10,1.11,1.30,1.31,1.32,1.50,1.51,1.54,1.60,1.70,1.80,1.81,1.82,1.90,1.92,1.93,1.94,2.00,2.01,2.10,2.17,2.20,2.30,2.35,2.36,2.40,2.41,2.42,2.43,2.50,2.52,2.53,2.60,2.70,2.76,2.80,3.00,3.01,3.10,3.15,3.16,3.21,3.30,3.40,3.41,3.42,3.50,3.55,3.56,3.60,3.61,3.65,3.66,3.70,3.71,3.72,3.73,4.00,4.01,4.10,4.11,4.20,4.21,4.25,4.30,4.31,4.40,4.41,4.45,4.46,4.50,4.53,4.55,4.60,4.65,4.66,4.70,4.75,4.76,4.78,4.80,4.81,4.82,4.83,4.84,4.85,4.86,4.87,4.88,4.89,4.90,4.91,4.92,4.93	none
789	none	1.02,1.10,1.11,1.30,1.31,1.32,1.50,1.51,1.54,1.60,1.70,1.80,1.81,1.82,1.90,1.92,1.93,1.94,2.00,2.01,2.10,2.17,2.20,2.30,2.35,2.36,2.40,2.41,2.42,2.43,2.50,2.52,2.53,2.60,2.70,2.76,2.80,3.00,3.01,3.10,3.15,3.16,3.21,3.30,3.40,3.41,3.42,3.50,3.55,3.56,3.60,3.61,3.65,3.66,3.70,3.71,3.72,3.73,4.00,4.01,4.10,4.11,4.20,4.21,4.25,4.30,4.31,4.40,4.41,4.45,4.46,4.50,4.53,4.55,4.60,4.65,4.66,4.70,4.75,4.76,4.78,4.80,4.81,4.82,4.83,4.84,4.85,4.86,4.87,4.88,4.89,4.90,4.91,4.92,4.93	none
790	none	1.02,1.10,1.11,1.30,1.31,1.32,1.50,1.51,1.54,1.60,1.70,1.80,1.81,1.82,1.90,1.92,1.93,1.94,2.00,2.01,2.10,2.17,2.20,2.30,2.35,2.36,2.40,2.41,2.42,2.43,2.50,2.52,2.53,2.60,2.70,2.76,2.80,3.00,3.01,3.10,3.15,3.16,3.21,3.30,3.40,3.41,3.42,3.50,3.55,3.56,3.60,3.61,3.65,3.66,3.70,3.71,3.72,3.73,4.00,4.01,4.10,4.11,4.20,4.21,4.25,4.30,4.31,4.40,4.41,4.45,4.46,4.50,4.53,4.55,4.60,4.65,4.66,4.70,4.75,4.76,4.78,4.80,4.81,4.82,4.83,4.84,4.85,4.86,4.87,4.88,4.89,4.90,4.91,4.92,4.93	none
791	none	1.02,1.10,1.11,1.30,1.31,1.32,1.50,1.51,1.54,1.60,1.70,1.80,1.81,1.82,1.90,1.92,1.93,1.94,2.00,2.01,2.10,2.17,2.20,2.30,2.35,2.36,2.40,2.41,2.42,2.43,2.50,2.52,2.53,2.60,2.70,2.76,2.80,3.00,3.01,3.10,3.15,3.16,3.21,3.30,3.40,3.41,3.42,3.50,3.55,3.56,3.60,3.61,3.65,3.66,3.70,3.71,3.72,3.73,4.00,4.01,4.10,4.11,4.20,4.21,4.25,4.30,4.31,4.40,4.41,4.45,4.46,4.50,4.53,4.55,4.60,4.65,4.66,4.70,4.75,4.76,4.78,4.80,4.81,4.82,4.83,4.84,4.85,4.86,4.87,4.88,4.89,4.90,4.91,4.92,4.93	none
792	none	1.02,1.10,1.11,1.30,1.31,1.32,1.50,1.51,1.54,1.60,1.70,1.80,1.81,1.82,1.90,1.92,1.93,1.94,2.00,2.01,2.10,2.17,2.20,2.30,2.35,2.36,2.40,2.41,2.42,2.43,2.50,2.52,2.53,2.60,2.70,2.76,2.80,3.00,3.01,3.10,3.15,3.16,3.21,3.30,3.40,3.41,3.42,3.50,3.55,3.56,3.60,3.61,3.65,3.66,3.70,3.71,3.72,3.73,4.00,4.01,4.10,4.11,4.20,4.21,4.25,4.30,4.31,4.40,4.41,4.45,4.46,4.50,4.53,4.55,4.60,4.65,4.66,4.70,4.75,4.76,4.78,4.80,4.81,4.82,4.83,4.84,4.85,4.86,4.87,4.88,4.89,4.90,4.91,4.92,4.93	none
793	none	1.02,1.10,1.11,1.30,1.31,1.32,1.50,1.51,1.54,1.60,1.70,1.80,1.81,1.82,1.90,1.92,1.93,1.94,2.00,2.01,2.10,2.17,2.20,2.30,2.35,2.36,2.40,2.41,2.42,2.43,2.50,2.52,2.53,2.60,2.70,2.76,2.80,3.00,3.01,3.10,3.15,3.16,3.21,3.30,3.40,3.41,3.42,3.50,3.55,3.56,3.60,3.61,3.65,3.66,3.70,3.71,3.72,3.73,4.00,4.01,4.10,4.11,4.20,4.21,4.25,4.30,4.31,4.40,4.41,4.45,4.46,4.50,4.53,4.55,4.60,4.65,4.66,4.70,4.75,4.76,4.78,4.80,4.81,4.82,4.83,4.84,4.85,4.86,4.87,4.88,4.89,4.90,4.91,4.92,4.93	none
794	none	1.02,1.10,1.11,1.30,1.31,1.32,1.50,1.51,1.54,1.60,1.70,1.80,1.81,1.82,1.90,1.92,1.93,1.94,2.00,2.01,2.10,2.17,2.20,2.30,2.35,2.36,2.40,2.41,2.42,2.43,2.50,2.52,2.53,2.60,2.70,2.76,2.80,3.00,3.01,3.10,3.15,3.16,3.21,3.30,3.40,3.41,3.42,3.50,3.55,3.56,3.60,3.61,3.65,3.66,3.70,3.71,3.72,3.73,4.00,4.01,4.10,4.11,4.20,4.21,4.25,4.30,4.31,4.40,4.41,4.45,4.46,4.50,4.53,4.55,4.60,4.65,4.66,4.70,4.75,4.76,4.78,4.80,4.81,4.82,4.83,4.84,4.85,4.86,4.87,4.88,4.89,4.90,4.91,4.92,4.93	none
795	none	1.02,1.10,1.11,1.30,1.31,1.32,1.50,1.51,1.54,1.60,1.70,1.80,1.81,1.82,1.90,1.92,1.93,1.94,2.00,2.01,2.10,2.17,2.20,2.30,2.35,2.36,2.40,2.41,2.42,2.43,2.50,2.52,2.53,2.60,2.70,2.76,2.80,3.00,3.01,3.10,3.15,3.16,3.21,3.30,3.40,3.41,3.42,3.50,3.55,3.56,3.60,3.61,3.65,3.66,3.70,3.71,3.72,3.73,4.00,4.01,4.10,4.11,4.20,4.21,4.25,4.30,4.31,4.40,4.41,4.45,4.46,4.50,4.53,4.55,4.60,4.65,4.66,4.70,4.75,4.76,4.78,4.80,4.81,4.82,4.83,4.84,4.85,4.86,4.87,4.88,4.89,4.90,4.91,4.92,4.93	none
796	none	1.02,1.10,1.11,1.30,1.31,1.32,1.50,1.51,1.54,1.60,1.70,1.80,1.81,1.82,1.90,1.92,1.93,1.94,2.00,2.01,2.10,2.17,2.20,2.30,2.35,2.36,2.40,2.41,2.42,2.43,2.50,2.52,2.53,2.60,2.70,2.76,2.80,3.00,3.01,3.10,3.15,3.16,3.21,3.30,3.40,3.41,3.42,3.50,3.55,3.56,3.60,3.61,3.65,3.66,3.70,3.71,3.72,3.73,4.00,4.01,4.10,4.11,4.20,4.21,4.25,4.30,4.31,4.40,4.41,4.45,4.46,4.50,4.53,4.55,4.60,4.65,4.66,4.70,4.75,4.76,4.78,4.80,4.81,4.82,4.83,4.84,4.85,4.86,4.87,4.88,4.89,4.90,4.91,4.92,4.93	none
797	none	1.02,1.10,1.11,1.30,1.31,1.32,1.50,1.51,1.54,1.60,1.70,1.80,1.81,1.82,1.90,1.92,1.93,1.94,2.00,2.01,2.10,2.17,2.20,2.30,2.35,2.36,2.40,2.41,2.42,2.43,2.50,2.52,2.53,2.60,2.70,2.76,2.80,3.00,3.01,3.10,3.15,3.16,3.21,3.30,3.40,3.41,3.42,3.50,3.55,3.56,3.60,3.61,3.65,3.66,3.70,3.71,3.72,3.73,4.00,4.01,4.10,4.11,4.20,4.21,4.25,4.30,4.31,4.40,4.41,4.45,4.46,4.50,4.53,4.55,4.60,4.65,4.66,4.70,4.75,4.76,4.78,4.80,4.81,4.82,4.83,4.84,4.85,4.86,4.87,4.88,4.89,4.90,4.91,4.92,4.93	none
798	none	1.02,1.10,1.11,1.30,1.31,1.32,1.50,1.51,1.54,1.60,1.70,1.80,1.81,1.82,1.90,1.92,1.93,1.94,2.00,2.01,2.10,2.17,2.20,2.30,2.35,2.36,2.40,2.41,2.42,2.43,2.50,2.52,2.53,2.60,2.70,2.76,2.80,3.00,3.01,3.10,3.15,3.16,3.21,3.30,3.40,3.41,3.42,3.50,3.55,3.56,3.60,3.61,3.65,3.66,3.70,3.71,3.72,3.73,4.00,4.01,4.10,4.11,4.20,4.21,4.25,4.30,4.31,4.40,4.41,4.45,4.46,4.50,4.53,4.55,4.60,4.65,4.66,4.70,4.75,4.76,4.78,4.80,4.81,4.82,4.83,4.84,4.85,4.86,4.87,4.88,4.89,4.90,4.91,4.92,4.93	none
799	none	1.02,1.10,1.11,1.30,1.31,1.32,1.50,1.51,1.54,1.60,1.70,1.80,1.81,1.82,1.90,1.92,1.93,1.94,2.00,2.01,2.10,2.17,2.20,2.30,2.35,2.36,2.40,2.41,2.42,2.43,2.50,2.52,2.53,2.60,2.70,2.76,2.80,3.00,3.01,3.10,3.15,3.16,3.21,3.30,3.40,3.41,3.42,3.50,3.55,3.56,3.60,3.61,3.65,3.66,3.70,3.71,3.72,3.73,4.00,4.01,4.10,4.11,4.20,4.21,4.25,4.30,4.31,4.40,4.41,4.45,4.46,4.50,4.53,4.55,4.60,4.65,4.66,4.70,4.75,4.76,4.78,4.80,4.81,4.82,4.83,4.84,4.85,4.86,4.87,4.88,4.89,4.90,4.91,4.92,4.93	none
800	1.02,1.10,1.11,1.30,1.31,1.32,1.50,1.51,1.54,1.60,1.70,1.80,1.81,1.82,1.90,1.92,1.93,1.94,2.00,2.01,2.10,2.17,2.20,2.30,2.35,2.36,2.40,2.41,2.42,2.43,2.50,2.52,2.53,2.60,2.70,2.76,2.80,3.00,3.01,3.10,3.15,3.16,3.21,3.30,3.40,3.41,3.42,3.50,3.55,3.56,3.60,3.61,3.65,3.66,3.70,3.71,3.72,3.73,4.00,4.01,4.10,4.11,4.20,4.21,4.25,4.30,4.31,4.40,4.41,4.45,4.46,4.50,4.53,4.55,4.60,4.65,4.66,4.70,4.75,4.76,4.78,4.80,4.81,4.82,4.83,4.84,4.85,4.86,4.87,4.88,4.89,4.90,4.91,4.92,4.93	none	none
801	1.02,1.10,1.11,1.30,1.31,1.32,1.50,1.51,1.54,1.60,1.70,1.80,1.81,1.82,1.90,1.92,1.93,1.94,2.00,2.01,2.10,2.17,2.20,2.30,2.35,2.36,2.40,2.41,2.42,2.43,2.50,2.52,2.53,2.60,2.70,2.76,2.80,3.00,3.01,3.10,3.15,3.16,3.21,3.30,3.40,3.41,3.42,3.50,3.55,3.56,3.60,3.61,3.65,3.66,3.70,3.71,3.72,3.73,4.00,4.01,4.10,4.11,4.20,4.21,4.25,4.30,4.31,4.40,4.41,4.45,4.46,4.50,4.53,4.55,4.60,4.65,4.66,4.70,4.75,4.76,4.78,4.80,4.81,4.82,4.83,4.84,4.85,4.86,4.87,4.88,4.89,4.90,4.91,4.92,4.93	none	none
802	1.02,1.10,1.11,1.30,1.31,1.32,1.50,1.51,1.54,1.60,1.70,1.80,1.81,1.82,1.90,1.92,1.93,1.94,2.00,2.01,2.10,2.17,2.20,2.30,2.35,2.36,2.40,2.41,2.42,2.43,2.50,2.52,2.53,2.60,2.70,2.76,2.80,3.00,3.01,3.10,3.15,3.16,3.21,3.30,3.40,3.41,3.42,3.50,3.55,3.56,3.60,3.61,3.65,3.66,3.70,3.71,3.72,3.73,4.00,4.01,4.10,4.11,4.20,4.21,4.25,4.30,4.31,4.40,4.41,4.45,4.46,4.50,4.53,4.55,4.60,4.65,4.66,4.70,4.75,4.76,4.78,4.80,4.81,4.82,4.83,4.84,4.85,4.86,4.87,4.88,4.89,4.90,4.91,4.92,4.93	none	none
803	1.02,1.10,1.11,1.30,1.31,1.32,1.50,1.51,1.54,1.60,1.70,1.80,1.81,1.82,1.90,1.92,1.93,1.94,2.00,2.01,2.10,2.17,2.20,2.30,2.35,2.36,2.40,2.41,2.42,2.43,2.50,2.52,2.53,2.60,2.70,2.76,2.80,3.00,3.01,3.10,3.15,3.16,3.21,3.30,3.40,3.41,3.42,3.50,3.55,3.56,3.60,3.61,3.65,3.66,3.70,3.71,3.72,3.73,4.00,4.01,4.10,4.11,4.20,4.21,4.25,4.30,4.31,4.40,4.41,4.45,4.46,4.50,4.53,4.55,4.60,4.65,4.66,4.70,4.75,4.76,4.78,4.80,4.81,4.82,4.83,4.84,4.85,4.86,4.87,4.88,4.89,4.90,4.91,4.92,4.93	none	none
804	1.02,1.10,1.11,1.30,1.31,1.32,1.50,1.51,1.54,1.60,1.70,1.80,1.81,1.82,1.90,1.92,1.93,1.94,2.00,2.01,2.10,2.17,2.20,2.30,2.35,2.36,2.40,2.41,2.42,2.43,2.50,2.52,2.53,2.60,2.70,2.76,2.80,3.00,3.01,3.10,3.15,3.16,3.21,3.30,3.40,3.41,3.42,3.50,3.55,3.56,3.60,3.61,3.65,3.66,3.70,3.71,3.72,3.73,4.00,4.01,4.10,4.11,4.20,4.21,4.25,4.30,4.31,4.40,4.41,4.45,4.46,4.50,4.53,4.55,4.60,4.65,4.66,4.70,4.75,4.76,4.78,4.80,4.81,4.82,4.83,4.84,4.85,4.86,4.87,4.88,4.89,4.90,4.91,4.92,4.93	none	none
805	1.02,1.10,1.11,1.30,1.31,1.32,1.50,1.51,1.54,1.60,1.70,1.80,1.81,1.82,1.90,1.92,1.93,1.94,2.00,2.01,2.10,2.17,2.20,2.30,2.35,2.36,2.40,2.41,2.42,2.43,2.50,2.52,2.53,2.60,2.70,2.76,2.80,3.00,3.01,3.10,3.15,3.16,3.21,3.30,3.40,3.41,3.42,3.50,3.55,3.56,3.60,3.61,3.65,3.66,3.70,3.71,3.72,3.73,4.00,4.01,4.10,4.11,4.20,4.21,4.25,4.30,4.31,4.40,4.41,4.45,4.46,4.50,4.53,4.55,4.60,4.65,4.66,4.70,4.75,4.76,4.78,4.80,4.81,4.82,4.83,4.84,4.85,4.86,4.87,4.88,4.89,4.90,4.91,4.92,4.93	none	none
806	1.02,1.10,1.11,1.30,1.31,1.32,1.50,1.51,1.54,1.60,1.70,1.80,1.81,1.82,1.90,1.92,1.93,1.94,2.00,2.01,2.10,2.17,2.20,2.30,2.35,2.36,2.40,2.41,2.42,2.43,2.50,2.52,2.53,2.60,2.70,2.76,2.80,3.00,3.01,3.10,3.15,3.16,3.21,3.30,3.40,3.41,3.42,3.50,3.55,3.56,3.60,3.61,3.65,3.66,3.70,3.71,3.72,3.73,4.00,4.01,4.10,4.11,4.20,4.21,4.25,4.30,4.31,4.40,4.41,4.45,4.46,4.50,4.53,4.55,4.60,4.65,4.66,4.70,4.75,4.76,4.78,4.80,4.81,4.82,4.83,4.84,4.85,4.86,4.87,4.88,4.89,4.90,4.91,4.92,4.93	none	none
807	1.02,1.10,1.11,1.30,1.31,1.32,1.50,1.51,1.54,1.60,1.70,1.80,1.81,1.82,1.90,1.92,1.93,1.94,2.00,2.01,2.10,2.17,2.20,2.30,2.35,2.36,2.40,2.41,2.42,2.43,2.50,2.52,2.53,2.60,2.70,2.76,2.80,3.00,3.01,3.10,3.15,3.16,3.21,3.30,3.40,3.41,3.42,3.50,3.55,3.56,3.60,3.61,3.65,3.66,3.70,3.71,3.72,3.73,4.00,4.01,4.10,4.11,4.20,4.21,4.25,4.30,4.31,4.40,4.41,4.45,4.46,4.50,4.53,4.55,4.60,4.65,4.66,4.70,4.75,4.76,4.78,4.80,4.81,4.82,4.83,4.84,4.85,4.86,4.87,4.88,4.89,4.90,4.91,4.92,4.93	none	none
808	1.02,1.10,1.11,1.30,1.31,1.32,1.50,1.51,1.54,1.60,1.70,1.80,1.81,1.82,1.90,1.92,1.93,1.94,2.00,2.01,2.10,2.17,2.20,2.30,2.35,2.36,2.40,2.41,2.42,2.43,2.50,2.52,2.53,2.60,2.70,2.76,2.80,3.00,3.01,3.10,3.15,3.16,3.21,3.30,3.40,3.41,3.42,3.50,3.55,3.56,3.60,3.61,3.65,3.66,3.70,3.71,3.72,3.73,4.00,4.01,4.10,4.11,4.20,4.21,4.25,4.30,4.31,4.40,4.41,4.45,4.46,4.50,4.53,4.55,4.60,4.65,4.66,4.70,4.75,4.76,4.78,4.80,4.81,4.82,4.83,4.84,4.85,4.86,4.87,4.88,4.89,4.90,4.91,4.92,4.93	none	none
809	1.02,1.10,1.11,1.30,1.31,1.32,1.50,1.51,1.54,1.60,1.70,1.80,1.81,1.82,1.90,1.92,1.93,1.94,2.00,2.01,2.10,2.17,2.20,2.30,2.35,2.36,2.40,2.41,2.42,2.43,2.50,2.52,2.53,2.60,2.70,2.76,2.80,3.00,3.01,3.10,3.15,3.16,3.21,3.30,3.40,3.41,3.42,3.50,3.55,3.56,3.60,3.61,3.65,3.66,3.70,3.71,3.72,3.73,4.00,4.01,4.10,4.11,4.20,4.21,4.25,4.30,4.31,4.40,4.41,4.45,4.46,4.50,4.53,4.55,4.60,4.65,4.66,4.70,4.75,4.76,4.78,4.80,4.81,4.82,4.83,4.84,4.85,4.86,4.87,4.88,4.89,4.90,4.91,4.92,4.93	none	none
810	1.02,1.10,1.11,1.30,1.31,1.32,1.50,1.51,1.54,1.60,1.70,1.80,1.81,1.82,1.90,1.92,1.93,1.94,2.00,2.01,2.10,2.17,2.20,2.30,2.35,2.36,2.40,2.41,2.42,2.43,2.50,2.52,2.53,2.60,2.70,2.76,2.80,3.00,3.01,3.10,3.15,3.16,3.21,3.30,3.40,3.41,3.42,3.50,3.55,3.56,3.60,3.61,3.65,3.66,3.70,3.71,3.72,3.73,4.00,4.01,4.10,4.11,4.20,4.21,4.25,4.30,4.31,4.40,4.41,4.45,4.46,4.50,4.53,4.55,4.60,4.65,4.66,4.70,4.75,4.76,4.78,4.80,4.81,4.82,4.83,4.84,4.85,4.86,4.87,4.88,4.89,4.90,4.91,4.92,4.93	none	none
811	1.02,1.10,1.11,1.30,1.31,1.32,1.50,1.51,1.54,1.60,1.70,1.80,1.81,1.82,1.90,1.92,1.93,1.94,2.00,2.01,2.10,2.17,2.20,2.30,2.35,2.36,2.40,2.41,2.42,2.43,2.50,2.52,2.53,2.60,2.70,2.76,2.80,3.00,3.01,3.10,3.15,3.16,3.21,3.30,3.40,3.41,3.42,3.50,3.55,3.56,3.60,3.61,3.65,3.66,3.70,3.71,3.72,3.73,4.00,4.01,4.10,4.11,4.20,4.21,4.25,4.30,4.31,4.40,4.41,4.45,4.46,4.50,4.53,4.55,4.60,4.65,4.66,4.70,4.75,4.76,4.78,4.80,4.81,4.82,4.83,4.84,4.85,4.86,4.87,4.88,4.89,4.90,4.91,4.92,4.93	none	none
812	1.02,1.10,1.11,1.30,1.31,1.32,1.50,1.51,1.54,1.60,1.70,1.80,1.81,1.82,1.90,1.92,1.93,1.94,2.00,2.01,2.10,2.17,2.20,2.30,2.35,2.36,2.40,2.41,2.42,2.43,2.50,2.52,2.53,2.60,2.70,2.76,2.80,3.00,3.01,3.10,3.15,3.16,3.21,3.30,3.40,3.41,3.42,3.50,3.55,3.56,3.60,3.61,3.65,3.66,3.70,3.71,3.72,3.73,4.00,4.01,4.10,4.11,4.20,4.21,4.25,4.30,4.31,4.40,4.41,4.45,4.46,4.50,4.53,4.55,4.60,4.65,4.66,4.70,4.75,4.76,4.78,4.80,4.81,4.82,4.83,4.84,4.85,4.86,4.87,4.88,4.89,4.90,4.91,4.92,4.93	none	none
813	1.02,1.10,1.11,1.30,1.31,1.32,1.50,1.51,1.54,1.60,1.70,1.80,1.81,1.82,1.90,1.92,1.93,1.94,2.00,2.01,2.10,2.17,2.20,2.30,2.35,2.36,2.40,2.41,2.42,2.43,2.50,2.52,2.53,2.60,2.70,2.76,2.80,3.00,3.01,3.10,3.15,3.16,3.21,3.30,3.40,3.41,3.42,3.50,3.55,3.56,3.60,3.61,3.65,3.66,3.70,3.71,3.72,3.73,4.00,4.01,4.10,4.11,4.20,4.21,4.25,4.30,4.31,4.40,4.41,4.45,4.46,4.50,4.53,4.55,4.60,4.65,4.66,4.70,4.75,4.76,4.78,4.80,4.81,4.82,4.83,4.84,4.85,4.86,4.87,4.88,4.89,4.90,4.91,4.92,4.93	none	none
814	1.02,1.10,1.11,1.30,1.31,1.32,1.50,1.51,1.54,1.60,1.70,1.80,1.81,1.82,1.90,1.92,1.93,1.94,2.00,2.01,2.10,2.17,2.20,2.30,2.35,2.36,2.40,2.41,2.42,2.43,2.50,2.52,2.53,2.60,2.70,2.76,2.80,3.00,3.01,3.10,3.15,3.16,3.21,3.30,3.40,3.41,3.42,3.50,3.55,3.56,3.60,3.61,3.65,3.66,3.70,3.71,3.72,3.73,4.00,4.01,4.10,4.11,4.20,4.21,4.25,4.30,4.31,4.40,4.41,4.45,4.46,4.50,4.53,4.55,4.60,4.65,4.66,4.70,4.75,4.76,4.78,4.80,4.81,4.82,4.83,4.84,4.85,4.86,4.87,4.88,4.89,4.90,4.91,4.92,4.93	none	none
815	1.02,1.10,1.11,1.30,1.31,1.32,1.50,1.51,1.54,1.60,1.70,1.80,1.81,1.82,1.90,1.92,1.93,1.94,2.00,2.01,2.10,2.17,2.20,2.30,2.35,2.36,2.40,2.41,2.42,2.43,2.50,2.52,2.53,2.60,2.70,2.76,2.80,3.00,3.01,3.10,3.15,3.16,3.21,3.30,3.40,3.41,3.42,3.50,3.55,3.56,3.60,3.61,3.65,3.66,3.70,3.71,3.72,3.73,4.00,4.01,4.10,4.11,4.20,4.21,4.25,4.30,4.31,4.40,4.41,4.45,4.46,4.50,4.53,4.55,4.60,4.65,4.66,4.70,4.75,4.76,4.78,4.80,4.81,4.82,4.83,4.84,4.85,4.86,4.87,4.88,4.89,4.90,4.91,4.92,4.93	none	none
816	1.02,1.10,1.11,1.30,1.31,1.32,1.50,1.51,1.54,1.60,1.70,1.80,1.81,1.82,1.90,1.92,1.93,1.94,2.00,2.01,2.10,2.17,2.20,2.30,2.35,2.36,2.40,2.41,2.42,2.43,2.50,2.52,2.53,2.60,2.70,2.76,2.80,3.00,3.01,3.10,3.15,3.16,3.21,3.30,3.40,3.41,3.42,3.50,3.55,3.56,3.60,3.61,3.65,3.66,3.70,3.71,3.72,3.73,4.00,4.01,4.10,4.11,4.20,4.21,4.25,4.30,4.31,4.40,4.41,4.45,4.46,4.50,4.53,4.55,4.60,4.65,4.66,4.70,4.75,4.76,4.78,4.80,4.81,4.82,4.83,4.84,4.85,4.86,4.87,4.88,4.89,4.90,4.91,4.92,4.93	none	none
817	1.02,1.10,1.11,1.30,1.31,1.32,1.50,1.51,1.54,1.60,1.70,1.80,1.81,1.82,1.90,1.92,1.93,1.94,2.00,2.01,2.10,2.17,2.20,2.30,2.35,2.36,2.40,2.41,2.42,2.43,2.50,2.52,2.53,2.60,2.70,2.76,2.80,3.00,3.01,3.10,3.15,3.16,3.21,3.30,3.40,3.41,3.42,3.50,3.55,3.56,3.60,3.61,3.65,3.66,3.70,3.71,3.72,3.73,4.00,4.01,4.10,4.11,4.20,4.21,4.25,4.30,4.31,4.40,4.41,4.45,4.46,4.50,4.53,4.55,4.60,4.65,4.66,4.70,4.75,4.76,4.78,4.80,4.81,4.82,4.83,4.84,4.85,4.86,4.87,4.88,4.89,4.90,4.91,4.92,4.93	none	none
818	1.02,1.10,1.11,1.30,1.31,1.32,1.50,1.51,1.54,1.60,1.70,1.80,1.81,1.82,1.90,1.92,1.93,1.94,2.00,2.01,2.10,2.17,2.20,2.30,2.35,2.36,2.40,2.41,2.42,2.43,2.50,2.52,2.53,2.60,2.70,2.76,2.80,3.00,3.01,3.10,3.15,3.16,3.21,3.30,3.40,3.41,3.42,3.50,3.55,3.56,3.60,3.61,3.65,3.66,3.70,3.71,3.72,3.73,4.00,4.01,4.10,4.11,4.20,4.21,4.25,4.30,4.31,4.40,4.41,4.45,4.46,4.50,4.53,4.55,4.60,4.65,4.66,4.70,4.75,4.76,4.78,4.80,4.81,4.82,4.83,4.84,4.85,4.86,4.87,4.88,4.89,4.90,4.91,4.92,4.93	none	none
819	1.02,1.10,1.11,1.30,1.31,1.32,1.50,1.51,1.54,1.60,1.70,1.80,1.81,1.82,1.90,1.92,1.93,1.94,2.00,2.01,2.10,2.17,2.20,2.30,2.35,2.36,2.40,2.41,2.42,2.43,2.50,2.52,2.53,2.60,2.70,2.76,2.80,3.00,3.01,3.10,3.15,3.16,3.21,3.30,3.40,3.41,3.42,3.50,3.55,3.56,3.60,3.61,3.65,3.66,3.70,3.71,3.72,3.73,4.00,4.01,4.10,4.11,4.20,4.21,4.25,4.30,4.31,4.40,4.41,4.45,4.46,4.50,4.53,4.55,4.60,4.65,4.66,4.70,4.75,4.76,4.78,4.80,4.81,4.82,4.83,4.84,4.85,4.86,4.87,4.88,4.89,4.90,4.91,4.92,4.93	none	none
820	1.02,1.10,1.11,1.30,1.31,1.32,1.50,1.51,1.54,1.60,1.70,1.80,1.81,1.82,1.90,1.92,1.93,1.94,2.00,2.01,2.10,2.17,2.20,2.30,2.35,2.36,2.40,2.41,2.42,2.43,2.50,2.52,2.53,2.60,2.70,2.76,2.80,3.00,3.01,3.10,3.15,3.16,3.21,3.30,3.40,3.41,3.42,3.50,3.55,3.56,3.60,3.61,3.65,3.66,3.70,3.71,3.72,3.73,4.00,4.01,4.10,4.11,4.20,4.21,4.25,4.30,4.31,4.40,4.41,4.45,4.46,4.50,4.53,4.55,4.60,4.65,4.66,4.70,4.75,4.76,4.78,4.80,4.81,4.82,4.83,4.84,4.85,4.86,4.87,4.88,4.89,4.90,4.91,4.92,4.93	none	none
821	1.02,1.10,1.11,1.30,1.31,1.32,1.50,1.51,1.54,1.60,1.70,1.80,1.81,1.82,1.90,1.92,1.93,1.94,2.00,2.01,2.10,2.17,2.20,2.30,2.35,2.36,2.40,2.41,2.42,2.43,2.50,2.52,2.53,2.60,2.70,2.76,2.80,3.00,3.01,3.10,3.15,3.16,3.21,3.30,3.40,3.41,3.42,3.50,3.55,3.56,3.60,3.61,3.65,3.66,3.70,3.71,3.72,3.73,4.00,4.01,4.10,4.11,4.20,4.21,4.25,4.30,4.31,4.40,4.41,4.45,4.46,4.50,4.53,4.55,4.60,4.65,4.66,4.70,4.75,4.76,4.78,4.80,4.81,4.82,4.83,4.84,4.85,4.86,4.87,4.88,4.89,4.90,4.91,4.92,4.93	none	none
822	1.02,1.10,1.11,1.30,1.31,1.32,1.50,1.51,1.54,1.60,1.70,1.80,1.81,1.82,1.90,1.92,1.93,1.94,2.00,2.01,2.10,2.17,2.20,2.30,2.35,2.36,2.40,2.41,2.42,2.43,2.50,2.52,2.53,2.60,2.70,2.76,2.80,3.00,3.01,3.10,3.15,3.16,3.21,3.30,3.40,3.41,3.42,3.50,3.55,3.56,3.60,3.61,3.65,3.66,3.70,3.71,3.72,3.73,4.00,4.01,4.10,4.11,4.20,4.21,4.25,4.30,4.31,4.40,4.41,4.45,4.46,4.50,4.53,4.55,4.60,4.65,4.66,4.70,4.75,4.76,4.78,4.80,4.81,4.82,4.83,4.84,4.85,4.86,4.87,4.88,4.89,4.90,4.91,4.92,4.93	none	none
823	1.02,1.10,1.11,1.30,1.31,1.32,1.50,1.51,1.54,1.60,1.70,1.80,1.81,1.82,1.90,1.92,1.93,1.94,2.00,2.01,2.10,2.17,2.20,2.30,2.35,2.36,2.40,2.41,2.42,2.43,2.50,2.52,2.53,2.60,2.70,2.76,2.80,3.00,3.01,3.10,3.15,3.16,3.21,3.30,3.40,3.41,3.42,3.50,3.55,3.56,3.60,3.61,3.65,3.66,3.70,3.71,3.72,3.73,4.00,4.01,4.10,4.11,4.20,4.21,4.25,4.30,4.31,4.40,4.41,4.45,4.46,4.50,4.53,4.55,4.60,4.65,4.66,4.70,4.75,4.76,4.78,4.80,4.81,4.82,4.83,4.84,4.85,4.86,4.87,4.88,4.89,4.90,4.91,4.92,4.93	none	none
824	1.02,1.10,1.11,1.30,1.31,1.32,1.50,1.51,1.54,1.60,1.70,1.80,1.81,1.82,1.90,1.92,1.93,1.94,2.00,2.01,2.10,2.17,2.20,2.30,2.35,2.36,2.40,2.41,2.42,2.43,2.50,2.52,2.53,2.60,2.70,2.76,2.80,3.00,3.01,3.10,3.15,3.16,3.21,3.30,3.40,3.41,3.42,3.50,3.55,3.56,3.60,3.61,3.65,3.66,3.70,3.71,3.72,3.73,4.00,4.01,4.10,4.11,4.20,4.21,4.25,4.30,4.31,4.40,4.41,4.45,4.46,4.50,4.53,4.55,4.60,4.65,4.66,4.70,4.75,4.76,4.78,4.80,4.81,4.82,4.83,4.84,4.85,4.86,4.87,4.88,4.89,4.90,4.91,4.92,4.93	none	none
825	1.02,1.10,1.11,1.30,1.31,1.32,1.50,1.51,1.54,1.60,1.70,1.80,1.81,1.82,1.90,1.92,1.93,1.94,2.00,2.01,2.10,2.17,2.20,2.30,2.35,2.36,2.40,2.41,2.42,2.43,2.50,2.52,2.53,2.60,2.70,2.76,2.80,3.00,3.01,3.10,3.15,3.16,3.21,3.30,3.40,3.41,3.42,3.50,3.55,3.56,3.60,3.61,3.65,3.66,3.70,3.71,3.72,3.73,4.00,4.01,4.10,4.11,4.20,4.21,4.25,4.30,4.31,4.40,4.41,4.45,4.46,4.50,4.53,4.55,4.60,4.65,4.66,4.70,4.75,4.76,4.78,4.80,4.81,4.82,4.83,4.84,4.85,4.86,4.87,4.88,4.89,4.90,4.91,4.92,4.93	none	none
826	1.02,1.10,1.11,1.30,1.31,1.32,1.50,1.51,1.54,1.60,1.70,1.80,1.81,1.82,1.90,1.92,1.93,1.94,2.00,2.01,2.10,2.17,2.20,2.30,2.35,2.36,2.40,2.41,2.42,2.43,2.50,2.52,2.53,2.60,2.70,2.76,2.80,3.00,3.01,3.10,3.15,3.16,3.21,3.30,3.40,3.41,3.42,3.50,3.55,3.56,3.60,3.61,3.65,3.66,3.70,3.71,3.72,3.73,4.00,4.01,4.10,4.11,4.20,4.21,4.25,4.30,4.31,4.40,4.41,4.45,4.46,4.50,4.53,4.55,4.60,4.65,4.66,4.70,4.75,4.76,4.78,4.80,4.81,4.82,4.83,4.84,4.85,4.86,4.87,4.88,4.89,4.90,4.91,4.92,4.93	none	none
827	1.02,1.10,1.11,1.30,1.31,1.32,1.50,1.51,1.54,1.60,1.70,1.80,1.81,1.82,1.90,1.92,1.93,1.94,2.00,2.01,2.10,2.17,2.20,2.30,2.35,2.36,2.40,2.41,2.42,2.43,2.50,2.52,2.53,2.60,2.70,2.76,2.80,3.00,3.01,3.10,3.15,3.16,3.21,3.30,3.40,3.41,3.42,3.50,3.55,3.56,3.60,3.61,3.65,3.66,3.70,3.71,3.72,3.73,4.00,4.01,4.10,4.11,4.20,4.21,4.25,4.30,4.31,4.40,4.41,4.45,4.46,4.50,4.53,4.55,4.60,4.65,4.66,4.70,4.75,4.76,4.78,4.80,4.81,4.82,4.83,4.84,4.85,4.86,4.87,4.88,4.89,4.90,4.91,4.92,4.93	none	none
828	1.02,1.10,1.11,1.30,1.31,1.32,1.50,1.51,1.54,1.60,1.70,1.80,1.81,1.82,1.90,1.92,1.93,1.94,2.00,2.01,2.10,2.17,2.20,2.30,2.35,2.36,2.40,2.41,2.42,2.43,2.50,2.52,2.53,2.60,2.70,2.76,2.80,3.00,3.01,3.10,3.15,3.16,3.21,3.30,3.40,3.41,3.42,3.50,3.55,3.56,3.60,3.61,3.65,3.66,3.70,3.71,3.72,3.73,4.00,4.01,4.10,4.11,4.20,4.21,4.25,4.30,4.31,4.40,4.41,4.45,4.46,4.50,4.53,4.55,4.60,4.65,4.66,4.70,4.75,4.76,4.78,4.80,4.81,4.82,4.83,4.84,4.85,4.86,4.87,4.88,4.89,4.90,4.91,4.92,4.93	none	none
829	1.02,1.10,1.11,1.30,1.31,1.32,1.50,1.51,1.54,1.60,1.70,1.80,1.81,1.82,1.90,1.92,1.93,1.94,2.00,2.01,2.10,2.17,2.20,2.30,2.35,2.36,2.40,2.41,2.42,2.43,2.50,2.52,2.53,2.60,2.70,2.76,2.80,3.00,3.01,3.10,3.15,3.16,3.21,3.30,3.40,3.41,3.42,3.50,3.55,3.56,3.60,3.61,3.65,3.66,3.70,3.71,3.72,3.73,4.00,4.01,4.10,4.11,4.20,4.21,4.25,4.30,4.31,4.40,4.41,4.45,4.46,4.50,4.53,4.55,4.60,4.65,4.66,4.70,4.75,4.76,4.78,4.80,4.81,4.82,4.83,4.84,4.85,4.86,4.87,4.88,4.89,4.90,4.91,4.92,4.93	none	none
830	none	1.02,1.10,1.11,1.30,1.31,1.32,1.50,1.51,1.54,1.60,1.70,1.80,1.81,1.82,1.90,1.92,1.93,1.94,2.00,2.01,2.10,2.17,2.20,2.30,2.35,2.36,2.40,2.41,2.42,2.43,2.50,2.52,2.53,2.60,2.70,2.76,2.80,3.00,3.01,3.10,3.15,3.16,3.21,3.30,3.40,3.41,3.42,3.50,3.55,3.56,3.60,3.61,3.65,3.66,3.70,3.71,3.72,3.73,4.00,4.01,4.10,4.11,4.20,4.21,4.25,4.30,4.31,4.40,4.41,4.45,4.46,4.50,4.53,4.55,4.60,4.65,4.66,4.70,4.75,4.76,4.78,4.80,4.81,4.82,4.83,4.84,4.85,4.86,4.87,4.88,4.89,4.90,4.91,4.92,4.93	none
831	1.02,1.10,1.11,1.30,1.31,1.32,1.50,1.51,1.54,1.60,1.70,1.80,1.81,1.82,1.90,1.92,1.93,1.94,2.00,2.01,2.10,2.17,2.20,2.30,2.35,2.36,2.40,2.41,2.42,2.43,2.50,2.52,2.53,2.60,2.70,2.76,2.80,3.00,3.01,3.10,3.15,3.16,3.21,3.30,3.40,3.41,3.42,3.50,3.55,3.56,3.60,3.61,3.65,3.66,3.70,3.71,3.72,3.73,4.00,4.01,4.10,4.11,4.20,4.21,4.25,4.30,4.31,4.40,4.41,4.45,4.46,4.50,4.53,4.55,4.60,4.65,4.66,4.70,4.75,4.76,4.78,4.80,4.81,4.82,4.83,4.84,4.85,4.86,4.87,4.88,4.89,4.90,4.91,4.92,4.93	none	none
832	1.02,1.10,1.11,1.30,1.31,1.32,1.50,1.51,1.54,1.60,1.70,1.80,1.81,1.82,1.90,1.92,1.93,1.94,2.00,2.01,2.10,2.17,2.20,2.30,2.35,2.36,2.40,2.41,2.42,2.43,2.50,2.52,2.53,2.60,2.70,2.76,2.80,3.00,3.01,3.10,3.15,3.16,3.21,3.30,3.40,3.41,3.42,3.50,3.55,3.56,3.60,3.61,3.65,3.66,3.70,3.71,3.72,3.73,4.00,4.01,4.10,4.11,4.20,4.21,4.25,4.30,4.31,4.40,4.41,4.45,4.46,4.50,4.53,4.55,4.60,4.65,4.66,4.70,4.75,4.76,4.78,4.80,4.81,4.82,4.83,4.84,4.85,4.86,4.87,4.88,4.89,4.90,4.91,4.92,4.93	none	none
833	1.02,1.10,1.11,1.30,1.31,1.32,1.50,1.51,1.54,1.60,1.70,1.80,1.81,1.82,1.90,1.92,1.93,1.94,2.00,2.01,2.10,2.17,2.20,2.30,2.35,2.36,2.40,2.41,2.42,2.43,2.50,2.52,2.53,2.60,2.70,2.76,2.80,3.00,3.01,3.10,3.15,3.16,3.21,3.30,3.40,3.41,3.42,3.50,3.55,3.56,3.60,3.61,3.65,3.66,3.70,3.71,3.72,3.73,4.00,4.01,4.10,4.11,4.20,4.21,4.25,4.30,4.31,4.40,4.41,4.45,4.46,4.50,4.53,4.55,4.60,4.65,4.66,4.70,4.75,4.76,4.78,4.80,4.81,4.82,4.83,4.84,4.85,4.86,4.87,4.88,4.89,4.90,4.91,4.92,4.93	none	none
834	1.02,1.10,1.11,1.30,1.31,1.32,1.50,1.51,1.54,1.60,1.70,1.80,1.81,1.82,1.90,1.92,1.93,1.94,2.00,2.01,2.10,2.17,2.20,2.30,2.35,2.36,2.40,2.41,2.42,2.43,2.50,2.52,2.53,2.60,2.70,2.76,2.80,3.00,3.01,3.10,3.15,3.16,3.21,3.30,3.40,3.41,3.42,3.50,3.55,3.56,3.60,3.61,3.65,3.66,3.70,3.71,3.72,3.73,4.00,4.01,4.10,4.11,4.20,4.21,4.25,4.30,4.31,4.40,4.41,4.45,4.46,4.50,4.53,4.55,4.60,4.65,4.66,4.70,4.75,4.76,4.78,4.80,4.81,4.82,4.83,4.84,4.85,4.86,4.87,4.88,4.89,4.90,4.91,4.92,4.93	none	none
835	1.02,1.10,1.11,1.30,1.31,1.32,1.50,1.51,1.54,1.60,1.70,1.80,1.81,1.82,1.90,1.92,1.93,1.94,2.00,2.01,2.10,2.17,2.20,2.30,2.35,2.36,2.40,2.41,2.42,2.43,2.50,2.52,2.53,2.60,2.70,2.76,2.80,3.00,3.01,3.10,3.15,3.16,3.21,3.30,3.40,3.41,3.42,3.50,3.55,3.56,3.60,3.61,3.65,3.66,3.70,3.71,3.72,3.73,4.00,4.01,4.10,4.11,4.20,4.21,4.25,4.30,4.31,4.40,4.41,4.45,4.46,4.50,4.53,4.55,4.60,4.65,4.66,4.70,4.75,4.76,4.78,4.80,4.81,4.82,4.83,4.84,4.85,4.86,4.87,4.88,4.89,4.90,4.91,4.92,4.93	none	none
836	1.02,1.10,1.11,1.30,1.31,1.32,1.50,1.51,1.54,1.60,1.70,1.80,1.81,1.82,1.90,1.92,1.93,1.94,2.00,2.01,2.10,2.17,2.20,2.30,2.35,2.36,2.40,2.41,2.42,2.43,2.50,2.52,2.53,2.60,2.70,2.76,2.80,3.00,3.01,3.10,3.15,3.16,3.21,3.30,3.40,3.41,3.42,3.50,3.55,3.56,3.60,3.61,3.65,3.66,3.70,3.71,3.72,3.73,4.00,4.01,4.10,4.11,4.20,4.21,4.25,4.30,4.31,4.40,4.41,4.45,4.46,4.50,4.53,4.55,4.60,4.65,4.66,4.70,4.75,4.76,4.78,4.80,4.81,4.82,4.83,4.84,4.85,4.86,4.87,4.88,4.89,4.90,4.91,4.92,4.93	none	none
837	1.02,1.10,1.11,1.30,1.31,1.32,1.50,1.51,1.54,1.60,1.70,1.80,1.81,1.82,1.90,1.92,1.93,1.94,2.00,2.01,2.10,2.17,2.20,2.30,2.35,2.36,2.40,2.41,2.42,2.43,2.50,2.52,2.53,2.60,2.70,2.76,2.80,3.00,3.01,3.10,3.15,3.16,3.21,3.30,3.40,3.41,3.42,3.50,3.55,3.56,3.60,3.61,3.65,3.66,3.70,3.71,3.72,3.73,4.00,4.01,4.10,4.11,4.20,4.21,4.25,4.30,4.31,4.40,4.41,4.45,4.46,4.50,4.53,4.55,4.60,4.65,4.66,4.70,4.75,4.76,4.78,4.80,4.81,4.82,4.83,4.84,4.85,4.86,4.87,4.88,4.89,4.90,4.91,4.92,4.93	none	none
838	1.02,1.10,1.11,1.30,1.31,1.32,1.50,1.51,1.54,1.60,1.70,1.80,1.81,1.82,1.90,1.92,1.93,1.94,2.00,2.01,2.10,2.17,2.20,2.30,2.35,2.36,2.40,2.41,2.42,2.43,2.50,2.52,2.53,2.60,2.70,2.76,2.80,3.00,3.01,3.10,3.15,3.16,3.21,3.30,3.40,3.41,3.42,3.50,3.55,3.56,3.60,3.61,3.65,3.66,3.70,3.71,3.72,3.73,4.00,4.01,4.10,4.11,4.20,4.21,4.25,4.30,4.31,4.40,4.41,4.45,4.46,4.50,4.53,4.55,4.60,4.65,4.66,4.70,4.75,4.76,4.78,4.80,4.81,4.82,4.83,4.84,4.85,4.86,4.87,4.88,4.89,4.90,4.91,4.92,4.93	none	none
839	1.02,1.10,1.11,1.30,1.31,1.32,1.50,1.51,1.54,1.60,1.70,1.80,1.81,1.82,1.90,1.92,1.93,1.94,2.00,2.01,2.10,2.17,2.20,2.30,2.35,2.36,2.40,2.41,2.42,2.43,2.50,2.52,2.53,2.60,2.70,2.76,2.80,3.00,3.01,3.10,3.15,3.16,3.21,3.30,3.40,3.41,3.42,3.50,3.55,3.56,3.60,3.61,3.65,3.66,3.70,3.71,3.72,3.73,4.00,4.01,4.10,4.11,4.20,4.21,4.25,4.30,4.31,4.40,4.41,4.45,4.46,4.50,4.53,4.55,4.60,4.65,4.66,4.70,4.75,4.76,4.78,4.80,4.81,4.82,4.83,4.84,4.85,4.86,4.87,4.88,4.89,4.90,4.91,4.92,4.93	none	none
840	1.02,1.10,1.11,1.30,1.31,1.32,1.50,1.51,1.54,1.60,1.70,1.80,1.81,1.82,1.90,1.92,1.93,1.94,2.00,2.01,2.10,2.17,2.20,2.30,2.35,2.36,2.40,2.41,2.42,2.43,2.50,2.52,2.53,2.60,2.70,2.76,2.80,3.00,3.01,3.10,3.15,3.16,3.21,3.30,3.40,3.41,3.42,3.50,3.55,3.56,3.60,3.61,3.65,3.66,3.70,3.71,3.72,3.73,4.00,4.01,4.10,4.11,4.20,4.21,4.25,4.30,4.31,4.40,4.41,4.45,4.46,4.50,4.53,4.55,4.60,4.65,4.66,4.70,4.75,4.76,4.78,4.80,4.81,4.82,4.83,4.84,4.85,4.86,4.87,4.88,4.89,4.90,4.91,4.92,4.93	none	none
841	1.02,1.10,1.11,1.30,1.31,1.32,1.50,1.51,1.54,1.60,1.70,1.80,1.81,1.82,1.90,1.92,1.93,1.94,2.00,2.01,2.10,2.17,2.20,2.30,2.35,2.36,2.40,2.41,2.42,2.43,2.50,2.52,2.53,2.60,2.70,2.76,2.80,3.00,3.01,3.10,3.15,3.16,3.21,3.30,3.40,3.41,3.42,3.50,3.55,3.56,3.60,3.61,3.65,3.66,3.70,3.71,3.72,3.73,4.00,4.01,4.10,4.11,4.20,4.21,4.25,4.30,4.31,4.40,4.41,4.45,4.46,4.50,4.53,4.55,4.60,4.65,4.66,4.70,4.75,4.76,4.78,4.80,4.81,4.82,4.83,4.84,4.85,4.86,4.87,4.88,4.89,4.90,4.91,4.92,4.93	none	none
842	1.02,1.10,1.11,1.30,1.31,1.32,1.50,1.51,1.54,1.60,1.70,1.80,1.81,1.82,1.90,1.92,1.93,1.94,2.00,2.01,2.10,2.17,2.20,2.30,2.35,2.36,2.40,2.41,2.42,2.43,2.50,2.52,2.53,2.60,2.70,2.76,2.80,3.00,3.01,3.10,3.15,3.16,3.21,3.30,3.40,3.41,3.42,3.50,3.55,3.56,3.60,3.61,3.65,3.66,3.70,3.71,3.72,3.73,4.00,4.01,4.10,4.11,4.20,4.21,4.25,4.30,4.31,4.40,4.41,4.45,4.46,4.50,4.53,4.55,4.60,4.65,4.66,4.70,4.75,4.76,4.78,4.80,4.81,4.82,4.83,4.84,4.85,4.86,4.87,4.88,4.89,4.90,4.91,4.92,4.93	none	none
843	1.02,1.10,1.11,1.30,1.31,1.32,1.50,1.51,1.54,1.60,1.70,1.80,1.81,1.82,1.90,1.92,1.93,1.94,2.00,2.01,2.10,2.17,2.20,2.30,2.35,2.36,2.40,2.41,2.42,2.43,2.50,2.52,2.53,2.60,2.70,2.76,2.80,3.00,3.01,3.10,3.15,3.16,3.21,3.30,3.40,3.41,3.42,3.50,3.55,3.56,3.60,3.61,3.65,3.66,3.70,3.71,3.72,3.73,4.00,4.01,4.10,4.11,4.20,4.21,4.25,4.30,4.31,4.40,4.41,4.45,4.46,4.50,4.53,4.55,4.60,4.65,4.66,4.70,4.75,4.76,4.78,4.80,4.81,4.82,4.83,4.84,4.85,4.86,4.87,4.88,4.89,4.90,4.91,4.92,4.93	none	none
844	1.02,1.10,1.11,1.30,1.31,1.32,1.50,1.51,1.54,1.60,1.70,1.80,1.81,1.82,1.90,1.92,1.93,1.94,2.00,2.01,2.10,2.17,2.20,2.30,2.35,2.36,2.40,2.41,2.42,2.43,2.50,2.52,2.53,2.60,2.70,2.76,2.80,3.00,3.01,3.10,3.15,3.16,3.21,3.30,3.40,3.41,3.42,3.50,3.55,3.56,3.60,3.61,3.65,3.66,3.70,3.71,3.72,3.73,4.00,4.01,4.10,4.11,4.20,4.21,4.25,4.30,4.31,4.40,4.41,4.45,4.46,4.50,4.53,4.55,4.60,4.65,4.66,4.70,4.75,4.76,4.78,4.80,4.81,4.82,4.83,4.84,4.85,4.86,4.87,4.88,4.89,4.90,4.91,4.92,4.93	none	none
845	1.02,1.10,1.11,1.30,1.31,1.32,1.50,1.51,1.54,1.60,1.70,1.80,1.81,1.82,1.90,1.92,1.93,1.94,2.00,2.01,2.10,2.17,2.20,2.30,2.35,2.36,2.40,2.41,2.42,2.43,2.50,2.52,2.53,2.60,2.70,2.76,2.80,3.00,3.01,3.10,3.15,3.16,3.21,3.30,3.40,3.41,3.42,3.50,3.55,3.56,3.60,3.61,3.65,3.66,3.70,3.71,3.72,3.73,4.00,4.01,4.10,4.11,4.20,4.21,4.25,4.30,4.31,4.40,4.41,4.45,4.46,4.50,4.53,4.55,4.60,4.65,4.66,4.70,4.75,4.76,4.78,4.80,4.81,4.82,4.83,4.84,4.85,4.86,4.87,4.88,4.89,4.90,4.91,4.92,4.93	none	none
846	1.02,1.10,1.11,1.30,1.31,1.32,1.50,1.51,1.54,1.60,1.70,1.80,1.81,1.82,1.90,1.92,1.93,1.94,2.00,2.01,2.10,2.17,2.20,2.30,2.35,2.36,2.40,2.41,2.42,2.43,2.50,2.52,2.53,2.60,2.70,2.76,2.80,3.00,3.01,3.10,3.15,3.16,3.21,3.30,3.40,3.41,3.42,3.50,3.55,3.56,3.60,3.61,3.65,3.66,3.70,3.71,3.72,3.73,4.00,4.01,4.10,4.11,4.20,4.21,4.25,4.30,4.31,4.40,4.41,4.45,4.46,4.50,4.53,4.55,4.60,4.65,4.66,4.70,4.75,4.76,4.78,4.80,4.81,4.82,4.83,4.84,4.85,4.86,4.87,4.88,4.89,4.90,4.91,4.92,4.93	none	none
847	1.60,1.70,1.80,1.81,1.82,1.90,1.92,1.93,1.94,2.00,2.01,2.10,2.17,2.20,2.30,2.35,2.36,2.40,2.41,2.42,2.43,2.50,2.52,2.53,2.60,2.70,2.76,2.80,3.00,3.01,3.10,3.15,3.16,3.21,3.30,3.40,3.41,3.42,3.50,3.55,3.56,3.60,3.61,3.65,3.66,3.70,3.71,3.72,3.73,4.00,4.01,4.10,4.11,4.20,4.21,4.25,4.30,4.31,4.40,4.41,4.45,4.46,4.50,4.53,4.55,4.60,4.65,4.66,4.70,4.75,4.76,4.78,4.80,4.81,4.82,4.83,4.84,4.85,4.86,4.87,4.88,4.89,4.90,4.91,4.92,4.93	1.02,1.10,1.11,1.30,1.31,1.32,1.50,1.51,1.54	none
848	none	1.02,1.10,1.11,1.30,1.31,1.32,1.50,1.51,1.54,1.60,1.70,1.80,1.81,1.82,1.90,1.92,1.93,1.94,2.00,2.01,2.10,2.17,2.20,2.30,2.35,2.36,2.40,2.41,2.42,2.43,2.50,2.52,2.53,2.60,2.70,2.76,2.80,3.00,3.01,3.10,3.15,3.16,3.21,3.30,3.40,3.41,3.42,3.50,3.55,3.56,3.60,3.61,3.65,3.66,3.70,3.71,3.72,3.73,4.00,4.01,4.10,4.11,4.20,4.21,4.25,4.30,4.31,4.40,4.41,4.45,4.46,4.50,4.53,4.55,4.60,4.65,4.66,4.70,4.75,4.76,4.78,4.80,4.81,4.82,4.83,4.84,4.85,4.86,4.87,4.88,4.89,4.90,4.91,4.92,4.93	none
849	none	1.02,1.10,1.11,1.30,1.31,1.32,1.50,1.51,1.54,1.60,1.70,1.80,1.81,1.82,1.90,1.92,1.93,1.94,2.00,2.01,2.10,2.17,2.20,2.30,2.35,2.36,2.40,2.41,2.42,2.43,2.50,2.52,2.53,2.60,2.70,2.76,2.80,3.00,3.01,3.10,3.15,3.16,3.21,3.30,3.40,3.41,3.42,3.50,3.55,3.56,3.60,3.61,3.65,3.66,3.70,3.71,3.72,3.73,4.00,4.01,4.10,4.11,4.20,4.21,4.25,4.30,4.31,4.40,4.41,4.45,4.46,4.50,4.53,4.55,4.60,4.65,4.66,4.70,4.75,4.76,4.78,4.80,4.81,4.82,4.83,4.84,4.85,4.86,4.87,4.88,4.89,4.90,4.91,4.92,4.93	none
850	none	1.02,1.10,1.11,1.30,1.31,1.32,1.50,1.51,1.54,1.60,1.70,1.80,1.81,1.82,1.90,1.92,1.93,1.94,2.00,2.01,2.10,2.17,2.20,2.30,2.35,2.36,2.40,2.41,2.42,2.43,2.50,2.52,2.53,2.60,2.70,2.76,2.80,3.00,3.01,3.10,3.15,3.16,3.21,3.30,3.40,3.41,3.42,3.50,3.55,3.56,3.60,3.61,3.65,3.66,3.70,3.71,3.72,3.73,4.00,4.01,4.10,4.11,4.20,4.21,4.25,4.30,4.31,4.40,4.41,4.45,4.46,4.50,4.53,4.55,4.60,4.65,4.66,4.70,4.75,4.76,4.78,4.80,4.81,4.82,4.83,4.84,4.85,4.86,4.87,4.88,4.89,4.90,4.91,4.92,4.93	none
851	none	1.02,1.10,1.11,1.30,1.31,1.32,1.50,1.51,1.54,1.60,1.70,1.80,1.81,1.82,1.90,1.92,1.93,1.94,2.00,2.01,2.10,2.17,2.20,2.30,2.35,2.36,2.40,2.41,2.42,2.43,2.50,2.52,2.53,2.60,2.70,2.76,2.80,3.00,3.01,3.10,3.15,3.16,3.21,3.30,3.40,3.41,3.42,3.50,3.55,3.56,3.60,3.61,3.65,3.66,3.70,3.71,3.72,3.73,4.00,4.01,4.10,4.11,4.20,4.21,4.25,4.30,4.31,4.40,4.41,4.45,4.46,4.50,4.53,4.55,4.60,4.65,4.66,4.70,4.75,4.76,4.78,4.80,4.81,4.82,4.83,4.84,4.85,4.86,4.87,4.88,4.89,4.90,4.91,4.92,4.93	none
852	none	1.02,1.10,1.11,1.30,1.31,1.32,1.50,1.51,1.54,1.60,1.70,1.80,1.81,1.82,1.90,1.92,1.93,1.94,2.00,2.01,2.10,2.17,2.20,2.30,2.35,2.36,2.40,2.41,2.42,2.43,2.50,2.52,2.53,2.60,2.70,2.76,2.80,3.00,3.01,3.10,3.15,3.16,3.21,3.30,3.40,3.41,3.42,3.50,3.55,3.56,3.60,3.61,3.65,3.66,3.70,3.71,3.72,3.73,4.00,4.01,4.10,4.11,4.20,4.21,4.25,4.30,4.31,4.40,4.41,4.45,4.46,4.50,4.53,4.55,4.60,4.65,4.66,4.70,4.75,4.76,4.78,4.80,4.81,4.82,4.83,4.84,4.85,4.86,4.87,4.88,4.89,4.90,4.91,4.92,4.93	none
853	none	1.02,1.10,1.11,1.30,1.31,1.32,1.50,1.51,1.54,1.60,1.70,1.80,1.81,1.82,1.90,1.92,1.93,1.94,2.00,2.01,2.10,2.17,2.20,2.30,2.35,2.36,2.40,2.41,2.42,2.43,2.50,2.52,2.53,2.60,2.70,2.76,2.80,3.00,3.01,3.10,3.15,3.16,3.21,3.30,3.40,3.41,3.42,3.50,3.55,3.56,3.60,3.61,3.65,3.66,3.70,3.71,3.72,3.73,4.00,4.01,4.10,4.11,4.20,4.21,4.25,4.30,4.31,4.40,4.41,4.45,4.46,4.50,4.53,4.55,4.60,4.65,4.66,4.70,4.75,4.76,4.78,4.80,4.81,4.82,4.83,4.84,4.85,4.86,4.87,4.88,4.89,4.90,4.91,4.92,4.93	none
854	none	1.02,1.10,1.11,1.30,1.31,1.32,1.50,1.51,1.54,1.60,1.70,1.80,1.81,1.82,1.90,1.92,1.93,1.94,2.00,2.01,2.10,2.17,2.20,2.30,2.35,2.36,2.40,2.41,2.42,2.43,2.50,2.52,2.53,2.60,2.70,2.76,2.80,3.00,3.01,3.10,3.15,3.16,3.21,3.30,3.40,3.41,3.42,3.50,3.55,3.56,3.60,3.61,3.65,3.66,3.70,3.71,3.72,3.73,4.00,4.01,4.10,4.11,4.20,4.21,4.25,4.30,4.31,4.40,4.41,4.45,4.46,4.50,4.53,4.55,4.60,4.65,4.66,4.70,4.75,4.76,4.78,4.80,4.81,4.82,4.83,4.84,4.85,4.86,4.87,4.88,4.89,4.90,4.91,4.92,4.93	none
855	none	1.02,1.10,1.11,1.30,1.31,1.32,1.50,1.51,1.54,1.60,1.70,1.80,1.81,1.82,1.90,1.92,1.93,1.94,2.00,2.01,2.10,2.17,2.20,2.30,2.35,2.36,2.40,2.41,2.42,2.43,2.50,2.52,2.53,2.60,2.70,2.76,2.80,3.00,3.01,3.10,3.15,3.16,3.21,3.30,3.40,3.41,3.42,3.50,3.55,3.56,3.60,3.61,3.65,3.66,3.70,3.71,3.72,3.73,4.00,4.01,4.10,4.11,4.20,4.21,4.25,4.30,4.31,4.40,4.41,4.45,4.46,4.50,4.53,4.55,4.60,4.65,4.66,4.70,4.75,4.76,4.78,4.80,4.81,4.82,4.83,4.84,4.85,4.86,4.87,4.88,4.89,4.90,4.91,4.92,4.93	none
856	none	1.02,1.10,1.11,1.30,1.31,1.32,1.50,1.51,1.54,1.60,1.70,1.80,1.81,1.82,1.90,1.92,1.93,1.94,2.00,2.01,2.10,2.17,2.20,2.30,2.35,2.36,2.40,2.41,2.42,2.43,2.50,2.52,2.53,2.60,2.70,2.76,2.80,3.00,3.01,3.10,3.15,3.16,3.21,3.30,3.40,3.41,3.42,3.50,3.55,3.56,3.60,3.61,3.65,3.66,3.70,3.71,3.72,3.73,4.00,4.01,4.10,4.11,4.20,4.21,4.25,4.30,4.31,4.40,4.41,4.45,4.46,4.50,4.53,4.55,4.60,4.65,4.66,4.70,4.75,4.76,4.78,4.80,4.81,4.82,4.83,4.84,4.85,4.86,4.87,4.88,4.89,4.90,4.91,4.92,4.93	none
857	none	1.02,1.10,1.11,1.30,1.31,1.32,1.50,1.51,1.54,1.60,1.70,1.80,1.81,1.82,1.90,1.92,1.93,1.94,2.00,2.01,2.10,2.17,2.20,2.30,2.35,2.36,2.40,2.41,2.42,2.43,2.50,2.52,2.53,2.60,2.70,2.76,2.80,3.00,3.01,3.10,3.15,3.16,3.21,3.30,3.40,3.41,3.42,3.50,3.55,3.56,3.60,3.61,3.65,3.66,3.70,3.71,3.72,3.73,4.00,4.01,4.10,4.11,4.20,4.21,4.25,4.30,4.31,4.40,4.41,4.45,4.46,4.50,4.53,4.55,4.60,4.65,4.66,4.70,4.75,4.76,4.78,4.80,4.81,4.82,4.83,4.84,4.85,4.86,4.87,4.88,4.89,4.90,4.91,4.92,4.93	none
858	none	1.02,1.10,1.11,1.30,1.31,1.32,1.50,1.51,1.54,1.60,1.70,1.80,1.81,1.82,1.90,1.92,1.93,1.94,2.00,2.01,2.10,2.17,2.20,2.30,2.35,2.36,2.40,2.41,2.42,2.43,2.50,2.52,2.53,2.60,2.70,2.76,2.80,3.00,3.01,3.10,3.15,3.16,3.21,3.30,3.40,3.41,3.42,3.50,3.55,3.56,3.60,3.61,3.65,3.66,3.70,3.71,3.72,3.73,4.00,4.01,4.10,4.11,4.20,4.21,4.25,4.30,4.31,4.40,4.41,4.45,4.46,4.50,4.53,4.55,4.60,4.65,4.66,4.70,4.75,4.76,4.78,4.80,4.81,4.82,4.83,4.84,4.85,4.86,4.87,4.88,4.89,4.90,4.91,4.92,4.93	none
859	none	1.02,1.10,1.11,1.30,1.31,1.32,1.50,1.51,1.54,1.60,1.70,1.80,1.81,1.82,1.90,1.92,1.93,1.94,2.00,2.01,2.10,2.17,2.20,2.30,2.35,2.36,2.40,2.41,2.42,2.43,2.50,2.52,2.53,2.60,2.70,2.76,2.80,3.00,3.01,3.10,3.15,3.16,3.21,3.30,3.40,3.41,3.42,3.50,3.55,3.56,3.60,3.61,3.65,3.66,3.70,3.71,3.72,3.73,4.00,4.01,4.10,4.11,4.20,4.21,4.25,4.30,4.31,4.40,4.41,4.45,4.46,4.50,4.53,4.55,4.60,4.65,4.66,4.70,4.75,4.76,4.78,4.80,4.81,4.82,4.83,4.84,4.85,4.86,4.87,4.88,4.89,4.90,4.91,4.92,4.93	none
860	4.00,4.01,4.10,4.11,4.20,4.21,4.25,4.30,4.31,4.40,4.41,4.45,4.46,4.50,4.53,4.55,4.60,4.65,4.66,4.70,4.75,4.76,4.78,4.80,4.81,4.82,4.83,4.84,4.85,4.86,4.87,4.88,4.89,4.90,4.91,4.92,4.93	1.02,1.10,1.11,1.30,1.31,1.32,1.50,1.51,1.54,1.60,1.70,1.80,1.81,1.82,1.90,1.92,1.93,1.94,2.00,2.01,2.10,2.17,2.20,2.30,2.35,2.36,2.40,2.41,2.42,2.43,2.50,2.52,2.53,2.60,2.70,2.76,2.80,3.00,3.01,3.10,3.15,3.16,3.21,3.30,3.40,3.41,3.42,3.50,3.55,3.56,3.60,3.61,3.65,3.66,3.70,3.71,3.72,3.73	none
861	1.02,1.10,1.11,1.30,1.31,1.32,1.50,1.51,1.54,1.60,1.70,1.80,1.81,1.82,1.90,1.92,1.93,1.94,2.00,2.01,2.10,2.17,2.20,2.30,2.35,2.36,2.40,2.41,2.42,2.43,2.50,2.52,2.53,2.60,2.70,2.76,2.80,3.00,3.01,3.10,3.15,3.16,3.21,3.30,3.40,3.41,3.42,3.50,3.55,3.56,3.60,3.61,3.65,3.66,3.70,3.71,3.72,3.73,4.00,4.01,4.10,4.11,4.20,4.21,4.25,4.30,4.31,4.40,4.41,4.45,4.46,4.50,4.53,4.55,4.60,4.65,4.66,4.70,4.75,4.76,4.78,4.80,4.81,4.82,4.83,4.84,4.85,4.86,4.87,4.88,4.89,4.90,4.91,4.92,4.93	none	none
862	1.02,1.10,1.11,1.30,1.31,1.32,1.50,1.51,1.54,1.60,1.70,1.80,1.81,1.82,1.90,1.92,1.93,1.94,2.00,2.01,2.10,2.17,2.20,2.30,2.35,2.36,2.40,2.41,2.42,2.43,2.50,2.52,2.53,2.60,2.70,2.76,2.80,3.00,3.01,3.10,3.15,3.16,3.21,3.30,3.40,3.41,3.42,3.50,3.55,3.56,3.60,3.61,3.65,3.66,3.70,3.71,3.72,3.73,4.00,4.01,4.10,4.11,4.20,4.21,4.25,4.30,4.31,4.40,4.41,4.45,4.46,4.50,4.53,4.55,4.60,4.65,4.66,4.70,4.75,4.76,4.78,4.80,4.81,4.82,4.83,4.84,4.85,4.86,4.87,4.88,4.89,4.90,4.91,4.92,4.93	none	none
863	1.02,1.10,1.11,1.30,1.31,1.32,1.50,1.51,1.54,1.60,1.70,1.80,1.81,1.82,1.90,1.92,1.93,1.94,2.00,2.01,2.10,2.17,2.20,2.30,2.35,2.36,2.40,2.41,2.42,2.43,2.50,2.52,2.53,2.60,2.70,2.76,2.80,3.00,3.01,3.10,3.15,3.16,3.21,3.30,3.40,3.41,3.42,3.50,3.55,3.56,3.60,3.61,3.65,3.66,3.70,3.71,3.72,3.73,4.00,4.01,4.10,4.11,4.20,4.21,4.25,4.30,4.31,4.40,4.41,4.45,4.46,4.50,4.53,4.55,4.60,4.65,4.66,4.70,4.75,4.76,4.78,4.80,4.81,4.82,4.83,4.84,4.85,4.86,4.87,4.88,4.89,4.90,4.91,4.92,4.93	none	none
864	1.02,1.10,1.11,1.30,1.31,1.32,1.50,1.51,1.54,1.60,1.70,1.80,1.81,1.82,1.90,1.92,1.93,1.94,2.00,2.01,2.10,2.17,2.20,2.30,2.35,2.36,2.40,2.41,2.42,2.43,2.50,2.52,2.53,2.60,2.70,2.76,2.80,3.00,3.01,3.10,3.15,3.16,3.21,3.30,3.40,3.41,3.42,3.50,3.55,3.56,3.60,3.61,3.65,3.66,3.70,3.71,3.72,3.73,4.00,4.01,4.10,4.11,4.20,4.21,4.25,4.30,4.31,4.40,4.41,4.45,4.46,4.50,4.53,4.55,4.60,4.65,4.66,4.70,4.75,4.76,4.78,4.80,4.81,4.82,4.83,4.84,4.85,4.86,4.87,4.88,4.89,4.90,4.91,4.92,4.93	none	none
865	1.02,1.10,1.11,1.30,1.31,1.32,1.50,1.51,1.54,1.60,1.70,1.80,1.81,1.82,1.90,1.92,1.93,1.94,2.00,2.01,2.10,2.17,2.20,2.30,2.35,2.36,2.40,2.41,2.42,2.43,2.50,2.52,2.53,2.60,2.70,2.76,2.80,3.00,3.01,3.10,3.15,3.16,3.21,3.30,3.40,3.41,3.42,3.50,3.55,3.56,3.60,3.61,3.65,3.66,3.70,3.71,3.72,3.73,4.00,4.01,4.10,4.11,4.20,4.21,4.25,4.30,4.31,4.40,4.41,4.45,4.46,4.50,4.53,4.55,4.60,4.65,4.66,4.70,4.75,4.76,4.78,4.80,4.81,4.82,4.83,4.84,4.85,4.86,4.87,4.88,4.89,4.90,4.91,4.92,4.93	none	none
866	1.02,1.10,1.11,1.30,1.31,1.32,1.50,1.51,1.54,1.60,1.70,1.80,1.81,1.82,1.90,1.92,1.93,1.94,2.00,2.01,2.10,2.17,2.20,2.30,2.35,2.36,2.40,2.41,2.42,2.43,2.50,2.52,2.53,2.60,2.70,2.76,2.80,3.00,3.01,3.10,3.15,3.16,3.21,3.30,3.40,3.41,3.42,3.50,3.55,3.56,3.60,3.61,3.65,3.66,3.70,3.71,3.72,3.73,4.00,4.01,4.10,4.11,4.20,4.21,4.25,4.30,4.31,4.40,4.41,4.45,4.46,4.50,4.53,4.55,4.60,4.65,4.66,4.70,4.75,4.76,4.78,4.80,4.81,4.82,4.83,4.84,4.85,4.86,4.87,4.88,4.89,4.90,4.91,4.92,4.93	none	none
867	1.02,1.10,1.11,1.30,1.31,1.32,1.50,1.51,1.54,1.60,1.70,1.80,1.81,1.82,1.90,1.92,1.93,1.94,2.00,2.01,2.10,2.17,2.20,2.30,2.35,2.36,2.40,2.41,2.42,2.43,2.50,2.52,2.53,2.60,2.70,2.76,2.80,3.00,3.01,3.10,3.15,3.16,3.21,3.30,3.40,3.41,3.42,3.50,3.55,3.56,3.60,3.61,3.65,3.66,3.70,3.71,3.72,3.73,4.00,4.01,4.10,4.11,4.20,4.21,4.25,4.30,4.31,4.40,4.41,4.45,4.46,4.50,4.53,4.55,4.60,4.65,4.66,4.70,4.75,4.76,4.78,4.80,4.81,4.82,4.83,4.84,4.85,4.86,4.87,4.88,4.89,4.90,4.91,4.92,4.93	none	none
868	1.02,1.10,1.11,1.30,1.31,1.32,1.50,1.51,1.54,1.60,1.70,1.80,1.81,1.82,1.90,1.92,1.93,1.94,2.00,2.01,2.10,2.17,2.20,2.30,2.35,2.36,2.40,2.41,2.42,2.43,2.50,2.52,2.53,2.60,2.70,2.76,2.80,3.00,3.01,3.10,3.15,3.16,3.21,3.30,3.40,3.41,3.42,3.50,3.55,3.56,3.60,3.61,3.65,3.66,3.70,3.71,3.72,3.73,4.00,4.01,4.10,4.11,4.20,4.21,4.25,4.30,4.31,4.40,4.41,4.45,4.46,4.50,4.53,4.55,4.60,4.65,4.66,4.70,4.75,4.76,4.78,4.80,4.81,4.82,4.83,4.84,4.85,4.86,4.87,4.88,4.89,4.90,4.91,4.92,4.93	none	none
869	1.02,1.10,1.11,1.30,1.31,1.32,1.50,1.51,1.54,1.60,1.70,1.80,1.81,1.82,1.90,1.92,1.93,1.94,2.00,2.01,2.10,2.17,2.20,2.30,2.35,2.36,2.40,2.41,2.42,2.43,2.50,2.52,2.53,2.60,2.70,2.76,2.80,3.00,3.01,3.10,3.15,3.16,3.21,3.30,3.40,3.41,3.42,3.50,3.55,3.56,3.60,3.61,3.65,3.66,3.70,3.71,3.72,3.73,4.00,4.01,4.10,4.11,4.20,4.21,4.25,4.30,4.31,4.40,4.41,4.45,4.46,4.50,4.53,4.55,4.60,4.65,4.66,4.70,4.75,4.76,4.78,4.80,4.81,4.82,4.83,4.84,4.85,4.86,4.87,4.88,4.89,4.90,4.91,4.92,4.93	none	none
870	3.50,3.55,3.56,3.60,3.61,3.65,3.66,3.70,3.71,3.72,3.73,4.00,4.01,4.10,4.11,4.20,4.21,4.25,4.30,4.31,4.40,4.41,4.45,4.46,4.50,4.53,4.55,4.60,4.65,4.66,4.70,4.75,4.76,4.78,4.80,4.81,4.82,4.83,4.84,4.85,4.86,4.87,4.88,4.89,4.90,4.91,4.92,4.93	1.02,1.10,1.11,1.30,1.31,1.32,1.50,1.51,1.54,1.60,1.70,1.80,1.81,1.82,1.90,1.92,1.93,1.94,2.00,2.01,2.10,2.17,2.20,2.30,2.35,2.36,2.40,2.41,2.42,2.43,2.50,2.52,2.53,2.60,2.70,2.76,2.80,3.00,3.01,3.10,3.15,3.16,3.21,3.30,3.40,3.41,3.42	none
871	1.02,1.10,1.11,1.30,1.31,1.32,1.50,1.51,1.54,1.60,1.70,1.80,1.81,1.82,1.90,1.92,1.93,1.94,2.00,2.01,2.10,2.17,2.20,2.30,2.35,2.36,2.40,2.41,2.42,2.43,2.50,2.52,2.53,2.60,2.70,2.76,2.80,3.00,3.01,3.10,3.15,3.16,3.21,3.30,3.40,3.41,3.42,3.50,3.55,3.56,3.60,3.61,3.65,3.66,3.70,3.71,3.72,3.73,4.00,4.01,4.10,4.11,4.20,4.21,4.25,4.30,4.31,4.40,4.41,4.45,4.46,4.50,4.53,4.55,4.60,4.65,4.66,4.70,4.75,4.76,4.78,4.80,4.81,4.82,4.83,4.84,4.85,4.86,4.87,4.88,4.89,4.90,4.91,4.92,4.93	none	none
872	1.02,1.10,1.11,1.30,1.31,1.32,1.50,1.51,1.54,1.60,1.70,1.80,1.81,1.82,1.90,1.92,1.93,1.94,2.00,2.01,2.10,2.17,2.20,2.30,2.35,2.36,2.40,2.41,2.42,2.43,2.50,2.52,2.53,2.60,2.70,2.76,2.80,3.00,3.01,3.10,3.15,3.16,3.21,3.30,3.40,3.41,3.42,3.50,3.55,3.56,3.60,3.61,3.65,3.66,3.70,3.71,3.72,3.73,4.00,4.01,4.10,4.11,4.20,4.21,4.25,4.30,4.31,4.40,4.41,4.45,4.46,4.50,4.53,4.55,4.60,4.65,4.66,4.70,4.75,4.76,4.78,4.80,4.81,4.82,4.83,4.84,4.85,4.86,4.87,4.88,4.89,4.90,4.91,4.92,4.93	none	none
873	1.02,1.10,1.11,1.30,1.31,1.32,1.50,1.51,1.54,1.60,1.70,1.80,1.81,1.82,1.90,1.92,1.93,1.94,2.00,2.01,2.10,2.17,2.20,2.30,2.35,2.36,2.40,2.41,2.42,2.43,2.50,2.52,2.53,2.60,2.70,2.76,2.80,3.00,3.01,3.10,3.15,3.16,3.21,3.30,3.40,3.41,3.42,3.50,3.55,3.56,3.60,3.61,3.65,3.66,3.70,3.71,3.72,3.73,4.00,4.01,4.10,4.11,4.20,4.21,4.25,4.30,4.31,4.40,4.41,4.45,4.46,4.50,4.53,4.55,4.60,4.65,4.66,4.70,4.75,4.76,4.78,4.80,4.81,4.82,4.83,4.84,4.85,4.86,4.87,4.88,4.89,4.90,4.91,4.92,4.93	none	none
874	2.00,2.01,2.10,2.17,2.20,2.30,2.35,2.36,2.40,2.41,2.42,2.43,2.50,2.52,2.53,2.60,2.70,2.76,2.80,3.00,3.01,3.10,3.15,3.16,3.21,3.30,3.40,3.41,3.42,3.50,3.55,3.56,3.60,3.61,3.65,3.66,3.70,3.71,3.72,3.73,4.00,4.01,4.10,4.11,4.20,4.21,4.25,4.30,4.31,4.40,4.41,4.45,4.46,4.50,4.53,4.55,4.60,4.65,4.66,4.70,4.75,4.76,4.78,4.80,4.81,4.82,4.83,4.84,4.85,4.86,4.87,4.88,4.89,4.90,4.91,4.92,4.93	1.02,1.10,1.11,1.30,1.31,1.32,1.50,1.51,1.54,1.60,1.70,1.80,1.81,1.82,1.90,1.92,1.93,1.94	none
875	2.00,2.01,2.10,2.17,2.20,2.30,2.35,2.36,2.40,2.41,2.42,2.43,2.50,2.52,2.53,2.60,2.70,2.76,2.80,3.00,3.01,3.10,3.15,3.16,3.21,3.30,3.40,3.41,3.42,3.50,3.55,3.56,3.60,3.61,3.65,3.66,3.70,3.71,3.72,3.73,4.00,4.01,4.10,4.11,4.20,4.21,4.25,4.30,4.31,4.40,4.41,4.45,4.46,4.50,4.53,4.55,4.60,4.65,4.66,4.70,4.75,4.76,4.78,4.80,4.81,4.82,4.83,4.84,4.85,4.86,4.87,4.88,4.89,4.90,4.91,4.92,4.93	1.02,1.10,1.11,1.30,1.31,1.32,1.50,1.51,1.54,1.60,1.70,1.80,1.81,1.82,1.90,1.92,1.93,1.94	none
876	2.20,2.30,2.35,2.36,2.40,2.41,2.42,2.43,2.50,2.52,2.53,2.60,2.70,2.76,2.80,3.00,3.01,3.10,3.15,3.16,3.21,3.30,3.40,3.41,3.42,3.50,3.55,3.56,3.60,3.61,3.65,3.66,3.70,3.71,3.72,3.73,4.00,4.01,4.10,4.11,4.20,4.21,4.25,4.30,4.31,4.40,4.41,4.45,4.46,4.50,4.53,4.55,4.60,4.65,4.66,4.70,4.75,4.76,4.78,4.80,4.81,4.82,4.83,4.84,4.85,4.86,4.87,4.88,4.89,4.90,4.91,4.92,4.93	1.02,1.10,1.11,1.30,1.31,1.32,1.50,1.51,1.54,1.60,1.70,1.80,1.81,1.82,1.90,1.92,1.93,1.94,2.00,2.01,2.10,2.17	none
877	2.40,2.41,2.42,2.43,2.50,2.52,2.53,2.60,2.70,2.76,2.80,3.00,3.01,3.10,3.15,3.16,3.21,3.30,3.40,3.41,3.42,3.50,3.55,3.56,3.60,3.61,3.65,3.66,3.70,3.71,3.72,3.73,4.00,4.01,4.10,4.11,4.20,4.21,4.25,4.30,4.31,4.40,4.41,4.45,4.46,4.50,4.53,4.55,4.60,4.65,4.66,4.70,4.75,4.76,4.78,4.80,4.81,4.82,4.83,4.84,4.85,4.86,4.87,4.88,4.89,4.90,4.91,4.92,4.93	1.02,1.10,1.11,1.30,1.31,1.32,1.50,1.51,1.54,1.60,1.70,1.80,1.81,1.82,1.90,1.92,1.93,1.94,2.00,2.01,2.10,2.17,2.20,2.30,2.35,2.36	none
878	2.40,2.41,2.42,2.43,2.50,2.52,2.53,2.60,2.70,2.76,2.80,3.00,3.01,3.10,3.15,3.16,3.21,3.30,3.40,3.41,3.42,3.50,3.55,3.56,3.60,3.61,3.65,3.66,3.70,3.71,3.72,3.73,4.00,4.01,4.10,4.11,4.20,4.21,4.25,4.30,4.31,4.40,4.41,4.45,4.46,4.50,4.53,4.55,4.60,4.65,4.66,4.70,4.75,4.76,4.78,4.80,4.81,4.82,4.83,4.84,4.85,4.86,4.87,4.88,4.89,4.90,4.91,4.92,4.93	1.02,1.10,1.11,1.30,1.31,1.32,1.50,1.51,1.54,1.60,1.70,1.80,1.81,1.82,1.90,1.92,1.93,1.94,2.00,2.01,2.10,2.17,2.20,2.30,2.35,2.36	none
879	2.60,2.70,2.76,2.80,3.00,3.01,3.10,3.15,3.16,3.21,3.30,3.40,3.41,3.42,3.50,3.55,3.56,3.60,3.61,3.65,3.66,3.70,3.71,3.72,3.73,4.00,4.01,4.10,4.11,4.20,4.21,4.25,4.30,4.31,4.40,4.41,4.45,4.46,4.50,4.53,4.55,4.60,4.65,4.66,4.70,4.75,4.76,4.78,4.80,4.81,4.82,4.83,4.84,4.85,4.86,4.87,4.88,4.89,4.90,4.91,4.92,4.93	1.02,1.10,1.11,1.30,1.31,1.32,1.50,1.51,1.54,1.60,1.70,1.80,1.81,1.82,1.90,1.92,1.93,1.94,2.00,2.01,2.10,2.17,2.20,2.30,2.35,2.36,2.40,2.41,2.42,2.43,2.50,2.52,2.53	none
880	none	1.02,1.10,1.11,1.30,1.31,1.32,1.50,1.51,1.54,1.60,1.70,1.80,1.81,1.82,1.90,1.92,1.93,1.94,2.00,2.01,2.10,2.17,2.20,2.30,2.35,2.36,2.40,2.41,2.42,2.43,2.50,2.52,2.53,2.60,2.70,2.76,2.80,3.00,3.01,3.10,3.15,3.16,3.21,3.30,3.40,3.41,3.42,3.50,3.55,3.56,3.60,3.61,3.65,3.66,3.70,3.71,3.72,3.73,4.00,4.01,4.10,4.11,4.20,4.21,4.25,4.30,4.31,4.40,4.41,4.45,4.46,4.50,4.53,4.55,4.60,4.65,4.66,4.70,4.75,4.76,4.78,4.80,4.81,4.82,4.83,4.84,4.85,4.86,4.87,4.88,4.89,4.90,4.91,4.92,4.93	none
881	none	1.02,1.10,1.11,1.30,1.31,1.32,1.50,1.51,1.54,1.60,1.70,1.80,1.81,1.82,1.90,1.92,1.93,1.94,2.00,2.01,2.10,2.17,2.20,2.30,2.35,2.36,2.40,2.41,2.42,2.43,2.50,2.52,2.53,2.60,2.70,2.76,2.80,3.00,3.01,3.10,3.15,3.16,3.21,3.30,3.40,3.41,3.42,3.50,3.55,3.56,3.60,3.61,3.65,3.66,3.70,3.71,3.72,3.73,4.00,4.01,4.10,4.11,4.20,4.21,4.25,4.30,4.31,4.40,4.41,4.45,4.46,4.50,4.53,4.55,4.60,4.65,4.66,4.70,4.75,4.76,4.78,4.80,4.81,4.82,4.83,4.84,4.85,4.86,4.87,4.88,4.89,4.90,4.91,4.92,4.93	none
882	none	1.02,1.10,1.11,1.30,1.31,1.32,1.50,1.51,1.54,1.60,1.70,1.80,1.81,1.82,1.90,1.92,1.93,1.94,2.00,2.01,2.10,2.17,2.20,2.30,2.35,2.36,2.40,2.41,2.42,2.43,2.50,2.52,2.53,2.60,2.70,2.76,2.80,3.00,3.01,3.10,3.15,3.16,3.21,3.30,3.40,3.41,3.42,3.50,3.55,3.56,3.60,3.61,3.65,3.66,3.70,3.71,3.72,3.73,4.00,4.01,4.10,4.11,4.20,4.21,4.25,4.30,4.31,4.40,4.41,4.45,4.46,4.50,4.53,4.55,4.60,4.65,4.66,4.70,4.75,4.76,4.78,4.80,4.81,4.82,4.83,4.84,4.85,4.86,4.87,4.88,4.89,4.90,4.91,4.92,4.93	none
883	none	1.02,1.10,1.11,1.30,1.31,1.32,1.50,1.51,1.54,1.60,1.70,1.80,1.81,1.82,1.90,1.92,1.93,1.94,2.00,2.01,2.10,2.17,2.20,2.30,2.35,2.36,2.40,2.41,2.42,2.43,2.50,2.52,2.53,2.60,2.70,2.76,2.80,3.00,3.01,3.10,3.15,3.16,3.21,3.30,3.40,3.41,3.42,3.50,3.55,3.56,3.60,3.61,3.65,3.66,3.70,3.71,3.72,3.73,4.00,4.01,4.10,4.11,4.20,4.21,4.25,4.30,4.31,4.40,4.41,4.45,4.46,4.50,4.53,4.55,4.60,4.65,4.66,4.70,4.75,4.76,4.78,4.80,4.81,4.82,4.83,4.84,4.85,4.86,4.87,4.88,4.89,4.90,4.91,4.92,4.93	none
884	none	1.02,1.10,1.11,1.30,1.31,1.32,1.50,1.51,1.54,1.60,1.70,1.80,1.81,1.82,1.90,1.92,1.93,1.94,2.00,2.01,2.10,2.17,2.20,2.30,2.35,2.36,2.40,2.41,2.42,2.43,2.50,2.52,2.53,2.60,2.70,2.76,2.80,3.00,3.01,3.10,3.15,3.16,3.21,3.30,3.40,3.41,3.42,3.50,3.55,3.56,3.60,3.61,3.65,3.66,3.70,3.71,3.72,3.73,4.00,4.01,4.10,4.11,4.20,4.21,4.25,4.30,4.31,4.40,4.41,4.45,4.46,4.50,4.53,4.55,4.60,4.65,4.66,4.70,4.75,4.76,4.78,4.80,4.81,4.82,4.83,4.84,4.85,4.86,4.87,4.88,4.89,4.90,4.91,4.92,4.93	none
885	none	1.02,1.10,1.11,1.30,1.31,1.32,1.50,1.51,1.54,1.60,1.70,1.80,1.81,1.82,1.90,1.92,1.93,1.94,2.00,2.01,2.10,2.17,2.20,2.30,2.35,2.36,2.40,2.41,2.42,2.43,2.50,2.52,2.53,2.60,2.70,2.76,2.80,3.00,3.01,3.10,3.15,3.16,3.21,3.30,3.40,3.41,3.42,3.50,3.55,3.56,3.60,3.61,3.65,3.66,3.70,3.71,3.72,3.73,4.00,4.01,4.10,4.11,4.20,4.21,4.25,4.30,4.31,4.40,4.41,4.45,4.46,4.50,4.53,4.55,4.60,4.65,4.66,4.70,4.75,4.76,4.78,4.80,4.81,4.82,4.83,4.84,4.85,4.86,4.87,4.88,4.89,4.90,4.91,4.92,4.93	none
886	none	1.02,1.10,1.11,1.30,1.31,1.32,1.50,1.51,1.54,1.60,1.70,1.80,1.81,1.82,1.90,1.92,1.93,1.94,2.00,2.01,2.10,2.17,2.20,2.30,2.35,2.36,2.40,2.41,2.42,2.43,2.50,2.52,2.53,2.60,2.70,2.76,2.80,3.00,3.01,3.10,3.15,3.16,3.21,3.30,3.40,3.41,3.42,3.50,3.55,3.56,3.60,3.61,3.65,3.66,3.70,3.71,3.72,3.73,4.00,4.01,4.10,4.11,4.20,4.21,4.25,4.30,4.31,4.40,4.41,4.45,4.46,4.50,4.53,4.55,4.60,4.65,4.66,4.70,4.75,4.76,4.78,4.80,4.81,4.82,4.83,4.84,4.85,4.86,4.87,4.88,4.89,4.90,4.91,4.92,4.93	none
887	none	1.02,1.10,1.11,1.30,1.31,1.32,1.50,1.51,1.54,1.60,1.70,1.80,1.81,1.82,1.90,1.92,1.93,1.94,2.00,2.01,2.10,2.17,2.20,2.30,2.35,2.36,2.40,2.41,2.42,2.43,2.50,2.52,2.53,2.60,2.70,2.76,2.80,3.00,3.01,3.10,3.15,3.16,3.21,3.30,3.40,3.41,3.42,3.50,3.55,3.56,3.60,3.61,3.65,3.66,3.70,3.71,3.72,3.73,4.00,4.01,4.10,4.11,4.20,4.21,4.25,4.30,4.31,4.40,4.41,4.45,4.46,4.50,4.53,4.55,4.60,4.65,4.66,4.70,4.75,4.76,4.78,4.80,4.81,4.82,4.83,4.84,4.85,4.86,4.87,4.88,4.89,4.90,4.91,4.92,4.93	none
888	none	1.02,1.10,1.11,1.30,1.31,1.32,1.50,1.51,1.54,1.60,1.70,1.80,1.81,1.82,1.90,1.92,1.93,1.94,2.00,2.01,2.10,2.17,2.20,2.30,2.35,2.36,2.40,2.41,2.42,2.43,2.50,2.52,2.53,2.60,2.70,2.76,2.80,3.00,3.01,3.10,3.15,3.16,3.21,3.30,3.40,3.41,3.42,3.50,3.55,3.56,3.60,3.61,3.65,3.66,3.70,3.71,3.72,3.73,4.00,4.01,4.10,4.11,4.20,4.21,4.25,4.30,4.31,4.40,4.41,4.45,4.46,4.50,4.53,4.55,4.60,4.65,4.66,4.70,4.75,4.76,4.78,4.80,4.81,4.82,4.83,4.84,4.85,4.86,4.87,4.88,4.89,4.90,4.91,4.92,4.93	none
889	none	1.02,1.10,1.11,1.30,1.31,1.32,1.50,1.51,1.54,1.60,1.70,1.80,1.81,1.82,1.90,1.92,1.93,1.94,2.00,2.01,2.10,2.17,2.20,2.30,2.35,2.36,2.40,2.41,2.42,2.43,2.50,2.52,2.53,2.60,2.70,2.76,2.80,3.00,3.01,3.10,3.15,3.16,3.21,3.30,3.40,3.41,3.42,3.50,3.55,3.56,3.60,3.61,3.65,3.66,3.70,3.71,3.72,3.73,4.00,4.01,4.10,4.11,4.20,4.21,4.25,4.30,4.31,4.40,4.41,4.45,4.46,4.50,4.53,4.55,4.60,4.65,4.66,4.70,4.75,4.76,4.78,4.80,4.81,4.82,4.83,4.84,4.85,4.86,4.87,4.88,4.89,4.90,4.91,4.92,4.93	none
890	none	1.02,1.10,1.11,1.30,1.31,1.32,1.50,1.51,1.54,1.60,1.70,1.80,1.81,1.82,1.90,1.92,1.93,1.94,2.00,2.01,2.10,2.17,2.20,2.30,2.35,2.36,2.40,2.41,2.42,2.43,2.50,2.52,2.53,2.60,2.70,2.76,2.80,3.00,3.01,3.10,3.15,3.16,3.21,3.30,3.40,3.41,3.42,3.50,3.55,3.56,3.60,3.61,3.65,3.66,3.70,3.71,3.72,3.73,4.00,4.01,4.10,4.11,4.20,4.21,4.25,4.30,4.31,4.40,4.41,4.45,4.46,4.50,4.53,4.55,4.60,4.65,4.66,4.70,4.75,4.76,4.78,4.80,4.81,4.82,4.83,4.84,4.85,4.86,4.87,4.88,4.89,4.90,4.91,4.92,4.93	none
891	none	1.02,1.10,1.11,1.30,1.31,1.32,1.50,1.51,1.54,1.60,1.70,1.80,1.81,1.82,1.90,1.92,1.93,1.94,2.00,2.01,2.10,2.17,2.20,2.30,2.35,2.36,2.40,2.41,2.42,2.43,2.50,2.52,2.53,2.60,2.70,2.76,2.80,3.00,3.01,3.10,3.15,3.16,3.21,3.30,3.40,3.41,3.42,3.50,3.55,3.56,3.60,3.61,3.65,3.66,3.70,3.71,3.72,3.73,4.00,4.01,4.10,4.11,4.20,4.21,4.25,4.30,4.31,4.40,4.41,4.45,4.46,4.50,4.53,4.55,4.60,4.65,4.66,4.70,4.75,4.76,4.78,4.80,4.81,4.82,4.83,4.84,4.85,4.86,4.87,4.88,4.89,4.90,4.91,4.92,4.93	none
892	none	1.02,1.10,1.11,1.30,1.31,1.32,1.50,1.51,1.54,1.60,1.70,1.80,1.81,1.82,1.90,1.92,1.93,1.94,2.00,2.01,2.10,2.17,2.20,2.30,2.35,2.36,2.40,2.41,2.42,2.43,2.50,2.52,2.53,2.60,2.70,2.76,2.80,3.00,3.01,3.10,3.15,3.16,3.21,3.30,3.40,3.41,3.42,3.50,3.55,3.56,3.60,3.61,3.65,3.66,3.70,3.71,3.72,3.73,4.00,4.01,4.10,4.11,4.20,4.21,4.25,4.30,4.31,4.40,4.41,4.45,4.46,4.50,4.53,4.55,4.60,4.65,4.66,4.70,4.75,4.76,4.78,4.80,4.81,4.82,4.83,4.84,4.85,4.86,4.87,4.88,4.89,4.90,4.91,4.92,4.93	none
893	none	1.02,1.10,1.11,1.30,1.31,1.32,1.50,1.51,1.54,1.60,1.70,1.80,1.81,1.82,1.90,1.92,1.93,1.94,2.00,2.01,2.10,2.17,2.20,2.30,2.35,2.36,2.40,2.41,2.42,2.43,2.50,2.52,2.53,2.60,2.70,2.76,2.80,3.00,3.01,3.10,3.15,3.16,3.21,3.30,3.40,3.41,3.42,3.50,3.55,3.56,3.60,3.61,3.65,3.66,3.70,3.71,3.72,3.73,4.00,4.01,4.10,4.11,4.20,4.21,4.25,4.30,4.31,4.40,4.41,4.45,4.46,4.50,4.53,4.55,4.60,4.65,4.66,4.70,4.75,4.76,4.78,4.80,4.81,4.82,4.83,4.84,4.85,4.86,4.87,4.88,4.89,4.90,4.91,4.92,4.93	none
894	none	1.02,1.10,1.11,1.30,1.31,1.32,1.50,1.51,1.54,1.60,1.70,1.80,1.81,1.82,1.90,1.92,1.93,1.94,2.00,2.01,2.10,2.17,2.20,2.30,2.35,2.36,2.40,2.41,2.42,2.43,2.50,2.52,2.53,2.60,2.70,2.76,2.80,3.00,3.01,3.10,3.15,3.16,3.21,3.30,3.40,3.41,3.42,3.50,3.55,3.56,3.60,3.61,3.65,3.66,3.70,3.71,3.72,3.73,4.00,4.01,4.10,4.11,4.20,4.21,4.25,4.30,4.31,4.40,4.41,4.45,4.46,4.50,4.53,4.55,4.60,4.65,4.66,4.70,4.75,4.76,4.78,4.80,4.81,4.82,4.83,4.84,4.85,4.86,4.87,4.88,4.89,4.90,4.91,4.92,4.93	none
895	none	1.02,1.10,1.11,1.30,1.31,1.32,1.50,1.51,1.54,1.60,1.70,1.80,1.81,1.82,1.90,1.92,1.93,1.94,2.00,2.01,2.10,2.17,2.20,2.30,2.35,2.36,2.40,2.41,2.42,2.43,2.50,2.52,2.53,2.60,2.70,2.76,2.80,3.00,3.01,3.10,3.15,3.16,3.21,3.30,3.40,3.41,3.42,3.50,3.55,3.56,3.60,3.61,3.65,3.66,3.70,3.71,3.72,3.73,4.00,4.01,4.10,4.11,4.20,4.21,4.25,4.30,4.31,4.40,4.41,4.45,4.46,4.50,4.53,4.55,4.60,4.65,4.66,4.70,4.75,4.76,4.78,4.80,4.81,4.82,4.83,4.84,4.85,4.86,4.87,4.88,4.89,4.90,4.91,4.92,4.93	none
896	none	1.02,1.10,1.11,1.30,1.31,1.32,1.50,1.51,1.54,1.60,1.70,1.80,1.81,1.82,1.90,1.92,1.93,1.94,2.00,2.01,2.10,2.17,2.20,2.30,2.35,2.36,2.40,2.41,2.42,2.43,2.50,2.52,2.53,2.60,2.70,2.76,2.80,3.00,3.01,3.10,3.15,3.16,3.21,3.30,3.40,3.41,3.42,3.50,3.55,3.56,3.60,3.61,3.65,3.66,3.70,3.71,3.72,3.73,4.00,4.01,4.10,4.11,4.20,4.21,4.25,4.30,4.31,4.40,4.41,4.45,4.46,4.50,4.53,4.55,4.60,4.65,4.66,4.70,4.75,4.76,4.78,4.80,4.81,4.82,4.83,4.84,4.85,4.86,4.87,4.88,4.89,4.90,4.91,4.92,4.93	none
897	none	1.02,1.10,1.11,1.30,1.31,1.32,1.50,1.51,1.54,1.60,1.70,1.80,1.81,1.82,1.90,1.92,1.93,1.94,2.00,2.01,2.10,2.17,2.20,2.30,2.35,2.36,2.40,2.41,2.42,2.43,2.50,2.52,2.53,2.60,2.70,2.76,2.80,3.00,3.01,3.10,3.15,3.16,3.21,3.30,3.40,3.41,3.42,3.50,3.55,3.56,3.60,3.61,3.65,3.66,3.70,3.71,3.72,3.73,4.00,4.01,4.10,4.11,4.20,4.21,4.25,4.30,4.31,4.40,4.41,4.45,4.46,4.50,4.53,4.55,4.60,4.65,4.66,4.70,4.75,4.76,4.78,4.80,4.81,4.82,4.83,4.84,4.85,4.86,4.87,4.88,4.89,4.90,4.91,4.92,4.93	none
898	none	1.02,1.10,1.11,1.30,1.31,1.32,1.50,1.51,1.54,1.60,1.70,1.80,1.81,1.82,1.90,1.92,1.93,1.94,2.00,2.01,2.10,2.17,2.20,2.30,2.35,2.36,2.40,2.41,2.42,2.43,2.50,2.52,2.53,2.60,2.70,2.76,2.80,3.00,3.01,3.10,3.15,3.16,3.21,3.30,3.40,3.41,3.42,3.50,3.55,3.56,3.60,3.61,3.65,3.66,3.70,3.71,3.72,3.73,4.00,4.01,4.10,4.11,4.20,4.21,4.25,4.30,4.31,4.40,4.41,4.45,4.46,4.50,4.53,4.55,4.60,4.65,4.66,4.70,4.75,4.76,4.78,4.80,4.81,4.82,4.83,4.84,4.85,4.86,4.87,4.88,4.89,4.90,4.91,4.92,4.93	none
899	none	1.02,1.10,1.11,1.30,1.31,1.32,1.50,1.51,1.54,1.60,1.70,1.80,1.81,1.82,1.90,1.92,1.93,1.94,2.00,2.01,2.10,2.17,2.20,2.30,2.35,2.36,2.40,2.41,2.42,2.43,2.50,2.52,2.53,2.60,2.70,2.76,2.80,3.00,3.01,3.10,3.15,3.16,3.21,3.30,3.40,3.41,3.42,3.50,3.55,3.56,3.60,3.61,3.65,3.66,3.70,3.71,3.72,3.73,4.00,4.01,4.10,4.11,4.20,4.21,4.25,4.30,4.31,4.40,4.41,4.45,4.46,4.50,4.53,4.55,4.60,4.65,4.66,4.70,4.75,4.76,4.78,4.80,4.81,4.82,4.83,4.84,4.85,4.86,4.87,4.88,4.89,4.90,4.91,4.92,4.93	none
900	1.02,1.10,1.11,1.30,1.31,1.32,1.50,1.51,1.54,1.60,1.70,1.80,1.81,1.82,1.90,1.92,1.93,1.94,3.10,3.15,3.16,3.21,3.30,3.40,3.41,3.42,3.50,3.55,3.56,3.60,3.61,3.65,3.66,3.70,3.71,3.72,3.73,4.00,4.01,4.10,4.11,4.20,4.21,4.25,4.30,4.31,4.40,4.41,4.45,4.46,4.50,4.53,4.55,4.60,4.65,4.66,4.70,4.75,4.76,4.78,4.80,4.81,4.82,4.83,4.84,4.85,4.86,4.87,4.88,4.89,4.90,4.91,4.92,4.93	2.00,2.01,2.10,2.17,2.20,2.30,2.35,2.36,2.40,2.41,2.42,2.43,2.50,2.52,2.53,2.60,2.70,2.76,2.80,3.00,3.01	none
901	1.02,1.10,1.11,1.30,1.31,1.32,1.50,1.51,1.54,1.60,1.70,1.80,1.81,1.82,1.90,1.92,1.93,1.94	2.00,2.01,2.10,2.17,2.20,2.30,2.35,2.36,2.40,2.41,2.42,2.43,2.50,2.52,2.53,2.60,2.70,2.76,2.80,3.00,3.01,3.10,3.15,3.16,3.21,3.30,3.40,3.41,3.42,3.50,3.55,3.56,3.60,3.61,3.65,3.66,3.70,3.71,3.72,3.73,4.00,4.01,4.10,4.11,4.20,4.21,4.25,4.30,4.31,4.40,4.41,4.45,4.46,4.50,4.53,4.55,4.60,4.65,4.66,4.70,4.75,4.76,4.78,4.80,4.81,4.82,4.83,4.84,4.85,4.86,4.87,4.88,4.89,4.90,4.91,4.92,4.93	none
902	1.02,1.10,1.11,1.30,1.31,1.32,1.50,1.51,1.54,1.60,1.70,1.80,1.81,1.82,1.90,1.92,1.93,1.94,3.10,3.15,3.16,3.21,3.30,3.40,3.41,3.42,3.50,3.55,3.56,3.60,3.61,3.65,3.66,3.70,3.71,3.72,3.73,4.00,4.01,4.10,4.11,4.20,4.21,4.25,4.30,4.31,4.40,4.41,4.45,4.46,4.50,4.53,4.55,4.60,4.65,4.66,4.70,4.75,4.76,4.78,4.80,4.81,4.82,4.83,4.84,4.85,4.86,4.87,4.88,4.89,4.90,4.91,4.92,4.93	2.00,2.01,2.10,2.17,2.20,2.30,2.35,2.36,2.40,2.41,2.42,2.43,2.50,2.52,2.53,2.60,2.70,2.76,2.80,3.00,3.01	none
903	1.02,1.10,1.11,1.30,1.31,1.32,1.50,1.51,1.54,1.60,1.70,1.80,1.81,1.82,1.90,1.92,1.93,1.94,3.10,3.15,3.16,3.21,3.30,3.40,3.41,3.42,3.50,3.55,3.56,3.60,3.61,3.65,3.66,3.70,3.71,3.72,3.73,4.00,4.01,4.10,4.11,4.20,4.21,4.25,4.30,4.31,4.40,4.41,4.45,4.46,4.50,4.53,4.55,4.60,4.65,4.66,4.70,4.75,4.76,4.78,4.80,4.81,4.82,4.83,4.84,4.85,4.86,4.87,4.88,4.89,4.90,4.91,4.92,4.93	2.00,2.01,2.10,2.17,2.20,2.30,2.35,2.36,2.40,2.41,2.42,2.43,2.50,2.52,2.53,2.60,2.70,2.76,2.80,3.00,3.01	none
904	1.02,1.10,1.11,1.30,1.31,1.32,1.50,1.51,1.54,1.60,1.70	1.80,1.81,1.82,1.90,1.92,1.93,1.94,2.00,2.01,2.10,2.17,2.20,2.30,2.35,2.36,2.40,2.41,2.42,2.43,2.50,2.52,2.53,2.60,2.70,2.76,2.80,3.00,3.01,3.10,3.15,3.16,3.21,3.30,3.40,3.41,3.42,3.50,3.55,3.56,3.60,3.61,3.65,3.66,3.70,3.71,3.72,3.73,4.00,4.01,4.10,4.11,4.20,4.21,4.25,4.30,4.31,4.40,4.41,4.45,4.46,4.50,4.53,4.55,4.60,4.65,4.66,4.70,4.75,4.76,4.78,4.80,4.81,4.82,4.83,4.84,4.85,4.86,4.87,4.88,4.89,4.90,4.91,4.92,4.93	none
905	1.02,1.10,1.11,1.30,1.31,1.32,1.50,1.51,1.54,1.60,1.70	1.80,1.81,1.82,1.90,1.92,1.93,1.94,2.00,2.01,2.10,2.17,2.20,2.30,2.35,2.36,2.40,2.41,2.42,2.43,2.50,2.52,2.53,2.60,2.70,2.76,2.80,3.00,3.01,3.10,3.15,3.16,3.21,3.30,3.40,3.41,3.42,3.50,3.55,3.56,3.60,3.61,3.65,3.66,3.70,3.71,3.72,3.73,4.00,4.01,4.10,4.11,4.20,4.21,4.25,4.30,4.31,4.40,4.41,4.45,4.46,4.50,4.53,4.55,4.60,4.65,4.66,4.70,4.75,4.76,4.78,4.80,4.81,4.82,4.83,4.84,4.85,4.86,4.87,4.88,4.89,4.90,4.91,4.92,4.93	none
906	1.02,1.10,1.11,1.30,1.31,1.32,1.50,1.51,1.54,1.60,1.70,1.80,1.81,1.82,1.90,1.92,1.93,1.94,3.10,3.15,3.16,3.21,3.30,3.40,3.41,3.42,3.50,3.55,3.56,3.60,3.61,3.65,3.66,3.70,3.71,3.72,3.73,4.00,4.01,4.10,4.11,4.20,4.21,4.25,4.30,4.31,4.40,4.41,4.45,4.46,4.50,4.53,4.55,4.60,4.65,4.66,4.70,4.75,4.76,4.78,4.80,4.81,4.82,4.83,4.84,4.85,4.86,4.87,4.88,4.89,4.90,4.91,4.92,4.93	2.00,2.01,2.10,2.17,2.20,2.30,2.35,2.36,2.40,2.41,2.42,2.43,2.50,2.52,2.53,2.60,2.70,2.76,2.80,3.00,3.01	none
907	1.02,1.10,1.11,1.30,1.31,1.32,1.50,1.51,1.54,1.60,1.70	1.80,1.81,1.82,1.90,1.92,1.93,1.94,2.00,2.01,2.10,2.17,2.20,2.30,2.35,2.36,2.40,2.41,2.42,2.43,2.50,2.52,2.53,2.60,2.70,2.76,2.80,3.00,3.01,3.10,3.15,3.16,3.21,3.30,3.40,3.41,3.42,3.50,3.55,3.56,3.60,3.61,3.65,3.66,3.70,3.71,3.72,3.73,4.00,4.01,4.10,4.11,4.20,4.21,4.25,4.30,4.31,4.40,4.41,4.45,4.46,4.50,4.53,4.55,4.60,4.65,4.66,4.70,4.75,4.76,4.78,4.80,4.81,4.82,4.83,4.84,4.85,4.86,4.87,4.88,4.89,4.90,4.91,4.92,4.93	none
908	1.02,1.10,1.11,1.30,1.31,1.32,1.50,1.51,1.54,1.60,1.70	1.80,1.81,1.82,1.90,1.92,1.93,1.94,2.00,2.01,2.10,2.17,2.20,2.30,2.35,2.36,2.40,2.41,2.42,2.43,2.50,2.52,2.53,2.60,2.70,2.76,2.80,3.00,3.01,3.10,3.15,3.16,3.21,3.30,3.40,3.41,3.42,3.50,3.55,3.56,3.60,3.61,3.65,3.66,3.70,3.71,3.72,3.73,4.00,4.01,4.10,4.11,4.20,4.21,4.25,4.30,4.31,4.40,4.41,4.45,4.46,4.50,4.53,4.55,4.60,4.65,4.66,4.70,4.75,4.76,4.78,4.80,4.81,4.82,4.83,4.84,4.85,4.86,4.87,4.88,4.89,4.90,4.91,4.92,4.93	none
909	1.02,1.10,1.11,1.30,1.31,1.32,1.50,1.51,1.54,1.60,1.70,1.80,1.81,1.82,1.90,1.92,1.93,1.94,3.10,3.15,3.16,3.21,3.30,3.40,3.41,3.42,3.50,3.55,3.56,3.60,3.61,3.65,3.66,3.70,3.71,3.72,3.73,4.00,4.01,4.10,4.11,4.20,4.21,4.25,4.30,4.31,4.40,4.41,4.45,4.46,4.50,4.53,4.55,4.60,4.65,4.66,4.70,4.75,4.76,4.78,4.80,4.81,4.82,4.83,4.84,4.85,4.86,4.87,4.88,4.89,4.90,4.91,4.92,4.93	2.00,2.01,2.10,2.17,2.20,2.30,2.35,2.36,2.40,2.41,2.42,2.43,2.50,2.52,2.53,2.60,2.70,2.76,2.80,3.00,3.01	none
910	1.02,1.10,1.11,1.30,1.31,1.32,1.50,1.51,1.54,1.60,1.70,1.80,1.81,1.82,1.90,1.92,1.93,1.94,3.10,3.15,3.16,3.21,3.30,3.40,3.41,3.42,3.50,3.55,3.56,3.60,3.61,3.65,3.66,3.70,3.71,3.72,3.73,4.00,4.01,4.10,4.11,4.20,4.21,4.25,4.30,4.31,4.40,4.41,4.45,4.46,4.50,4.53,4.55,4.60,4.65,4.66,4.70,4.75,4.76,4.78,4.80,4.81,4.82,4.83,4.84,4.85,4.86,4.87,4.88,4.89,4.90,4.91,4.92,4.93	2.00,2.01,2.10,2.17,2.20,2.30,2.35,2.36,2.40,2.41,2.42,2.43,2.50,2.52,2.53,2.60,2.70,2.76,2.80,3.00,3.01	none
911	1.02,1.10,1.11,1.30,1.31,1.32,1.50,1.51,1.54,1.60,1.70,1.90,1.92,1.93,1.94,3.10,3.15,3.16,3.21,3.30,3.40,3.41,3.42,3.50,3.55,3.56,3.60,3.61,3.65,3.66,3.70,3.71,3.72,3.73,4.00,4.01,4.10,4.11,4.20,4.21,4.25,4.30,4.31,4.40,4.41,4.45,4.46,4.50,4.53,4.55,4.60,4.65,4.66,4.70,4.75,4.76,4.78,4.80,4.81,4.82,4.83,4.84,4.85,4.86,4.87,4.88,4.89,4.90,4.91,4.92,4.93	1.80,1.81,1.82,2.00,2.01,2.10,2.17,2.20,2.30,2.35,2.36,2.40,2.41,2.42,2.43,2.50,2.52,2.53,2.60,2.70,2.76,2.80,3.00,3.01	none
912	1.02,1.10,1.11,1.30,1.31,1.32,1.50,1.51,1.54,1.60,1.70	1.80,1.81,1.82,1.90,1.92,1.93,1.94,2.00,2.01,2.10,2.17,2.20,2.30,2.35,2.36,2.40,2.41,2.42,2.43,2.50,2.52,2.53,2.60,2.70,2.76,2.80,3.00,3.01,3.10,3.15,3.16,3.21,3.30,3.40,3.41,3.42,3.50,3.55,3.56,3.60,3.61,3.65,3.66,3.70,3.71,3.72,3.73,4.00,4.01,4.10,4.11,4.20,4.21,4.25,4.30,4.31,4.40,4.41,4.45,4.46,4.50,4.53,4.55,4.60,4.65,4.66,4.70,4.75,4.76,4.78,4.80,4.81,4.82,4.83,4.84,4.85,4.86,4.87,4.88,4.89,4.90,4.91,4.92,4.93	none
913	1.02,1.10,1.11,1.30,1.31,1.32,1.50,1.51,1.54,1.60,1.70	1.80,1.81,1.82,1.90,1.92,1.93,1.94,2.00,2.01,2.10,2.17,2.20,2.30,2.35,2.36,2.40,2.41,2.42,2.43,2.50,2.52,2.53,2.60,2.70,2.76,2.80,3.00,3.01,3.10,3.15,3.16,3.21,3.30,3.40,3.41,3.42,3.50,3.55,3.56,3.60,3.61,3.65,3.66,3.70,3.71,3.72,3.73,4.00,4.01,4.10,4.11,4.20,4.21,4.25,4.30,4.31,4.40,4.41,4.45,4.46,4.50,4.53,4.55,4.60,4.65,4.66,4.70,4.75,4.76,4.78,4.80,4.81,4.82,4.83,4.84,4.85,4.86,4.87,4.88,4.89,4.90,4.91,4.92,4.93	none
914	1.02,1.10,1.11,1.30,1.31,1.32,1.50,1.51,1.54,1.60,1.70,1.90,1.92,1.93,1.94,3.10,3.15,3.16,3.21,3.30,3.40,3.41,3.42,3.50,3.55,3.56,3.60,3.61,3.65,3.66,3.70,3.71,3.72,3.73,4.00,4.01,4.10,4.11,4.20,4.21,4.25,4.30,4.31,4.40,4.41,4.45,4.46,4.50,4.53,4.55,4.60,4.65,4.66,4.70,4.75,4.76,4.78,4.80,4.81,4.82,4.83,4.84,4.85,4.86,4.87,4.88,4.89,4.90,4.91,4.92,4.93	1.80,1.81,1.82,2.00,2.01,2.10,2.17,2.20,2.30,2.35,2.36,2.40,2.41,2.42,2.43,2.50,2.52,2.53,2.60,2.70,2.76,2.80,3.00,3.01	none
915	1.02,1.10,1.11,1.30,1.31,1.32,1.50,1.51,1.54,1.60,1.70	1.80,1.81,1.82,1.90,1.92,1.93,1.94,2.00,2.01,2.10,2.17,2.20,2.30,2.35,2.36,2.40,2.41,2.42,2.43,2.50,2.52,2.53,2.60,2.70,2.76,2.80,3.00,3.01,3.10,3.15,3.16,3.21,3.30,3.40,3.41,3.42,3.50,3.55,3.56,3.60,3.61,3.65,3.66,3.70,3.71,3.72,3.73,4.00,4.01,4.10,4.11,4.20,4.21,4.25,4.30,4.31,4.40,4.41,4.45,4.46,4.50,4.53,4.55,4.60,4.65,4.66,4.70,4.75,4.76,4.78,4.80,4.81,4.82,4.83,4.84,4.85,4.86,4.87,4.88,4.89,4.90,4.91,4.92,4.93	none
916	1.02,1.10,1.11,1.30,1.31,1.32,1.50,1.51,1.54,1.60,1.70	1.80,1.81,1.82,1.90,1.92,1.93,1.94,2.00,2.01,2.10,2.17,2.20,2.30,2.35,2.36,2.40,2.41,2.42,2.43,2.50,2.52,2.53,2.60,2.70,2.76,2.80,3.00,3.01,3.10,3.15,3.16,3.21,3.30,3.40,3.41,3.42,3.50,3.55,3.56,3.60,3.61,3.65,3.66,3.70,3.71,3.72,3.73,4.00,4.01,4.10,4.11,4.20,4.21,4.25,4.30,4.31,4.40,4.41,4.45,4.46,4.50,4.53,4.55,4.60,4.65,4.66,4.70,4.75,4.76,4.78,4.80,4.81,4.82,4.83,4.84,4.85,4.86,4.87,4.88,4.89,4.90,4.91,4.92,4.93	none
917	1.02,1.10,1.11,1.30,1.31,1.32,1.50,1.51,1.54,1.60,1.70	1.80,1.81,1.82,1.90,1.92,1.93,1.94,2.00,2.01,2.10,2.17,2.20,2.30,2.35,2.36,2.40,2.41,2.42,2.43,2.50,2.52,2.53,2.60,2.70,2.76,2.80,3.00,3.01,3.10,3.15,3.16,3.21,3.30,3.40,3.41,3.42,3.50,3.55,3.56,3.60,3.61,3.65,3.66,3.70,3.71,3.72,3.73,4.00,4.01,4.10,4.11,4.20,4.21,4.25,4.30,4.31,4.40,4.41,4.45,4.46,4.50,4.53,4.55,4.60,4.65,4.66,4.70,4.75,4.76,4.78,4.80,4.81,4.82,4.83,4.84,4.85,4.86,4.87,4.88,4.89,4.90,4.91,4.92,4.93	none
918	1.02,1.10,1.11,1.30,1.31,1.32,1.50,1.51,1.54,1.60,1.70	1.80,1.81,1.82,1.90,1.92,1.93,1.94,2.00,2.01,2.10,2.17,2.20,2.30,2.35,2.36,2.40,2.41,2.42,2.43,2.50,2.52,2.53,2.60,2.70,2.76,2.80,3.00,3.01,3.10,3.15,3.16,3.21,3.30,3.40,3.41,3.42,3.50,3.55,3.56,3.60,3.61,3.65,3.66,3.70,3.71,3.72,3.73,4.00,4.01,4.10,4.11,4.20,4.21,4.25,4.30,4.31,4.40,4.41,4.45,4.46,4.50,4.53,4.55,4.60,4.65,4.66,4.70,4.75,4.76,4.78,4.80,4.81,4.82,4.83,4.84,4.85,4.86,4.87,4.88,4.89,4.90,4.91,4.92,4.93	none
919	1.02,1.10,1.11,1.30,1.31,1.32,1.50,1.51,1.54,1.60,1.70	1.80,1.81,1.82,1.90,1.92,1.93,1.94,2.00,2.01,2.10,2.17,2.20,2.30,2.35,2.36,2.40,2.41,2.42,2.43,2.50,2.52,2.53,2.60,2.70,2.76,2.80,3.00,3.01,3.10,3.15,3.16,3.21,3.30,3.40,3.41,3.42,3.50,3.55,3.56,3.60,3.61,3.65,3.66,3.70,3.71,3.72,3.73,4.00,4.01,4.10,4.11,4.20,4.21,4.25,4.30,4.31,4.40,4.41,4.45,4.46,4.50,4.53,4.55,4.60,4.65,4.66,4.70,4.75,4.76,4.78,4.80,4.81,4.82,4.83,4.84,4.85,4.86,4.87,4.88,4.89,4.90,4.91,4.92,4.93	none
920	1.02,1.10,1.11,1.30,1.31,1.32,1.50,1.51,1.54,1.60,1.70	1.80,1.81,1.82,1.90,1.92,1.93,1.94,2.00,2.01,2.10,2.17,2.20,2.30,2.35,2.36,2.40,2.41,2.42,2.43,2.50,2.52,2.53,2.60,2.70,2.76,2.80,3.00,3.01,3.10,3.15,3.16,3.21,3.30,3.40,3.41,3.42,3.50,3.55,3.56,3.60,3.61,3.65,3.66,3.70,3.71,3.72,3.73,4.00,4.01,4.10,4.11,4.20,4.21,4.25,4.30,4.31,4.40,4.41,4.45,4.46,4.50,4.53,4.55,4.60,4.65,4.66,4.70,4.75,4.76,4.78,4.80,4.81,4.82,4.83,4.84,4.85,4.86,4.87,4.88,4.89,4.90,4.91,4.92,4.93	none
921	1.02,1.10,1.11,1.30,1.31,1.32,1.50,1.51,1.54,1.60,1.70	1.80,1.81,1.82,1.90,1.92,1.93,1.94,2.00,2.01,2.10,2.17,2.20,2.30,2.35,2.36,2.40,2.41,2.42,2.43,2.50,2.52,2.53,2.60,2.70,2.76,2.80,3.00,3.01,3.10,3.15,3.16,3.21,3.30,3.40,3.41,3.42,3.50,3.55,3.56,3.60,3.61,3.65,3.66,3.70,3.71,3.72,3.73,4.00,4.01,4.10,4.11,4.20,4.21,4.25,4.30,4.31,4.40,4.41,4.45,4.46,4.50,4.53,4.55,4.60,4.65,4.66,4.70,4.75,4.76,4.78,4.80,4.81,4.82,4.83,4.84,4.85,4.86,4.87,4.88,4.89,4.90,4.91,4.92,4.93	none
922	1.02,1.10,1.11,1.30,1.31,1.32,1.50,1.51,1.54,1.60,1.70	1.80,1.81,1.82,1.90,1.92,1.93,1.94,2.00,2.01,2.10,2.17,2.20,2.30,2.35,2.36,2.40,2.41,2.42,2.43,2.50,2.52,2.53,2.60,2.70,2.76,2.80,3.00,3.01,3.10,3.15,3.16,3.21,3.30,3.40,3.41,3.42,3.50,3.55,3.56,3.60,3.61,3.65,3.66,3.70,3.71,3.72,3.73,4.00,4.01,4.10,4.11,4.20,4.21,4.25,4.30,4.31,4.40,4.41,4.45,4.46,4.50,4.53,4.55,4.60,4.65,4.66,4.70,4.75,4.76,4.78,4.80,4.81,4.82,4.83,4.84,4.85,4.86,4.87,4.88,4.89,4.90,4.91,4.92,4.93	none
923	1.02,1.10,1.11,1.30,1.31,1.32,1.50,1.51,1.54,1.60,1.70	1.80,1.81,1.82,1.90,1.92,1.93,1.94,2.00,2.01,2.10,2.17,2.20,2.30,2.35,2.36,2.40,2.41,2.42,2.43,2.50,2.52,2.53,2.60,2.70,2.76,2.80,3.00,3.01,3.10,3.15,3.16,3.21,3.30,3.40,3.41,3.42,3.50,3.55,3.56,3.60,3.61,3.65,3.66,3.70,3.71,3.72,3.73,4.00,4.01,4.10,4.11,4.20,4.21,4.25,4.30,4.31,4.40,4.41,4.45,4.46,4.50,4.53,4.55,4.60,4.65,4.66,4.70,4.75,4.76,4.78,4.80,4.81,4.82,4.83,4.84,4.85,4.86,4.87,4.88,4.89,4.90,4.91,4.92,4.93	none
924	1.02,1.10,1.11,1.30,1.31,1.32,1.50,1.51,1.54,1.60,1.70	1.80,1.81,1.82,1.90,1.92,1.93,1.94,2.00,2.01,2.10,2.17,2.20,2.30,2.35,2.36,2.40,2.41,2.42,2.43,2.50,2.52,2.53,2.60,2.70,2.76,2.80,3.00,3.01,3.10,3.15,3.16,3.21,3.30,3.40,3.41,3.42,3.50,3.55,3.56,3.60,3.61,3.65,3.66,3.70,3.71,3.72,3.73,4.00,4.01,4.10,4.11,4.20,4.21,4.25,4.30,4.31,4.40,4.41,4.45,4.46,4.50,4.53,4.55,4.60,4.65,4.66,4.70,4.75,4.76,4.78,4.80,4.81,4.82,4.83,4.84,4.85,4.86,4.87,4.88,4.89,4.90,4.91,4.92,4.93	none
925	1.02,1.10,1.11,1.30,1.31,1.32,1.50,1.51,1.54,1.60,1.70	1.80,1.81,1.82,1.90,1.92,1.93,1.94,2.00,2.01,2.10,2.17,2.20,2.30,2.35,2.36,2.40,2.41,2.42,2.43,2.50,2.52,2.53,2.60,2.70,2.76,2.80,3.00,3.01,3.10,3.15,3.16,3.21,3.30,3.40,3.41,3.42,3.50,3.55,3.56,3.60,3.61,3.65,3.66,3.70,3.71,3.72,3.73,4.00,4.01,4.10,4.11,4.20,4.21,4.25,4.30,4.31,4.40,4.41,4.45,4.46,4.50,4.53,4.55,4.60,4.65,4.66,4.70,4.75,4.76,4.78,4.80,4.81,4.82,4.83,4.84,4.85,4.86,4.87,4.88,4.89,4.90,4.91,4.92,4.93	none
926	1.02,1.10,1.11,1.30,1.31,1.32,1.50,1.51,1.54,1.60,1.70	1.80,1.81,1.82,1.90,1.92,1.93,1.94,2.00,2.01,2.10,2.17,2.20,2.30,2.35,2.36,2.40,2.41,2.42,2.43,2.50,2.52,2.53,2.60,2.70,2.76,2.80,3.00,3.01,3.10,3.15,3.16,3.21,3.30,3.40,3.41,3.42,3.50,3.55,3.56,3.60,3.61,3.65,3.66,3.70,3.71,3.72,3.73,4.00,4.01,4.10,4.11,4.20,4.21,4.25,4.30,4.31,4.40,4.41,4.45,4.46,4.50,4.53,4.55,4.60,4.65,4.66,4.70,4.75,4.76,4.78,4.80,4.81,4.82,4.83,4.84,4.85,4.86,4.87,4.88,4.89,4.90,4.91,4.92,4.93	none
927	1.02,1.10,1.11,1.30,1.31,1.32,1.50,1.51,1.54,1.60,1.70	1.80,1.81,1.82,1.90,1.92,1.93,1.94,2.00,2.01,2.10,2.17,2.20,2.30,2.35,2.36,2.40,2.41,2.42,2.43,2.50,2.52,2.53,2.60,2.70,2.76,2.80,3.00,3.01,3.10,3.15,3.16,3.21,3.30,3.40,3.41,3.42,3.50,3.55,3.56,3.60,3.61,3.65,3.66,3.70,3.71,3.72,3.73,4.00,4.01,4.10,4.11,4.20,4.21,4.25,4.30,4.31,4.40,4.41,4.45,4.46,4.50,4.53,4.55,4.60,4.65,4.66,4.70,4.75,4.76,4.78,4.80,4.81,4.82,4.83,4.84,4.85,4.86,4.87,4.88,4.89,4.90,4.91,4.92,4.93	none
928	1.02,1.10,1.11,1.30,1.31,1.32,1.50,1.51,1.54,1.60,1.70	1.80,1.81,1.82,1.90,1.92,1.93,1.94,2.00,2.01,2.10,2.17,2.20,2.30,2.35,2.36,2.40,2.41,2.42,2.43,2.50,2.52,2.53,2.60,2.70,2.76,2.80,3.00,3.01,3.10,3.15,3.16,3.21,3.30,3.40,3.41,3.42,3.50,3.55,3.56,3.60,3.61,3.65,3.66,3.70,3.71,3.72,3.73,4.00,4.01,4.10,4.11,4.20,4.21,4.25,4.30,4.31,4.40,4.41,4.45,4.46,4.50,4.53,4.55,4.60,4.65,4.66,4.70,4.75,4.76,4.78,4.80,4.81,4.82,4.83,4.84,4.85,4.86,4.87,4.88,4.89,4.90,4.91,4.92,4.93	none
929	1.02,1.10,1.11,1.30,1.31,1.32,1.50,1.51,1.54,1.60,1.70	1.80,1.81,1.82,1.90,1.92,1.93,1.94,2.00,2.01,2.10,2.17,2.20,2.30,2.35,2.36,2.40,2.41,2.42,2.43,2.50,2.52,2.53,2.60,2.70,2.76,2.80,3.00,3.01,3.10,3.15,3.16,3.21,3.30,3.40,3.41,3.42,3.50,3.55,3.56,3.60,3.61,3.65,3.66,3.70,3.71,3.72,3.73,4.00,4.01,4.10,4.11,4.20,4.21,4.25,4.30,4.31,4.40,4.41,4.45,4.46,4.50,4.53,4.55,4.60,4.65,4.66,4.70,4.75,4.76,4.78,4.80,4.81,4.82,4.83,4.84,4.85,4.86,4.87,4.88,4.89,4.90,4.91,4.92,4.93	none
930	1.02,1.10,1.11,1.30,1.31,1.32,1.50,1.51,1.54,1.60,1.70	1.80,1.81,1.82,1.90,1.92,1.93,1.94,2.00,2.01,2.10,2.17,2.20,2.30,2.35,2.36,2.40,2.41,2.42,2.43,2.50,2.52,2.53,2.60,2.70,2.76,2.80,3.00,3.01,3.10,3.15,3.16,3.21,3.30,3.40,3.41,3.42,3.50,3.55,3.56,3.60,3.61,3.65,3.66,3.70,3.71,3.72,3.73,4.00,4.01,4.10,4.11,4.20,4.21,4.25,4.30,4.31,4.40,4.41,4.45,4.46,4.50,4.53,4.55,4.60,4.65,4.66,4.70,4.75,4.76,4.78,4.80,4.81,4.82,4.83,4.84,4.85,4.86,4.87,4.88,4.89,4.90,4.91,4.92,4.93	none
931	1.02,1.10,1.11,1.30,1.31,1.32,1.50,1.51,1.54,1.60,1.70	1.80,1.81,1.82,1.90,1.92,1.93,1.94,2.00,2.01,2.10,2.17,2.20,2.30,2.35,2.36,2.40,2.41,2.42,2.43,2.50,2.52,2.53,2.60,2.70,2.76,2.80,3.00,3.01,3.10,3.15,3.16,3.21,3.30,3.40,3.41,3.42,3.50,3.55,3.56,3.60,3.61,3.65,3.66,3.70,3.71,3.72,3.73,4.00,4.01,4.10,4.11,4.20,4.21,4.25,4.30,4.31,4.40,4.41,4.45,4.46,4.50,4.53,4.55,4.60,4.65,4.66,4.70,4.75,4.76,4.78,4.80,4.81,4.82,4.83,4.84,4.85,4.86,4.87,4.88,4.89,4.90,4.91,4.92,4.93	none
932	1.50,1.51,1.54,1.60,1.70	1.02,1.10,1.11,1.30,1.31,1.32,1.80,1.81,1.82,1.90,1.92,1.93,1.94,2.00,2.01,2.10,2.17,2.20,2.30,2.35,2.36,2.40,2.41,2.42,2.43,2.50,2.52,2.53,2.60,2.70,2.76,2.80,3.00,3.01,3.10,3.15,3.16,3.21,3.30,3.40,3.41,3.42,3.50,3.55,3.56,3.60,3.61,3.65,3.66,3.70,3.71,3.72,3.73,4.00,4.01,4.10,4.11,4.20,4.21,4.25,4.30,4.31,4.40,4.41,4.45,4.46,4.50,4.53,4.55,4.60,4.65,4.66,4.70,4.75,4.76,4.78,4.80,4.81,4.82,4.83,4.84,4.85,4.86,4.87,4.88,4.89,4.90,4.91,4.92,4.93	none
933	1.50,1.51,1.54,1.60,1.70,1.80,1.81,1.82,1.90,1.92,1.93,1.94,3.10,3.15,3.16,3.21,3.30,3.40,3.41,3.42,3.50,3.55,3.56,3.60,3.61,3.65,3.66,3.70,3.71,3.72,3.73,4.00,4.01,4.10,4.11,4.20,4.21,4.25,4.30,4.31,4.40,4.41,4.45,4.46,4.50,4.53,4.55,4.60,4.65,4.66,4.70,4.75,4.76,4.78,4.80,4.81,4.82,4.83,4.84,4.85,4.86,4.87,4.88,4.89,4.90,4.91,4.92,4.93	1.02,1.10,1.11,1.30,1.31,1.32,2.00,2.01,2.10,2.17,2.20,2.30,2.35,2.36,2.40,2.41,2.42,2.43,2.50,2.52,2.53,2.60,2.70,2.76,2.80,3.00,3.01	none
934	1.50,1.51,1.54,1.60,1.70	1.02,1.10,1.11,1.30,1.31,1.32,1.80,1.81,1.82,1.90,1.92,1.93,1.94,2.00,2.01,2.10,2.17,2.20,2.30,2.35,2.36,2.40,2.41,2.42,2.43,2.50,2.52,2.53,2.60,2.70,2.76,2.80,3.00,3.01,3.10,3.15,3.16,3.21,3.30,3.40,3.41,3.42,3.50,3.55,3.56,3.60,3.61,3.65,3.66,3.70,3.71,3.72,3.73,4.00,4.01,4.10,4.11,4.20,4.21,4.25,4.30,4.31,4.40,4.41,4.45,4.46,4.50,4.53,4.55,4.60,4.65,4.66,4.70,4.75,4.76,4.78,4.80,4.81,4.82,4.83,4.84,4.85,4.86,4.87,4.88,4.89,4.90,4.91,4.92,4.93	none
935	1.50,1.51,1.54,1.60,1.70,1.80,1.81,1.82,1.90,1.92,1.93,1.94,3.10,3.15,3.16,3.21,3.30,3.40,3.41,3.42,3.50,3.55,3.56,3.60,3.61,3.65,3.66,3.70,3.71,3.72,3.73,4.00,4.01,4.10,4.11,4.20,4.21,4.25,4.30,4.31,4.40,4.41,4.45,4.46,4.50,4.53,4.55,4.60,4.65,4.66,4.70,4.75,4.76,4.78,4.80,4.81,4.82,4.83,4.84,4.85,4.86,4.87,4.88,4.89,4.90,4.91,4.92,4.93	1.02,1.10,1.11,1.30,1.31,1.32,2.00,2.01,2.10,2.17,2.20,2.30,2.35,2.36,2.40,2.41,2.42,2.43,2.50,2.52,2.53,2.60,2.70,2.76,2.80,3.00,3.01	none
936	1.50,1.51,1.54,1.60,1.70	1.02,1.10,1.11,1.30,1.31,1.32,1.80,1.81,1.82,1.90,1.92,1.93,1.94,2.00,2.01,2.10,2.17,2.20,2.30,2.35,2.36,2.40,2.41,2.42,2.43,2.50,2.52,2.53,2.60,2.70,2.76,2.80,3.00,3.01,3.10,3.15,3.16,3.21,3.30,3.40,3.41,3.42,3.50,3.55,3.56,3.60,3.61,3.65,3.66,3.70,3.71,3.72,3.73,4.00,4.01,4.10,4.11,4.20,4.21,4.25,4.30,4.31,4.40,4.41,4.45,4.46,4.50,4.53,4.55,4.60,4.65,4.66,4.70,4.75,4.76,4.78,4.80,4.81,4.82,4.83,4.84,4.85,4.86,4.87,4.88,4.89,4.90,4.91,4.92,4.93	none
937	1.50,1.51,1.54,1.60,1.70,1.80,1.81,1.82,1.90,1.92,1.93,1.94,3.10,3.15,3.16,3.21,3.30,3.40,3.41,3.42,3.50,3.55,3.56,3.60,3.61,3.65,3.66,3.70,3.71,3.72,3.73,4.00,4.01,4.10,4.11,4.20,4.21,4.25,4.30,4.31,4.40,4.41,4.45,4.46,4.50,4.53,4.55,4.60,4.65,4.66,4.70,4.75,4.76,4.78,4.80,4.81,4.82,4.83,4.84,4.85,4.86,4.87,4.88,4.89,4.90,4.91,4.92,4.93	1.02,1.10,1.11,1.30,1.31,1.32,2.00,2.01,2.10,2.17,2.20,2.30,2.35,2.36,2.40,2.41,2.42,2.43,2.50,2.52,2.53,2.60,2.70,2.76,2.80,3.00,3.01	none
938	1.50,1.51,1.54,1.60,1.70	1.02,1.10,1.11,1.30,1.31,1.32,1.80,1.81,1.82,1.90,1.92,1.93,1.94,2.00,2.01,2.10,2.17,2.20,2.30,2.35,2.36,2.40,2.41,2.42,2.43,2.50,2.52,2.53,2.60,2.70,2.76,2.80,3.00,3.01,3.10,3.15,3.16,3.21,3.30,3.40,3.41,3.42,3.50,3.55,3.56,3.60,3.61,3.65,3.66,3.70,3.71,3.72,3.73,4.00,4.01,4.10,4.11,4.20,4.21,4.25,4.30,4.31,4.40,4.41,4.45,4.46,4.50,4.53,4.55,4.60,4.65,4.66,4.70,4.75,4.76,4.78,4.80,4.81,4.82,4.83,4.84,4.85,4.86,4.87,4.88,4.89,4.90,4.91,4.92,4.93	none
939	1.02,1.10,1.11,1.30,1.31,1.32,1.50,1.51,1.54,1.60,1.70	1.80,1.81,1.82,1.90,1.92,1.93,1.94,2.00,2.01,2.10,2.17,2.20,2.30,2.35,2.36,2.40,2.41,2.42,2.43,2.50,2.52,2.53,2.60,2.70,2.76,2.80,3.00,3.01,3.10,3.15,3.16,3.21,3.30,3.40,3.41,3.42,3.50,3.55,3.56,3.60,3.61,3.65,3.66,3.70,3.71,3.72,3.73,4.00,4.01,4.10,4.11,4.20,4.21,4.25,4.30,4.31,4.40,4.41,4.45,4.46,4.50,4.53,4.55,4.60,4.65,4.66,4.70,4.75,4.76,4.78,4.80,4.81,4.82,4.83,4.84,4.85,4.86,4.87,4.88,4.89,4.90,4.91,4.92,4.93	none
940	1.02,1.10,1.11,1.30,1.31,1.32,1.50,1.51,1.54,1.60,1.70	1.80,1.81,1.82,1.90,1.92,1.93,1.94,2.00,2.01,2.10,2.17,2.20,2.30,2.35,2.36,2.40,2.41,2.42,2.43,2.50,2.52,2.53,2.60,2.70,2.76,2.80,3.00,3.01,3.10,3.15,3.16,3.21,3.30,3.40,3.41,3.42,3.50,3.55,3.56,3.60,3.61,3.65,3.66,3.70,3.71,3.72,3.73,4.00,4.01,4.10,4.11,4.20,4.21,4.25,4.30,4.31,4.40,4.41,4.45,4.46,4.50,4.53,4.55,4.60,4.65,4.66,4.70,4.75,4.76,4.78,4.80,4.81,4.82,4.83,4.84,4.85,4.86,4.87,4.88,4.89,4.90,4.91,4.92,4.93	none
941	1.50,1.51,1.54,1.60,1.70,1.80,1.81,1.82,1.90,1.92,1.93,1.94,3.10,3.15,3.16,3.21,3.30,3.40,3.41,3.42,3.50,3.55,3.56,3.60,3.61,3.65,3.66,3.70,3.71,3.72,3.73,4.00,4.01,4.10,4.11,4.20,4.21,4.25,4.30,4.31,4.40,4.41,4.45,4.46,4.50,4.53,4.55,4.60,4.65,4.66,4.70,4.75,4.76,4.78,4.80,4.81,4.82,4.83,4.84,4.85,4.86,4.87,4.88,4.89,4.90,4.91,4.92,4.93	1.02,1.10,1.11,1.30,1.31,1.32,2.00,2.01,2.10,2.17,2.20,2.30,2.35,2.36,2.40,2.41,2.42,2.43,2.50,2.52,2.53,2.60,2.70,2.76,2.80,3.00,3.01	none
942	1.50,1.51,1.54,1.60,1.70	1.02,1.10,1.11,1.30,1.31,1.32,1.80,1.81,1.82,1.90,1.92,1.93,1.94,2.00,2.01,2.10,2.17,2.20,2.30,2.35,2.36,2.40,2.41,2.42,2.43,2.50,2.52,2.53,2.60,2.70,2.76,2.80,3.00,3.01,3.10,3.15,3.16,3.21,3.30,3.40,3.41,3.42,3.50,3.55,3.56,3.60,3.61,3.65,3.66,3.70,3.71,3.72,3.73,4.00,4.01,4.10,4.11,4.20,4.21,4.25,4.30,4.31,4.40,4.41,4.45,4.46,4.50,4.53,4.55,4.60,4.65,4.66,4.70,4.75,4.76,4.78,4.80,4.81,4.82,4.83,4.84,4.85,4.86,4.87,4.88,4.89,4.90,4.91,4.92,4.93	none
943	1.50,1.51,1.54,1.60,1.70,1.80,1.81,1.82,1.90,1.92,1.93,1.94,3.10,3.15,3.16,3.21,3.30,3.40,3.41,3.42,3.50,3.55,3.56,3.60,3.61,3.65,3.66,3.70,3.71,3.72,3.73,4.00,4.01,4.10,4.11,4.20,4.21,4.25,4.30,4.31,4.40,4.41,4.45,4.46,4.50,4.53,4.55,4.60,4.65,4.66,4.70,4.75,4.76,4.78,4.80,4.81,4.82,4.83,4.84,4.85,4.86,4.87,4.88,4.89,4.90,4.91,4.92,4.93	1.02,1.10,1.11,1.30,1.31,1.32,2.00,2.01,2.10,2.17,2.20,2.30,2.35,2.36,2.40,2.41,2.42,2.43,2.50,2.52,2.53,2.60,2.70,2.76,2.80,3.00,3.01	none
944	1.02,1.10,1.11,1.30,1.31,1.32,1.50,1.51,1.54,1.60,1.70,1.80,1.81,1.82,1.90,1.92,1.93,1.94,3.10,3.15,3.16,3.21,3.30,3.40,3.41,3.42,3.50,3.55,3.56,3.60,3.61,3.65,3.66,3.70,3.71,3.72,3.73,4.00,4.01,4.10,4.11,4.20,4.21,4.25,4.30,4.31,4.40,4.41,4.45,4.46,4.50,4.53,4.55,4.60,4.65,4.66,4.70,4.75,4.76,4.78,4.80,4.81,4.82,4.83,4.84,4.85,4.86,4.87,4.88,4.89,4.90,4.91,4.92,4.93	2.00,2.01,2.10,2.17,2.20,2.30,2.35,2.36,2.40,2.41,2.42,2.43,2.50,2.52,2.53,2.60,2.70,2.76,2.80,3.00,3.01	none
945	1.02,1.10,1.11,1.30,1.31,1.32,1.50,1.51,1.54,1.60,1.70,1.80,1.81,1.82,1.90,1.92,1.93,1.94,3.10,3.15,3.16,3.21,3.30,3.40,3.41,3.42,3.50,3.55,3.56,3.60,3.61,3.65,3.66,3.70,3.71,3.72,3.73,4.00,4.01,4.10,4.11,4.20,4.21,4.25,4.30,4.31,4.40,4.41,4.45,4.46,4.50,4.53,4.55,4.60,4.65,4.66,4.70,4.75,4.76,4.78,4.80,4.81,4.82,4.83,4.84,4.85,4.86,4.87,4.88,4.89,4.90,4.91,4.92,4.93	2.00,2.01,2.10,2.17,2.20,2.30,2.35,2.36,2.40,2.41,2.42,2.43,2.50,2.52,2.53,2.60,2.70,2.76,2.80,3.00,3.01	none
946	1.50,1.51,1.54,1.60,1.70	1.02,1.10,1.11,1.30,1.31,1.32,1.80,1.81,1.82,1.90,1.92,1.93,1.94,2.00,2.01,2.10,2.17,2.20,2.30,2.35,2.36,2.40,2.41,2.42,2.43,2.50,2.52,2.53,2.60,2.70,2.76,2.80,3.00,3.01,3.10,3.15,3.16,3.21,3.30,3.40,3.41,3.42,3.50,3.55,3.56,3.60,3.61,3.65,3.66,3.70,3.71,3.72,3.73,4.00,4.01,4.10,4.11,4.20,4.21,4.25,4.30,4.31,4.40,4.41,4.45,4.46,4.50,4.53,4.55,4.60,4.65,4.66,4.70,4.75,4.76,4.78,4.80,4.81,4.82,4.83,4.84,4.85,4.86,4.87,4.88,4.89,4.90,4.91,4.92,4.93	none
947	1.50,1.51,1.54,1.60,1.70,1.80,1.81,1.82,1.90,1.92,1.93,1.94,3.10,3.15,3.16,3.21,3.30,3.40,3.41,3.42,3.50,3.55,3.56,3.60,3.61,3.65,3.66,3.70,3.71,3.72,3.73,4.00,4.01,4.10,4.11,4.20,4.21,4.25,4.30,4.31,4.40,4.41,4.45,4.46,4.50,4.53,4.55,4.60,4.65,4.66,4.70,4.75,4.76,4.78,4.80,4.81,4.82,4.83,4.84,4.85,4.86,4.87,4.88,4.89,4.90,4.91,4.92,4.93	1.02,1.10,1.11,1.30,1.31,1.32,2.00,2.01,2.10,2.17,2.20,2.30,2.35,2.36,2.40,2.41,2.42,2.43,2.50,2.52,2.53,2.60,2.70,2.76,2.80,3.00,3.01	none
948	1.02,1.10,1.11,1.30,1.31,1.32,1.50,1.51,1.54,1.60,1.70	1.80,1.81,1.82,1.90,1.92,1.93,1.94,2.00,2.01,2.10,2.17,2.20,2.30,2.35,2.36,2.40,2.41,2.42,2.43,2.50,2.52,2.53,2.60,2.70,2.76,2.80,3.00,3.01,3.10,3.15,3.16,3.21,3.30,3.40,3.41,3.42,3.50,3.55,3.56,3.60,3.61,3.65,3.66,3.70,3.71,3.72,3.73,4.00,4.01,4.10,4.11,4.20,4.21,4.25,4.30,4.31,4.40,4.41,4.45,4.46,4.50,4.53,4.55,4.60,4.65,4.66,4.70,4.75,4.76,4.78,4.80,4.81,4.82,4.83,4.84,4.85,4.86,4.87,4.88,4.89,4.90,4.91,4.92,4.93	none
949	1.02,1.10,1.11,1.30,1.31,1.32,1.50,1.51,1.54,1.60,1.70	1.80,1.81,1.82,1.90,1.92,1.93,1.94,2.00,2.01,2.10,2.17,2.20,2.30,2.35,2.36,2.40,2.41,2.42,2.43,2.50,2.52,2.53,2.60,2.70,2.76,2.80,3.00,3.01,3.10,3.15,3.16,3.21,3.30,3.40,3.41,3.42,3.50,3.55,3.56,3.60,3.61,3.65,3.66,3.70,3.71,3.72,3.73,4.00,4.01,4.10,4.11,4.20,4.21,4.25,4.30,4.31,4.40,4.41,4.45,4.46,4.50,4.53,4.55,4.60,4.65,4.66,4.70,4.75,4.76,4.78,4.80,4.81,4.82,4.83,4.84,4.85,4.86,4.87,4.88,4.89,4.90,4.91,4.92,4.93	none
950	none	1.02,1.10,1.11,1.30,1.31,1.32,1.50,1.51,1.54,1.60,1.70,1.80,1.81,1.82,1.90,1.92,1.93,1.94,2.00,2.01,2.10,2.17,2.20,2.30,2.35,2.36,2.40,2.41,2.42,2.43,2.50,2.52,2.53,2.60,2.70,2.76,2.80,3.00,3.01,3.10,3.15,3.16,3.21,3.30,3.40,3.41,3.42,3.50,3.55,3.56,3.60,3.61,3.65,3.66,3.70,3.71,3.72,3.73,4.00,4.01,4.10,4.11,4.20,4.21,4.25,4.30,4.31,4.40,4.41,4.45,4.46,4.50,4.53,4.55,4.60,4.65,4.66,4.70,4.75,4.76,4.78,4.80,4.81,4.82,4.83,4.84,4.85,4.86,4.87,4.88,4.89,4.90,4.91,4.92,4.93	none
951	3.10,3.15,3.16,3.21,3.30,3.40,3.41,3.42,3.50,3.55,3.56,3.60,3.61,3.65,3.66,3.70,3.71,3.72,3.73,4.00,4.01,4.10,4.11,4.20,4.21,4.25,4.30,4.31,4.40,4.41,4.45,4.46,4.50,4.53,4.55,4.60,4.65,4.66,4.70,4.75,4.76,4.78,4.80,4.81,4.82,4.83,4.84,4.85,4.86,4.87,4.88,4.89,4.90,4.91,4.92,4.93	1.02,1.10,1.11,1.30,1.31,1.32,1.50,1.51,1.54,1.60,1.70,1.80,1.81,1.82,1.90,1.92,1.93,1.94,2.00,2.01,2.10,2.17,2.20,2.30,2.35,2.36,2.40,2.41,2.42,2.43,2.50,2.52,2.53,2.60,2.70,2.76,2.80,3.00,3.01	none
952	none	1.02,1.10,1.11,1.30,1.31,1.32,1.50,1.51,1.54,1.60,1.70,1.80,1.81,1.82,1.90,1.92,1.93,1.94,2.00,2.01,2.10,2.17,2.20,2.30,2.35,2.36,2.40,2.41,2.42,2.43,2.50,2.52,2.53,2.60,2.70,2.76,2.80,3.00,3.01,3.10,3.15,3.16,3.21,3.30,3.40,3.41,3.42,3.50,3.55,3.56,3.60,3.61,3.65,3.66,3.70,3.71,3.72,3.73,4.00,4.01,4.10,4.11,4.20,4.21,4.25,4.30,4.31,4.40,4.41,4.45,4.46,4.50,4.53,4.55,4.60,4.65,4.66,4.70,4.75,4.76,4.78,4.80,4.81,4.82,4.83,4.84,4.85,4.86,4.87,4.88,4.89,4.90,4.91,4.92,4.93	none
953	none	1.02,1.10,1.11,1.30,1.31,1.32,1.50,1.51,1.54,1.60,1.70,1.80,1.81,1.82,1.90,1.92,1.93,1.94,2.00,2.01,2.10,2.17,2.20,2.30,2.35,2.36,2.40,2.41,2.42,2.43,2.50,2.52,2.53,2.60,2.70,2.76,2.80,3.00,3.01,3.10,3.15,3.16,3.21,3.30,3.40,3.41,3.42,3.50,3.55,3.56,3.60,3.61,3.65,3.66,3.70,3.71,3.72,3.73,4.00,4.01,4.10,4.11,4.20,4.21,4.25,4.30,4.31,4.40,4.41,4.45,4.46,4.50,4.53,4.55,4.60,4.65,4.66,4.70,4.75,4.76,4.78,4.80,4.81,4.82,4.83,4.84,4.85,4.86,4.87,4.88,4.89,4.90,4.91,4.92,4.93	none
954	none	1.02,1.10,1.11,1.30,1.31,1.32,1.50,1.51,1.54,1.60,1.70,1.80,1.81,1.82,1.90,1.92,1.93,1.94,2.00,2.01,2.10,2.17,2.20,2.30,2.35,2.36,2.40,2.41,2.42,2.43,2.50,2.52,2.53,2.60,2.70,2.76,2.80,3.00,3.01,3.10,3.15,3.16,3.21,3.30,3.40,3.41,3.42,3.50,3.55,3.56,3.60,3.61,3.65,3.66,3.70,3.71,3.72,3.73,4.00,4.01,4.10,4.11,4.20,4.21,4.25,4.30,4.31,4.40,4.41,4.45,4.46,4.50,4.53,4.55,4.60,4.65,4.66,4.70,4.75,4.76,4.78,4.80,4.81,4.82,4.83,4.84,4.85,4.86,4.87,4.88,4.89,4.90,4.91,4.92,4.93	none
955	none	1.02,1.10,1.11,1.30,1.31,1.32,1.50,1.51,1.54,1.60,1.70,1.80,1.81,1.82,1.90,1.92,1.93,1.94,2.00,2.01,2.10,2.17,2.20,2.30,2.35,2.36,2.40,2.41,2.42,2.43,2.50,2.52,2.53,2.60,2.70,2.76,2.80,3.00,3.01,3.10,3.15,3.16,3.21,3.30,3.40,3.41,3.42,3.50,3.55,3.56,3.60,3.61,3.65,3.66,3.70,3.71,3.72,3.73,4.00,4.01,4.10,4.11,4.20,4.21,4.25,4.30,4.31,4.40,4.41,4.45,4.46,4.50,4.53,4.55,4.60,4.65,4.66,4.70,4.75,4.76,4.78,4.80,4.81,4.82,4.83,4.84,4.85,4.86,4.87,4.88,4.89,4.90,4.91,4.92,4.93	none
956	none	1.02,1.10,1.11,1.30,1.31,1.32,1.50,1.51,1.54,1.60,1.70,1.80,1.81,1.82,1.90,1.92,1.93,1.94,2.00,2.01,2.10,2.17,2.20,2.30,2.35,2.36,2.40,2.41,2.42,2.43,2.50,2.52,2.53,2.60,2.70,2.76,2.80,3.00,3.01,3.10,3.15,3.16,3.21,3.30,3.40,3.41,3.42,3.50,3.55,3.56,3.60,3.61,3.65,3.66,3.70,3.71,3.72,3.73,4.00,4.01,4.10,4.11,4.20,4.21,4.25,4.30,4.31,4.40,4.41,4.45,4.46,4.50,4.53,4.55,4.60,4.65,4.66,4.70,4.75,4.76,4.78,4.80,4.81,4.82,4.83,4.84,4.85,4.86,4.87,4.88,4.89,4.90,4.91,4.92,4.93	none
957	3.10,3.15,3.16,3.21,3.30,3.40,3.41,3.42,3.50,3.55,3.56,3.60,3.61,3.65,3.66,3.70,3.71,3.72,3.73,4.00,4.01,4.10,4.11,4.20,4.21,4.25,4.30,4.31,4.40,4.41,4.45,4.46,4.50,4.53,4.55,4.60,4.65,4.66,4.70,4.75,4.76,4.78,4.80,4.81,4.82,4.83,4.84,4.85,4.86,4.87,4.88,4.89,4.90,4.91,4.92,4.93	1.02,1.10,1.11,1.30,1.31,1.32,1.50,1.51,1.54,1.60,1.70,1.80,1.81,1.82,1.90,1.92,1.93,1.94,2.00,2.01,2.10,2.17,2.20,2.30,2.35,2.36,2.40,2.41,2.42,2.43,2.50,2.52,2.53,2.60,2.70,2.76,2.80,3.00,3.01	none
958	none	1.02,1.10,1.11,1.30,1.31,1.32,1.50,1.51,1.54,1.60,1.70,1.80,1.81,1.82,1.90,1.92,1.93,1.94,2.00,2.01,2.10,2.17,2.20,2.30,2.35,2.36,2.40,2.41,2.42,2.43,2.50,2.52,2.53,2.60,2.70,2.76,2.80,3.00,3.01,3.10,3.15,3.16,3.21,3.30,3.40,3.41,3.42,3.50,3.55,3.56,3.60,3.61,3.65,3.66,3.70,3.71,3.72,3.73,4.00,4.01,4.10,4.11,4.20,4.21,4.25,4.30,4.31,4.40,4.41,4.45,4.46,4.50,4.53,4.55,4.60,4.65,4.66,4.70,4.75,4.76,4.78,4.80,4.81,4.82,4.83,4.84,4.85,4.86,4.87,4.88,4.89,4.90,4.91,4.92,4.93	none
959	3.10,3.15,3.16,3.21,3.30,3.40,3.41,3.42,3.50,3.55,3.56,3.60,3.61,3.65,3.66,3.70,3.71,3.72,3.73,4.00,4.01,4.10,4.11,4.20,4.21,4.25,4.30,4.31,4.40,4.41,4.45,4.46,4.50,4.53,4.55,4.60,4.65,4.66,4.70,4.75,4.76,4.78,4.80,4.81,4.82,4.83,4.84,4.85,4.86,4.87,4.88,4.89,4.90,4.91,4.92,4.93	1.02,1.10,1.11,1.30,1.31,1.32,1.50,1.51,1.54,1.60,1.70,1.80,1.81,1.82,1.90,1.92,1.93,1.94,2.00,2.01,2.10,2.17,2.20,2.30,2.35,2.36,2.40,2.41,2.42,2.43,2.50,2.52,2.53,2.60,2.70,2.76,2.80,3.00,3.01	none
960	1.02,1.10,1.11,1.30,1.31,1.32,1.50,1.51,1.54,1.60,1.70	1.80,1.81,1.82,1.90,1.92,1.93,1.94,2.00,2.01,2.10,2.17,2.20,2.30,2.35,2.36,2.40,2.41,2.42,2.43,2.50,2.52,2.53,2.60,2.70,2.76,2.80,3.00,3.01,3.10,3.15,3.16,3.21,3.30,3.40,3.41,3.42,3.50,3.55,3.56,3.60,3.61,3.65,3.66,3.70,3.71,3.72,3.73,4.00,4.01,4.10,4.11,4.20,4.21,4.25,4.30,4.31,4.40,4.41,4.45,4.46,4.50,4.53,4.55,4.60,4.65,4.66,4.70,4.75,4.76,4.78,4.80,4.81,4.82,4.83,4.84,4.85,4.86,4.87,4.88,4.89,4.90,4.91,4.92,4.93	none
961	1.02,1.10,1.11,1.30,1.31,1.32,1.50,1.51,1.54,1.60,1.70	1.80,1.81,1.82,1.90,1.92,1.93,1.94,2.00,2.01,2.10,2.17,2.20,2.30,2.35,2.36,2.40,2.41,2.42,2.43,2.50,2.52,2.53,2.60,2.70,2.76,2.80,3.00,3.01,3.10,3.15,3.16,3.21,3.30,3.40,3.41,3.42,3.50,3.55,3.56,3.60,3.61,3.65,3.66,3.70,3.71,3.72,3.73,4.00,4.01,4.10,4.11,4.20,4.21,4.25,4.30,4.31,4.40,4.41,4.45,4.46,4.50,4.53,4.55,4.60,4.65,4.66,4.70,4.75,4.76,4.78,4.80,4.81,4.82,4.83,4.84,4.85,4.86,4.87,4.88,4.89,4.90,4.91,4.92,4.93	none
962	1.02,1.10,1.11,1.30,1.31,1.32,1.50,1.51,1.54,1.60,1.70	1.80,1.81,1.82,1.90,1.92,1.93,1.94,2.00,2.01,2.10,2.17,2.20,2.30,2.35,2.36,2.40,2.41,2.42,2.43,2.50,2.52,2.53,2.60,2.70,2.76,2.80,3.00,3.01,3.10,3.15,3.16,3.21,3.30,3.40,3.41,3.42,3.50,3.55,3.56,3.60,3.61,3.65,3.66,3.70,3.71,3.72,3.73,4.00,4.01,4.10,4.11,4.20,4.21,4.25,4.30,4.31,4.40,4.41,4.45,4.46,4.50,4.53,4.55,4.60,4.65,4.66,4.70,4.75,4.76,4.78,4.80,4.81,4.82,4.83,4.84,4.85,4.86,4.87,4.88,4.89,4.90,4.91,4.92,4.93	none
963	1.02,1.10,1.11,1.30,1.31,1.32,1.50,1.51,1.54,1.60,1.70	1.80,1.81,1.82,1.90,1.92,1.93,1.94,2.00,2.01,2.10,2.17,2.20,2.30,2.35,2.36,2.40,2.41,2.42,2.43,2.50,2.52,2.53,2.60,2.70,2.76,2.80,3.00,3.01,3.10,3.15,3.16,3.21,3.30,3.40,3.41,3.42,3.50,3.55,3.56,3.60,3.61,3.65,3.66,3.70,3.71,3.72,3.73,4.00,4.01,4.10,4.11,4.20,4.21,4.25,4.30,4.31,4.40,4.41,4.45,4.46,4.50,4.53,4.55,4.60,4.65,4.66,4.70,4.75,4.76,4.78,4.80,4.81,4.82,4.83,4.84,4.85,4.86,4.87,4.88,4.89,4.90,4.91,4.92,4.93	none
964	1.02,1.10,1.11,1.30,1.31,1.32,1.50,1.51,1.54,1.60,1.70	1.80,1.81,1.82,1.90,1.92,1.93,1.94,2.00,2.01,2.10,2.17,2.20,2.30,2.35,2.36,2.40,2.41,2.42,2.43,2.50,2.52,2.53,2.60,2.70,2.76,2.80,3.00,3.01,3.10,3.15,3.16,3.21,3.30,3.40,3.41,3.42,3.50,3.55,3.56,3.60,3.61,3.65,3.66,3.70,3.71,3.72,3.73,4.00,4.01,4.10,4.11,4.20,4.21,4.25,4.30,4.31,4.40,4.41,4.45,4.46,4.50,4.53,4.55,4.60,4.65,4.66,4.70,4.75,4.76,4.78,4.80,4.81,4.82,4.83,4.84,4.85,4.86,4.87,4.88,4.89,4.90,4.91,4.92,4.93	none
965	1.02,1.10,1.11,1.30,1.31,1.32,1.50,1.51,1.54,1.60,1.70	1.80,1.81,1.82,1.90,1.92,1.93,1.94,2.00,2.01,2.10,2.17,2.20,2.30,2.35,2.36,2.40,2.41,2.42,2.43,2.50,2.52,2.53,2.60,2.70,2.76,2.80,3.00,3.01,3.10,3.15,3.16,3.21,3.30,3.40,3.41,3.42,3.50,3.55,3.56,3.60,3.61,3.65,3.66,3.70,3.71,3.72,3.73,4.00,4.01,4.10,4.11,4.20,4.21,4.25,4.30,4.31,4.40,4.41,4.45,4.46,4.50,4.53,4.55,4.60,4.65,4.66,4.70,4.75,4.76,4.78,4.80,4.81,4.82,4.83,4.84,4.85,4.86,4.87,4.88,4.89,4.90,4.91,4.92,4.93	none
966	1.02,1.10,1.11,1.30,1.31,1.32,1.50,1.51,1.54,1.60,1.70	1.80,1.81,1.82,1.90,1.92,1.93,1.94,2.00,2.01,2.10,2.17,2.20,2.30,2.35,2.36,2.40,2.41,2.42,2.43,2.50,2.52,2.53,2.60,2.70,2.76,2.80,3.00,3.01,3.10,3.15,3.16,3.21,3.30,3.40,3.41,3.42,3.50,3.55,3.56,3.60,3.61,3.65,3.66,3.70,3.71,3.72,3.73,4.00,4.01,4.10,4.11,4.20,4.21,4.25,4.30,4.31,4.40,4.41,4.45,4.46,4.50,4.53,4.55,4.60,4.65,4.66,4.70,4.75,4.76,4.78,4.80,4.81,4.82,4.83,4.84,4.85,4.86,4.87,4.88,4.89,4.90,4.91,4.92,4.93	none
967	1.02,1.10,1.11,1.30,1.31,1.32,1.50,1.51,1.54,1.60,1.70	1.80,1.81,1.82,1.90,1.92,1.93,1.94,2.00,2.01,2.10,2.17,2.20,2.30,2.35,2.36,2.40,2.41,2.42,2.43,2.50,2.52,2.53,2.60,2.70,2.76,2.80,3.00,3.01,3.10,3.15,3.16,3.21,3.30,3.40,3.41,3.42,3.50,3.55,3.56,3.60,3.61,3.65,3.66,3.70,3.71,3.72,3.73,4.00,4.01,4.10,4.11,4.20,4.21,4.25,4.30,4.31,4.40,4.41,4.45,4.46,4.50,4.53,4.55,4.60,4.65,4.66,4.70,4.75,4.76,4.78,4.80,4.81,4.82,4.83,4.84,4.85,4.86,4.87,4.88,4.89,4.90,4.91,4.92,4.93	none
968	1.02,1.10,1.11,1.30,1.31,1.32,1.50,1.51,1.54,1.60,1.70	1.80,1.81,1.82,1.90,1.92,1.93,1.94,2.00,2.01,2.10,2.17,2.20,2.30,2.35,2.36,2.40,2.41,2.42,2.43,2.50,2.52,2.53,2.60,2.70,2.76,2.80,3.00,3.01,3.10,3.15,3.16,3.21,3.30,3.40,3.41,3.42,3.50,3.55,3.56,3.60,3.61,3.65,3.66,3.70,3.71,3.72,3.73,4.00,4.01,4.10,4.11,4.20,4.21,4.25,4.30,4.31,4.40,4.41,4.45,4.46,4.50,4.53,4.55,4.60,4.65,4.66,4.70,4.75,4.76,4.78,4.80,4.81,4.82,4.83,4.84,4.85,4.86,4.87,4.88,4.89,4.90,4.91,4.92,4.93	none
969	none	1.02,1.10,1.11,1.30,1.31,1.32,1.50,1.51,1.54,1.60,1.70,1.80,1.81,1.82,1.90,1.92,1.93,1.94,2.00,2.01,2.10,2.17,2.20,2.30,2.35,2.36,2.40,2.41,2.42,2.43,2.50,2.52,2.53,2.60,2.70,2.76,2.80,3.00,3.01,3.10,3.15,3.16,3.21,3.30,3.40,3.41,3.42,3.50,3.55,3.56,3.60,3.61,3.65,3.66,3.70,3.71,3.72,3.73,4.00,4.01,4.10,4.11,4.20,4.21,4.25,4.30,4.31,4.40,4.41,4.45,4.46,4.50,4.53,4.55,4.60,4.65,4.66,4.70,4.75,4.76,4.78,4.80,4.81,4.82,4.83,4.84,4.85,4.86,4.87,4.88,4.89,4.90,4.91,4.92,4.93	none
970	none	1.02,1.10,1.11,1.30,1.31,1.32,1.50,1.51,1.54,1.60,1.70,1.80,1.81,1.82,1.90,1.92,1.93,1.94,2.00,2.01,2.10,2.17,2.20,2.30,2.35,2.36,2.40,2.41,2.42,2.43,2.50,2.52,2.53,2.60,2.70,2.76,2.80,3.00,3.01,3.10,3.15,3.16,3.21,3.30,3.40,3.41,3.42,3.50,3.55,3.56,3.60,3.61,3.65,3.66,3.70,3.71,3.72,3.73,4.00,4.01,4.10,4.11,4.20,4.21,4.25,4.30,4.31,4.40,4.41,4.45,4.46,4.50,4.53,4.55,4.60,4.65,4.66,4.70,4.75,4.76,4.78,4.80,4.81,4.82,4.83,4.84,4.85,4.86,4.87,4.88,4.89,4.90,4.91,4.92,4.93	none
971	3.10,3.15,3.16,3.21,3.30,3.40,3.41,3.42,3.50,3.55,3.56,3.60,3.61,3.65,3.66,3.70,3.71,3.72,3.73,4.00,4.01,4.10,4.11,4.20,4.21,4.25,4.30,4.31,4.40,4.41,4.45,4.46,4.50,4.53,4.55,4.60,4.65,4.66,4.70,4.75,4.76,4.78,4.80,4.81,4.82,4.83,4.84,4.85,4.86,4.87,4.88,4.89,4.90,4.91,4.92,4.93	1.02,1.10,1.11,1.30,1.31,1.32,1.50,1.51,1.54,1.60,1.70,1.80,1.81,1.82,1.90,1.92,1.93,1.94,2.00,2.01,2.10,2.17,2.20,2.30,2.35,2.36,2.40,2.41,2.42,2.43,2.50,2.52,2.53,2.60,2.70,2.76,2.80,3.00,3.01	none
972	3.10,3.15,3.16,3.21,3.30,3.40,3.41,3.42,3.50,3.55,3.56,3.60,3.61,3.65,3.66,3.70,3.71,3.72,3.73,4.00,4.01,4.10,4.11,4.20,4.21,4.25,4.30,4.31,4.40,4.41,4.45,4.46,4.50,4.53,4.55,4.60,4.65,4.66,4.70,4.75,4.76,4.78,4.80,4.81,4.82,4.83,4.84,4.85,4.86,4.87,4.88,4.89,4.90,4.91,4.92,4.93	1.02,1.10,1.11,1.30,1.31,1.32,1.50,1.51,1.54,1.60,1.70,1.80,1.81,1.82,1.90,1.92,1.93,1.94,2.00,2.01,2.10,2.17,2.20,2.30,2.35,2.36,2.40,2.41,2.42,2.43,2.50,2.52,2.53,2.60,2.70,2.76,2.80,3.00,3.01	none
973	none	1.02,1.10,1.11,1.30,1.31,1.32,1.50,1.51,1.54,1.60,1.70,1.80,1.81,1.82,1.90,1.92,1.93,1.94,2.00,2.01,2.10,2.17,2.20,2.30,2.35,2.36,2.40,2.41,2.42,2.43,2.50,2.52,2.53,2.60,2.70,2.76,2.80,3.00,3.01,3.10,3.15,3.16,3.21,3.30,3.40,3.41,3.42,3.50,3.55,3.56,3.60,3.61,3.65,3.66,3.70,3.71,3.72,3.73,4.00,4.01,4.10,4.11,4.20,4.21,4.25,4.30,4.31,4.40,4.41,4.45,4.46,4.50,4.53,4.55,4.60,4.65,4.66,4.70,4.75,4.76,4.78,4.80,4.81,4.82,4.83,4.84,4.85,4.86,4.87,4.88,4.89,4.90,4.91,4.92,4.93	none
974	3.10,3.15,3.16,3.21,3.30,3.40,3.41,3.42,3.50,3.55,3.56,3.60,3.61,3.65,3.66,3.70,3.71,3.72,3.73,4.00,4.01,4.10,4.11,4.20,4.21,4.25,4.30,4.31,4.40,4.41,4.45,4.46,4.50,4.53,4.55,4.60,4.65,4.66,4.70,4.75,4.76,4.78,4.80,4.81,4.82,4.83,4.84,4.85,4.86,4.87,4.88,4.89,4.90,4.91,4.92,4.93	1.02,1.10,1.11,1.30,1.31,1.32,1.50,1.51,1.54,1.60,1.70,1.80,1.81,1.82,1.90,1.92,1.93,1.94,2.00,2.01,2.10,2.17,2.20,2.30,2.35,2.36,2.40,2.41,2.42,2.43,2.50,2.52,2.53,2.60,2.70,2.76,2.80,3.00,3.01	none
975	3.10,3.15,3.16,3.21,3.30,3.40,3.41,3.42,3.50,3.55,3.56,3.60,3.61,3.65,3.66,3.70,3.71,3.72,3.73,4.00,4.01,4.10,4.11,4.20,4.21,4.25,4.30,4.31,4.40,4.41,4.45,4.46,4.50,4.53,4.55,4.60,4.65,4.66,4.70,4.75,4.76,4.78,4.80,4.81,4.82,4.83,4.84,4.85,4.86,4.87,4.88,4.89,4.90,4.91,4.92,4.93	1.02,1.10,1.11,1.30,1.31,1.32,1.50,1.51,1.54,1.60,1.70,1.80,1.81,1.82,1.90,1.92,1.93,1.94,2.00,2.01,2.10,2.17,2.20,2.30,2.35,2.36,2.40,2.41,2.42,2.43,2.50,2.52,2.53,2.60,2.70,2.76,2.80,3.00,3.01	none
976	3.10,3.15,3.16,3.21,3.30,3.40,3.41,3.42,3.50,3.55,3.56,3.60,3.61,3.65,3.66,3.70,3.71,3.72,3.73,4.00,4.01,4.10,4.11,4.20,4.21,4.25,4.30,4.31,4.40,4.41,4.45,4.46,4.50,4.53,4.55,4.60,4.65,4.66,4.70,4.75,4.76,4.78,4.80,4.81,4.82,4.83,4.84,4.85,4.86,4.87,4.88,4.89,4.90,4.91,4.92,4.93	1.02,1.10,1.11,1.30,1.31,1.32,1.50,1.51,1.54,1.60,1.70,1.80,1.81,1.82,1.90,1.92,1.93,1.94,2.00,2.01,2.10,2.17,2.20,2.30,2.35,2.36,2.40,2.41,2.42,2.43,2.50,2.52,2.53,2.60,2.70,2.76,2.80,3.00,3.01	none
977	3.10,3.15,3.16,3.21,3.30,3.40,3.41,3.42,3.50,3.55,3.56,3.60,3.61,3.65,3.66,3.70,3.71,3.72,3.73,4.00,4.01,4.10,4.11,4.20,4.21,4.25,4.30,4.31,4.40,4.41,4.45,4.46,4.50,4.53,4.55,4.60,4.65,4.66,4.70,4.75,4.76,4.78,4.80,4.81,4.82,4.83,4.84,4.85,4.86,4.87,4.88,4.89,4.90,4.91,4.92,4.93	1.02,1.10,1.11,1.30,1.31,1.32,1.50,1.51,1.54,1.60,1.70,1.80,1.81,1.82,1.90,1.92,1.93,1.94,2.00,2.01,2.10,2.17,2.20,2.30,2.35,2.36,2.40,2.41,2.42,2.43,2.50,2.52,2.53,2.60,2.70,2.76,2.80,3.00,3.01	none
978	3.10,3.15,3.16,3.21,3.30,3.40,3.41,3.42,3.50,3.55,3.56,3.60,3.61,3.65,3.66,3.70,3.71,3.72,3.73,4.00,4.01,4.10,4.11,4.20,4.21,4.25,4.30,4.31,4.40,4.41,4.45,4.46,4.50,4.53,4.55,4.60,4.65,4.66,4.70,4.75,4.76,4.78,4.80,4.81,4.82,4.83,4.84,4.85,4.86,4.87,4.88,4.89,4.90,4.91,4.92,4.93	1.02,1.10,1.11,1.30,1.31,1.32,1.50,1.51,1.54,1.60,1.70,1.80,1.81,1.82,1.90,1.92,1.93,1.94,2.00,2.01,2.10,2.17,2.20,2.30,2.35,2.36,2.40,2.41,2.42,2.43,2.50,2.52,2.53,2.60,2.70,2.76,2.80,3.00,3.01	none
979	3.10,3.15,3.16,3.21,3.30,3.40,3.41,3.42,3.50,3.55,3.56,3.60,3.61,3.65,3.66,3.70,3.71,3.72,3.73,4.00,4.01,4.10,4.11,4.20,4.21,4.25,4.30,4.31,4.40,4.41,4.45,4.46,4.50,4.53,4.55,4.60,4.65,4.66,4.70,4.75,4.76,4.78,4.80,4.81,4.82,4.83,4.84,4.85,4.86,4.87,4.88,4.89,4.90,4.91,4.92,4.93	1.02,1.10,1.11,1.30,1.31,1.32,1.50,1.51,1.54,1.60,1.70,1.80,1.81,1.82,1.90,1.92,1.93,1.94,2.00,2.01,2.10,2.17,2.20,2.30,2.35,2.36,2.40,2.41,2.42,2.43,2.50,2.52,2.53,2.60,2.70,2.76,2.80,3.00,3.01	none
980	3.10,3.15,3.16,3.21,3.30,3.40,3.41,3.42,3.50,3.55,3.56,3.60,3.61,3.65,3.66,3.70,3.71,3.72,3.73,4.00,4.01,4.10,4.11,4.20,4.21,4.25,4.30,4.31,4.40,4.41,4.45,4.46,4.50,4.53,4.55,4.60,4.65,4.66,4.70,4.75,4.76,4.78,4.80,4.81,4.82,4.83,4.84,4.85,4.86,4.87,4.88,4.89,4.90,4.91,4.92,4.93	1.02,1.10,1.11,1.30,1.31,1.32,1.50,1.51,1.54,1.60,1.70,1.80,1.81,1.82,1.90,1.92,1.93,1.94,2.00,2.01,2.10,2.17,2.20,2.30,2.35,2.36,2.40,2.41,2.42,2.43,2.50,2.52,2.53,2.60,2.70,2.76,2.80,3.00,3.01	none
981	3.10,3.15,3.16,3.21,3.30,3.40,3.41,3.42,3.50,3.55,3.56,3.60,3.61,3.65,3.66,3.70,3.71,3.72,3.73,4.00,4.01,4.10,4.11,4.20,4.21,4.25,4.30,4.31,4.40,4.41,4.45,4.46,4.50,4.53,4.55,4.60,4.65,4.66,4.70,4.75,4.76,4.78,4.80,4.81,4.82,4.83,4.84,4.85,4.86,4.87,4.88,4.89,4.90,4.91,4.92,4.93	1.02,1.10,1.11,1.30,1.31,1.32,1.50,1.51,1.54,1.60,1.70,1.80,1.81,1.82,1.90,1.92,1.93,1.94,2.00,2.01,2.10,2.17,2.20,2.30,2.35,2.36,2.40,2.41,2.42,2.43,2.50,2.52,2.53,2.60,2.70,2.76,2.80,3.00,3.01	none
982	3.10,3.15,3.16,3.21,3.30,3.40,3.41,3.42,3.50,3.55,3.56,3.60,3.61,3.65,3.66,3.70,3.71,3.72,3.73,4.00,4.01,4.10,4.11,4.20,4.21,4.25,4.30,4.31,4.40,4.41,4.45,4.46,4.50,4.53,4.55,4.60,4.65,4.66,4.70,4.75,4.76,4.78,4.80,4.81,4.82,4.83,4.84,4.85,4.86,4.87,4.88,4.89,4.90,4.91,4.92,4.93	1.02,1.10,1.11,1.30,1.31,1.32,1.50,1.51,1.54,1.60,1.70,1.80,1.81,1.82,1.90,1.92,1.93,1.94,2.00,2.01,2.10,2.17,2.20,2.30,2.35,2.36,2.40,2.41,2.42,2.43,2.50,2.52,2.53,2.60,2.70,2.76,2.80,3.00,3.01	none
983	3.10,3.15,3.16,3.21,3.30,3.40,3.41,3.42,3.50,3.55,3.56,3.60,3.61,3.65,3.66,3.70,3.71,3.72,3.73,4.00,4.01,4.10,4.11,4.20,4.21,4.25,4.30,4.31,4.40,4.41,4.45,4.46,4.50,4.53,4.55,4.60,4.65,4.66,4.70,4.75,4.76,4.78,4.80,4.81,4.82,4.83,4.84,4.85,4.86,4.87,4.88,4.89,4.90,4.91,4.92,4.93	1.02,1.10,1.11,1.30,1.31,1.32,1.50,1.51,1.54,1.60,1.70,1.80,1.81,1.82,1.90,1.92,1.93,1.94,2.00,2.01,2.10,2.17,2.20,2.30,2.35,2.36,2.40,2.41,2.42,2.43,2.50,2.52,2.53,2.60,2.70,2.76,2.80,3.00,3.01	none
984	3.10,3.15,3.16,3.21,3.30,3.40,3.41,3.42,3.50,3.55,3.56,3.60,3.61,3.65,3.66,3.70,3.71,3.72,3.73,4.00,4.01,4.10,4.11,4.20,4.21,4.25,4.30,4.31,4.40,4.41,4.45,4.46,4.50,4.53,4.55,4.60,4.65,4.66,4.70,4.75,4.76,4.78,4.80,4.81,4.82,4.83,4.84,4.85,4.86,4.87,4.88,4.89,4.90,4.91,4.92,4.93	1.02,1.10,1.11,1.30,1.31,1.32,1.50,1.51,1.54,1.60,1.70,1.80,1.81,1.82,1.90,1.92,1.93,1.94,2.00,2.01,2.10,2.17,2.20,2.30,2.35,2.36,2.40,2.41,2.42,2.43,2.50,2.52,2.53,2.60,2.70,2.76,2.80,3.00,3.01	none
985	3.10,3.15,3.16,3.21,3.30,3.40,3.41,3.42,3.50,3.55,3.56,3.60,3.61,3.65,3.66,3.70,3.71,3.72,3.73,4.00,4.01,4.10,4.11,4.20,4.21,4.25,4.30,4.31,4.40,4.41,4.45,4.46,4.50,4.53,4.55,4.60,4.65,4.66,4.70,4.75,4.76,4.78,4.80,4.81,4.82,4.83,4.84,4.85,4.86,4.87,4.88,4.89,4.90,4.91,4.92,4.93	1.02,1.10,1.11,1.30,1.31,1.32,1.50,1.51,1.54,1.60,1.70,1.80,1.81,1.82,1.90,1.92,1.93,1.94,2.00,2.01,2.10,2.17,2.20,2.30,2.35,2.36,2.40,2.41,2.42,2.43,2.50,2.52,2.53,2.60,2.70,2.76,2.80,3.00,3.01	none
986	3.10,3.15,3.16,3.21,3.30,3.40,3.41,3.42,3.50,3.55,3.56,3.60,3.61,3.65,3.66,3.70,3.71,3.72,3.73,4.00,4.01,4.10,4.11,4.20,4.21,4.25,4.30,4.31,4.40,4.41,4.45,4.46,4.50,4.53,4.55,4.60,4.65,4.66,4.70,4.75,4.76,4.78,4.80,4.81,4.82,4.83,4.84,4.85,4.86,4.87,4.88,4.89,4.90,4.91,4.92,4.93	1.02,1.10,1.11,1.30,1.31,1.32,1.50,1.51,1.54,1.60,1.70,1.80,1.81,1.82,1.90,1.92,1.93,1.94,2.00,2.01,2.10,2.17,2.20,2.30,2.35,2.36,2.40,2.41,2.42,2.43,2.50,2.52,2.53,2.60,2.70,2.76,2.80,3.00,3.01	none
987	3.10,3.15,3.16,3.21,3.30,3.40,3.41,3.42,3.50,3.55,3.56,3.60,3.61,3.65,3.66,3.70,3.71,3.72,3.73,4.00,4.01,4.10,4.11,4.20,4.21,4.25,4.30,4.31,4.40,4.41,4.45,4.46,4.50,4.53,4.55,4.60,4.65,4.66,4.70,4.75,4.76,4.78,4.80,4.81,4.82,4.83,4.84,4.85,4.86,4.87,4.88,4.89,4.90,4.91,4.92,4.93	1.02,1.10,1.11,1.30,1.31,1.32,1.50,1.51,1.54,1.60,1.70,1.80,1.81,1.82,1.90,1.92,1.93,1.94,2.00,2.01,2.10,2.17,2.20,2.30,2.35,2.36,2.40,2.41,2.42,2.43,2.50,2.52,2.53,2.60,2.70,2.76,2.80,3.00,3.01	none
988	3.30,3.40,3.41,3.42,3.50,3.55,3.56,3.60,3.61,3.65,3.66,3.70,3.71,3.72,3.73,4.00,4.01,4.10,4.11,4.20,4.21,4.25,4.30,4.31,4.40,4.41,4.45,4.46,4.50,4.53,4.55,4.60,4.65,4.66,4.70,4.75,4.76,4.78,4.80,4.81,4.82,4.83,4.84,4.85,4.86,4.87,4.88,4.89,4.90,4.91,4.92,4.93	1.02,1.10,1.11,1.30,1.31,1.32,1.50,1.51,1.54,1.60,1.70,1.80,1.81,1.82,1.90,1.92,1.93,1.94,2.00,2.01,2.10,2.17,2.20,2.30,2.35,2.36,2.40,2.41,2.42,2.43,2.50,2.52,2.53,2.60,2.70,2.76,2.80,3.00,3.01,3.10,3.15,3.16,3.21	none
989	3.30,3.40,3.41,3.42,3.50,3.55,3.56,3.60,3.61,3.65,3.66,3.70,3.71,3.72,3.73,4.00,4.01,4.10,4.11,4.20,4.21,4.25,4.30,4.31,4.40,4.41,4.45,4.46,4.50,4.53,4.55,4.60,4.65,4.66,4.70,4.75,4.76,4.78,4.80,4.81,4.82,4.83,4.84,4.85,4.86,4.87,4.88,4.89,4.90,4.91,4.92,4.93	1.02,1.10,1.11,1.30,1.31,1.32,1.50,1.51,1.54,1.60,1.70,1.80,1.81,1.82,1.90,1.92,1.93,1.94,2.00,2.01,2.10,2.17,2.20,2.30,2.35,2.36,2.40,2.41,2.42,2.43,2.50,2.52,2.53,2.60,2.70,2.76,2.80,3.00,3.01,3.10,3.15,3.16,3.21	none
990	none	1.02,1.10,1.11,1.30,1.31,1.32,1.50,1.51,1.54,1.60,1.70,1.80,1.81,1.82,1.90,1.92,1.93,1.94,2.00,2.01,2.10,2.17,2.20,2.30,2.35,2.36,2.40,2.41,2.42,2.43,2.50,2.52,2.53,2.60,2.70,2.76,2.80,3.00,3.01,3.10,3.15,3.16,3.21,3.30,3.40,3.41,3.42,3.50,3.55,3.56,3.60,3.61,3.65,3.66,3.70,3.71,3.72,3.73,4.00,4.01,4.10,4.11,4.20,4.21,4.25,4.30,4.31,4.40,4.41,4.45,4.46,4.50,4.53,4.55,4.60,4.65,4.66,4.70,4.75,4.76,4.78,4.80,4.81,4.82,4.83,4.84,4.85,4.86,4.87,4.88,4.89,4.90,4.91,4.92,4.93	none
991	none	1.02,1.10,1.11,1.30,1.31,1.32,1.50,1.51,1.54,1.60,1.70,1.80,1.81,1.82,1.90,1.92,1.93,1.94,2.00,2.01,2.10,2.17,2.20,2.30,2.35,2.36,2.40,2.41,2.42,2.43,2.50,2.52,2.53,2.60,2.70,2.76,2.80,3.00,3.01,3.10,3.15,3.16,3.21,3.30,3.40,3.41,3.42,3.50,3.55,3.56,3.60,3.61,3.65,3.66,3.70,3.71,3.72,3.73,4.00,4.01,4.10,4.11,4.20,4.21,4.25,4.30,4.31,4.40,4.41,4.45,4.46,4.50,4.53,4.55,4.60,4.65,4.66,4.70,4.75,4.76,4.78,4.80,4.81,4.82,4.83,4.84,4.85,4.86,4.87,4.88,4.89,4.90,4.91,4.92,4.93	none
992	none	1.02,1.10,1.11,1.30,1.31,1.32,1.50,1.51,1.54,1.60,1.70,1.80,1.81,1.82,1.90,1.92,1.93,1.94,2.00,2.01,2.10,2.17,2.20,2.30,2.35,2.36,2.40,2.41,2.42,2.43,2.50,2.52,2.53,2.60,2.70,2.76,2.80,3.00,3.01,3.10,3.15,3.16,3.21,3.30,3.40,3.41,3.42,3.50,3.55,3.56,3.60,3.61,3.65,3.66,3.70,3.71,3.72,3.73,4.00,4.01,4.10,4.11,4.20,4.21,4.25,4.30,4.31,4.40,4.41,4.45,4.46,4.50,4.53,4.55,4.60,4.65,4.66,4.70,4.75,4.76,4.78,4.80,4.81,4.82,4.83,4.84,4.85,4.86,4.87,4.88,4.89,4.90,4.91,4.92,4.93	none
993	none	1.02,1.10,1.11,1.30,1.31,1.32,1.50,1.51,1.54,1.60,1.70,1.80,1.81,1.82,1.90,1.92,1.93,1.94,2.00,2.01,2.10,2.17,2.20,2.30,2.35,2.36,2.40,2.41,2.42,2.43,2.50,2.52,2.53,2.60,2.70,2.76,2.80,3.00,3.01,3.10,3.15,3.16,3.21,3.30,3.40,3.41,3.42,3.50,3.55,3.56,3.60,3.61,3.65,3.66,3.70,3.71,3.72,3.73,4.00,4.01,4.10,4.11,4.20,4.21,4.25,4.30,4.31,4.40,4.41,4.45,4.46,4.50,4.53,4.55,4.60,4.65,4.66,4.70,4.75,4.76,4.78,4.80,4.81,4.82,4.83,4.84,4.85,4.86,4.87,4.88,4.89,4.90,4.91,4.92,4.93	none
994	none	1.02,1.10,1.11,1.30,1.31,1.32,1.50,1.51,1.54,1.60,1.70,1.80,1.81,1.82,1.90,1.92,1.93,1.94,2.00,2.01,2.10,2.17,2.20,2.30,2.35,2.36,2.40,2.41,2.42,2.43,2.50,2.52,2.53,2.60,2.70,2.76,2.80,3.00,3.01,3.10,3.15,3.16,3.21,3.30,3.40,3.41,3.42,3.50,3.55,3.56,3.60,3.61,3.65,3.66,3.70,3.71,3.72,3.73,4.00,4.01,4.10,4.11,4.20,4.21,4.25,4.30,4.31,4.40,4.41,4.45,4.46,4.50,4.53,4.55,4.60,4.65,4.66,4.70,4.75,4.76,4.78,4.80,4.81,4.82,4.83,4.84,4.85,4.86,4.87,4.88,4.89,4.90,4.91,4.92,4.93	none
995	none	1.02,1.10,1.11,1.30,1.31,1.32,1.50,1.51,1.54,1.60,1.70,1.80,1.81,1.82,1.90,1.92,1.93,1.94,2.00,2.01,2.10,2.17,2.20,2.30,2.35,2.36,2.40,2.41,2.42,2.43,2.50,2.52,2.53,2.60,2.70,2.76,2.80,3.00,3.01,3.10,3.15,3.16,3.21,3.30,3.40,3.41,3.42,3.50,3.55,3.56,3.60,3.61,3.65,3.66,3.70,3.71,3.72,3.73,4.00,4.01,4.10,4.11,4.20,4.21,4.25,4.30,4.31,4.40,4.41,4.45,4.46,4.50,4.53,4.55,4.60,4.65,4.66,4.70,4.75,4.76,4.78,4.80,4.81,4.82,4.83,4.84,4.85,4.86,4.87,4.88,4.89,4.90,4.91,4.92,4.93	none
996	none	1.02,1.10,1.11,1.30,1.31,1.32,1.50,1.51,1.54,1.60,1.70,1.80,1.81,1.82,1.90,1.92,1.93,1.94,2.00,2.01,2.10,2.17,2.20,2.30,2.35,2.36,2.40,2.41,2.42,2.43,2.50,2.52,2.53,2.60,2.70,2.76,2.80,3.00,3.01,3.10,3.15,3.16,3.21,3.30,3.40,3.41,3.42,3.50,3.55,3.56,3.60,3.61,3.65,3.66,3.70,3.71,3.72,3.73,4.00,4.01,4.10,4.11,4.20,4.21,4.25,4.30,4.31,4.40,4.41,4.45,4.46,4.50,4.53,4.55,4.60,4.65,4.66,4.70,4.75,4.76,4.78,4.80,4.81,4.82,4.83,4.84,4.85,4.86,4.87,4.88,4.89,4.90,4.91,4.92,4.93	none
997	none	1.02,1.10,1.11,1.30,1.31,1.32,1.50,1.51,1.54,1.60,1.70,1.80,1.81,1.82,1.90,1.92,1.93,1.94,2.00,2.01,2.10,2.17,2.20,2.30,2.35,2.36,2.40,2.41,2.42,2.43,2.50,2.52,2.53,2.60,2.70,2.76,2.80,3.00,3.01,3.10,3.15,3.16,3.21,3.30,3.40,3.41,3.42,3.50,3.55,3.56,3.60,3.61,3.65,3.66,3.70,3.71,3.72,3.73,4.00,4.01,4.10,4.11,4.20,4.21,4.25,4.30,4.31,4.40,4.41,4.45,4.46,4.50,4.53,4.55,4.60,4.65,4.66,4.70,4.75,4.76,4.78,4.80,4.81,4.82,4.83,4.84,4.85,4.86,4.87,4.88,4.89,4.90,4.91,4.92,4.93	none
998	none	1.02,1.10,1.11,1.30,1.31,1.32,1.50,1.51,1.54,1.60,1.70,1.80,1.81,1.82,1.90,1.92,1.93,1.94,2.00,2.01,2.10,2.17,2.20,2.30,2.35,2.36,2.40,2.41,2.42,2.43,2.50,2.52,2.53,2.60,2.70,2.76,2.80,3.00,3.01,3.10,3.15,3.16,3.21,3.30,3.40,3.41,3.42,3.50,3.55,3.56,3.60,3.61,3.65,3.66,3.70,3.71,3.72,3.73,4.00,4.01,4.10,4.11,4.20,4.21,4.25,4.30,4.31,4.40,4.41,4.45,4.46,4.50,4.53,4.55,4.60,4.65,4.66,4.70,4.75,4.76,4.78,4.80,4.81,4.82,4.83,4.84,4.85,4.86,4.87,4.88,4.89,4.90,4.91,4.92,4.93	none
999	none	1.02,1.10,1.11,1.30,1.31,1.32,1.50,1.51,1.54,1.60,1.70,1.80,1.81,1.82,1.90,1.92,1.93,1.94,2.00,2.01,2.10,2.17,2.20,2.30,2.35,2.36,2.40,2.41,2.42,2.43,2.50,2.52,2.53,2.60,2.70,2.76,2.80,3.00,3.01,3.10,3.15,3.16,3.21,3.30,3.40,3.41,3.42,3.50,3.55,3.56,3.60,3.61,3.65,3.66,3.70,3.71,3.72,3.73,4.00,4.01,4.10,4.11,4.20,4.21,4.25,4.30,4.31,4.40,4.41,4.45,4.46,4.50,4.53,4.55,4.60,4.65,4.66,4.70,4.75,4.76,4.78,4.80,4.81,4.82,4.83,4.84,4.85,4.86,4.87,4.88,4.89,4.90,4.91,4.92,4.93	none
1000	none	1.02,1.10,1.11,1.30,1.31,1.32,1.50,1.51,1.54,1.60,1.70,1.80,1.81,1.82,1.90,1.92,1.93,1.94,2.00,2.01,2.10,2.17,2.20,2.30,2.35,2.36,2.40,2.41,2.42,2.43,2.50,2.52,2.53,2.60,2.70,2.76,2.80,3.00,3.01,3.10,3.15,3.16,3.21,3.30,3.40,3.41,3.42,3.50,3.55,3.56,3.60,3.61,3.65,3.66,3.70,3.71,3.72,3.73,4.00,4.01,4.10,4.11,4.20,4.21,4.25,4.30,4.31,4.40,4.41,4.45,4.46,4.50,4.53,4.55,4.60,4.65,4.66,4.70,4.75,4.76,4.78,4.80,4.81,4.82,4.83,4.84,4.85,4.86,4.87,4.88,4.89,4.90,4.91,4.92,4.93	none
1001	none	1.02,1.10,1.11,1.30,1.31,1.32,1.50,1.51,1.54,1.60,1.70,1.80,1.81,1.82,1.90,1.92,1.93,1.94,2.00,2.01,2.10,2.17,2.20,2.30,2.35,2.36,2.40,2.41,2.42,2.43,2.50,2.52,2.53,2.60,2.70,2.76,2.80,3.00,3.01,3.10,3.15,3.16,3.21,3.30,3.40,3.41,3.42,3.50,3.55,3.56,3.60,3.61,3.65,3.66,3.70,3.71,3.72,3.73,4.00,4.01,4.10,4.11,4.20,4.21,4.25,4.30,4.31,4.40,4.41,4.45,4.46,4.50,4.53,4.55,4.60,4.65,4.66,4.70,4.75,4.76,4.78,4.80,4.81,4.82,4.83,4.84,4.85,4.86,4.87,4.88,4.89,4.90,4.91,4.92,4.93	none
1002	none	1.02,1.10,1.11,1.30,1.31,1.32,1.50,1.51,1.54,1.60,1.70,1.80,1.81,1.82,1.90,1.92,1.93,1.94,2.00,2.01,2.10,2.17,2.20,2.30,2.35,2.36,2.40,2.41,2.42,2.43,2.50,2.52,2.53,2.60,2.70,2.76,2.80,3.00,3.01,3.10,3.15,3.16,3.21,3.30,3.40,3.41,3.42,3.50,3.55,3.56,3.60,3.61,3.65,3.66,3.70,3.71,3.72,3.73,4.00,4.01,4.10,4.11,4.20,4.21,4.25,4.30,4.31,4.40,4.41,4.45,4.46,4.50,4.53,4.55,4.60,4.65,4.66,4.70,4.75,4.76,4.78,4.80,4.81,4.82,4.83,4.84,4.85,4.86,4.87,4.88,4.89,4.90,4.91,4.92,4.93	none
1003	none	1.02,1.10,1.11,1.30,1.31,1.32,1.50,1.51,1.54,1.60,1.70,1.80,1.81,1.82,1.90,1.92,1.93,1.94,2.00,2.01,2.10,2.17,2.20,2.30,2.35,2.36,2.40,2.41,2.42,2.43,2.50,2.52,2.53,2.60,2.70,2.76,2.80,3.00,3.01,3.10,3.15,3.16,3.21,3.30,3.40,3.41,3.42,3.50,3.55,3.56,3.60,3.61,3.65,3.66,3.70,3.71,3.72,3.73,4.00,4.01,4.10,4.11,4.20,4.21,4.25,4.30,4.31,4.40,4.41,4.45,4.46,4.50,4.53,4.55,4.60,4.65,4.66,4.70,4.75,4.76,4.78,4.80,4.81,4.82,4.83,4.84,4.85,4.86,4.87,4.88,4.89,4.90,4.91,4.92,4.93	none
1004	none	1.02,1.10,1.11,1.30,1.31,1.32,1.50,1.51,1.54,1.60,1.70,1.80,1.81,1.82,1.90,1.92,1.93,1.94,2.00,2.01,2.10,2.17,2.20,2.30,2.35,2.36,2.40,2.41,2.42,2.43,2.50,2.52,2.53,2.60,2.70,2.76,2.80,3.00,3.01,3.10,3.15,3.16,3.21,3.30,3.40,3.41,3.42,3.50,3.55,3.56,3.60,3.61,3.65,3.66,3.70,3.71,3.72,3.73,4.00,4.01,4.10,4.11,4.20,4.21,4.25,4.30,4.31,4.40,4.41,4.45,4.46,4.50,4.53,4.55,4.60,4.65,4.66,4.70,4.75,4.76,4.78,4.80,4.81,4.82,4.83,4.84,4.85,4.86,4.87,4.88,4.89,4.90,4.91,4.92,4.93	none
1005	none	1.02,1.10,1.11,1.30,1.31,1.32,1.50,1.51,1.54,1.60,1.70,1.80,1.81,1.82,1.90,1.92,1.93,1.94,2.00,2.01,2.10,2.17,2.20,2.30,2.35,2.36,2.40,2.41,2.42,2.43,2.50,2.52,2.53,2.60,2.70,2.76,2.80,3.00,3.01,3.10,3.15,3.16,3.21,3.30,3.40,3.41,3.42,3.50,3.55,3.56,3.60,3.61,3.65,3.66,3.70,3.71,3.72,3.73,4.00,4.01,4.10,4.11,4.20,4.21,4.25,4.30,4.31,4.40,4.41,4.45,4.46,4.50,4.53,4.55,4.60,4.65,4.66,4.70,4.75,4.76,4.78,4.80,4.81,4.82,4.83,4.84,4.85,4.86,4.87,4.88,4.89,4.90,4.91,4.92,4.93	none
1006	none	1.02,1.10,1.11,1.30,1.31,1.32,1.50,1.51,1.54,1.60,1.70,1.80,1.81,1.82,1.90,1.92,1.93,1.94,2.00,2.01,2.10,2.17,2.20,2.30,2.35,2.36,2.40,2.41,2.42,2.43,2.50,2.52,2.53,2.60,2.70,2.76,2.80,3.00,3.01,3.10,3.15,3.16,3.21,3.30,3.40,3.41,3.42,3.50,3.55,3.56,3.60,3.61,3.65,3.66,3.70,3.71,3.72,3.73,4.00,4.01,4.10,4.11,4.20,4.21,4.25,4.30,4.31,4.40,4.41,4.45,4.46,4.50,4.53,4.55,4.60,4.65,4.66,4.70,4.75,4.76,4.78,4.80,4.81,4.82,4.83,4.84,4.85,4.86,4.87,4.88,4.89,4.90,4.91,4.92,4.93	none
1007	none	1.02,1.10,1.11,1.30,1.31,1.32,1.50,1.51,1.54,1.60,1.70,1.80,1.81,1.82,1.90,1.92,1.93,1.94,2.00,2.01,2.10,2.17,2.20,2.30,2.35,2.36,2.40,2.41,2.42,2.43,2.50,2.52,2.53,2.60,2.70,2.76,2.80,3.00,3.01,3.10,3.15,3.16,3.21,3.30,3.40,3.41,3.42,3.50,3.55,3.56,3.60,3.61,3.65,3.66,3.70,3.71,3.72,3.73,4.00,4.01,4.10,4.11,4.20,4.21,4.25,4.30,4.31,4.40,4.41,4.45,4.46,4.50,4.53,4.55,4.60,4.65,4.66,4.70,4.75,4.76,4.78,4.80,4.81,4.82,4.83,4.84,4.85,4.86,4.87,4.88,4.89,4.90,4.91,4.92,4.93	none
1008	none	1.02,1.10,1.11,1.30,1.31,1.32,1.50,1.51,1.54,1.60,1.70,1.80,1.81,1.82,1.90,1.92,1.93,1.94,2.00,2.01,2.10,2.17,2.20,2.30,2.35,2.36,2.40,2.41,2.42,2.43,2.50,2.52,2.53,2.60,2.70,2.76,2.80,3.00,3.01,3.10,3.15,3.16,3.21,3.30,3.40,3.41,3.42,3.50,3.55,3.56,3.60,3.61,3.65,3.66,3.70,3.71,3.72,3.73,4.00,4.01,4.10,4.11,4.20,4.21,4.25,4.30,4.31,4.40,4.41,4.45,4.46,4.50,4.53,4.55,4.60,4.65,4.66,4.70,4.75,4.76,4.78,4.80,4.81,4.82,4.83,4.84,4.85,4.86,4.87,4.88,4.89,4.90,4.91,4.92,4.93	none
1009	none	1.02,1.10,1.11,1.30,1.31,1.32,1.50,1.51,1.54,1.60,1.70,1.80,1.81,1.82,1.90,1.92,1.93,1.94,2.00,2.01,2.10,2.17,2.20,2.30,2.35,2.36,2.40,2.41,2.42,2.43,2.50,2.52,2.53,2.60,2.70,2.76,2.80,3.00,3.01,3.10,3.15,3.16,3.21,3.30,3.40,3.41,3.42,3.50,3.55,3.56,3.60,3.61,3.65,3.66,3.70,3.71,3.72,3.73,4.00,4.01,4.10,4.11,4.20,4.21,4.25,4.30,4.31,4.40,4.41,4.45,4.46,4.50,4.53,4.55,4.60,4.65,4.66,4.70,4.75,4.76,4.78,4.80,4.81,4.82,4.83,4.84,4.85,4.86,4.87,4.88,4.89,4.90,4.91,4.92,4.93	none
1010	none	1.02,1.10,1.11,1.30,1.31,1.32,1.50,1.51,1.54,1.60,1.70,1.80,1.81,1.82,1.90,1.92,1.93,1.94,2.00,2.01,2.10,2.17,2.20,2.30,2.35,2.36,2.40,2.41,2.42,2.43,2.50,2.52,2.53,2.60,2.70,2.76,2.80,3.00,3.01,3.10,3.15,3.16,3.21,3.30,3.40,3.41,3.42,3.50,3.55,3.56,3.60,3.61,3.65,3.66,3.70,3.71,3.72,3.73,4.00,4.01,4.10,4.11,4.20,4.21,4.25,4.30,4.31,4.40,4.41,4.45,4.46,4.50,4.53,4.55,4.60,4.65,4.66,4.70,4.75,4.76,4.78,4.80,4.81,4.82,4.83,4.84,4.85,4.86,4.87,4.88,4.89,4.90,4.91,4.92,4.93	none
1011	none	1.02,1.10,1.11,1.30,1.31,1.32,1.50,1.51,1.54,1.60,1.70,1.80,1.81,1.82,1.90,1.92,1.93,1.94,2.00,2.01,2.10,2.17,2.20,2.30,2.35,2.36,2.40,2.41,2.42,2.43,2.50,2.52,2.53,2.60,2.70,2.76,2.80,3.00,3.01,3.10,3.15,3.16,3.21,3.30,3.40,3.41,3.42,3.50,3.55,3.56,3.60,3.61,3.65,3.66,3.70,3.71,3.72,3.73,4.00,4.01,4.10,4.11,4.20,4.21,4.25,4.30,4.31,4.40,4.41,4.45,4.46,4.50,4.53,4.55,4.60,4.65,4.66,4.70,4.75,4.76,4.78,4.80,4.81,4.82,4.83,4.84,4.85,4.86,4.87,4.88,4.89,4.90,4.91,4.92,4.93	none
1012	none	1.02,1.10,1.11,1.30,1.31,1.32,1.50,1.51,1.54,1.60,1.70,1.80,1.81,1.82,1.90,1.92,1.93,1.94,2.00,2.01,2.10,2.17,2.20,2.30,2.35,2.36,2.40,2.41,2.42,2.43,2.50,2.52,2.53,2.60,2.70,2.76,2.80,3.00,3.01,3.10,3.15,3.16,3.21,3.30,3.40,3.41,3.42,3.50,3.55,3.56,3.60,3.61,3.65,3.66,3.70,3.71,3.72,3.73,4.00,4.01,4.10,4.11,4.20,4.21,4.25,4.30,4.31,4.40,4.41,4.45,4.46,4.50,4.53,4.55,4.60,4.65,4.66,4.70,4.75,4.76,4.78,4.80,4.81,4.82,4.83,4.84,4.85,4.86,4.87,4.88,4.89,4.90,4.91,4.92,4.93	none
1013	none	1.02,1.10,1.11,1.30,1.31,1.32,1.50,1.51,1.54,1.60,1.70,1.80,1.81,1.82,1.90,1.92,1.93,1.94,2.00,2.01,2.10,2.17,2.20,2.30,2.35,2.36,2.40,2.41,2.42,2.43,2.50,2.52,2.53,2.60,2.70,2.76,2.80,3.00,3.01,3.10,3.15,3.16,3.21,3.30,3.40,3.41,3.42,3.50,3.55,3.56,3.60,3.61,3.65,3.66,3.70,3.71,3.72,3.73,4.00,4.01,4.10,4.11,4.20,4.21,4.25,4.30,4.31,4.40,4.41,4.45,4.46,4.50,4.53,4.55,4.60,4.65,4.66,4.70,4.75,4.76,4.78,4.80,4.81,4.82,4.83,4.84,4.85,4.86,4.87,4.88,4.89,4.90,4.91,4.92,4.93	none
1014	none	1.02,1.10,1.11,1.30,1.31,1.32,1.50,1.51,1.54,1.60,1.70,1.80,1.81,1.82,1.90,1.92,1.93,1.94,2.00,2.01,2.10,2.17,2.20,2.30,2.35,2.36,2.40,2.41,2.42,2.43,2.50,2.52,2.53,2.60,2.70,2.76,2.80,3.00,3.01,3.10,3.15,3.16,3.21,3.30,3.40,3.41,3.42,3.50,3.55,3.56,3.60,3.61,3.65,3.66,3.70,3.71,3.72,3.73,4.00,4.01,4.10,4.11,4.20,4.21,4.25,4.30,4.31,4.40,4.41,4.45,4.46,4.50,4.53,4.55,4.60,4.65,4.66,4.70,4.75,4.76,4.78,4.80,4.81,4.82,4.83,4.84,4.85,4.86,4.87,4.88,4.89,4.90,4.91,4.92,4.93	none
1015	none	1.02,1.10,1.11,1.30,1.31,1.32,1.50,1.51,1.54,1.60,1.70,1.80,1.81,1.82,1.90,1.92,1.93,1.94,2.00,2.01,2.10,2.17,2.20,2.30,2.35,2.36,2.40,2.41,2.42,2.43,2.50,2.52,2.53,2.60,2.70,2.76,2.80,3.00,3.01,3.10,3.15,3.16,3.21,3.30,3.40,3.41,3.42,3.50,3.55,3.56,3.60,3.61,3.65,3.66,3.70,3.71,3.72,3.73,4.00,4.01,4.10,4.11,4.20,4.21,4.25,4.30,4.31,4.40,4.41,4.45,4.46,4.50,4.53,4.55,4.60,4.65,4.66,4.70,4.75,4.76,4.78,4.80,4.81,4.82,4.83,4.84,4.85,4.86,4.87,4.88,4.89,4.90,4.91,4.92,4.93	none
1016	none	1.02,1.10,1.11,1.30,1.31,1.32,1.50,1.51,1.54,1.60,1.70,1.80,1.81,1.82,1.90,1.92,1.93,1.94,2.00,2.01,2.10,2.17,2.20,2.30,2.35,2.36,2.40,2.41,2.42,2.43,2.50,2.52,2.53,2.60,2.70,2.76,2.80,3.00,3.01,3.10,3.15,3.16,3.21,3.30,3.40,3.41,3.42,3.50,3.55,3.56,3.60,3.61,3.65,3.66,3.70,3.71,3.72,3.73,4.00,4.01,4.10,4.11,4.20,4.21,4.25,4.30,4.31,4.40,4.41,4.45,4.46,4.50,4.53,4.55,4.60,4.65,4.66,4.70,4.75,4.76,4.78,4.80,4.81,4.82,4.83,4.84,4.85,4.86,4.87,4.88,4.89,4.90,4.91,4.92,4.93	none
1017	none	1.02,1.10,1.11,1.30,1.31,1.32,1.50,1.51,1.54,1.60,1.70,1.80,1.81,1.82,1.90,1.92,1.93,1.94,2.00,2.01,2.10,2.17,2.20,2.30,2.35,2.36,2.40,2.41,2.42,2.43,2.50,2.52,2.53,2.60,2.70,2.76,2.80,3.00,3.01,3.10,3.15,3.16,3.21,3.30,3.40,3.41,3.42,3.50,3.55,3.56,3.60,3.61,3.65,3.66,3.70,3.71,3.72,3.73,4.00,4.01,4.10,4.11,4.20,4.21,4.25,4.30,4.31,4.40,4.41,4.45,4.46,4.50,4.53,4.55,4.60,4.65,4.66,4.70,4.75,4.76,4.78,4.80,4.81,4.82,4.83,4.84,4.85,4.86,4.87,4.88,4.89,4.90,4.91,4.92,4.93	none
1018	none	1.02,1.10,1.11,1.30,1.31,1.32,1.50,1.51,1.54,1.60,1.70,1.80,1.81,1.82,1.90,1.92,1.93,1.94,2.00,2.01,2.10,2.17,2.20,2.30,2.35,2.36,2.40,2.41,2.42,2.43,2.50,2.52,2.53,2.60,2.70,2.76,2.80,3.00,3.01,3.10,3.15,3.16,3.21,3.30,3.40,3.41,3.42,3.50,3.55,3.56,3.60,3.61,3.65,3.66,3.70,3.71,3.72,3.73,4.00,4.01,4.10,4.11,4.20,4.21,4.25,4.30,4.31,4.40,4.41,4.45,4.46,4.50,4.53,4.55,4.60,4.65,4.66,4.70,4.75,4.76,4.78,4.80,4.81,4.82,4.83,4.84,4.85,4.86,4.87,4.88,4.89,4.90,4.91,4.92,4.93	none
1019	none	1.02,1.10,1.11,1.30,1.31,1.32,1.50,1.51,1.54,1.60,1.70,1.80,1.81,1.82,1.90,1.92,1.93,1.94,2.00,2.01,2.10,2.17,2.20,2.30,2.35,2.36,2.40,2.41,2.42,2.43,2.50,2.52,2.53,2.60,2.70,2.76,2.80,3.00,3.01,3.10,3.15,3.16,3.21,3.30,3.40,3.41,3.42,3.50,3.55,3.56,3.60,3.61,3.65,3.66,3.70,3.71,3.72,3.73,4.00,4.01,4.10,4.11,4.20,4.21,4.25,4.30,4.31,4.40,4.41,4.45,4.46,4.50,4.53,4.55,4.60,4.65,4.66,4.70,4.75,4.76,4.78,4.80,4.81,4.82,4.83,4.84,4.85,4.86,4.87,4.88,4.89,4.90,4.91,4.92,4.93	none
1020	none	1.02,1.10,1.11,1.30,1.31,1.32,1.50,1.51,1.54,1.60,1.70,1.80,1.81,1.82,1.90,1.92,1.93,1.94,2.00,2.01,2.10,2.17,2.20,2.30,2.35,2.36,2.40,2.41,2.42,2.43,2.50,2.52,2.53,2.60,2.70,2.76,2.80,3.00,3.01,3.10,3.15,3.16,3.21,3.30,3.40,3.41,3.42,3.50,3.55,3.56,3.60,3.61,3.65,3.66,3.70,3.71,3.72,3.73,4.00,4.01,4.10,4.11,4.20,4.21,4.25,4.30,4.31,4.40,4.41,4.45,4.46,4.50,4.53,4.55,4.60,4.65,4.66,4.70,4.75,4.76,4.78,4.80,4.81,4.82,4.83,4.84,4.85,4.86,4.87,4.88,4.89,4.90,4.91,4.92,4.93	none
1021	none	1.02,1.10,1.11,1.30,1.31,1.32,1.50,1.51,1.54,1.60,1.70,1.80,1.81,1.82,1.90,1.92,1.93,1.94,2.00,2.01,2.10,2.17,2.20,2.30,2.35,2.36,2.40,2.41,2.42,2.43,2.50,2.52,2.53,2.60,2.70,2.76,2.80,3.00,3.01,3.10,3.15,3.16,3.21,3.30,3.40,3.41,3.42,3.50,3.55,3.56,3.60,3.61,3.65,3.66,3.70,3.71,3.72,3.73,4.00,4.01,4.10,4.11,4.20,4.21,4.25,4.30,4.31,4.40,4.41,4.45,4.46,4.50,4.53,4.55,4.60,4.65,4.66,4.70,4.75,4.76,4.78,4.80,4.81,4.82,4.83,4.84,4.85,4.86,4.87,4.88,4.89,4.90,4.91,4.92,4.93	none
1022	none	1.02,1.10,1.11,1.30,1.31,1.32,1.50,1.51,1.54,1.60,1.70,1.80,1.81,1.82,1.90,1.92,1.93,1.94,2.00,2.01,2.10,2.17,2.20,2.30,2.35,2.36,2.40,2.41,2.42,2.43,2.50,2.52,2.53,2.60,2.70,2.76,2.80,3.00,3.01,3.10,3.15,3.16,3.21,3.30,3.40,3.41,3.42,3.50,3.55,3.56,3.60,3.61,3.65,3.66,3.70,3.71,3.72,3.73,4.00,4.01,4.10,4.11,4.20,4.21,4.25,4.30,4.31,4.40,4.41,4.45,4.46,4.50,4.53,4.55,4.60,4.65,4.66,4.70,4.75,4.76,4.78,4.80,4.81,4.82,4.83,4.84,4.85,4.86,4.87,4.88,4.89,4.90,4.91,4.92,4.93	none
1023	none	1.02,1.10,1.11,1.30,1.31,1.32,1.50,1.51,1.54,1.60,1.70,1.80,1.81,1.82,1.90,1.92,1.93,1.94,2.00,2.01,2.10,2.17,2.20,2.30,2.35,2.36,2.40,2.41,2.42,2.43,2.50,2.52,2.53,2.60,2.70,2.76,2.80,3.00,3.01,3.10,3.15,3.16,3.21,3.30,3.40,3.41,3.42,3.50,3.55,3.56,3.60,3.61,3.65,3.66,3.70,3.71,3.72,3.73,4.00,4.01,4.10,4.11,4.20,4.21,4.25,4.30,4.31,4.40,4.41,4.45,4.46,4.50,4.53,4.55,4.60,4.65,4.66,4.70,4.75,4.76,4.78,4.80,4.81,4.82,4.83,4.84,4.85,4.86,4.87,4.88,4.89,4.90,4.91,4.92,4.93	none
