pup_sha256	descriptor	target	errno	errno_symbol	references	primary
06a22362f31eaf8c3a35283be35a1ffa31408ca33b150e6564d0242e4dbf4e25	0x80000000002f5798	0x8000000000017fb0	0x80010003	CELL_ENOSYS	1	no
06a22362f31eaf8c3a35283be35a1ffa31408ca33b150e6564d0242e4dbf4e25	0x80000000002f57b0	0x8000000000017fbc	0x80010003	CELL_ENOSYS	1	no
06a22362f31eaf8c3a35283be35a1ffa31408ca33b150e6564d0242e4dbf4e25	0x80000000002f57c8	0x8000000000017fc8	0x80010003	CELL_ENOSYS	1	no
06a22362f31eaf8c3a35283be35a1ffa31408ca33b150e6564d0242e4dbf4e25	0x80000000002f57e0	0x8000000000017fd4	0x80010003	CELL_ENOSYS	1	no
06a22362f31eaf8c3a35283be35a1ffa31408ca33b150e6564d0242e4dbf4e25	0x80000000002f57f8	0x8000000000017fe0	0x80010003	CELL_ENOSYS	1	no
06a22362f31eaf8c3a35283be35a1ffa31408ca33b150e6564d0242e4dbf4e25	0x80000000002f5810	0x8000000000017fec	0x80010003	CELL_ENOSYS	1	no
06a22362f31eaf8c3a35283be35a1ffa31408ca33b150e6564d0242e4dbf4e25	0x80000000002fa6b8	0x8000000000046ebc	0x80010003	CELL_ENOSYS	1	no
06a22362f31eaf8c3a35283be35a1ffa31408ca33b150e6564d0242e4dbf4e25	0x80000000002fbba0	0x8000000000052420	0x80010002	CELL_EINVAL	1	no
06a22362f31eaf8c3a35283be35a1ffa31408ca33b150e6564d0242e4dbf4e25	0x80000000002fbbb8	0x800000000005242c	0x80010002	CELL_EINVAL	1	no
06a22362f31eaf8c3a35283be35a1ffa31408ca33b150e6564d0242e4dbf4e25	0x80000000002fbbd0	0x8000000000052438	0x80010037	CELL_ENOTSUP	1	no
06a22362f31eaf8c3a35283be35a1ffa31408ca33b150e6564d0242e4dbf4e25	0x8000000000306f58	0x80000000000cfe0c	0x80010003	CELL_ENOSYS	1	no
06a22362f31eaf8c3a35283be35a1ffa31408ca33b150e6564d0242e4dbf4e25	0x8000000000306f70	0x80000000000cfe18	0x80010003	CELL_ENOSYS	1	no
06a22362f31eaf8c3a35283be35a1ffa31408ca33b150e6564d0242e4dbf4e25	0x8000000000306f88	0x80000000000cfe24	0x80010003	CELL_ENOSYS	1	no
06a22362f31eaf8c3a35283be35a1ffa31408ca33b150e6564d0242e4dbf4e25	0x8000000000306fa0	0x80000000000cfe30	0x80010003	CELL_ENOSYS	1	no
06a22362f31eaf8c3a35283be35a1ffa31408ca33b150e6564d0242e4dbf4e25	0x800000000030ed40	0x8000000000115384	0x80010003	CELL_ENOSYS	1	no
06a22362f31eaf8c3a35283be35a1ffa31408ca33b150e6564d0242e4dbf4e25	0x800000000030ed58	0x8000000000115390	0x80010003	CELL_ENOSYS	1	no
06a22362f31eaf8c3a35283be35a1ffa31408ca33b150e6564d0242e4dbf4e25	0x800000000030ed70	0x800000000011539c	0x80010003	CELL_ENOSYS	1	no
06a22362f31eaf8c3a35283be35a1ffa31408ca33b150e6564d0242e4dbf4e25	0x800000000030ed88	0x80000000001153a8	0x80010003	CELL_ENOSYS	1	no
06a22362f31eaf8c3a35283be35a1ffa31408ca33b150e6564d0242e4dbf4e25	0x800000000030eda0	0x80000000001153b4	0x80010003	CELL_ENOSYS	1	no
06a22362f31eaf8c3a35283be35a1ffa31408ca33b150e6564d0242e4dbf4e25	0x800000000030edb8	0x80000000001153c0	0x80010003	CELL_ENOSYS	1	no
06a22362f31eaf8c3a35283be35a1ffa31408ca33b150e6564d0242e4dbf4e25	0x800000000031cbe8	0x80000000001b3a2c	0x80010037	CELL_ENOTSUP	1	no
06a22362f31eaf8c3a35283be35a1ffa31408ca33b150e6564d0242e4dbf4e25	0x8000000000331ed0	0x8000000000287dcc	0x80010003	CELL_ENOSYS	392	yes
06a22362f31eaf8c3a35283be35a1ffa31408ca33b150e6564d0242e4dbf4e25	0x8000000000331f30	0x800000000028804c	0x8001002b	CELL_EIO	1	no
06e04a6b2af39c5a6483a5af8b4891e9ab5f75770f5b246e6ee7c2a6a6734748	0x80000000003521f8	0x800000000002b6d0	0x80010003	CELL_ENOSYS	1	no
06e04a6b2af39c5a6483a5af8b4891e9ab5f75770f5b246e6ee7c2a6a6734748	0x8000000000352210	0x800000000002b6e0	0x80010003	CELL_ENOSYS	1	no
06e04a6b2af39c5a6483a5af8b4891e9ab5f75770f5b246e6ee7c2a6a6734748	0x8000000000352228	0x800000000002b6f0	0x80010003	CELL_ENOSYS	1	no
06e04a6b2af39c5a6483a5af8b4891e9ab5f75770f5b246e6ee7c2a6a6734748	0x8000000000352240	0x800000000002b700	0x80010003	CELL_ENOSYS	1	no
06e04a6b2af39c5a6483a5af8b4891e9ab5f75770f5b246e6ee7c2a6a6734748	0x8000000000352258	0x800000000002b710	0x80010003	CELL_ENOSYS	1	no
06e04a6b2af39c5a6483a5af8b4891e9ab5f75770f5b246e6ee7c2a6a6734748	0x8000000000352270	0x800000000002b720	0x80010003	CELL_ENOSYS	1	no
06e04a6b2af39c5a6483a5af8b4891e9ab5f75770f5b246e6ee7c2a6a6734748	0x8000000000356908	0x80000000000579b8	0x80010003	CELL_ENOSYS	1	no
06e04a6b2af39c5a6483a5af8b4891e9ab5f75770f5b246e6ee7c2a6a6734748	0x8000000000357be0	0x8000000000062258	0x80010037	CELL_ENOTSUP	1	no
06e04a6b2af39c5a6483a5af8b4891e9ab5f75770f5b246e6ee7c2a6a6734748	0x8000000000363088	0x80000000000d6d68	0x80010003	CELL_ENOSYS	1	no
06e04a6b2af39c5a6483a5af8b4891e9ab5f75770f5b246e6ee7c2a6a6734748	0x80000000003630a0	0x80000000000d6d78	0x80010003	CELL_ENOSYS	1	no
06e04a6b2af39c5a6483a5af8b4891e9ab5f75770f5b246e6ee7c2a6a6734748	0x80000000003630b8	0x80000000000d6d88	0x80010003	CELL_ENOSYS	1	no
06e04a6b2af39c5a6483a5af8b4891e9ab5f75770f5b246e6ee7c2a6a6734748	0x80000000003630d0	0x80000000000d6d98	0x80010003	CELL_ENOSYS	1	no
06e04a6b2af39c5a6483a5af8b4891e9ab5f75770f5b246e6ee7c2a6a6734748	0x80000000003856a8	0x800000000020d500	0x80010037	CELL_ENOTSUP	1	no
06e04a6b2af39c5a6483a5af8b4891e9ab5f75770f5b246e6ee7c2a6a6734748	0x800000000039ba10	0x80000000002f10d8	0x80010003	CELL_ENOSYS	466	yes
06e04a6b2af39c5a6483a5af8b4891e9ab5f75770f5b246e6ee7c2a6a6734748	0x800000000039ba28	0x80000000002f10e8	0x8001002b	CELL_EIO	1	no
08855e4eb968ac5a1a656950526fb5a7dce3900aca1494f5708a99a825bedb21	0x80000000002f5718	0x8000000000017fb0	0x80010003	CELL_ENOSYS	1	no
08855e4eb968ac5a1a656950526fb5a7dce3900aca1494f5708a99a825bedb21	0x80000000002f5730	0x8000000000017fbc	0x80010003	CELL_ENOSYS	1	no
08855e4eb968ac5a1a656950526fb5a7dce3900aca1494f5708a99a825bedb21	0x80000000002f5748	0x8000000000017fc8	0x80010003	CELL_ENOSYS	1	no
08855e4eb968ac5a1a656950526fb5a7dce3900aca1494f5708a99a825bedb21	0x80000000002f5760	0x8000000000017fd4	0x80010003	CELL_ENOSYS	1	no
08855e4eb968ac5a1a656950526fb5a7dce3900aca1494f5708a99a825bedb21	0x80000000002f5778	0x8000000000017fe0	0x80010003	CELL_ENOSYS	1	no
08855e4eb968ac5a1a656950526fb5a7dce3900aca1494f5708a99a825bedb21	0x80000000002f5790	0x8000000000017fec	0x80010003	CELL_ENOSYS	1	no
08855e4eb968ac5a1a656950526fb5a7dce3900aca1494f5708a99a825bedb21	0x80000000002fa638	0x8000000000046ebc	0x80010003	CELL_ENOSYS	1	no
08855e4eb968ac5a1a656950526fb5a7dce3900aca1494f5708a99a825bedb21	0x80000000002fbb20	0x8000000000052420	0x80010002	CELL_EINVAL	1	no
08855e4eb968ac5a1a656950526fb5a7dce3900aca1494f5708a99a825bedb21	0x80000000002fbb38	0x800000000005242c	0x80010002	CELL_EINVAL	1	no
08855e4eb968ac5a1a656950526fb5a7dce3900aca1494f5708a99a825bedb21	0x80000000002fbb50	0x8000000000052438	0x80010037	CELL_ENOTSUP	1	no
08855e4eb968ac5a1a656950526fb5a7dce3900aca1494f5708a99a825bedb21	0x8000000000306ed8	0x80000000000cfe0c	0x80010003	CELL_ENOSYS	1	no
08855e4eb968ac5a1a656950526fb5a7dce3900aca1494f5708a99a825bedb21	0x8000000000306ef0	0x80000000000cfe18	0x80010003	CELL_ENOSYS	1	no
08855e4eb968ac5a1a656950526fb5a7dce3900aca1494f5708a99a825bedb21	0x8000000000306f08	0x80000000000cfe24	0x80010003	CELL_ENOSYS	1	no
08855e4eb968ac5a1a656950526fb5a7dce3900aca1494f5708a99a825bedb21	0x8000000000306f20	0x80000000000cfe30	0x80010003	CELL_ENOSYS	1	no
08855e4eb968ac5a1a656950526fb5a7dce3900aca1494f5708a99a825bedb21	0x800000000030ecc0	0x8000000000115384	0x80010003	CELL_ENOSYS	1	no
08855e4eb968ac5a1a656950526fb5a7dce3900aca1494f5708a99a825bedb21	0x800000000030ecd8	0x8000000000115390	0x80010003	CELL_ENOSYS	1	no
08855e4eb968ac5a1a656950526fb5a7dce3900aca1494f5708a99a825bedb21	0x800000000030ecf0	0x800000000011539c	0x80010003	CELL_ENOSYS	1	no
08855e4eb968ac5a1a656950526fb5a7dce3900aca1494f5708a99a825bedb21	0x800000000030ed08	0x80000000001153a8	0x80010003	CELL_ENOSYS	1	no
08855e4eb968ac5a1a656950526fb5a7dce3900aca1494f5708a99a825bedb21	0x800000000030ed20	0x80000000001153b4	0x80010003	CELL_ENOSYS	1	no
08855e4eb968ac5a1a656950526fb5a7dce3900aca1494f5708a99a825bedb21	0x800000000030ed38	0x80000000001153c0	0x80010003	CELL_ENOSYS	1	no
08855e4eb968ac5a1a656950526fb5a7dce3900aca1494f5708a99a825bedb21	0x800000000031cb68	0x80000000001b3a10	0x80010037	CELL_ENOTSUP	1	no
08855e4eb968ac5a1a656950526fb5a7dce3900aca1494f5708a99a825bedb21	0x8000000000331e50	0x8000000000287db0	0x80010003	CELL_ENOSYS	392	yes
08855e4eb968ac5a1a656950526fb5a7dce3900aca1494f5708a99a825bedb21	0x8000000000331eb0	0x8000000000288030	0x8001002b	CELL_EIO	1	no
0a89e88cdc4cb59b194025059050590a0aea28a49c6ac9e6435fef67f4a1c43c	0x80000000002dd8a8	0x80000000000289e8	0x80010003	CELL_ENOSYS	1	no
0a89e88cdc4cb59b194025059050590a0aea28a49c6ac9e6435fef67f4a1c43c	0x80000000002dd8c0	0x80000000000289f8	0x80010003	CELL_ENOSYS	1	no
0a89e88cdc4cb59b194025059050590a0aea28a49c6ac9e6435fef67f4a1c43c	0x80000000002dd8d8	0x8000000000028a08	0x80010003	CELL_ENOSYS	1	no
0a89e88cdc4cb59b194025059050590a0aea28a49c6ac9e6435fef67f4a1c43c	0x80000000002dd8f0	0x8000000000028a18	0x80010003	CELL_ENOSYS	1	no
0a89e88cdc4cb59b194025059050590a0aea28a49c6ac9e6435fef67f4a1c43c	0x80000000002dd908	0x8000000000028a28	0x80010003	CELL_ENOSYS	1	no
0a89e88cdc4cb59b194025059050590a0aea28a49c6ac9e6435fef67f4a1c43c	0x80000000002dd920	0x8000000000028a38	0x80010003	CELL_ENOSYS	1	no
0a89e88cdc4cb59b194025059050590a0aea28a49c6ac9e6435fef67f4a1c43c	0x80000000002e1ee0	0x8000000000053d90	0x80010003	CELL_ENOSYS	1	no
0a89e88cdc4cb59b194025059050590a0aea28a49c6ac9e6435fef67f4a1c43c	0x80000000002e3098	0x800000000005e7b8	0x80010037	CELL_ENOTSUP	1	no
0a89e88cdc4cb59b194025059050590a0aea28a49c6ac9e6435fef67f4a1c43c	0x80000000002ed0a0	0x80000000000cf9b8	0x80010003	CELL_ENOSYS	1	no
0a89e88cdc4cb59b194025059050590a0aea28a49c6ac9e6435fef67f4a1c43c	0x80000000002ed0b8	0x80000000000cf9c8	0x80010003	CELL_ENOSYS	1	no
0a89e88cdc4cb59b194025059050590a0aea28a49c6ac9e6435fef67f4a1c43c	0x80000000002ed0d0	0x80000000000cf9d8	0x80010003	CELL_ENOSYS	1	no
0a89e88cdc4cb59b194025059050590a0aea28a49c6ac9e6435fef67f4a1c43c	0x80000000002ed0e8	0x80000000000cf9e8	0x80010003	CELL_ENOSYS	1	no
0a89e88cdc4cb59b194025059050590a0aea28a49c6ac9e6435fef67f4a1c43c	0x80000000002f4060	0x8000000000110f00	0x80010003	CELL_ENOSYS	1	no
0a89e88cdc4cb59b194025059050590a0aea28a49c6ac9e6435fef67f4a1c43c	0x80000000002f4078	0x8000000000110f10	0x80010003	CELL_ENOSYS	1	no
0a89e88cdc4cb59b194025059050590a0aea28a49c6ac9e6435fef67f4a1c43c	0x80000000002f4090	0x8000000000110f20	0x80010003	CELL_ENOSYS	1	no
0a89e88cdc4cb59b194025059050590a0aea28a49c6ac9e6435fef67f4a1c43c	0x80000000002f40a8	0x8000000000110f30	0x80010003	CELL_ENOSYS	1	no
0a89e88cdc4cb59b194025059050590a0aea28a49c6ac9e6435fef67f4a1c43c	0x80000000002f40c0	0x8000000000110f40	0x80010003	CELL_ENOSYS	1	no
0a89e88cdc4cb59b194025059050590a0aea28a49c6ac9e6435fef67f4a1c43c	0x80000000002f40d8	0x8000000000110f50	0x80010003	CELL_ENOSYS	1	no
0a89e88cdc4cb59b194025059050590a0aea28a49c6ac9e6435fef67f4a1c43c	0x8000000000300780	0x80000000001a19f8	0x80010037	CELL_ENOTSUP	1	no
0a89e88cdc4cb59b194025059050590a0aea28a49c6ac9e6435fef67f4a1c43c	0x8000000000315c48	0x8000000000282a28	0x80010003	CELL_ENOSYS	460	yes
0a89e88cdc4cb59b194025059050590a0aea28a49c6ac9e6435fef67f4a1c43c	0x8000000000315c60	0x8000000000282a38	0x8001002b	CELL_EIO	1	no
0fcdc479c911a51b8082b77f04d00dbe14ab28633b85806b08842e79bf8e5fde	0x8000000000362d58	0x80000000000509a8	0x80010003	CELL_ENOSYS	1	no
0fcdc479c911a51b8082b77f04d00dbe14ab28633b85806b08842e79bf8e5fde	0x8000000000370000	0x80000000000dff54	0x80010003	CELL_ENOSYS	1	no
0fcdc479c911a51b8082b77f04d00dbe14ab28633b85806b08842e79bf8e5fde	0x8000000000370018	0x80000000000dff60	0x80010003	CELL_ENOSYS	1	no
0fcdc479c911a51b8082b77f04d00dbe14ab28633b85806b08842e79bf8e5fde	0x8000000000370030	0x80000000000dff6c	0x80010003	CELL_ENOSYS	1	no
0fcdc479c911a51b8082b77f04d00dbe14ab28633b85806b08842e79bf8e5fde	0x8000000000370048	0x80000000000dff78	0x80010003	CELL_ENOSYS	1	no
0fcdc479c911a51b8082b77f04d00dbe14ab28633b85806b08842e79bf8e5fde	0x8000000000390a18	0x8000000000218eb4	0x80010037	CELL_ENOTSUP	1	no
0fcdc479c911a51b8082b77f04d00dbe14ab28633b85806b08842e79bf8e5fde	0x80000000003a6498	0x80000000002f126c	0x80010003	CELL_ENOSYS	466	yes
0fcdc479c911a51b8082b77f04d00dbe14ab28633b85806b08842e79bf8e5fde	0x80000000003a64c8	0x80000000002f12ac	0x8001002b	CELL_EIO	1	no
1016bd72819539ba43c09300b619f4b8f257e34fe07d8ecb4dcfc82428e35f1a	0x80000000002f6160	0x8000000000017cbc	0x80010003	CELL_ENOSYS	1	no
1016bd72819539ba43c09300b619f4b8f257e34fe07d8ecb4dcfc82428e35f1a	0x80000000002f6178	0x8000000000017cc8	0x80010003	CELL_ENOSYS	1	no
1016bd72819539ba43c09300b619f4b8f257e34fe07d8ecb4dcfc82428e35f1a	0x80000000002f6190	0x8000000000017cd4	0x80010003	CELL_ENOSYS	1	no
1016bd72819539ba43c09300b619f4b8f257e34fe07d8ecb4dcfc82428e35f1a	0x80000000002f61a8	0x8000000000017ce0	0x80010003	CELL_ENOSYS	1	no
1016bd72819539ba43c09300b619f4b8f257e34fe07d8ecb4dcfc82428e35f1a	0x80000000002f61c0	0x8000000000017cec	0x80010003	CELL_ENOSYS	1	no
1016bd72819539ba43c09300b619f4b8f257e34fe07d8ecb4dcfc82428e35f1a	0x80000000002f61d8	0x8000000000017cf8	0x80010003	CELL_ENOSYS	1	no
1016bd72819539ba43c09300b619f4b8f257e34fe07d8ecb4dcfc82428e35f1a	0x80000000002fb110	0x8000000000047484	0x80010003	CELL_ENOSYS	1	no
1016bd72819539ba43c09300b619f4b8f257e34fe07d8ecb4dcfc82428e35f1a	0x80000000002fc610	0x80000000000528e4	0x80010002	CELL_EINVAL	1	no
1016bd72819539ba43c09300b619f4b8f257e34fe07d8ecb4dcfc82428e35f1a	0x80000000002fc628	0x80000000000528f0	0x80010037	CELL_ENOTSUP	1	no
1016bd72819539ba43c09300b619f4b8f257e34fe07d8ecb4dcfc82428e35f1a	0x8000000000307a70	0x80000000000cf7ac	0x80010003	CELL_ENOSYS	1	no
1016bd72819539ba43c09300b619f4b8f257e34fe07d8ecb4dcfc82428e35f1a	0x8000000000307a88	0x80000000000cf7b8	0x80010003	CELL_ENOSYS	1	no
1016bd72819539ba43c09300b619f4b8f257e34fe07d8ecb4dcfc82428e35f1a	0x8000000000307aa0	0x80000000000cf7c4	0x80010003	CELL_ENOSYS	1	no
1016bd72819539ba43c09300b619f4b8f257e34fe07d8ecb4dcfc82428e35f1a	0x8000000000307ab8	0x80000000000cf7d0	0x80010003	CELL_ENOSYS	1	no
1016bd72819539ba43c09300b619f4b8f257e34fe07d8ecb4dcfc82428e35f1a	0x800000000030f930	0x8000000000115108	0x80010003	CELL_ENOSYS	1	no
1016bd72819539ba43c09300b619f4b8f257e34fe07d8ecb4dcfc82428e35f1a	0x800000000030f948	0x8000000000115114	0x80010003	CELL_ENOSYS	1	no
1016bd72819539ba43c09300b619f4b8f257e34fe07d8ecb4dcfc82428e35f1a	0x800000000030f960	0x8000000000115120	0x80010003	CELL_ENOSYS	1	no
1016bd72819539ba43c09300b619f4b8f257e34fe07d8ecb4dcfc82428e35f1a	0x800000000030f978	0x800000000011512c	0x80010003	CELL_ENOSYS	1	no
1016bd72819539ba43c09300b619f4b8f257e34fe07d8ecb4dcfc82428e35f1a	0x800000000030f990	0x8000000000115138	0x80010003	CELL_ENOSYS	1	no
1016bd72819539ba43c09300b619f4b8f257e34fe07d8ecb4dcfc82428e35f1a	0x800000000030f9a8	0x8000000000115144	0x80010003	CELL_ENOSYS	1	no
1016bd72819539ba43c09300b619f4b8f257e34fe07d8ecb4dcfc82428e35f1a	0x800000000031d8f8	0x80000000001b389c	0x80010037	CELL_ENOTSUP	1	no
1016bd72819539ba43c09300b619f4b8f257e34fe07d8ecb4dcfc82428e35f1a	0x8000000000332b50	0x80000000002882a8	0x80010003	CELL_ENOSYS	389	yes
1016bd72819539ba43c09300b619f4b8f257e34fe07d8ecb4dcfc82428e35f1a	0x8000000000332bb0	0x8000000000288528	0x8001002b	CELL_EIO	1	no
10a715ab382b16b9bcc976cec963d4a557a604511f30b5a7fe997418d5d1a899	0x80000000002d9d60	0x8000000000017b0c	0x80010003	CELL_ENOSYS	1	no
10a715ab382b16b9bcc976cec963d4a557a604511f30b5a7fe997418d5d1a899	0x80000000002d9d78	0x8000000000017b18	0x80010003	CELL_ENOSYS	1	no
10a715ab382b16b9bcc976cec963d4a557a604511f30b5a7fe997418d5d1a899	0x80000000002d9d90	0x8000000000017b24	0x80010003	CELL_ENOSYS	1	no
10a715ab382b16b9bcc976cec963d4a557a604511f30b5a7fe997418d5d1a899	0x80000000002d9da8	0x8000000000017b30	0x80010003	CELL_ENOSYS	1	no
10a715ab382b16b9bcc976cec963d4a557a604511f30b5a7fe997418d5d1a899	0x80000000002d9dc0	0x8000000000017b3c	0x80010003	CELL_ENOSYS	1	no
10a715ab382b16b9bcc976cec963d4a557a604511f30b5a7fe997418d5d1a899	0x80000000002d9dd8	0x8000000000017b48	0x80010003	CELL_ENOSYS	1	no
10a715ab382b16b9bcc976cec963d4a557a604511f30b5a7fe997418d5d1a899	0x80000000002deae8	0x8000000000044e50	0x80010003	CELL_ENOSYS	1	no
10a715ab382b16b9bcc976cec963d4a557a604511f30b5a7fe997418d5d1a899	0x80000000002dff88	0x800000000004ff08	0x80010002	CELL_EINVAL	1	no
10a715ab382b16b9bcc976cec963d4a557a604511f30b5a7fe997418d5d1a899	0x80000000002dffa0	0x800000000004ff14	0x80010002	CELL_EINVAL	1	no
10a715ab382b16b9bcc976cec963d4a557a604511f30b5a7fe997418d5d1a899	0x80000000002dffb8	0x800000000004ff20	0x80010037	CELL_ENOTSUP	1	no
10a715ab382b16b9bcc976cec963d4a557a604511f30b5a7fe997418d5d1a899	0x80000000002ebf28	0x80000000000ce688	0x80010003	CELL_ENOSYS	1	no
10a715ab382b16b9bcc976cec963d4a557a604511f30b5a7fe997418d5d1a899	0x80000000002ebf40	0x80000000000ce694	0x80010003	CELL_ENOSYS	1	no
10a715ab382b16b9bcc976cec963d4a557a604511f30b5a7fe997418d5d1a899	0x80000000002ebf58	0x80000000000ce6a0	0x80010003	CELL_ENOSYS	1	no
10a715ab382b16b9bcc976cec963d4a557a604511f30b5a7fe997418d5d1a899	0x80000000002ebf70	0x80000000000ce6ac	0x80010003	CELL_ENOSYS	1	no
10a715ab382b16b9bcc976cec963d4a557a604511f30b5a7fe997418d5d1a899	0x80000000002f3e18	0x8000000000112984	0x80010003	CELL_ENOSYS	1	no
10a715ab382b16b9bcc976cec963d4a557a604511f30b5a7fe997418d5d1a899	0x80000000002f3e30	0x8000000000112990	0x80010003	CELL_ENOSYS	1	no
10a715ab382b16b9bcc976cec963d4a557a604511f30b5a7fe997418d5d1a899	0x80000000002f3e48	0x800000000011299c	0x80010003	CELL_ENOSYS	1	no
10a715ab382b16b9bcc976cec963d4a557a604511f30b5a7fe997418d5d1a899	0x80000000002f3e60	0x80000000001129a8	0x80010003	CELL_ENOSYS	1	no
10a715ab382b16b9bcc976cec963d4a557a604511f30b5a7fe997418d5d1a899	0x80000000002f3e78	0x80000000001129b4	0x80010003	CELL_ENOSYS	1	no
10a715ab382b16b9bcc976cec963d4a557a604511f30b5a7fe997418d5d1a899	0x80000000002f3e90	0x80000000001129c0	0x80010003	CELL_ENOSYS	1	no
10a715ab382b16b9bcc976cec963d4a557a604511f30b5a7fe997418d5d1a899	0x80000000003013f0	0x80000000001ac810	0x80010037	CELL_ENOTSUP	1	no
10a715ab382b16b9bcc976cec963d4a557a604511f30b5a7fe997418d5d1a899	0x8000000000316618	0x800000000027e3ac	0x80010003	CELL_ENOSYS	428	yes
10a715ab382b16b9bcc976cec963d4a557a604511f30b5a7fe997418d5d1a899	0x8000000000316678	0x800000000027e62c	0x8001002b	CELL_EIO	1	no
11eb376c163311ee96e157fdcc02d2948e16a824e979f0cc0de85d1dd8d627ab	0x800000000030a948	0x8000000000049638	0x80010003	CELL_ENOSYS	1	no
11eb376c163311ee96e157fdcc02d2948e16a824e979f0cc0de85d1dd8d627ab	0x800000000030b968	0x80000000000511dc	0x80010002	CELL_EINVAL	1	no
11eb376c163311ee96e157fdcc02d2948e16a824e979f0cc0de85d1dd8d627ab	0x800000000030b980	0x80000000000511e8	0x80010002	CELL_EINVAL	1	no
11eb376c163311ee96e157fdcc02d2948e16a824e979f0cc0de85d1dd8d627ab	0x800000000031b7d8	0x80000000000ed6ec	0x80010003	CELL_ENOSYS	1	no
11eb376c163311ee96e157fdcc02d2948e16a824e979f0cc0de85d1dd8d627ab	0x800000000031b7f0	0x80000000000ed6f8	0x80010003	CELL_ENOSYS	1	no
11eb376c163311ee96e157fdcc02d2948e16a824e979f0cc0de85d1dd8d627ab	0x800000000031b808	0x80000000000ed704	0x80010003	CELL_ENOSYS	1	no
11eb376c163311ee96e157fdcc02d2948e16a824e979f0cc0de85d1dd8d627ab	0x800000000031b820	0x80000000000ed710	0x80010003	CELL_ENOSYS	1	no
11eb376c163311ee96e157fdcc02d2948e16a824e979f0cc0de85d1dd8d627ab	0x800000000031b838	0x80000000000ed71c	0x80010003	CELL_ENOSYS	1	no
11eb376c163311ee96e157fdcc02d2948e16a824e979f0cc0de85d1dd8d627ab	0x800000000031b850	0x80000000000ed728	0x80010003	CELL_ENOSYS	1	no
11eb376c163311ee96e157fdcc02d2948e16a824e979f0cc0de85d1dd8d627ab	0x80000000003293e0	0x800000000019f520	0x80010037	CELL_ENOTSUP	1	no
11eb376c163311ee96e157fdcc02d2948e16a824e979f0cc0de85d1dd8d627ab	0x800000000033f2f8	0x8000000000275f24	0x80010003	CELL_ENOSYS	392	yes
11eb376c163311ee96e157fdcc02d2948e16a824e979f0cc0de85d1dd8d627ab	0x800000000033f358	0x800000000027620c	0x8001002b	CELL_EIO	1	no
14ad0a4716d2bdf096dab9ecf77b9b838cc64435db7925837a38979fa05f4012	0x800000000030ab88	0x800000000004963c	0x80010003	CELL_ENOSYS	1	no
14ad0a4716d2bdf096dab9ecf77b9b838cc64435db7925837a38979fa05f4012	0x800000000030bba8	0x80000000000511e0	0x80010002	CELL_EINVAL	1	no
14ad0a4716d2bdf096dab9ecf77b9b838cc64435db7925837a38979fa05f4012	0x800000000030bbc0	0x80000000000511ec	0x80010002	CELL_EINVAL	1	no
14ad0a4716d2bdf096dab9ecf77b9b838cc64435db7925837a38979fa05f4012	0x800000000031ba30	0x80000000000ed77c	0x80010003	CELL_ENOSYS	1	no
14ad0a4716d2bdf096dab9ecf77b9b838cc64435db7925837a38979fa05f4012	0x800000000031ba48	0x80000000000ed788	0x80010003	CELL_ENOSYS	1	no
14ad0a4716d2bdf096dab9ecf77b9b838cc64435db7925837a38979fa05f4012	0x800000000031ba60	0x80000000000ed794	0x80010003	CELL_ENOSYS	1	no
14ad0a4716d2bdf096dab9ecf77b9b838cc64435db7925837a38979fa05f4012	0x800000000031ba78	0x80000000000ed7a0	0x80010003	CELL_ENOSYS	1	no
14ad0a4716d2bdf096dab9ecf77b9b838cc64435db7925837a38979fa05f4012	0x800000000031ba90	0x80000000000ed7ac	0x80010003	CELL_ENOSYS	1	no
14ad0a4716d2bdf096dab9ecf77b9b838cc64435db7925837a38979fa05f4012	0x800000000031baa8	0x80000000000ed7b8	0x80010003	CELL_ENOSYS	1	no
14ad0a4716d2bdf096dab9ecf77b9b838cc64435db7925837a38979fa05f4012	0x800000000033ebf0	0x800000000026d2a0	0x80010003	CELL_ENOSYS	392	yes
14ad0a4716d2bdf096dab9ecf77b9b838cc64435db7925837a38979fa05f4012	0x800000000033ec50	0x800000000026d588	0x8001002b	CELL_EIO	1	no
14ad0a4716d2bdf096dab9ecf77b9b838cc64435db7925837a38979fa05f4012	0x8000000000342f58	0x8000000000299a64	0x80010037	CELL_ENOTSUP	1	no
14eae63c9ce142bace97624538ed841944aa8f1248017a49004e21b62af73aec	0x8000000000303eb0	0x8000000000049460	0x80010003	CELL_ENOSYS	1	no
14eae63c9ce142bace97624538ed841944aa8f1248017a49004e21b62af73aec	0x8000000000304ed0	0x8000000000051004	0x80010002	CELL_EINVAL	1	no
14eae63c9ce142bace97624538ed841944aa8f1248017a49004e21b62af73aec	0x8000000000304ee8	0x8000000000051010	0x80010002	CELL_EINVAL	1	no
14eae63c9ce142bace97624538ed841944aa8f1248017a49004e21b62af73aec	0x80000000003150e8	0x80000000000eeafc	0x80010003	CELL_ENOSYS	1	no
14eae63c9ce142bace97624538ed841944aa8f1248017a49004e21b62af73aec	0x8000000000315100	0x80000000000eeb08	0x80010003	CELL_ENOSYS	1	no
14eae63c9ce142bace97624538ed841944aa8f1248017a49004e21b62af73aec	0x8000000000315118	0x80000000000eeb14	0x80010003	CELL_ENOSYS	1	no
14eae63c9ce142bace97624538ed841944aa8f1248017a49004e21b62af73aec	0x8000000000315130	0x80000000000eeb20	0x80010003	CELL_ENOSYS	1	no
14eae63c9ce142bace97624538ed841944aa8f1248017a49004e21b62af73aec	0x8000000000315148	0x80000000000eeb2c	0x80010003	CELL_ENOSYS	1	no
14eae63c9ce142bace97624538ed841944aa8f1248017a49004e21b62af73aec	0x8000000000315160	0x80000000000eeb38	0x80010003	CELL_ENOSYS	1	no
14eae63c9ce142bace97624538ed841944aa8f1248017a49004e21b62af73aec	0x80000000003248f8	0x80000000001adf18	0x80010037	CELL_ENOTSUP	1	no
14eae63c9ce142bace97624538ed841944aa8f1248017a49004e21b62af73aec	0x800000000033c3e8	0x800000000029cf40	0x80010003	CELL_ENOSYS	392	yes
14eae63c9ce142bace97624538ed841944aa8f1248017a49004e21b62af73aec	0x800000000033c448	0x800000000029d1c4	0x8001002b	CELL_EIO	1	no
158471fd834f8ea8036136b6aab43cd86c7ba73d79ca30e0af3c0fe0001cf365	0x800000000030ab88	0x800000000004963c	0x80010003	CELL_ENOSYS	1	no
158471fd834f8ea8036136b6aab43cd86c7ba73d79ca30e0af3c0fe0001cf365	0x800000000030bba8	0x80000000000511e0	0x80010002	CELL_EINVAL	1	no
158471fd834f8ea8036136b6aab43cd86c7ba73d79ca30e0af3c0fe0001cf365	0x800000000030bbc0	0x80000000000511ec	0x80010002	CELL_EINVAL	1	no
158471fd834f8ea8036136b6aab43cd86c7ba73d79ca30e0af3c0fe0001cf365	0x800000000031ba30	0x80000000000ed77c	0x80010003	CELL_ENOSYS	1	no
158471fd834f8ea8036136b6aab43cd86c7ba73d79ca30e0af3c0fe0001cf365	0x800000000031ba48	0x80000000000ed788	0x80010003	CELL_ENOSYS	1	no
158471fd834f8ea8036136b6aab43cd86c7ba73d79ca30e0af3c0fe0001cf365	0x800000000031ba60	0x80000000000ed794	0x80010003	CELL_ENOSYS	1	no
158471fd834f8ea8036136b6aab43cd86c7ba73d79ca30e0af3c0fe0001cf365	0x800000000031ba78	0x80000000000ed7a0	0x80010003	CELL_ENOSYS	1	no
158471fd834f8ea8036136b6aab43cd86c7ba73d79ca30e0af3c0fe0001cf365	0x800000000031ba90	0x80000000000ed7ac	0x80010003	CELL_ENOSYS	1	no
158471fd834f8ea8036136b6aab43cd86c7ba73d79ca30e0af3c0fe0001cf365	0x800000000031baa8	0x80000000000ed7b8	0x80010003	CELL_ENOSYS	1	no
158471fd834f8ea8036136b6aab43cd86c7ba73d79ca30e0af3c0fe0001cf365	0x800000000033ebf0	0x800000000026d2a0	0x80010003	CELL_ENOSYS	392	yes
158471fd834f8ea8036136b6aab43cd86c7ba73d79ca30e0af3c0fe0001cf365	0x800000000033ec50	0x800000000026d588	0x8001002b	CELL_EIO	1	no
158471fd834f8ea8036136b6aab43cd86c7ba73d79ca30e0af3c0fe0001cf365	0x8000000000342f58	0x8000000000299a64	0x80010037	CELL_ENOTSUP	1	no
15fa19e3f474c176b3ef8310c3fa928b6032bc099fac34011b337af585a67d4e	0x80000000002f4578	0x8000000000048ee0	0x80010003	CELL_ENOSYS	1	no
15fa19e3f474c176b3ef8310c3fa928b6032bc099fac34011b337af585a67d4e	0x80000000002f56e8	0x8000000000051aac	0x80010002	CELL_EINVAL	1	no
15fa19e3f474c176b3ef8310c3fa928b6032bc099fac34011b337af585a67d4e	0x80000000002f5700	0x8000000000051ab8	0x80010002	CELL_EINVAL	1	no
15fa19e3f474c176b3ef8310c3fa928b6032bc099fac34011b337af585a67d4e	0x8000000000305600	0x80000000000ed10c	0x80010003	CELL_ENOSYS	1	no
15fa19e3f474c176b3ef8310c3fa928b6032bc099fac34011b337af585a67d4e	0x8000000000305618	0x80000000000ed118	0x80010003	CELL_ENOSYS	1	no
15fa19e3f474c176b3ef8310c3fa928b6032bc099fac34011b337af585a67d4e	0x8000000000305630	0x80000000000ed124	0x80010003	CELL_ENOSYS	1	no
15fa19e3f474c176b3ef8310c3fa928b6032bc099fac34011b337af585a67d4e	0x8000000000305648	0x80000000000ed130	0x80010003	CELL_ENOSYS	1	no
15fa19e3f474c176b3ef8310c3fa928b6032bc099fac34011b337af585a67d4e	0x8000000000305660	0x80000000000ed13c	0x80010003	CELL_ENOSYS	1	no
15fa19e3f474c176b3ef8310c3fa928b6032bc099fac34011b337af585a67d4e	0x8000000000305678	0x80000000000ed148	0x80010003	CELL_ENOSYS	1	no
15fa19e3f474c176b3ef8310c3fa928b6032bc099fac34011b337af585a67d4e	0x80000000003137a8	0x800000000018d968	0x80010037	CELL_ENOTSUP	1	no
15fa19e3f474c176b3ef8310c3fa928b6032bc099fac34011b337af585a67d4e	0x800000000032be80	0x8000000000290dac	0x80010003	CELL_ENOSYS	394	yes
15fa19e3f474c176b3ef8310c3fa928b6032bc099fac34011b337af585a67d4e	0x800000000032bee0	0x800000000029102c	0x8001002b	CELL_EIO	1	no
18420d5f28e83fbd4cb8100ecaf3916d83a67d9496942f7e66c0aaf91dd550e9	0x80000000003529c8	0x80000000000276f0	0x80010003	CELL_ENOSYS	1	no
18420d5f28e83fbd4cb8100ecaf3916d83a67d9496942f7e66c0aaf91dd550e9	0x80000000003529e0	0x8000000000027700	0x80010003	CELL_ENOSYS	1	no
18420d5f28e83fbd4cb8100ecaf3916d83a67d9496942f7e66c0aaf91dd550e9	0x80000000003529f8	0x8000000000027710	0x80010003	CELL_ENOSYS	1	no
18420d5f28e83fbd4cb8100ecaf3916d83a67d9496942f7e66c0aaf91dd550e9	0x8000000000352a10	0x8000000000027720	0x80010003	CELL_ENOSYS	1	no
18420d5f28e83fbd4cb8100ecaf3916d83a67d9496942f7e66c0aaf91dd550e9	0x8000000000352a28	0x8000000000027730	0x80010003	CELL_ENOSYS	1	no
18420d5f28e83fbd4cb8100ecaf3916d83a67d9496942f7e66c0aaf91dd550e9	0x8000000000352a40	0x8000000000027740	0x80010003	CELL_ENOSYS	1	no
18420d5f28e83fbd4cb8100ecaf3916d83a67d9496942f7e66c0aaf91dd550e9	0x8000000000357270	0x8000000000055b40	0x80010003	CELL_ENOSYS	1	no
18420d5f28e83fbd4cb8100ecaf3916d83a67d9496942f7e66c0aaf91dd550e9	0x8000000000363e58	0x80000000000dfcb8	0x80010003	CELL_ENOSYS	1	no
18420d5f28e83fbd4cb8100ecaf3916d83a67d9496942f7e66c0aaf91dd550e9	0x8000000000363e70	0x80000000000dfcc8	0x80010003	CELL_ENOSYS	1	no
18420d5f28e83fbd4cb8100ecaf3916d83a67d9496942f7e66c0aaf91dd550e9	0x8000000000363e88	0x80000000000dfcd8	0x80010003	CELL_ENOSYS	1	no
18420d5f28e83fbd4cb8100ecaf3916d83a67d9496942f7e66c0aaf91dd550e9	0x8000000000363ea0	0x80000000000dfce8	0x80010003	CELL_ENOSYS	1	no
18420d5f28e83fbd4cb8100ecaf3916d83a67d9496942f7e66c0aaf91dd550e9	0x8000000000384db0	0x8000000000210770	0x80010037	CELL_ENOTSUP	1	no
18420d5f28e83fbd4cb8100ecaf3916d83a67d9496942f7e66c0aaf91dd550e9	0x800000000039a7b8	0x80000000002ed1b0	0x80010003	CELL_ENOSYS	473	yes
21aee3785b0e838b8ada2996bfc63fedd019fbc139e4c0be849e1961a088a957	0x80000000003482f0	0x800000000004ea78	0x80010003	CELL_ENOSYS	1	no
21aee3785b0e838b8ada2996bfc63fedd019fbc139e4c0be849e1961a088a957	0x8000000000354d88	0x80000000000da6b4	0x80010003	CELL_ENOSYS	1	no
21aee3785b0e838b8ada2996bfc63fedd019fbc139e4c0be849e1961a088a957	0x8000000000354da0	0x80000000000da6c0	0x80010003	CELL_ENOSYS	1	no
21aee3785b0e838b8ada2996bfc63fedd019fbc139e4c0be849e1961a088a957	0x8000000000354db8	0x80000000000da6cc	0x80010003	CELL_ENOSYS	1	no
21aee3785b0e838b8ada2996bfc63fedd019fbc139e4c0be849e1961a088a957	0x8000000000354dd0	0x80000000000da6d8	0x80010003	CELL_ENOSYS	1	no
21aee3785b0e838b8ada2996bfc63fedd019fbc139e4c0be849e1961a088a957	0x8000000000373f70	0x8000000000204fdc	0x80010037	CELL_ENOTSUP	1	no
21aee3785b0e838b8ada2996bfc63fedd019fbc139e4c0be849e1961a088a957	0x80000000003899c0	0x80000000002dae00	0x80010003	CELL_ENOSYS	480	yes
21aee3785b0e838b8ada2996bfc63fedd019fbc139e4c0be849e1961a088a957	0x80000000003899f0	0x80000000002dae40	0x8001002b	CELL_EIO	1	no
2b4dc820d62bdf816bdb7f8863976b67365e73068ef71569e42441b528763eab	0x80000000002fa4e0	0x80000000000491d0	0x80010003	CELL_ENOSYS	1	no
2b4dc820d62bdf816bdb7f8863976b67365e73068ef71569e42441b528763eab	0x80000000002fb650	0x8000000000051d9c	0x80010002	CELL_EINVAL	1	no
2b4dc820d62bdf816bdb7f8863976b67365e73068ef71569e42441b528763eab	0x80000000002fb668	0x8000000000051da8	0x80010002	CELL_EINVAL	1	no
2b4dc820d62bdf816bdb7f8863976b67365e73068ef71569e42441b528763eab	0x800000000030b628	0x80000000000edfbc	0x80010003	CELL_ENOSYS	1	no
2b4dc820d62bdf816bdb7f8863976b67365e73068ef71569e42441b528763eab	0x800000000030b640	0x80000000000edfc8	0x80010003	CELL_ENOSYS	1	no
2b4dc820d62bdf816bdb7f8863976b67365e73068ef71569e42441b528763eab	0x800000000030b658	0x80000000000edfd4	0x80010003	CELL_ENOSYS	1	no
2b4dc820d62bdf816bdb7f8863976b67365e73068ef71569e42441b528763eab	0x800000000030b670	0x80000000000edfe0	0x80010003	CELL_ENOSYS	1	no
2b4dc820d62bdf816bdb7f8863976b67365e73068ef71569e42441b528763eab	0x800000000030b688	0x80000000000edfec	0x80010003	CELL_ENOSYS	1	no
2b4dc820d62bdf816bdb7f8863976b67365e73068ef71569e42441b528763eab	0x800000000030b6a0	0x80000000000edff8	0x80010003	CELL_ENOSYS	1	no
2b4dc820d62bdf816bdb7f8863976b67365e73068ef71569e42441b528763eab	0x8000000000319ba8	0x800000000019215c	0x80010037	CELL_ENOTSUP	1	no
2b4dc820d62bdf816bdb7f8863976b67365e73068ef71569e42441b528763eab	0x8000000000332418	0x80000000002962d4	0x80010003	CELL_ENOSYS	393	yes
2b4dc820d62bdf816bdb7f8863976b67365e73068ef71569e42441b528763eab	0x8000000000332478	0x8000000000296554	0x8001002b	CELL_EIO	1	no
32bd2c5881ef23f90183eadae12050fc2fa8af5d442a825d61312815a0ebf19e	0x8000000000343e70	0x800000000004d618	0x80010003	CELL_ENOSYS	1	no
32bd2c5881ef23f90183eadae12050fc2fa8af5d442a825d61312815a0ebf19e	0x8000000000350908	0x80000000000d8650	0x80010003	CELL_ENOSYS	1	no
32bd2c5881ef23f90183eadae12050fc2fa8af5d442a825d61312815a0ebf19e	0x8000000000350920	0x80000000000d865c	0x80010003	CELL_ENOSYS	1	no
32bd2c5881ef23f90183eadae12050fc2fa8af5d442a825d61312815a0ebf19e	0x8000000000350938	0x80000000000d8668	0x80010003	CELL_ENOSYS	1	no
32bd2c5881ef23f90183eadae12050fc2fa8af5d442a825d61312815a0ebf19e	0x8000000000350950	0x80000000000d8674	0x80010003	CELL_ENOSYS	1	no
32bd2c5881ef23f90183eadae12050fc2fa8af5d442a825d61312815a0ebf19e	0x800000000036fb80	0x8000000000201874	0x80010037	CELL_ENOTSUP	1	no
32bd2c5881ef23f90183eadae12050fc2fa8af5d442a825d61312815a0ebf19e	0x8000000000384e50	0x80000000002d68e0	0x80010003	CELL_ENOSYS	497	yes
32bd2c5881ef23f90183eadae12050fc2fa8af5d442a825d61312815a0ebf19e	0x8000000000384e80	0x80000000002d6920	0x8001002b	CELL_EIO	1	no
32e6183501d4a744a50d3248540eee4a7b16a4ecba3d96b8b188b8e749664b94	0x800000000030a958	0x800000000004963c	0x80010003	CELL_ENOSYS	1	no
32e6183501d4a744a50d3248540eee4a7b16a4ecba3d96b8b188b8e749664b94	0x800000000030b978	0x80000000000511e0	0x80010002	CELL_EINVAL	1	no
32e6183501d4a744a50d3248540eee4a7b16a4ecba3d96b8b188b8e749664b94	0x800000000030b990	0x80000000000511ec	0x80010002	CELL_EINVAL	1	no
32e6183501d4a744a50d3248540eee4a7b16a4ecba3d96b8b188b8e749664b94	0x800000000031b7e8	0x80000000000ed6f4	0x80010003	CELL_ENOSYS	1	no
32e6183501d4a744a50d3248540eee4a7b16a4ecba3d96b8b188b8e749664b94	0x800000000031b800	0x80000000000ed700	0x80010003	CELL_ENOSYS	1	no
32e6183501d4a744a50d3248540eee4a7b16a4ecba3d96b8b188b8e749664b94	0x800000000031b818	0x80000000000ed70c	0x80010003	CELL_ENOSYS	1	no
32e6183501d4a744a50d3248540eee4a7b16a4ecba3d96b8b188b8e749664b94	0x800000000031b830	0x80000000000ed718	0x80010003	CELL_ENOSYS	1	no
32e6183501d4a744a50d3248540eee4a7b16a4ecba3d96b8b188b8e749664b94	0x800000000031b848	0x80000000000ed724	0x80010003	CELL_ENOSYS	1	no
32e6183501d4a744a50d3248540eee4a7b16a4ecba3d96b8b188b8e749664b94	0x800000000031b860	0x80000000000ed730	0x80010003	CELL_ENOSYS	1	no
32e6183501d4a744a50d3248540eee4a7b16a4ecba3d96b8b188b8e749664b94	0x80000000003293f0	0x800000000019f528	0x80010037	CELL_ENOTSUP	1	no
32e6183501d4a744a50d3248540eee4a7b16a4ecba3d96b8b188b8e749664b94	0x800000000033f308	0x8000000000275f30	0x80010003	CELL_ENOSYS	392	yes
32e6183501d4a744a50d3248540eee4a7b16a4ecba3d96b8b188b8e749664b94	0x800000000033f368	0x8000000000276218	0x8001002b	CELL_EIO	1	no
334e60a4ef5843a688c1c6aebf0951c3259429233c7a5aca5a24f0edad78a192	0x80000000002e81b8	0x800000000001933c	0x80010003	CELL_ENOSYS	1	no
334e60a4ef5843a688c1c6aebf0951c3259429233c7a5aca5a24f0edad78a192	0x80000000002e81d0	0x8000000000019348	0x80010003	CELL_ENOSYS	1	no
334e60a4ef5843a688c1c6aebf0951c3259429233c7a5aca5a24f0edad78a192	0x80000000002e81e8	0x8000000000019354	0x80010003	CELL_ENOSYS	1	no
334e60a4ef5843a688c1c6aebf0951c3259429233c7a5aca5a24f0edad78a192	0x80000000002e8200	0x8000000000019360	0x80010003	CELL_ENOSYS	1	no
334e60a4ef5843a688c1c6aebf0951c3259429233c7a5aca5a24f0edad78a192	0x80000000002e8218	0x800000000001936c	0x80010003	CELL_ENOSYS	1	no
334e60a4ef5843a688c1c6aebf0951c3259429233c7a5aca5a24f0edad78a192	0x80000000002e8230	0x8000000000019378	0x80010003	CELL_ENOSYS	1	no
334e60a4ef5843a688c1c6aebf0951c3259429233c7a5aca5a24f0edad78a192	0x80000000002ed228	0x8000000000048e90	0x80010003	CELL_ENOSYS	1	no
334e60a4ef5843a688c1c6aebf0951c3259429233c7a5aca5a24f0edad78a192	0x80000000002ee200	0x80000000000513f0	0x80010002	CELL_EINVAL	1	no
334e60a4ef5843a688c1c6aebf0951c3259429233c7a5aca5a24f0edad78a192	0x80000000002ee218	0x80000000000513fc	0x80010037	CELL_ENOTSUP	1	no
334e60a4ef5843a688c1c6aebf0951c3259429233c7a5aca5a24f0edad78a192	0x80000000002fe3d0	0x80000000000eec0c	0x80010003	CELL_ENOSYS	1	no
334e60a4ef5843a688c1c6aebf0951c3259429233c7a5aca5a24f0edad78a192	0x80000000002fe3e8	0x80000000000eec18	0x80010003	CELL_ENOSYS	1	no
334e60a4ef5843a688c1c6aebf0951c3259429233c7a5aca5a24f0edad78a192	0x80000000002fe400	0x80000000000eec24	0x80010003	CELL_ENOSYS	1	no
334e60a4ef5843a688c1c6aebf0951c3259429233c7a5aca5a24f0edad78a192	0x80000000002fe418	0x80000000000eec30	0x80010003	CELL_ENOSYS	1	no
334e60a4ef5843a688c1c6aebf0951c3259429233c7a5aca5a24f0edad78a192	0x80000000002fe430	0x80000000000eec3c	0x80010003	CELL_ENOSYS	1	no
334e60a4ef5843a688c1c6aebf0951c3259429233c7a5aca5a24f0edad78a192	0x80000000002fe448	0x80000000000eec48	0x80010003	CELL_ENOSYS	1	no
334e60a4ef5843a688c1c6aebf0951c3259429233c7a5aca5a24f0edad78a192	0x800000000030c398	0x800000000018d9c8	0x80010037	CELL_ENOTSUP	1	no
334e60a4ef5843a688c1c6aebf0951c3259429233c7a5aca5a24f0edad78a192	0x8000000000324968	0x80000000002904b0	0x80010003	CELL_ENOSYS	388	yes
334e60a4ef5843a688c1c6aebf0951c3259429233c7a5aca5a24f0edad78a192	0x80000000003249c8	0x8000000000290730	0x8001002b	CELL_EIO	1	no
340046b735c7fbd463e66e4f1dd73185b3d8f4027a6fe647519a6fbc03e0dba8	0x8000000000304468	0x8000000000049464	0x80010003	CELL_ENOSYS	1	no
340046b735c7fbd463e66e4f1dd73185b3d8f4027a6fe647519a6fbc03e0dba8	0x8000000000305488	0x8000000000051008	0x80010002	CELL_EINVAL	1	no
340046b735c7fbd463e66e4f1dd73185b3d8f4027a6fe647519a6fbc03e0dba8	0x80000000003054a0	0x8000000000051014	0x80010002	CELL_EINVAL	1	no
340046b735c7fbd463e66e4f1dd73185b3d8f4027a6fe647519a6fbc03e0dba8	0x80000000003156a0	0x80000000000eeb24	0x80010003	CELL_ENOSYS	1	no
340046b735c7fbd463e66e4f1dd73185b3d8f4027a6fe647519a6fbc03e0dba8	0x80000000003156b8	0x80000000000eeb30	0x80010003	CELL_ENOSYS	1	no
340046b735c7fbd463e66e4f1dd73185b3d8f4027a6fe647519a6fbc03e0dba8	0x80000000003156d0	0x80000000000eeb3c	0x80010003	CELL_ENOSYS	1	no
340046b735c7fbd463e66e4f1dd73185b3d8f4027a6fe647519a6fbc03e0dba8	0x80000000003156e8	0x80000000000eeb48	0x80010003	CELL_ENOSYS	1	no
340046b735c7fbd463e66e4f1dd73185b3d8f4027a6fe647519a6fbc03e0dba8	0x8000000000315700	0x80000000000eeb54	0x80010003	CELL_ENOSYS	1	no
340046b735c7fbd463e66e4f1dd73185b3d8f4027a6fe647519a6fbc03e0dba8	0x8000000000315718	0x80000000000eeb60	0x80010003	CELL_ENOSYS	1	no
340046b735c7fbd463e66e4f1dd73185b3d8f4027a6fe647519a6fbc03e0dba8	0x8000000000324ec8	0x80000000001ae180	0x80010037	CELL_ENOTSUP	1	no
340046b735c7fbd463e66e4f1dd73185b3d8f4027a6fe647519a6fbc03e0dba8	0x800000000033ca48	0x800000000029d4b4	0x80010003	CELL_ENOSYS	392	yes
340046b735c7fbd463e66e4f1dd73185b3d8f4027a6fe647519a6fbc03e0dba8	0x800000000033caa8	0x800000000029d738	0x8001002b	CELL_EIO	1	no
3a7a482b281a5cfe441b8d192a812f43cc897c62ec4440b7661f43f7efe03fa7	0x8000000000351e48	0x8000000000027730	0x80010003	CELL_ENOSYS	1	no
3a7a482b281a5cfe441b8d192a812f43cc897c62ec4440b7661f43f7efe03fa7	0x8000000000351e60	0x8000000000027740	0x80010003	CELL_ENOSYS	1	no
3a7a482b281a5cfe441b8d192a812f43cc897c62ec4440b7661f43f7efe03fa7	0x8000000000351e78	0x8000000000027750	0x80010003	CELL_ENOSYS	1	no
3a7a482b281a5cfe441b8d192a812f43cc897c62ec4440b7661f43f7efe03fa7	0x8000000000351e90	0x8000000000027760	0x80010003	CELL_ENOSYS	1	no
3a7a482b281a5cfe441b8d192a812f43cc897c62ec4440b7661f43f7efe03fa7	0x8000000000351ea8	0x8000000000027770	0x80010003	CELL_ENOSYS	1	no
3a7a482b281a5cfe441b8d192a812f43cc897c62ec4440b7661f43f7efe03fa7	0x8000000000351ec0	0x8000000000027780	0x80010003	CELL_ENOSYS	1	no
3a7a482b281a5cfe441b8d192a812f43cc897c62ec4440b7661f43f7efe03fa7	0x80000000003566f0	0x8000000000055b90	0x80010003	CELL_ENOSYS	1	no
3a7a482b281a5cfe441b8d192a812f43cc897c62ec4440b7661f43f7efe03fa7	0x80000000003632d8	0x80000000000dfda0	0x80010003	CELL_ENOSYS	1	no
3a7a482b281a5cfe441b8d192a812f43cc897c62ec4440b7661f43f7efe03fa7	0x80000000003632f0	0x80000000000dfdb0	0x80010003	CELL_ENOSYS	1	no
3a7a482b281a5cfe441b8d192a812f43cc897c62ec4440b7661f43f7efe03fa7	0x8000000000363308	0x80000000000dfdc0	0x80010003	CELL_ENOSYS	1	no
3a7a482b281a5cfe441b8d192a812f43cc897c62ec4440b7661f43f7efe03fa7	0x8000000000363320	0x80000000000dfdd0	0x80010003	CELL_ENOSYS	1	no
3a7a482b281a5cfe441b8d192a812f43cc897c62ec4440b7661f43f7efe03fa7	0x80000000003840e0	0x800000000020fb08	0x80010037	CELL_ENOTSUP	1	no
3a7a482b281a5cfe441b8d192a812f43cc897c62ec4440b7661f43f7efe03fa7	0x8000000000399ae8	0x80000000002ec5b8	0x80010003	CELL_ENOSYS	474	yes
3bd059c6fdc9757aa59db921ab4ff1743134801de7e00e814efd57621471823f	0x800000000030ab88	0x800000000004963c	0x80010003	CELL_ENOSYS	1	no
3bd059c6fdc9757aa59db921ab4ff1743134801de7e00e814efd57621471823f	0x800000000030bba8	0x80000000000511e0	0x80010002	CELL_EINVAL	1	no
3bd059c6fdc9757aa59db921ab4ff1743134801de7e00e814efd57621471823f	0x800000000030bbc0	0x80000000000511ec	0x80010002	CELL_EINVAL	1	no
3bd059c6fdc9757aa59db921ab4ff1743134801de7e00e814efd57621471823f	0x800000000031ba30	0x80000000000ed77c	0x80010003	CELL_ENOSYS	1	no
3bd059c6fdc9757aa59db921ab4ff1743134801de7e00e814efd57621471823f	0x800000000031ba48	0x80000000000ed788	0x80010003	CELL_ENOSYS	1	no
3bd059c6fdc9757aa59db921ab4ff1743134801de7e00e814efd57621471823f	0x800000000031ba60	0x80000000000ed794	0x80010003	CELL_ENOSYS	1	no
3bd059c6fdc9757aa59db921ab4ff1743134801de7e00e814efd57621471823f	0x800000000031ba78	0x80000000000ed7a0	0x80010003	CELL_ENOSYS	1	no
3bd059c6fdc9757aa59db921ab4ff1743134801de7e00e814efd57621471823f	0x800000000031ba90	0x80000000000ed7ac	0x80010003	CELL_ENOSYS	1	no
3bd059c6fdc9757aa59db921ab4ff1743134801de7e00e814efd57621471823f	0x800000000031baa8	0x80000000000ed7b8	0x80010003	CELL_ENOSYS	1	no
3bd059c6fdc9757aa59db921ab4ff1743134801de7e00e814efd57621471823f	0x800000000033ebf0	0x800000000026d2a0	0x80010003	CELL_ENOSYS	392	yes
3bd059c6fdc9757aa59db921ab4ff1743134801de7e00e814efd57621471823f	0x800000000033ec50	0x800000000026d588	0x8001002b	CELL_EIO	1	no
3bd059c6fdc9757aa59db921ab4ff1743134801de7e00e814efd57621471823f	0x8000000000342f58	0x8000000000299a64	0x80010037	CELL_ENOTSUP	1	no
422d5b856d37a3f85a0df523ef7cf989a9822b4c84e7de2086433b66d12d709d	0x80000000003521f8	0x800000000002b6d0	0x80010003	CELL_ENOSYS	1	no
422d5b856d37a3f85a0df523ef7cf989a9822b4c84e7de2086433b66d12d709d	0x8000000000352210	0x800000000002b6e0	0x80010003	CELL_ENOSYS	1	no
422d5b856d37a3f85a0df523ef7cf989a9822b4c84e7de2086433b66d12d709d	0x8000000000352228	0x800000000002b6f0	0x80010003	CELL_ENOSYS	1	no
422d5b856d37a3f85a0df523ef7cf989a9822b4c84e7de2086433b66d12d709d	0x8000000000352240	0x800000000002b700	0x80010003	CELL_ENOSYS	1	no
422d5b856d37a3f85a0df523ef7cf989a9822b4c84e7de2086433b66d12d709d	0x8000000000352258	0x800000000002b710	0x80010003	CELL_ENOSYS	1	no
422d5b856d37a3f85a0df523ef7cf989a9822b4c84e7de2086433b66d12d709d	0x8000000000352270	0x800000000002b720	0x80010003	CELL_ENOSYS	1	no
422d5b856d37a3f85a0df523ef7cf989a9822b4c84e7de2086433b66d12d709d	0x8000000000356908	0x8000000000057980	0x80010003	CELL_ENOSYS	1	no
422d5b856d37a3f85a0df523ef7cf989a9822b4c84e7de2086433b66d12d709d	0x8000000000357be0	0x8000000000062220	0x80010037	CELL_ENOTSUP	1	no
422d5b856d37a3f85a0df523ef7cf989a9822b4c84e7de2086433b66d12d709d	0x8000000000363088	0x80000000000d6d68	0x80010003	CELL_ENOSYS	1	no
422d5b856d37a3f85a0df523ef7cf989a9822b4c84e7de2086433b66d12d709d	0x80000000003630a0	0x80000000000d6d78	0x80010003	CELL_ENOSYS	1	no
422d5b856d37a3f85a0df523ef7cf989a9822b4c84e7de2086433b66d12d709d	0x80000000003630b8	0x80000000000d6d88	0x80010003	CELL_ENOSYS	1	no
422d5b856d37a3f85a0df523ef7cf989a9822b4c84e7de2086433b66d12d709d	0x80000000003630d0	0x80000000000d6d98	0x80010003	CELL_ENOSYS	1	no
422d5b856d37a3f85a0df523ef7cf989a9822b4c84e7de2086433b66d12d709d	0x80000000003856a8	0x800000000020d500	0x80010037	CELL_ENOTSUP	1	no
422d5b856d37a3f85a0df523ef7cf989a9822b4c84e7de2086433b66d12d709d	0x800000000039ba10	0x80000000002f10d8	0x80010003	CELL_ENOSYS	466	yes
422d5b856d37a3f85a0df523ef7cf989a9822b4c84e7de2086433b66d12d709d	0x800000000039ba28	0x80000000002f10e8	0x8001002b	CELL_EIO	1	no
42b27603edd30719dba74e0071488b9cff51345e502fe1bb762a66bf02e1248a	0x8000000000303930	0x80000000000493d8	0x80010003	CELL_ENOSYS	1	no
42b27603edd30719dba74e0071488b9cff51345e502fe1bb762a66bf02e1248a	0x8000000000304ad0	0x80000000000520b8	0x80010002	CELL_EINVAL	1	no
42b27603edd30719dba74e0071488b9cff51345e502fe1bb762a66bf02e1248a	0x8000000000304ae8	0x80000000000520c4	0x80010002	CELL_EINVAL	1	no
42b27603edd30719dba74e0071488b9cff51345e502fe1bb762a66bf02e1248a	0x8000000000314c88	0x80000000000efb1c	0x80010003	CELL_ENOSYS	1	no
42b27603edd30719dba74e0071488b9cff51345e502fe1bb762a66bf02e1248a	0x8000000000314ca0	0x80000000000efb28	0x80010003	CELL_ENOSYS	1	no
42b27603edd30719dba74e0071488b9cff51345e502fe1bb762a66bf02e1248a	0x8000000000314cb8	0x80000000000efb34	0x80010003	CELL_ENOSYS	1	no
42b27603edd30719dba74e0071488b9cff51345e502fe1bb762a66bf02e1248a	0x8000000000314cd0	0x80000000000efb40	0x80010003	CELL_ENOSYS	1	no
42b27603edd30719dba74e0071488b9cff51345e502fe1bb762a66bf02e1248a	0x8000000000314ce8	0x80000000000efb4c	0x80010003	CELL_ENOSYS	1	no
42b27603edd30719dba74e0071488b9cff51345e502fe1bb762a66bf02e1248a	0x8000000000314d00	0x80000000000efb58	0x80010003	CELL_ENOSYS	1	no
42b27603edd30719dba74e0071488b9cff51345e502fe1bb762a66bf02e1248a	0x80000000003244b0	0x80000000001aef44	0x80010037	CELL_ENOTSUP	1	no
42b27603edd30719dba74e0071488b9cff51345e502fe1bb762a66bf02e1248a	0x800000000033bf88	0x800000000029db30	0x80010003	CELL_ENOSYS	392	yes
42b27603edd30719dba74e0071488b9cff51345e502fe1bb762a66bf02e1248a	0x800000000033bfe8	0x800000000029ddb0	0x8001002b	CELL_EIO	1	no
42de6121a1b963edfef29b6a02c2ba5f96864d23e2ca9a060bd8c31d833b7dd7	0x800000000030ab78	0x8000000000049638	0x80010003	CELL_ENOSYS	1	no
42de6121a1b963edfef29b6a02c2ba5f96864d23e2ca9a060bd8c31d833b7dd7	0x800000000030bb98	0x80000000000511dc	0x80010002	CELL_EINVAL	1	no
42de6121a1b963edfef29b6a02c2ba5f96864d23e2ca9a060bd8c31d833b7dd7	0x800000000030bbb0	0x80000000000511e8	0x80010002	CELL_EINVAL	1	no
42de6121a1b963edfef29b6a02c2ba5f96864d23e2ca9a060bd8c31d833b7dd7	0x800000000031ba20	0x80000000000ed774	0x80010003	CELL_ENOSYS	1	no
42de6121a1b963edfef29b6a02c2ba5f96864d23e2ca9a060bd8c31d833b7dd7	0x800000000031ba38	0x80000000000ed780	0x80010003	CELL_ENOSYS	1	no
42de6121a1b963edfef29b6a02c2ba5f96864d23e2ca9a060bd8c31d833b7dd7	0x800000000031ba50	0x80000000000ed78c	0x80010003	CELL_ENOSYS	1	no
42de6121a1b963edfef29b6a02c2ba5f96864d23e2ca9a060bd8c31d833b7dd7	0x800000000031ba68	0x80000000000ed798	0x80010003	CELL_ENOSYS	1	no
42de6121a1b963edfef29b6a02c2ba5f96864d23e2ca9a060bd8c31d833b7dd7	0x800000000031ba80	0x80000000000ed7a4	0x80010003	CELL_ENOSYS	1	no
42de6121a1b963edfef29b6a02c2ba5f96864d23e2ca9a060bd8c31d833b7dd7	0x800000000031ba98	0x80000000000ed7b0	0x80010003	CELL_ENOSYS	1	no
42de6121a1b963edfef29b6a02c2ba5f96864d23e2ca9a060bd8c31d833b7dd7	0x800000000033ebe0	0x800000000026d294	0x80010003	CELL_ENOSYS	392	yes
42de6121a1b963edfef29b6a02c2ba5f96864d23e2ca9a060bd8c31d833b7dd7	0x800000000033ec40	0x800000000026d57c	0x8001002b	CELL_EIO	1	no
42de6121a1b963edfef29b6a02c2ba5f96864d23e2ca9a060bd8c31d833b7dd7	0x8000000000342f48	0x8000000000299a58	0x80010037	CELL_ENOTSUP	1	no
433ad780d478cc41fcc1895ff954e8cf68890dbc5a87045f4e331b1fbeffdd1e	0x80000000002fb798	0x8000000000049384	0x80010003	CELL_ENOSYS	1	no
433ad780d478cc41fcc1895ff954e8cf68890dbc5a87045f4e331b1fbeffdd1e	0x80000000002fc908	0x8000000000051f50	0x80010002	CELL_EINVAL	1	no
433ad780d478cc41fcc1895ff954e8cf68890dbc5a87045f4e331b1fbeffdd1e	0x80000000002fc920	0x8000000000051f5c	0x80010002	CELL_EINVAL	1	no
433ad780d478cc41fcc1895ff954e8cf68890dbc5a87045f4e331b1fbeffdd1e	0x800000000030c940	0x80000000000ee6c8	0x80010003	CELL_ENOSYS	1	no
433ad780d478cc41fcc1895ff954e8cf68890dbc5a87045f4e331b1fbeffdd1e	0x800000000030c958	0x80000000000ee6d4	0x80010003	CELL_ENOSYS	1	no
433ad780d478cc41fcc1895ff954e8cf68890dbc5a87045f4e331b1fbeffdd1e	0x800000000030c970	0x80000000000ee6e0	0x80010003	CELL_ENOSYS	1	no
433ad780d478cc41fcc1895ff954e8cf68890dbc5a87045f4e331b1fbeffdd1e	0x800000000030c988	0x80000000000ee6ec	0x80010003	CELL_ENOSYS	1	no
433ad780d478cc41fcc1895ff954e8cf68890dbc5a87045f4e331b1fbeffdd1e	0x800000000030c9a0	0x80000000000ee6f8	0x80010003	CELL_ENOSYS	1	no
433ad780d478cc41fcc1895ff954e8cf68890dbc5a87045f4e331b1fbeffdd1e	0x800000000030c9b8	0x80000000000ee704	0x80010003	CELL_ENOSYS	1	no
433ad780d478cc41fcc1895ff954e8cf68890dbc5a87045f4e331b1fbeffdd1e	0x800000000031bfb8	0x80000000001ac810	0x80010037	CELL_ENOTSUP	1	no
433ad780d478cc41fcc1895ff954e8cf68890dbc5a87045f4e331b1fbeffdd1e	0x8000000000333760	0x800000000029714c	0x80010003	CELL_ENOSYS	392	yes
433ad780d478cc41fcc1895ff954e8cf68890dbc5a87045f4e331b1fbeffdd1e	0x80000000003337c0	0x80000000002973cc	0x8001002b	CELL_EIO	1	no
43cd845f3285667c97e72b5dc7deaa26d97ec033e69a61ca1ec4d3dc7b2db22a	0x80000000003521f8	0x800000000002b6d0	0x80010003	CELL_ENOSYS	1	no
43cd845f3285667c97e72b5dc7deaa26d97ec033e69a61ca1ec4d3dc7b2db22a	0x8000000000352210	0x800000000002b6e0	0x80010003	CELL_ENOSYS	1	no
43cd845f3285667c97e72b5dc7deaa26d97ec033e69a61ca1ec4d3dc7b2db22a	0x8000000000352228	0x800000000002b6f0	0x80010003	CELL_ENOSYS	1	no
43cd845f3285667c97e72b5dc7deaa26d97ec033e69a61ca1ec4d3dc7b2db22a	0x8000000000352240	0x800000000002b700	0x80010003	CELL_ENOSYS	1	no
43cd845f3285667c97e72b5dc7deaa26d97ec033e69a61ca1ec4d3dc7b2db22a	0x8000000000352258	0x800000000002b710	0x80010003	CELL_ENOSYS	1	no
43cd845f3285667c97e72b5dc7deaa26d97ec033e69a61ca1ec4d3dc7b2db22a	0x8000000000352270	0x800000000002b720	0x80010003	CELL_ENOSYS	1	no
43cd845f3285667c97e72b5dc7deaa26d97ec033e69a61ca1ec4d3dc7b2db22a	0x8000000000356908	0x80000000000579b8	0x80010003	CELL_ENOSYS	1	no
43cd845f3285667c97e72b5dc7deaa26d97ec033e69a61ca1ec4d3dc7b2db22a	0x8000000000357be0	0x8000000000062258	0x80010037	CELL_ENOTSUP	1	no
43cd845f3285667c97e72b5dc7deaa26d97ec033e69a61ca1ec4d3dc7b2db22a	0x8000000000363088	0x80000000000d6d68	0x80010003	CELL_ENOSYS	1	no
43cd845f3285667c97e72b5dc7deaa26d97ec033e69a61ca1ec4d3dc7b2db22a	0x80000000003630a0	0x80000000000d6d78	0x80010003	CELL_ENOSYS	1	no
43cd845f3285667c97e72b5dc7deaa26d97ec033e69a61ca1ec4d3dc7b2db22a	0x80000000003630b8	0x80000000000d6d88	0x80010003	CELL_ENOSYS	1	no
43cd845f3285667c97e72b5dc7deaa26d97ec033e69a61ca1ec4d3dc7b2db22a	0x80000000003630d0	0x80000000000d6d98	0x80010003	CELL_ENOSYS	1	no
43cd845f3285667c97e72b5dc7deaa26d97ec033e69a61ca1ec4d3dc7b2db22a	0x80000000003856a8	0x800000000020d500	0x80010037	CELL_ENOTSUP	1	no
43cd845f3285667c97e72b5dc7deaa26d97ec033e69a61ca1ec4d3dc7b2db22a	0x800000000039ba10	0x80000000002f10d8	0x80010003	CELL_ENOSYS	466	yes
43cd845f3285667c97e72b5dc7deaa26d97ec033e69a61ca1ec4d3dc7b2db22a	0x800000000039ba28	0x80000000002f10e8	0x8001002b	CELL_EIO	1	no
447efdebb00c039b8551c7d7be3bac5c06b1878b90d797b15d3ec473c20ef48d	0x80000000002f4e60	0x8000000000048f90	0x80010003	CELL_ENOSYS	1	no
447efdebb00c039b8551c7d7be3bac5c06b1878b90d797b15d3ec473c20ef48d	0x80000000002f5fd0	0x8000000000051b5c	0x80010002	CELL_EINVAL	1	no
447efdebb00c039b8551c7d7be3bac5c06b1878b90d797b15d3ec473c20ef48d	0x80000000002f5fe8	0x8000000000051b68	0x80010002	CELL_EINVAL	1	no
447efdebb00c039b8551c7d7be3bac5c06b1878b90d797b15d3ec473c20ef48d	0x8000000000305ee8	0x80000000000ed1e4	0x80010003	CELL_ENOSYS	1	no
447efdebb00c039b8551c7d7be3bac5c06b1878b90d797b15d3ec473c20ef48d	0x8000000000305f00	0x80000000000ed1f0	0x80010003	CELL_ENOSYS	1	no
447efdebb00c039b8551c7d7be3bac5c06b1878b90d797b15d3ec473c20ef48d	0x8000000000305f18	0x80000000000ed1fc	0x80010003	CELL_ENOSYS	1	no
447efdebb00c039b8551c7d7be3bac5c06b1878b90d797b15d3ec473c20ef48d	0x8000000000305f30	0x80000000000ed208	0x80010003	CELL_ENOSYS	1	no
447efdebb00c039b8551c7d7be3bac5c06b1878b90d797b15d3ec473c20ef48d	0x8000000000305f48	0x80000000000ed214	0x80010003	CELL_ENOSYS	1	no
447efdebb00c039b8551c7d7be3bac5c06b1878b90d797b15d3ec473c20ef48d	0x8000000000305f60	0x80000000000ed220	0x80010003	CELL_ENOSYS	1	no
447efdebb00c039b8551c7d7be3bac5c06b1878b90d797b15d3ec473c20ef48d	0x8000000000314150	0x800000000018de44	0x80010037	CELL_ENOTSUP	1	no
447efdebb00c039b8551c7d7be3bac5c06b1878b90d797b15d3ec473c20ef48d	0x800000000032c858	0x8000000000291548	0x80010003	CELL_ENOSYS	394	yes
447efdebb00c039b8551c7d7be3bac5c06b1878b90d797b15d3ec473c20ef48d	0x800000000032c8b8	0x80000000002917c8	0x8001002b	CELL_EIO	1	no
495d65fe9ccfe39cbf1c35787d769ef9ca271dbe0ae734e0af1106a7de25695c	0x800000000033e1e0	0x800000000004d3bc	0x80010003	CELL_ENOSYS	1	no
495d65fe9ccfe39cbf1c35787d769ef9ca271dbe0ae734e0af1106a7de25695c	0x800000000034ac90	0x80000000000d8f58	0x80010003	CELL_ENOSYS	1	no
495d65fe9ccfe39cbf1c35787d769ef9ca271dbe0ae734e0af1106a7de25695c	0x800000000034aca8	0x80000000000d8f64	0x80010003	CELL_ENOSYS	1	no
495d65fe9ccfe39cbf1c35787d769ef9ca271dbe0ae734e0af1106a7de25695c	0x800000000034acc0	0x80000000000d8f70	0x80010003	CELL_ENOSYS	1	no
495d65fe9ccfe39cbf1c35787d769ef9ca271dbe0ae734e0af1106a7de25695c	0x800000000034acd8	0x80000000000d8f7c	0x80010003	CELL_ENOSYS	1	no
495d65fe9ccfe39cbf1c35787d769ef9ca271dbe0ae734e0af1106a7de25695c	0x8000000000368f18	0x80000000001fcb64	0x80010037	CELL_ENOTSUP	1	no
495d65fe9ccfe39cbf1c35787d769ef9ca271dbe0ae734e0af1106a7de25695c	0x800000000037e1e8	0x80000000002d19e0	0x80010003	CELL_ENOSYS	500	yes
495d65fe9ccfe39cbf1c35787d769ef9ca271dbe0ae734e0af1106a7de25695c	0x800000000037e218	0x80000000002d1a20	0x8001002b	CELL_EIO	1	no
4c7f29cd54366fd75e868c1883744f4f63146c1fef255cca54f596fe7e5c4f86	0x80000000002fb518	0x8000000000049384	0x80010003	CELL_ENOSYS	1	no
4c7f29cd54366fd75e868c1883744f4f63146c1fef255cca54f596fe7e5c4f86	0x80000000002fc688	0x8000000000051f50	0x80010002	CELL_EINVAL	1	no
4c7f29cd54366fd75e868c1883744f4f63146c1fef255cca54f596fe7e5c4f86	0x80000000002fc6a0	0x8000000000051f5c	0x80010002	CELL_EINVAL	1	no
4c7f29cd54366fd75e868c1883744f4f63146c1fef255cca54f596fe7e5c4f86	0x800000000030c678	0x80000000000ee3e4	0x80010003	CELL_ENOSYS	1	no
4c7f29cd54366fd75e868c1883744f4f63146c1fef255cca54f596fe7e5c4f86	0x800000000030c690	0x80000000000ee3f0	0x80010003	CELL_ENOSYS	1	no
4c7f29cd54366fd75e868c1883744f4f63146c1fef255cca54f596fe7e5c4f86	0x800000000030c6a8	0x80000000000ee3fc	0x80010003	CELL_ENOSYS	1	no
4c7f29cd54366fd75e868c1883744f4f63146c1fef255cca54f596fe7e5c4f86	0x800000000030c6c0	0x80000000000ee408	0x80010003	CELL_ENOSYS	1	no
4c7f29cd54366fd75e868c1883744f4f63146c1fef255cca54f596fe7e5c4f86	0x800000000030c6d8	0x80000000000ee414	0x80010003	CELL_ENOSYS	1	no
4c7f29cd54366fd75e868c1883744f4f63146c1fef255cca54f596fe7e5c4f86	0x800000000030c6f0	0x80000000000ee420	0x80010003	CELL_ENOSYS	1	no
4c7f29cd54366fd75e868c1883744f4f63146c1fef255cca54f596fe7e5c4f86	0x800000000031abf8	0x800000000019295c	0x80010037	CELL_ENOTSUP	1	no
4c7f29cd54366fd75e868c1883744f4f63146c1fef255cca54f596fe7e5c4f86	0x8000000000333480	0x8000000000296e08	0x80010003	CELL_ENOSYS	392	yes
4c7f29cd54366fd75e868c1883744f4f63146c1fef255cca54f596fe7e5c4f86	0x80000000003334e0	0x8000000000297088	0x8001002b	CELL_EIO	1	no
4f21b38de3cb5f75c56c909158f5f7ff28f340c39f561a0c177afe76dfd40c58	0x80000000002ce4a8	0x8000000000017db4	0x80010003	CELL_ENOSYS	1	no
4f21b38de3cb5f75c56c909158f5f7ff28f340c39f561a0c177afe76dfd40c58	0x80000000002ce4c0	0x8000000000017dc0	0x80010003	CELL_ENOSYS	1	no
4f21b38de3cb5f75c56c909158f5f7ff28f340c39f561a0c177afe76dfd40c58	0x80000000002ce4d8	0x8000000000017dcc	0x80010003	CELL_ENOSYS	1	no
4f21b38de3cb5f75c56c909158f5f7ff28f340c39f561a0c177afe76dfd40c58	0x80000000002ce4f0	0x8000000000017dd8	0x80010003	CELL_ENOSYS	1	no
4f21b38de3cb5f75c56c909158f5f7ff28f340c39f561a0c177afe76dfd40c58	0x80000000002ce508	0x8000000000017de4	0x80010003	CELL_ENOSYS	1	no
4f21b38de3cb5f75c56c909158f5f7ff28f340c39f561a0c177afe76dfd40c58	0x80000000002ce520	0x8000000000017df0	0x80010003	CELL_ENOSYS	1	no
4f21b38de3cb5f75c56c909158f5f7ff28f340c39f561a0c177afe76dfd40c58	0x80000000002d2f48	0x8000000000041f0c	0x80010003	CELL_ENOSYS	1	no
4f21b38de3cb5f75c56c909158f5f7ff28f340c39f561a0c177afe76dfd40c58	0x80000000002d4118	0x800000000004bd50	0x80010037	CELL_ENOTSUP	1	no
4f21b38de3cb5f75c56c909158f5f7ff28f340c39f561a0c177afe76dfd40c58	0x80000000002e0058	0x80000000000c9b7c	0x80010003	CELL_ENOSYS	1	no
4f21b38de3cb5f75c56c909158f5f7ff28f340c39f561a0c177afe76dfd40c58	0x80000000002e0070	0x80000000000c9b88	0x80010003	CELL_ENOSYS	1	no
4f21b38de3cb5f75c56c909158f5f7ff28f340c39f561a0c177afe76dfd40c58	0x80000000002e0088	0x80000000000c9b94	0x80010003	CELL_ENOSYS	1	no
4f21b38de3cb5f75c56c909158f5f7ff28f340c39f561a0c177afe76dfd40c58	0x80000000002e00a0	0x80000000000c9ba0	0x80010003	CELL_ENOSYS	1	no
4f21b38de3cb5f75c56c909158f5f7ff28f340c39f561a0c177afe76dfd40c58	0x80000000002e7978	0x800000000010a3e0	0x80010003	CELL_ENOSYS	1	no
4f21b38de3cb5f75c56c909158f5f7ff28f340c39f561a0c177afe76dfd40c58	0x80000000002e7990	0x800000000010a3ec	0x80010003	CELL_ENOSYS	1	no
4f21b38de3cb5f75c56c909158f5f7ff28f340c39f561a0c177afe76dfd40c58	0x80000000002e79a8	0x800000000010a3f8	0x80010003	CELL_ENOSYS	1	no
4f21b38de3cb5f75c56c909158f5f7ff28f340c39f561a0c177afe76dfd40c58	0x80000000002e79c0	0x800000000010a404	0x80010003	CELL_ENOSYS	1	no
4f21b38de3cb5f75c56c909158f5f7ff28f340c39f561a0c177afe76dfd40c58	0x80000000002e79d8	0x800000000010a410	0x80010003	CELL_ENOSYS	1	no
4f21b38de3cb5f75c56c909158f5f7ff28f340c39f561a0c177afe76dfd40c58	0x80000000002e79f0	0x800000000010a41c	0x80010003	CELL_ENOSYS	1	no
4f21b38de3cb5f75c56c909158f5f7ff28f340c39f561a0c177afe76dfd40c58	0x80000000002f4cc8	0x80000000001a1fb0	0x80010037	CELL_ENOTSUP	1	no
4f21b38de3cb5f75c56c909158f5f7ff28f340c39f561a0c177afe76dfd40c58	0x8000000000309ed8	0x80000000002739f4	0x80010003	CELL_ENOSYS	436	yes
4f21b38de3cb5f75c56c909158f5f7ff28f340c39f561a0c177afe76dfd40c58	0x8000000000309ef0	0x8000000000273a00	0x8001002b	CELL_EIO	1	no
4ff64cb0c53910a0bfcc3573e20d742394a4f1724bc8f6ea135816cb72a04005	0x800000000030ab88	0x800000000004963c	0x80010003	CELL_ENOSYS	1	no
4ff64cb0c53910a0bfcc3573e20d742394a4f1724bc8f6ea135816cb72a04005	0x800000000030bba8	0x80000000000511e0	0x80010002	CELL_EINVAL	1	no
4ff64cb0c53910a0bfcc3573e20d742394a4f1724bc8f6ea135816cb72a04005	0x800000000030bbc0	0x80000000000511ec	0x80010002	CELL_EINVAL	1	no
4ff64cb0c53910a0bfcc3573e20d742394a4f1724bc8f6ea135816cb72a04005	0x800000000031ba30	0x80000000000ed77c	0x80010003	CELL_ENOSYS	1	no
4ff64cb0c53910a0bfcc3573e20d742394a4f1724bc8f6ea135816cb72a04005	0x800000000031ba48	0x80000000000ed788	0x80010003	CELL_ENOSYS	1	no
4ff64cb0c53910a0bfcc3573e20d742394a4f1724bc8f6ea135816cb72a04005	0x800000000031ba60	0x80000000000ed794	0x80010003	CELL_ENOSYS	1	no
4ff64cb0c53910a0bfcc3573e20d742394a4f1724bc8f6ea135816cb72a04005	0x800000000031ba78	0x80000000000ed7a0	0x80010003	CELL_ENOSYS	1	no
4ff64cb0c53910a0bfcc3573e20d742394a4f1724bc8f6ea135816cb72a04005	0x800000000031ba90	0x80000000000ed7ac	0x80010003	CELL_ENOSYS	1	no
4ff64cb0c53910a0bfcc3573e20d742394a4f1724bc8f6ea135816cb72a04005	0x800000000031baa8	0x80000000000ed7b8	0x80010003	CELL_ENOSYS	1	no
4ff64cb0c53910a0bfcc3573e20d742394a4f1724bc8f6ea135816cb72a04005	0x800000000033ebf0	0x800000000026d2a0	0x80010003	CELL_ENOSYS	392	yes
4ff64cb0c53910a0bfcc3573e20d742394a4f1724bc8f6ea135816cb72a04005	0x800000000033ec50	0x800000000026d588	0x8001002b	CELL_EIO	1	no
4ff64cb0c53910a0bfcc3573e20d742394a4f1724bc8f6ea135816cb72a04005	0x8000000000342f58	0x8000000000299a64	0x80010037	CELL_ENOTSUP	1	no
506cc36b43951a530b66d07960771dbef4b1fa66ab9459fd76aacd2a52ef4400	0x8000000000344328	0x8000000000027838	0x80010003	CELL_ENOSYS	1	no
506cc36b43951a530b66d07960771dbef4b1fa66ab9459fd76aacd2a52ef4400	0x8000000000344340	0x8000000000027844	0x80010003	CELL_ENOSYS	1	no
506cc36b43951a530b66d07960771dbef4b1fa66ab9459fd76aacd2a52ef4400	0x8000000000344358	0x8000000000027850	0x80010003	CELL_ENOSYS	1	no
506cc36b43951a530b66d07960771dbef4b1fa66ab9459fd76aacd2a52ef4400	0x8000000000344370	0x800000000002785c	0x80010003	CELL_ENOSYS	1	no
506cc36b43951a530b66d07960771dbef4b1fa66ab9459fd76aacd2a52ef4400	0x8000000000344388	0x8000000000027868	0x80010003	CELL_ENOSYS	1	no
506cc36b43951a530b66d07960771dbef4b1fa66ab9459fd76aacd2a52ef4400	0x80000000003443a0	0x8000000000027874	0x80010003	CELL_ENOSYS	1	no
506cc36b43951a530b66d07960771dbef4b1fa66ab9459fd76aacd2a52ef4400	0x80000000003489a8	0x8000000000053054	0x80010003	CELL_ENOSYS	1	no
506cc36b43951a530b66d07960771dbef4b1fa66ab9459fd76aacd2a52ef4400	0x80000000003553b0	0x80000000000dc474	0x80010003	CELL_ENOSYS	1	no
506cc36b43951a530b66d07960771dbef4b1fa66ab9459fd76aacd2a52ef4400	0x80000000003553c8	0x80000000000dc480	0x80010003	CELL_ENOSYS	1	no
506cc36b43951a530b66d07960771dbef4b1fa66ab9459fd76aacd2a52ef4400	0x80000000003553e0	0x80000000000dc48c	0x80010003	CELL_ENOSYS	1	no
506cc36b43951a530b66d07960771dbef4b1fa66ab9459fd76aacd2a52ef4400	0x80000000003553f8	0x80000000000dc498	0x80010003	CELL_ENOSYS	1	no
506cc36b43951a530b66d07960771dbef4b1fa66ab9459fd76aacd2a52ef4400	0x8000000000375bd0	0x8000000000202aa0	0x80010037	CELL_ENOTSUP	1	no
506cc36b43951a530b66d07960771dbef4b1fa66ab9459fd76aacd2a52ef4400	0x800000000038b6c8	0x80000000002dbb88	0x80010003	CELL_ENOSYS	486	yes
56082cf39aa88ab36f4e065b72bd1ebdace6d2e9db9aae5e5750be3c94452279	0x80000000002ed228	0x8000000000048e50	0x80010003	CELL_ENOSYS	1	no
56082cf39aa88ab36f4e065b72bd1ebdace6d2e9db9aae5e5750be3c94452279	0x80000000002ee200	0x800000000005139c	0x80010002	CELL_EINVAL	1	no
56082cf39aa88ab36f4e065b72bd1ebdace6d2e9db9aae5e5750be3c94452279	0x80000000002ee218	0x80000000000513a8	0x80010037	CELL_ENOTSUP	1	no
56082cf39aa88ab36f4e065b72bd1ebdace6d2e9db9aae5e5750be3c94452279	0x80000000002fe3d0	0x80000000000eeca8	0x80010003	CELL_ENOSYS	1	no
56082cf39aa88ab36f4e065b72bd1ebdace6d2e9db9aae5e5750be3c94452279	0x80000000002fe3e8	0x80000000000eecb4	0x80010003	CELL_ENOSYS	1	no
56082cf39aa88ab36f4e065b72bd1ebdace6d2e9db9aae5e5750be3c94452279	0x80000000002fe400	0x80000000000eecc0	0x80010003	CELL_ENOSYS	1	no
56082cf39aa88ab36f4e065b72bd1ebdace6d2e9db9aae5e5750be3c94452279	0x80000000002fe418	0x80000000000eeccc	0x80010003	CELL_ENOSYS	1	no
56082cf39aa88ab36f4e065b72bd1ebdace6d2e9db9aae5e5750be3c94452279	0x80000000002fe430	0x80000000000eecd8	0x80010003	CELL_ENOSYS	1	no
56082cf39aa88ab36f4e065b72bd1ebdace6d2e9db9aae5e5750be3c94452279	0x80000000002fe448	0x80000000000eece4	0x80010003	CELL_ENOSYS	1	no
56082cf39aa88ab36f4e065b72bd1ebdace6d2e9db9aae5e5750be3c94452279	0x800000000030c398	0x800000000018da5c	0x80010037	CELL_ENOTSUP	1	no
56082cf39aa88ab36f4e065b72bd1ebdace6d2e9db9aae5e5750be3c94452279	0x8000000000324968	0x8000000000290548	0x80010003	CELL_ENOSYS	394	yes
56082cf39aa88ab36f4e065b72bd1ebdace6d2e9db9aae5e5750be3c94452279	0x80000000003249c8	0x80000000002907c8	0x8001002b	CELL_EIO	1	no
5a528a3255ca5b2acff7737c0e2894d4eed51c7fb5e2a141cd67a892baaf4b36	0x80000000002f6160	0x8000000000017cbc	0x80010003	CELL_ENOSYS	1	no
5a528a3255ca5b2acff7737c0e2894d4eed51c7fb5e2a141cd67a892baaf4b36	0x80000000002f6178	0x8000000000017cc8	0x80010003	CELL_ENOSYS	1	no
5a528a3255ca5b2acff7737c0e2894d4eed51c7fb5e2a141cd67a892baaf4b36	0x80000000002f6190	0x8000000000017cd4	0x80010003	CELL_ENOSYS	1	no
5a528a3255ca5b2acff7737c0e2894d4eed51c7fb5e2a141cd67a892baaf4b36	0x80000000002f61a8	0x8000000000017ce0	0x80010003	CELL_ENOSYS	1	no
5a528a3255ca5b2acff7737c0e2894d4eed51c7fb5e2a141cd67a892baaf4b36	0x80000000002f61c0	0x8000000000017cec	0x80010003	CELL_ENOSYS	1	no
5a528a3255ca5b2acff7737c0e2894d4eed51c7fb5e2a141cd67a892baaf4b36	0x80000000002f61d8	0x8000000000017cf8	0x80010003	CELL_ENOSYS	1	no
5a528a3255ca5b2acff7737c0e2894d4eed51c7fb5e2a141cd67a892baaf4b36	0x80000000002fb110	0x8000000000047484	0x80010003	CELL_ENOSYS	1	no
5a528a3255ca5b2acff7737c0e2894d4eed51c7fb5e2a141cd67a892baaf4b36	0x80000000002fc610	0x80000000000528e4	0x80010002	CELL_EINVAL	1	no
5a528a3255ca5b2acff7737c0e2894d4eed51c7fb5e2a141cd67a892baaf4b36	0x80000000002fc628	0x80000000000528f0	0x80010037	CELL_ENOTSUP	1	no
5a528a3255ca5b2acff7737c0e2894d4eed51c7fb5e2a141cd67a892baaf4b36	0x8000000000307a70	0x80000000000cf7ac	0x80010003	CELL_ENOSYS	1	no
5a528a3255ca5b2acff7737c0e2894d4eed51c7fb5e2a141cd67a892baaf4b36	0x8000000000307a88	0x80000000000cf7b8	0x80010003	CELL_ENOSYS	1	no
5a528a3255ca5b2acff7737c0e2894d4eed51c7fb5e2a141cd67a892baaf4b36	0x8000000000307aa0	0x80000000000cf7c4	0x80010003	CELL_ENOSYS	1	no
5a528a3255ca5b2acff7737c0e2894d4eed51c7fb5e2a141cd67a892baaf4b36	0x8000000000307ab8	0x80000000000cf7d0	0x80010003	CELL_ENOSYS	1	no
5a528a3255ca5b2acff7737c0e2894d4eed51c7fb5e2a141cd67a892baaf4b36	0x800000000030f930	0x8000000000115108	0x80010003	CELL_ENOSYS	1	no
5a528a3255ca5b2acff7737c0e2894d4eed51c7fb5e2a141cd67a892baaf4b36	0x800000000030f948	0x8000000000115114	0x80010003	CELL_ENOSYS	1	no
5a528a3255ca5b2acff7737c0e2894d4eed51c7fb5e2a141cd67a892baaf4b36	0x800000000030f960	0x8000000000115120	0x80010003	CELL_ENOSYS	1	no
5a528a3255ca5b2acff7737c0e2894d4eed51c7fb5e2a141cd67a892baaf4b36	0x800000000030f978	0x800000000011512c	0x80010003	CELL_ENOSYS	1	no
5a528a3255ca5b2acff7737c0e2894d4eed51c7fb5e2a141cd67a892baaf4b36	0x800000000030f990	0x8000000000115138	0x80010003	CELL_ENOSYS	1	no
5a528a3255ca5b2acff7737c0e2894d4eed51c7fb5e2a141cd67a892baaf4b36	0x800000000030f9a8	0x8000000000115144	0x80010003	CELL_ENOSYS	1	no
5a528a3255ca5b2acff7737c0e2894d4eed51c7fb5e2a141cd67a892baaf4b36	0x800000000031d8f8	0x80000000001b389c	0x80010037	CELL_ENOTSUP	1	no
5a528a3255ca5b2acff7737c0e2894d4eed51c7fb5e2a141cd67a892baaf4b36	0x8000000000332b50	0x80000000002882a8	0x80010003	CELL_ENOSYS	389	yes
5a528a3255ca5b2acff7737c0e2894d4eed51c7fb5e2a141cd67a892baaf4b36	0x8000000000332bb0	0x8000000000288528	0x8001002b	CELL_EIO	1	no
5b595f6985cd233a23eeecb3a792539423938ddf48453a48874502b3d82ae6c9	0x800000000030ab88	0x800000000004963c	0x80010003	CELL_ENOSYS	1	no
5b595f6985cd233a23eeecb3a792539423938ddf48453a48874502b3d82ae6c9	0x800000000030bba8	0x80000000000511e0	0x80010002	CELL_EINVAL	1	no
5b595f6985cd233a23eeecb3a792539423938ddf48453a48874502b3d82ae6c9	0x800000000030bbc0	0x80000000000511ec	0x80010002	CELL_EINVAL	1	no
5b595f6985cd233a23eeecb3a792539423938ddf48453a48874502b3d82ae6c9	0x800000000031ba30	0x80000000000ed77c	0x80010003	CELL_ENOSYS	1	no
5b595f6985cd233a23eeecb3a792539423938ddf48453a48874502b3d82ae6c9	0x800000000031ba48	0x80000000000ed788	0x80010003	CELL_ENOSYS	1	no
5b595f6985cd233a23eeecb3a792539423938ddf48453a48874502b3d82ae6c9	0x800000000031ba60	0x80000000000ed794	0x80010003	CELL_ENOSYS	1	no
5b595f6985cd233a23eeecb3a792539423938ddf48453a48874502b3d82ae6c9	0x800000000031ba78	0x80000000000ed7a0	0x80010003	CELL_ENOSYS	1	no
5b595f6985cd233a23eeecb3a792539423938ddf48453a48874502b3d82ae6c9	0x800000000031ba90	0x80000000000ed7ac	0x80010003	CELL_ENOSYS	1	no
5b595f6985cd233a23eeecb3a792539423938ddf48453a48874502b3d82ae6c9	0x800000000031baa8	0x80000000000ed7b8	0x80010003	CELL_ENOSYS	1	no
5b595f6985cd233a23eeecb3a792539423938ddf48453a48874502b3d82ae6c9	0x800000000033ebf0	0x800000000026d2a0	0x80010003	CELL_ENOSYS	392	yes
5b595f6985cd233a23eeecb3a792539423938ddf48453a48874502b3d82ae6c9	0x800000000033ec50	0x800000000026d588	0x8001002b	CELL_EIO	1	no
5b595f6985cd233a23eeecb3a792539423938ddf48453a48874502b3d82ae6c9	0x8000000000342f58	0x8000000000299a64	0x80010037	CELL_ENOTSUP	1	no
5d5e18d7a1273aa7e8825a6d533d3b0dcf3c1dc8bb4a496013026136fe784c6f	0x8000000000303ec0	0x8000000000049464	0x80010003	CELL_ENOSYS	1	no
5d5e18d7a1273aa7e8825a6d533d3b0dcf3c1dc8bb4a496013026136fe784c6f	0x8000000000304ee0	0x8000000000051008	0x80010002	CELL_EINVAL	1	no
5d5e18d7a1273aa7e8825a6d533d3b0dcf3c1dc8bb4a496013026136fe784c6f	0x8000000000304ef8	0x8000000000051014	0x80010002	CELL_EINVAL	1	no
5d5e18d7a1273aa7e8825a6d533d3b0dcf3c1dc8bb4a496013026136fe784c6f	0x80000000003150f8	0x80000000000eeb04	0x80010003	CELL_ENOSYS	1	no
5d5e18d7a1273aa7e8825a6d533d3b0dcf3c1dc8bb4a496013026136fe784c6f	0x8000000000315110	0x80000000000eeb10	0x80010003	CELL_ENOSYS	1	no
5d5e18d7a1273aa7e8825a6d533d3b0dcf3c1dc8bb4a496013026136fe784c6f	0x8000000000315128	0x80000000000eeb1c	0x80010003	CELL_ENOSYS	1	no
5d5e18d7a1273aa7e8825a6d533d3b0dcf3c1dc8bb4a496013026136fe784c6f	0x8000000000315140	0x80000000000eeb28	0x80010003	CELL_ENOSYS	1	no
5d5e18d7a1273aa7e8825a6d533d3b0dcf3c1dc8bb4a496013026136fe784c6f	0x8000000000315158	0x80000000000eeb34	0x80010003	CELL_ENOSYS	1	no
5d5e18d7a1273aa7e8825a6d533d3b0dcf3c1dc8bb4a496013026136fe784c6f	0x8000000000315170	0x80000000000eeb40	0x80010003	CELL_ENOSYS	1	no
5d5e18d7a1273aa7e8825a6d533d3b0dcf3c1dc8bb4a496013026136fe784c6f	0x8000000000324908	0x80000000001adf20	0x80010037	CELL_ENOTSUP	1	no
5d5e18d7a1273aa7e8825a6d533d3b0dcf3c1dc8bb4a496013026136fe784c6f	0x800000000033c3f8	0x800000000029cf4c	0x80010003	CELL_ENOSYS	392	yes
5d5e18d7a1273aa7e8825a6d533d3b0dcf3c1dc8bb4a496013026136fe784c6f	0x800000000033c458	0x800000000029d1d0	0x8001002b	CELL_EIO	1	no
66264bbc3f2c6d01cab1fc5a1a1aefc6caeff8d3b7cce487cd0695f8b9a86618	0x800000000035db10	0x8000000000028380	0x80010003	CELL_ENOSYS	1	no
66264bbc3f2c6d01cab1fc5a1a1aefc6caeff8d3b7cce487cd0695f8b9a86618	0x800000000035db28	0x8000000000028390	0x80010003	CELL_ENOSYS	1	no
66264bbc3f2c6d01cab1fc5a1a1aefc6caeff8d3b7cce487cd0695f8b9a86618	0x800000000035db40	0x80000000000283a0	0x80010003	CELL_ENOSYS	1	no
66264bbc3f2c6d01cab1fc5a1a1aefc6caeff8d3b7cce487cd0695f8b9a86618	0x800000000035db58	0x80000000000283b0	0x80010003	CELL_ENOSYS	1	no
66264bbc3f2c6d01cab1fc5a1a1aefc6caeff8d3b7cce487cd0695f8b9a86618	0x800000000035db70	0x80000000000283c0	0x80010003	CELL_ENOSYS	1	no
66264bbc3f2c6d01cab1fc5a1a1aefc6caeff8d3b7cce487cd0695f8b9a86618	0x800000000035db88	0x80000000000283d0	0x80010003	CELL_ENOSYS	1	no
66264bbc3f2c6d01cab1fc5a1a1aefc6caeff8d3b7cce487cd0695f8b9a86618	0x8000000000362208	0x80000000000545b0	0x80010003	CELL_ENOSYS	1	no
66264bbc3f2c6d01cab1fc5a1a1aefc6caeff8d3b7cce487cd0695f8b9a86618	0x800000000036ed90	0x80000000000d89c8	0x80010003	CELL_ENOSYS	1	no
66264bbc3f2c6d01cab1fc5a1a1aefc6caeff8d3b7cce487cd0695f8b9a86618	0x800000000036eda8	0x80000000000d89d8	0x80010003	CELL_ENOSYS	1	no
66264bbc3f2c6d01cab1fc5a1a1aefc6caeff8d3b7cce487cd0695f8b9a86618	0x800000000036edc0	0x80000000000d89e8	0x80010003	CELL_ENOSYS	1	no
66264bbc3f2c6d01cab1fc5a1a1aefc6caeff8d3b7cce487cd0695f8b9a86618	0x800000000036edd8	0x80000000000d89f8	0x80010003	CELL_ENOSYS	1	no
66264bbc3f2c6d01cab1fc5a1a1aefc6caeff8d3b7cce487cd0695f8b9a86618	0x8000000000390d38	0x800000000020fad8	0x80010037	CELL_ENOTSUP	1	no
66264bbc3f2c6d01cab1fc5a1a1aefc6caeff8d3b7cce487cd0695f8b9a86618	0x80000000003a69f8	0x80000000002ef558	0x80010003	CELL_ENOSYS	471	yes
66264bbc3f2c6d01cab1fc5a1a1aefc6caeff8d3b7cce487cd0695f8b9a86618	0x80000000003a6a10	0x80000000002ef568	0x8001002b	CELL_EIO	1	no
66a391ef3253f11d84fd30b39841e0fba0def3c7bf39fdf72f843cae59101c27	0x800000000035d910	0x80000000000283a8	0x80010003	CELL_ENOSYS	1	no
66a391ef3253f11d84fd30b39841e0fba0def3c7bf39fdf72f843cae59101c27	0x800000000035d928	0x80000000000283b8	0x80010003	CELL_ENOSYS	1	no
66a391ef3253f11d84fd30b39841e0fba0def3c7bf39fdf72f843cae59101c27	0x800000000035d940	0x80000000000283c8	0x80010003	CELL_ENOSYS	1	no
66a391ef3253f11d84fd30b39841e0fba0def3c7bf39fdf72f843cae59101c27	0x800000000035d958	0x80000000000283d8	0x80010003	CELL_ENOSYS	1	no
66a391ef3253f11d84fd30b39841e0fba0def3c7bf39fdf72f843cae59101c27	0x800000000035d970	0x80000000000283e8	0x80010003	CELL_ENOSYS	1	no
66a391ef3253f11d84fd30b39841e0fba0def3c7bf39fdf72f843cae59101c27	0x800000000035d988	0x80000000000283f8	0x80010003	CELL_ENOSYS	1	no
66a391ef3253f11d84fd30b39841e0fba0def3c7bf39fdf72f843cae59101c27	0x8000000000362008	0x8000000000054660	0x80010003	CELL_ENOSYS	1	no
66a391ef3253f11d84fd30b39841e0fba0def3c7bf39fdf72f843cae59101c27	0x800000000036eb90	0x80000000000d89c8	0x80010003	CELL_ENOSYS	1	no
66a391ef3253f11d84fd30b39841e0fba0def3c7bf39fdf72f843cae59101c27	0x800000000036eba8	0x80000000000d89d8	0x80010003	CELL_ENOSYS	1	no
66a391ef3253f11d84fd30b39841e0fba0def3c7bf39fdf72f843cae59101c27	0x800000000036ebc0	0x80000000000d89e8	0x80010003	CELL_ENOSYS	1	no
66a391ef3253f11d84fd30b39841e0fba0def3c7bf39fdf72f843cae59101c27	0x800000000036ebd8	0x80000000000d89f8	0x80010003	CELL_ENOSYS	1	no
66a391ef3253f11d84fd30b39841e0fba0def3c7bf39fdf72f843cae59101c27	0x8000000000390b38	0x800000000020fad8	0x80010037	CELL_ENOTSUP	1	no
66a391ef3253f11d84fd30b39841e0fba0def3c7bf39fdf72f843cae59101c27	0x80000000003a67b0	0x80000000002ef358	0x80010003	CELL_ENOSYS	471	yes
66a391ef3253f11d84fd30b39841e0fba0def3c7bf39fdf72f843cae59101c27	0x80000000003a67c8	0x80000000002ef368	0x8001002b	CELL_EIO	1	no
69070a95780f59fc9e0d82bcf53eb9b28fd4ed4a7d54d0a40045f80422fd98d6	0x800000000030ab78	0x8000000000049638	0x80010003	CELL_ENOSYS	1	no
69070a95780f59fc9e0d82bcf53eb9b28fd4ed4a7d54d0a40045f80422fd98d6	0x800000000030bb98	0x80000000000511dc	0x80010002	CELL_EINVAL	1	no
69070a95780f59fc9e0d82bcf53eb9b28fd4ed4a7d54d0a40045f80422fd98d6	0x800000000030bbb0	0x80000000000511e8	0x80010002	CELL_EINVAL	1	no
69070a95780f59fc9e0d82bcf53eb9b28fd4ed4a7d54d0a40045f80422fd98d6	0x800000000031ba20	0x80000000000ed774	0x80010003	CELL_ENOSYS	1	no
69070a95780f59fc9e0d82bcf53eb9b28fd4ed4a7d54d0a40045f80422fd98d6	0x800000000031ba38	0x80000000000ed780	0x80010003	CELL_ENOSYS	1	no
69070a95780f59fc9e0d82bcf53eb9b28fd4ed4a7d54d0a40045f80422fd98d6	0x800000000031ba50	0x80000000000ed78c	0x80010003	CELL_ENOSYS	1	no
69070a95780f59fc9e0d82bcf53eb9b28fd4ed4a7d54d0a40045f80422fd98d6	0x800000000031ba68	0x80000000000ed798	0x80010003	CELL_ENOSYS	1	no
69070a95780f59fc9e0d82bcf53eb9b28fd4ed4a7d54d0a40045f80422fd98d6	0x800000000031ba80	0x80000000000ed7a4	0x80010003	CELL_ENOSYS	1	no
69070a95780f59fc9e0d82bcf53eb9b28fd4ed4a7d54d0a40045f80422fd98d6	0x800000000031ba98	0x80000000000ed7b0	0x80010003	CELL_ENOSYS	1	no
69070a95780f59fc9e0d82bcf53eb9b28fd4ed4a7d54d0a40045f80422fd98d6	0x800000000033ebe0	0x800000000026d294	0x80010003	CELL_ENOSYS	392	yes
69070a95780f59fc9e0d82bcf53eb9b28fd4ed4a7d54d0a40045f80422fd98d6	0x800000000033ec40	0x800000000026d57c	0x8001002b	CELL_EIO	1	no
69070a95780f59fc9e0d82bcf53eb9b28fd4ed4a7d54d0a40045f80422fd98d6	0x8000000000342f48	0x8000000000299a58	0x80010037	CELL_ENOTSUP	1	no
6ab8e60b1aac766492e37226dfc69a35749ea54a898ec35a29ac9e165b49170d	0x80000000003065d8	0x8000000000049464	0x80010003	CELL_ENOSYS	1	no
6ab8e60b1aac766492e37226dfc69a35749ea54a898ec35a29ac9e165b49170d	0x80000000003075f8	0x8000000000051008	0x80010002	CELL_EINVAL	1	no
6ab8e60b1aac766492e37226dfc69a35749ea54a898ec35a29ac9e165b49170d	0x8000000000307610	0x8000000000051014	0x80010002	CELL_EINVAL	1	no
6ab8e60b1aac766492e37226dfc69a35749ea54a898ec35a29ac9e165b49170d	0x80000000003174e0	0x80000000000ed7c8	0x80010003	CELL_ENOSYS	1	no
6ab8e60b1aac766492e37226dfc69a35749ea54a898ec35a29ac9e165b49170d	0x80000000003174f8	0x80000000000ed7d4	0x80010003	CELL_ENOSYS	1	no
6ab8e60b1aac766492e37226dfc69a35749ea54a898ec35a29ac9e165b49170d	0x8000000000317510	0x80000000000ed7e0	0x80010003	CELL_ENOSYS	1	no
6ab8e60b1aac766492e37226dfc69a35749ea54a898ec35a29ac9e165b49170d	0x8000000000317528	0x80000000000ed7ec	0x80010003	CELL_ENOSYS	1	no
6ab8e60b1aac766492e37226dfc69a35749ea54a898ec35a29ac9e165b49170d	0x8000000000317540	0x80000000000ed7f8	0x80010003	CELL_ENOSYS	1	no
6ab8e60b1aac766492e37226dfc69a35749ea54a898ec35a29ac9e165b49170d	0x8000000000317558	0x80000000000ed804	0x80010003	CELL_ENOSYS	1	no
6ab8e60b1aac766492e37226dfc69a35749ea54a898ec35a29ac9e165b49170d	0x80000000003250e8	0x800000000019f3c4	0x80010037	CELL_ENOTSUP	1	no
6ab8e60b1aac766492e37226dfc69a35749ea54a898ec35a29ac9e165b49170d	0x800000000033afd0	0x800000000027594c	0x80010003	CELL_ENOSYS	392	yes
6ab8e60b1aac766492e37226dfc69a35749ea54a898ec35a29ac9e165b49170d	0x800000000033b030	0x8000000000275bd0	0x8001002b	CELL_EIO	1	no
6ad6fbda07e0330ac7ecae9e91a05d9c512d7c93ad173d6952dc66bec7980cf9	0x80000000002fb528	0x8000000000049388	0x80010003	CELL_ENOSYS	1	no
6ad6fbda07e0330ac7ecae9e91a05d9c512d7c93ad173d6952dc66bec7980cf9	0x80000000002fc698	0x8000000000051f54	0x80010002	CELL_EINVAL	1	no
6ad6fbda07e0330ac7ecae9e91a05d9c512d7c93ad173d6952dc66bec7980cf9	0x80000000002fc6b0	0x8000000000051f60	0x80010002	CELL_EINVAL	1	no
6ad6fbda07e0330ac7ecae9e91a05d9c512d7c93ad173d6952dc66bec7980cf9	0x800000000030c688	0x80000000000ee3ec	0x80010003	CELL_ENOSYS	1	no
6ad6fbda07e0330ac7ecae9e91a05d9c512d7c93ad173d6952dc66bec7980cf9	0x800000000030c6a0	0x80000000000ee3f8	0x80010003	CELL_ENOSYS	1	no
6ad6fbda07e0330ac7ecae9e91a05d9c512d7c93ad173d6952dc66bec7980cf9	0x800000000030c6b8	0x80000000000ee404	0x80010003	CELL_ENOSYS	1	no
6ad6fbda07e0330ac7ecae9e91a05d9c512d7c93ad173d6952dc66bec7980cf9	0x800000000030c6d0	0x80000000000ee410	0x80010003	CELL_ENOSYS	1	no
6ad6fbda07e0330ac7ecae9e91a05d9c512d7c93ad173d6952dc66bec7980cf9	0x800000000030c6e8	0x80000000000ee41c	0x80010003	CELL_ENOSYS	1	no
6ad6fbda07e0330ac7ecae9e91a05d9c512d7c93ad173d6952dc66bec7980cf9	0x800000000030c700	0x80000000000ee428	0x80010003	CELL_ENOSYS	1	no
6ad6fbda07e0330ac7ecae9e91a05d9c512d7c93ad173d6952dc66bec7980cf9	0x800000000031ac08	0x8000000000192964	0x80010037	CELL_ENOTSUP	1	no
6ad6fbda07e0330ac7ecae9e91a05d9c512d7c93ad173d6952dc66bec7980cf9	0x8000000000333490	0x8000000000296e14	0x80010003	CELL_ENOSYS	392	yes
6ad6fbda07e0330ac7ecae9e91a05d9c512d7c93ad173d6952dc66bec7980cf9	0x80000000003334f0	0x8000000000297094	0x8001002b	CELL_EIO	1	no
6c756f6037fdaaf5081f3cf604b57999743f8690e75ff09941c0680d330de6d1	0x8000000000352c48	0x80000000000276f0	0x80010003	CELL_ENOSYS	1	no
6c756f6037fdaaf5081f3cf604b57999743f8690e75ff09941c0680d330de6d1	0x8000000000352c60	0x8000000000027700	0x80010003	CELL_ENOSYS	1	no
6c756f6037fdaaf5081f3cf604b57999743f8690e75ff09941c0680d330de6d1	0x8000000000352c78	0x8000000000027710	0x80010003	CELL_ENOSYS	1	no
6c756f6037fdaaf5081f3cf604b57999743f8690e75ff09941c0680d330de6d1	0x8000000000352c90	0x8000000000027720	0x80010003	CELL_ENOSYS	1	no
6c756f6037fdaaf5081f3cf604b57999743f8690e75ff09941c0680d330de6d1	0x8000000000352ca8	0x8000000000027730	0x80010003	CELL_ENOSYS	1	no
6c756f6037fdaaf5081f3cf604b57999743f8690e75ff09941c0680d330de6d1	0x8000000000352cc0	0x8000000000027740	0x80010003	CELL_ENOSYS	1	no
6c756f6037fdaaf5081f3cf604b57999743f8690e75ff09941c0680d330de6d1	0x80000000003574f0	0x8000000000055b40	0x80010003	CELL_ENOSYS	1	no
6c756f6037fdaaf5081f3cf604b57999743f8690e75ff09941c0680d330de6d1	0x80000000003640d8	0x80000000000dfd68	0x80010003	CELL_ENOSYS	1	no
6c756f6037fdaaf5081f3cf604b57999743f8690e75ff09941c0680d330de6d1	0x80000000003640f0	0x80000000000dfd78	0x80010003	CELL_ENOSYS	1	no
6c756f6037fdaaf5081f3cf604b57999743f8690e75ff09941c0680d330de6d1	0x8000000000364108	0x80000000000dfd88	0x80010003	CELL_ENOSYS	1	no
6c756f6037fdaaf5081f3cf604b57999743f8690e75ff09941c0680d330de6d1	0x8000000000364120	0x80000000000dfd98	0x80010003	CELL_ENOSYS	1	no
6c756f6037fdaaf5081f3cf604b57999743f8690e75ff09941c0680d330de6d1	0x8000000000385030	0x80000000002109e8	0x80010037	CELL_ENOTSUP	1	no
6c756f6037fdaaf5081f3cf604b57999743f8690e75ff09941c0680d330de6d1	0x800000000039aa38	0x80000000002ed428	0x80010003	CELL_ENOSYS	473	yes
6e146c1d62478aea6658f458c8d9dffa3a8b4038e0287a2a4bbcbf704fdd0da1	0x80000000002d9d60	0x8000000000017b10	0x80010003	CELL_ENOSYS	1	no
6e146c1d62478aea6658f458c8d9dffa3a8b4038e0287a2a4bbcbf704fdd0da1	0x80000000002d9d78	0x8000000000017b1c	0x80010003	CELL_ENOSYS	1	no
6e146c1d62478aea6658f458c8d9dffa3a8b4038e0287a2a4bbcbf704fdd0da1	0x80000000002d9d90	0x8000000000017b28	0x80010003	CELL_ENOSYS	1	no
6e146c1d62478aea6658f458c8d9dffa3a8b4038e0287a2a4bbcbf704fdd0da1	0x80000000002d9da8	0x8000000000017b34	0x80010003	CELL_ENOSYS	1	no
6e146c1d62478aea6658f458c8d9dffa3a8b4038e0287a2a4bbcbf704fdd0da1	0x80000000002d9dc0	0x8000000000017b40	0x80010003	CELL_ENOSYS	1	no
6e146c1d62478aea6658f458c8d9dffa3a8b4038e0287a2a4bbcbf704fdd0da1	0x80000000002d9dd8	0x8000000000017b4c	0x80010003	CELL_ENOSYS	1	no
6e146c1d62478aea6658f458c8d9dffa3a8b4038e0287a2a4bbcbf704fdd0da1	0x80000000002deae8	0x8000000000044e54	0x80010003	CELL_ENOSYS	1	no
6e146c1d62478aea6658f458c8d9dffa3a8b4038e0287a2a4bbcbf704fdd0da1	0x80000000002dff88	0x800000000004ff0c	0x80010002	CELL_EINVAL	1	no
6e146c1d62478aea6658f458c8d9dffa3a8b4038e0287a2a4bbcbf704fdd0da1	0x80000000002dffa0	0x800000000004ff18	0x80010002	CELL_EINVAL	1	no
6e146c1d62478aea6658f458c8d9dffa3a8b4038e0287a2a4bbcbf704fdd0da1	0x80000000002dffb8	0x800000000004ff24	0x80010037	CELL_ENOTSUP	1	no
6e146c1d62478aea6658f458c8d9dffa3a8b4038e0287a2a4bbcbf704fdd0da1	0x80000000002ebf28	0x80000000000ce68c	0x80010003	CELL_ENOSYS	1	no
6e146c1d62478aea6658f458c8d9dffa3a8b4038e0287a2a4bbcbf704fdd0da1	0x80000000002ebf40	0x80000000000ce698	0x80010003	CELL_ENOSYS	1	no
6e146c1d62478aea6658f458c8d9dffa3a8b4038e0287a2a4bbcbf704fdd0da1	0x80000000002ebf58	0x80000000000ce6a4	0x80010003	CELL_ENOSYS	1	no
6e146c1d62478aea6658f458c8d9dffa3a8b4038e0287a2a4bbcbf704fdd0da1	0x80000000002ebf70	0x80000000000ce6b0	0x80010003	CELL_ENOSYS	1	no
6e146c1d62478aea6658f458c8d9dffa3a8b4038e0287a2a4bbcbf704fdd0da1	0x80000000002f3e18	0x8000000000112988	0x80010003	CELL_ENOSYS	1	no
6e146c1d62478aea6658f458c8d9dffa3a8b4038e0287a2a4bbcbf704fdd0da1	0x80000000002f3e30	0x8000000000112994	0x80010003	CELL_ENOSYS	1	no
6e146c1d62478aea6658f458c8d9dffa3a8b4038e0287a2a4bbcbf704fdd0da1	0x80000000002f3e48	0x80000000001129a0	0x80010003	CELL_ENOSYS	1	no
6e146c1d62478aea6658f458c8d9dffa3a8b4038e0287a2a4bbcbf704fdd0da1	0x80000000002f3e60	0x80000000001129ac	0x80010003	CELL_ENOSYS	1	no
6e146c1d62478aea6658f458c8d9dffa3a8b4038e0287a2a4bbcbf704fdd0da1	0x80000000002f3e78	0x80000000001129b8	0x80010003	CELL_ENOSYS	1	no
6e146c1d62478aea6658f458c8d9dffa3a8b4038e0287a2a4bbcbf704fdd0da1	0x80000000002f3e90	0x80000000001129c4	0x80010003	CELL_ENOSYS	1	no
6e146c1d62478aea6658f458c8d9dffa3a8b4038e0287a2a4bbcbf704fdd0da1	0x80000000003013f0	0x80000000001ac854	0x80010037	CELL_ENOTSUP	1	no
6e146c1d62478aea6658f458c8d9dffa3a8b4038e0287a2a4bbcbf704fdd0da1	0x8000000000316618	0x800000000027e3f4	0x80010003	CELL_ENOSYS	428	yes
6e146c1d62478aea6658f458c8d9dffa3a8b4038e0287a2a4bbcbf704fdd0da1	0x8000000000316678	0x800000000027e674	0x8001002b	CELL_EIO	1	no
6e2e3efb8af40fd01d09ec3bcc2363d88e88869ddb7c929b2ca21eb1fbc05301	0x800000000033dc48	0x800000000004d330	0x80010003	CELL_ENOSYS	1	no
6e2e3efb8af40fd01d09ec3bcc2363d88e88869ddb7c929b2ca21eb1fbc05301	0x800000000034a6e0	0x80000000000d8f58	0x80010003	CELL_ENOSYS	1	no
6e2e3efb8af40fd01d09ec3bcc2363d88e88869ddb7c929b2ca21eb1fbc05301	0x800000000034a6f8	0x80000000000d8f64	0x80010003	CELL_ENOSYS	1	no
6e2e3efb8af40fd01d09ec3bcc2363d88e88869ddb7c929b2ca21eb1fbc05301	0x800000000034a710	0x80000000000d8f70	0x80010003	CELL_ENOSYS	1	no
6e2e3efb8af40fd01d09ec3bcc2363d88e88869ddb7c929b2ca21eb1fbc05301	0x800000000034a728	0x80000000000d8f7c	0x80010003	CELL_ENOSYS	1	no
6e2e3efb8af40fd01d09ec3bcc2363d88e88869ddb7c929b2ca21eb1fbc05301	0x8000000000368968	0x80000000001fcb64	0x80010037	CELL_ENOTSUP	1	no
6e2e3efb8af40fd01d09ec3bcc2363d88e88869ddb7c929b2ca21eb1fbc05301	0x800000000037dc38	0x80000000002d19e0	0x80010003	CELL_ENOSYS	500	yes
6e2e3efb8af40fd01d09ec3bcc2363d88e88869ddb7c929b2ca21eb1fbc05301	0x800000000037dc68	0x80000000002d1a20	0x8001002b	CELL_EIO	1	no
72f0ddc4a4dc39fef0814802794c2ce7023d8aa0628b7f843c967b696e2d04bf	0x8000000000304428	0x8000000000049464	0x80010003	CELL_ENOSYS	1	no
72f0ddc4a4dc39fef0814802794c2ce7023d8aa0628b7f843c967b696e2d04bf	0x8000000000305448	0x8000000000051008	0x80010002	CELL_EINVAL	1	no
72f0ddc4a4dc39fef0814802794c2ce7023d8aa0628b7f843c967b696e2d04bf	0x8000000000305460	0x8000000000051014	0x80010002	CELL_EINVAL	1	no
72f0ddc4a4dc39fef0814802794c2ce7023d8aa0628b7f843c967b696e2d04bf	0x8000000000315660	0x80000000000eeb24	0x80010003	CELL_ENOSYS	1	no
72f0ddc4a4dc39fef0814802794c2ce7023d8aa0628b7f843c967b696e2d04bf	0x8000000000315678	0x80000000000eeb30	0x80010003	CELL_ENOSYS	1	no
72f0ddc4a4dc39fef0814802794c2ce7023d8aa0628b7f843c967b696e2d04bf	0x8000000000315690	0x80000000000eeb3c	0x80010003	CELL_ENOSYS	1	no
72f0ddc4a4dc39fef0814802794c2ce7023d8aa0628b7f843c967b696e2d04bf	0x80000000003156a8	0x80000000000eeb48	0x80010003	CELL_ENOSYS	1	no
72f0ddc4a4dc39fef0814802794c2ce7023d8aa0628b7f843c967b696e2d04bf	0x80000000003156c0	0x80000000000eeb54	0x80010003	CELL_ENOSYS	1	no
72f0ddc4a4dc39fef0814802794c2ce7023d8aa0628b7f843c967b696e2d04bf	0x80000000003156d8	0x80000000000eeb60	0x80010003	CELL_ENOSYS	1	no
72f0ddc4a4dc39fef0814802794c2ce7023d8aa0628b7f843c967b696e2d04bf	0x8000000000324e88	0x80000000001ae180	0x80010037	CELL_ENOTSUP	1	no
72f0ddc4a4dc39fef0814802794c2ce7023d8aa0628b7f843c967b696e2d04bf	0x800000000033ca08	0x800000000029d46c	0x80010003	CELL_ENOSYS	392	yes
72f0ddc4a4dc39fef0814802794c2ce7023d8aa0628b7f843c967b696e2d04bf	0x800000000033ca68	0x800000000029d6f0	0x8001002b	CELL_EIO	1	no
756d8bfe0b5eb99ffd9266b2fbd84c24cd1c8a039ca4b1c0d88e8f020943a30c	0x80000000002f4578	0x8000000000048edc	0x80010003	CELL_ENOSYS	1	no
756d8bfe0b5eb99ffd9266b2fbd84c24cd1c8a039ca4b1c0d88e8f020943a30c	0x80000000002f56e8	0x8000000000051aa8	0x80010002	CELL_EINVAL	1	no
756d8bfe0b5eb99ffd9266b2fbd84c24cd1c8a039ca4b1c0d88e8f020943a30c	0x80000000002f5700	0x8000000000051ab4	0x80010002	CELL_EINVAL	1	no
756d8bfe0b5eb99ffd9266b2fbd84c24cd1c8a039ca4b1c0d88e8f020943a30c	0x8000000000305600	0x80000000000ed104	0x80010003	CELL_ENOSYS	1	no
756d8bfe0b5eb99ffd9266b2fbd84c24cd1c8a039ca4b1c0d88e8f020943a30c	0x8000000000305618	0x80000000000ed110	0x80010003	CELL_ENOSYS	1	no
756d8bfe0b5eb99ffd9266b2fbd84c24cd1c8a039ca4b1c0d88e8f020943a30c	0x8000000000305630	0x80000000000ed11c	0x80010003	CELL_ENOSYS	1	no
756d8bfe0b5eb99ffd9266b2fbd84c24cd1c8a039ca4b1c0d88e8f020943a30c	0x8000000000305648	0x80000000000ed128	0x80010003	CELL_ENOSYS	1	no
756d8bfe0b5eb99ffd9266b2fbd84c24cd1c8a039ca4b1c0d88e8f020943a30c	0x8000000000305660	0x80000000000ed134	0x80010003	CELL_ENOSYS	1	no
756d8bfe0b5eb99ffd9266b2fbd84c24cd1c8a039ca4b1c0d88e8f020943a30c	0x8000000000305678	0x80000000000ed140	0x80010003	CELL_ENOSYS	1	no
756d8bfe0b5eb99ffd9266b2fbd84c24cd1c8a039ca4b1c0d88e8f020943a30c	0x80000000003137a8	0x800000000018d960	0x80010037	CELL_ENOTSUP	1	no
756d8bfe0b5eb99ffd9266b2fbd84c24cd1c8a039ca4b1c0d88e8f020943a30c	0x800000000032be80	0x8000000000290da0	0x80010003	CELL_ENOSYS	394	yes
756d8bfe0b5eb99ffd9266b2fbd84c24cd1c8a039ca4b1c0d88e8f020943a30c	0x800000000032bee0	0x8000000000291020	0x8001002b	CELL_EIO	1	no
75ceeeef5de8e02adef43b25232f392caebc2249c4fadba05892106326aba700	0x800000000030ab88	0x800000000004963c	0x80010003	CELL_ENOSYS	1	no
75ceeeef5de8e02adef43b25232f392caebc2249c4fadba05892106326aba700	0x800000000030bba8	0x80000000000511e0	0x80010002	CELL_EINVAL	1	no
75ceeeef5de8e02adef43b25232f392caebc2249c4fadba05892106326aba700	0x800000000030bbc0	0x80000000000511ec	0x80010002	CELL_EINVAL	1	no
75ceeeef5de8e02adef43b25232f392caebc2249c4fadba05892106326aba700	0x800000000031ba30	0x80000000000ed77c	0x80010003	CELL_ENOSYS	1	no
75ceeeef5de8e02adef43b25232f392caebc2249c4fadba05892106326aba700	0x800000000031ba48	0x80000000000ed788	0x80010003	CELL_ENOSYS	1	no
75ceeeef5de8e02adef43b25232f392caebc2249c4fadba05892106326aba700	0x800000000031ba60	0x80000000000ed794	0x80010003	CELL_ENOSYS	1	no
75ceeeef5de8e02adef43b25232f392caebc2249c4fadba05892106326aba700	0x800000000031ba78	0x80000000000ed7a0	0x80010003	CELL_ENOSYS	1	no
75ceeeef5de8e02adef43b25232f392caebc2249c4fadba05892106326aba700	0x800000000031ba90	0x80000000000ed7ac	0x80010003	CELL_ENOSYS	1	no
75ceeeef5de8e02adef43b25232f392caebc2249c4fadba05892106326aba700	0x800000000031baa8	0x80000000000ed7b8	0x80010003	CELL_ENOSYS	1	no
75ceeeef5de8e02adef43b25232f392caebc2249c4fadba05892106326aba700	0x800000000033ebf0	0x800000000026d2a0	0x80010003	CELL_ENOSYS	392	yes
75ceeeef5de8e02adef43b25232f392caebc2249c4fadba05892106326aba700	0x800000000033ec50	0x800000000026d588	0x8001002b	CELL_EIO	1	no
75ceeeef5de8e02adef43b25232f392caebc2249c4fadba05892106326aba700	0x8000000000342f58	0x8000000000299a64	0x80010037	CELL_ENOTSUP	1	no
760c801fc2ced71a331e8df0502ff2139d4c8222e871de981962a5d60ff7e15f	0x800000000030a958	0x800000000004963c	0x80010003	CELL_ENOSYS	1	no
760c801fc2ced71a331e8df0502ff2139d4c8222e871de981962a5d60ff7e15f	0x800000000030b978	0x80000000000511e0	0x80010002	CELL_EINVAL	1	no
760c801fc2ced71a331e8df0502ff2139d4c8222e871de981962a5d60ff7e15f	0x800000000030b990	0x80000000000511ec	0x80010002	CELL_EINVAL	1	no
760c801fc2ced71a331e8df0502ff2139d4c8222e871de981962a5d60ff7e15f	0x800000000031b7e8	0x80000000000ed6f4	0x80010003	CELL_ENOSYS	1	no
760c801fc2ced71a331e8df0502ff2139d4c8222e871de981962a5d60ff7e15f	0x800000000031b800	0x80000000000ed700	0x80010003	CELL_ENOSYS	1	no
760c801fc2ced71a331e8df0502ff2139d4c8222e871de981962a5d60ff7e15f	0x800000000031b818	0x80000000000ed70c	0x80010003	CELL_ENOSYS	1	no
760c801fc2ced71a331e8df0502ff2139d4c8222e871de981962a5d60ff7e15f	0x800000000031b830	0x80000000000ed718	0x80010003	CELL_ENOSYS	1	no
760c801fc2ced71a331e8df0502ff2139d4c8222e871de981962a5d60ff7e15f	0x800000000031b848	0x80000000000ed724	0x80010003	CELL_ENOSYS	1	no
760c801fc2ced71a331e8df0502ff2139d4c8222e871de981962a5d60ff7e15f	0x800000000031b860	0x80000000000ed730	0x80010003	CELL_ENOSYS	1	no
760c801fc2ced71a331e8df0502ff2139d4c8222e871de981962a5d60ff7e15f	0x80000000003293f0	0x800000000019f528	0x80010037	CELL_ENOTSUP	1	no
760c801fc2ced71a331e8df0502ff2139d4c8222e871de981962a5d60ff7e15f	0x800000000033f308	0x8000000000275f30	0x80010003	CELL_ENOSYS	392	yes
760c801fc2ced71a331e8df0502ff2139d4c8222e871de981962a5d60ff7e15f	0x800000000033f368	0x8000000000276218	0x8001002b	CELL_EIO	1	no
77c58477c8abe1d8ff0e64c2c34a68a935b4f5f8ceb6fc978f76878593891ece	0x80000000002bfd28	0x8000000000017d74	0x80010003	CELL_ENOSYS	1	no
77c58477c8abe1d8ff0e64c2c34a68a935b4f5f8ceb6fc978f76878593891ece	0x80000000002bfd40	0x8000000000017d80	0x80010003	CELL_ENOSYS	1	no
77c58477c8abe1d8ff0e64c2c34a68a935b4f5f8ceb6fc978f76878593891ece	0x80000000002bfd58	0x8000000000017d8c	0x80010003	CELL_ENOSYS	1	no
77c58477c8abe1d8ff0e64c2c34a68a935b4f5f8ceb6fc978f76878593891ece	0x80000000002bfd70	0x8000000000017d98	0x80010003	CELL_ENOSYS	1	no
77c58477c8abe1d8ff0e64c2c34a68a935b4f5f8ceb6fc978f76878593891ece	0x80000000002bfd88	0x8000000000017da4	0x80010003	CELL_ENOSYS	1	no
77c58477c8abe1d8ff0e64c2c34a68a935b4f5f8ceb6fc978f76878593891ece	0x80000000002bfda0	0x8000000000017db0	0x80010003	CELL_ENOSYS	1	no
77c58477c8abe1d8ff0e64c2c34a68a935b4f5f8ceb6fc978f76878593891ece	0x80000000002c47b0	0x80000000000420c8	0x80010003	CELL_ENOSYS	1	no
77c58477c8abe1d8ff0e64c2c34a68a935b4f5f8ceb6fc978f76878593891ece	0x80000000002c5980	0x800000000004c0ac	0x80010037	CELL_ENOTSUP	1	no
77c58477c8abe1d8ff0e64c2c34a68a935b4f5f8ceb6fc978f76878593891ece	0x80000000002d0ee8	0x80000000000c2eb0	0x80010003	CELL_ENOSYS	1	no
77c58477c8abe1d8ff0e64c2c34a68a935b4f5f8ceb6fc978f76878593891ece	0x80000000002d0f00	0x80000000000c2ebc	0x80010003	CELL_ENOSYS	1	no
77c58477c8abe1d8ff0e64c2c34a68a935b4f5f8ceb6fc978f76878593891ece	0x80000000002d0f18	0x80000000000c2ec8	0x80010003	CELL_ENOSYS	1	no
77c58477c8abe1d8ff0e64c2c34a68a935b4f5f8ceb6fc978f76878593891ece	0x80000000002d0f30	0x80000000000c2ed4	0x80010003	CELL_ENOSYS	1	no
77c58477c8abe1d8ff0e64c2c34a68a935b4f5f8ceb6fc978f76878593891ece	0x80000000002d8160	0x80000000000ff950	0x80010003	CELL_ENOSYS	1	no
77c58477c8abe1d8ff0e64c2c34a68a935b4f5f8ceb6fc978f76878593891ece	0x80000000002d8178	0x80000000000ff95c	0x80010003	CELL_ENOSYS	1	no
77c58477c8abe1d8ff0e64c2c34a68a935b4f5f8ceb6fc978f76878593891ece	0x80000000002d8190	0x80000000000ff968	0x80010003	CELL_ENOSYS	1	no
77c58477c8abe1d8ff0e64c2c34a68a935b4f5f8ceb6fc978f76878593891ece	0x80000000002d81a8	0x80000000000ff974	0x80010003	CELL_ENOSYS	1	no
77c58477c8abe1d8ff0e64c2c34a68a935b4f5f8ceb6fc978f76878593891ece	0x80000000002d81c0	0x80000000000ff980	0x80010003	CELL_ENOSYS	1	no
77c58477c8abe1d8ff0e64c2c34a68a935b4f5f8ceb6fc978f76878593891ece	0x80000000002d81d8	0x80000000000ff98c	0x80010003	CELL_ENOSYS	1	no
77c58477c8abe1d8ff0e64c2c34a68a935b4f5f8ceb6fc978f76878593891ece	0x80000000002e5450	0x800000000019492c	0x80010037	CELL_ENOTSUP	1	no
77c58477c8abe1d8ff0e64c2c34a68a935b4f5f8ceb6fc978f76878593891ece	0x80000000002fa5a0	0x8000000000265ff0	0x80010003	CELL_ENOSYS	445	yes
77c58477c8abe1d8ff0e64c2c34a68a935b4f5f8ceb6fc978f76878593891ece	0x80000000002fa5b8	0x8000000000265ffc	0x8001002b	CELL_EIO	1	no
7b9b0fe386fd4f708ed6490aaefb3d956f195841683954005cb03b9dca961cdc	0x80000000002f79d0	0x80000000000197bc	0x80010003	CELL_ENOSYS	1	no
7b9b0fe386fd4f708ed6490aaefb3d956f195841683954005cb03b9dca961cdc	0x80000000002f79e8	0x80000000000197c8	0x80010003	CELL_ENOSYS	1	no
7b9b0fe386fd4f708ed6490aaefb3d956f195841683954005cb03b9dca961cdc	0x80000000002f7a00	0x80000000000197d4	0x80010003	CELL_ENOSYS	1	no
7b9b0fe386fd4f708ed6490aaefb3d956f195841683954005cb03b9dca961cdc	0x80000000002f7a18	0x80000000000197e0	0x80010003	CELL_ENOSYS	1	no
7b9b0fe386fd4f708ed6490aaefb3d956f195841683954005cb03b9dca961cdc	0x80000000002f7a30	0x80000000000197ec	0x80010003	CELL_ENOSYS	1	no
7b9b0fe386fd4f708ed6490aaefb3d956f195841683954005cb03b9dca961cdc	0x80000000002f7a48	0x80000000000197f8	0x80010003	CELL_ENOSYS	1	no
7b9b0fe386fd4f708ed6490aaefb3d956f195841683954005cb03b9dca961cdc	0x80000000002fccc8	0x800000000004abb4	0x80010003	CELL_ENOSYS	1	no
7b9b0fe386fd4f708ed6490aaefb3d956f195841683954005cb03b9dca961cdc	0x80000000002fdc10	0x8000000000052c44	0x80010002	CELL_EINVAL	1	no
7b9b0fe386fd4f708ed6490aaefb3d956f195841683954005cb03b9dca961cdc	0x80000000002fdc28	0x8000000000052c50	0x80010037	CELL_ENOTSUP	1	no
7b9b0fe386fd4f708ed6490aaefb3d956f195841683954005cb03b9dca961cdc	0x8000000000309070	0x80000000000cfc58	0x80010003	CELL_ENOSYS	1	no
7b9b0fe386fd4f708ed6490aaefb3d956f195841683954005cb03b9dca961cdc	0x8000000000309088	0x80000000000cfc64	0x80010003	CELL_ENOSYS	1	no
7b9b0fe386fd4f708ed6490aaefb3d956f195841683954005cb03b9dca961cdc	0x80000000003090a0	0x80000000000cfc70	0x80010003	CELL_ENOSYS	1	no
7b9b0fe386fd4f708ed6490aaefb3d956f195841683954005cb03b9dca961cdc	0x80000000003090b8	0x80000000000cfc7c	0x80010003	CELL_ENOSYS	1	no
7b9b0fe386fd4f708ed6490aaefb3d956f195841683954005cb03b9dca961cdc	0x8000000000310f48	0x8000000000115c04	0x80010003	CELL_ENOSYS	1	no
7b9b0fe386fd4f708ed6490aaefb3d956f195841683954005cb03b9dca961cdc	0x8000000000310f60	0x8000000000115c10	0x80010003	CELL_ENOSYS	1	no
7b9b0fe386fd4f708ed6490aaefb3d956f195841683954005cb03b9dca961cdc	0x8000000000310f78	0x8000000000115c1c	0x80010003	CELL_ENOSYS	1	no
7b9b0fe386fd4f708ed6490aaefb3d956f195841683954005cb03b9dca961cdc	0x8000000000310f90	0x8000000000115c28	0x80010003	CELL_ENOSYS	1	no
7b9b0fe386fd4f708ed6490aaefb3d956f195841683954005cb03b9dca961cdc	0x8000000000310fa8	0x8000000000115c34	0x80010003	CELL_ENOSYS	1	no
7b9b0fe386fd4f708ed6490aaefb3d956f195841683954005cb03b9dca961cdc	0x8000000000310fc0	0x8000000000115c40	0x80010003	CELL_ENOSYS	1	no
7b9b0fe386fd4f708ed6490aaefb3d956f195841683954005cb03b9dca961cdc	0x800000000031ef28	0x80000000001b4a70	0x80010037	CELL_ENOTSUP	1	no
7b9b0fe386fd4f708ed6490aaefb3d956f195841683954005cb03b9dca961cdc	0x80000000003341b0	0x800000000028966c	0x80010003	CELL_ENOSYS	388	yes
7b9b0fe386fd4f708ed6490aaefb3d956f195841683954005cb03b9dca961cdc	0x8000000000334210	0x80000000002898ec	0x8001002b	CELL_EIO	1	no
7feddf96830a8f811e02ce61d494abbc1c5c3918f895efd4f0fb8706dc430154	0x80000000002de0c8	0x80000000000289e8	0x80010003	CELL_ENOSYS	1	no
7feddf96830a8f811e02ce61d494abbc1c5c3918f895efd4f0fb8706dc430154	0x80000000002de0e0	0x80000000000289f8	0x80010003	CELL_ENOSYS	1	no
7feddf96830a8f811e02ce61d494abbc1c5c3918f895efd4f0fb8706dc430154	0x80000000002de0f8	0x8000000000028a08	0x80010003	CELL_ENOSYS	1	no
7feddf96830a8f811e02ce61d494abbc1c5c3918f895efd4f0fb8706dc430154	0x80000000002de110	0x8000000000028a18	0x80010003	CELL_ENOSYS	1	no
7feddf96830a8f811e02ce61d494abbc1c5c3918f895efd4f0fb8706dc430154	0x80000000002de128	0x8000000000028a28	0x80010003	CELL_ENOSYS	1	no
7feddf96830a8f811e02ce61d494abbc1c5c3918f895efd4f0fb8706dc430154	0x80000000002de140	0x8000000000028a38	0x80010003	CELL_ENOSYS	1	no
7feddf96830a8f811e02ce61d494abbc1c5c3918f895efd4f0fb8706dc430154	0x80000000002e2700	0x8000000000053d90	0x80010003	CELL_ENOSYS	1	no
7feddf96830a8f811e02ce61d494abbc1c5c3918f895efd4f0fb8706dc430154	0x80000000002e38b8	0x800000000005e7b8	0x80010037	CELL_ENOTSUP	1	no
7feddf96830a8f811e02ce61d494abbc1c5c3918f895efd4f0fb8706dc430154	0x80000000002ed980	0x80000000000d0180	0x80010003	CELL_ENOSYS	1	no
7feddf96830a8f811e02ce61d494abbc1c5c3918f895efd4f0fb8706dc430154	0x80000000002ed998	0x80000000000d0190	0x80010003	CELL_ENOSYS	1	no
7feddf96830a8f811e02ce61d494abbc1c5c3918f895efd4f0fb8706dc430154	0x80000000002ed9b0	0x80000000000d01a0	0x80010003	CELL_ENOSYS	1	no
7feddf96830a8f811e02ce61d494abbc1c5c3918f895efd4f0fb8706dc430154	0x80000000002ed9c8	0x80000000000d01b0	0x80010003	CELL_ENOSYS	1	no
7feddf96830a8f811e02ce61d494abbc1c5c3918f895efd4f0fb8706dc430154	0x80000000002f4940	0x80000000001116c8	0x80010003	CELL_ENOSYS	1	no
7feddf96830a8f811e02ce61d494abbc1c5c3918f895efd4f0fb8706dc430154	0x80000000002f4958	0x80000000001116d8	0x80010003	CELL_ENOSYS	1	no
7feddf96830a8f811e02ce61d494abbc1c5c3918f895efd4f0fb8706dc430154	0x80000000002f4970	0x80000000001116e8	0x80010003	CELL_ENOSYS	1	no
7feddf96830a8f811e02ce61d494abbc1c5c3918f895efd4f0fb8706dc430154	0x80000000002f4988	0x80000000001116f8	0x80010003	CELL_ENOSYS	1	no
7feddf96830a8f811e02ce61d494abbc1c5c3918f895efd4f0fb8706dc430154	0x80000000002f49a0	0x8000000000111708	0x80010003	CELL_ENOSYS	1	no
7feddf96830a8f811e02ce61d494abbc1c5c3918f895efd4f0fb8706dc430154	0x80000000002f49b8	0x8000000000111718	0x80010003	CELL_ENOSYS	1	no
7feddf96830a8f811e02ce61d494abbc1c5c3918f895efd4f0fb8706dc430154	0x8000000000301060	0x80000000001a21c0	0x80010037	CELL_ENOTSUP	1	no
7feddf96830a8f811e02ce61d494abbc1c5c3918f895efd4f0fb8706dc430154	0x8000000000316528	0x80000000002831f8	0x80010003	CELL_ENOSYS	460	yes
7feddf96830a8f811e02ce61d494abbc1c5c3918f895efd4f0fb8706dc430154	0x8000000000316540	0x8000000000283208	0x8001002b	CELL_EIO	1	no
822cfbac0e803140c987cfcb508936d54be9e86d67f8253335e480fca9b913f9	0x80000000002dd8a8	0x80000000000289e8	0x80010003	CELL_ENOSYS	1	no
822cfbac0e803140c987cfcb508936d54be9e86d67f8253335e480fca9b913f9	0x80000000002dd8c0	0x80000000000289f8	0x80010003	CELL_ENOSYS	1	no
822cfbac0e803140c987cfcb508936d54be9e86d67f8253335e480fca9b913f9	0x80000000002dd8d8	0x8000000000028a08	0x80010003	CELL_ENOSYS	1	no
822cfbac0e803140c987cfcb508936d54be9e86d67f8253335e480fca9b913f9	0x80000000002dd8f0	0x8000000000028a18	0x80010003	CELL_ENOSYS	1	no
822cfbac0e803140c987cfcb508936d54be9e86d67f8253335e480fca9b913f9	0x80000000002dd908	0x8000000000028a28	0x80010003	CELL_ENOSYS	1	no
822cfbac0e803140c987cfcb508936d54be9e86d67f8253335e480fca9b913f9	0x80000000002dd920	0x8000000000028a38	0x80010003	CELL_ENOSYS	1	no
822cfbac0e803140c987cfcb508936d54be9e86d67f8253335e480fca9b913f9	0x80000000002e1ee0	0x8000000000053d90	0x80010003	CELL_ENOSYS	1	no
822cfbac0e803140c987cfcb508936d54be9e86d67f8253335e480fca9b913f9	0x80000000002e3098	0x800000000005e7b8	0x80010037	CELL_ENOTSUP	1	no
822cfbac0e803140c987cfcb508936d54be9e86d67f8253335e480fca9b913f9	0x80000000002ed0a0	0x80000000000cf9b8	0x80010003	CELL_ENOSYS	1	no
822cfbac0e803140c987cfcb508936d54be9e86d67f8253335e480fca9b913f9	0x80000000002ed0b8	0x80000000000cf9c8	0x80010003	CELL_ENOSYS	1	no
822cfbac0e803140c987cfcb508936d54be9e86d67f8253335e480fca9b913f9	0x80000000002ed0d0	0x80000000000cf9d8	0x80010003	CELL_ENOSYS	1	no
822cfbac0e803140c987cfcb508936d54be9e86d67f8253335e480fca9b913f9	0x80000000002ed0e8	0x80000000000cf9e8	0x80010003	CELL_ENOSYS	1	no
822cfbac0e803140c987cfcb508936d54be9e86d67f8253335e480fca9b913f9	0x80000000002f4060	0x8000000000110f00	0x80010003	CELL_ENOSYS	1	no
822cfbac0e803140c987cfcb508936d54be9e86d67f8253335e480fca9b913f9	0x80000000002f4078	0x8000000000110f10	0x80010003	CELL_ENOSYS	1	no
822cfbac0e803140c987cfcb508936d54be9e86d67f8253335e480fca9b913f9	0x80000000002f4090	0x8000000000110f20	0x80010003	CELL_ENOSYS	1	no
822cfbac0e803140c987cfcb508936d54be9e86d67f8253335e480fca9b913f9	0x80000000002f40a8	0x8000000000110f30	0x80010003	CELL_ENOSYS	1	no
822cfbac0e803140c987cfcb508936d54be9e86d67f8253335e480fca9b913f9	0x80000000002f40c0	0x8000000000110f40	0x80010003	CELL_ENOSYS	1	no
822cfbac0e803140c987cfcb508936d54be9e86d67f8253335e480fca9b913f9	0x80000000002f40d8	0x8000000000110f50	0x80010003	CELL_ENOSYS	1	no
822cfbac0e803140c987cfcb508936d54be9e86d67f8253335e480fca9b913f9	0x8000000000300780	0x80000000001a19f8	0x80010037	CELL_ENOTSUP	1	no
822cfbac0e803140c987cfcb508936d54be9e86d67f8253335e480fca9b913f9	0x8000000000315c48	0x8000000000282a28	0x80010003	CELL_ENOSYS	460	yes
822cfbac0e803140c987cfcb508936d54be9e86d67f8253335e480fca9b913f9	0x8000000000315c60	0x8000000000282a38	0x8001002b	CELL_EIO	1	no
8491361628abe5862f5101e57878b5852b175b887a98cfc6ba9a3e67d1f6530a	0x800000000030ab88	0x800000000004963c	0x80010003	CELL_ENOSYS	1	no
8491361628abe5862f5101e57878b5852b175b887a98cfc6ba9a3e67d1f6530a	0x800000000030bba8	0x80000000000511e0	0x80010002	CELL_EINVAL	1	no
8491361628abe5862f5101e57878b5852b175b887a98cfc6ba9a3e67d1f6530a	0x800000000030bbc0	0x80000000000511ec	0x80010002	CELL_EINVAL	1	no
8491361628abe5862f5101e57878b5852b175b887a98cfc6ba9a3e67d1f6530a	0x800000000031ba30	0x80000000000ed77c	0x80010003	CELL_ENOSYS	1	no
8491361628abe5862f5101e57878b5852b175b887a98cfc6ba9a3e67d1f6530a	0x800000000031ba48	0x80000000000ed788	0x80010003	CELL_ENOSYS	1	no
8491361628abe5862f5101e57878b5852b175b887a98cfc6ba9a3e67d1f6530a	0x800000000031ba60	0x80000000000ed794	0x80010003	CELL_ENOSYS	1	no
8491361628abe5862f5101e57878b5852b175b887a98cfc6ba9a3e67d1f6530a	0x800000000031ba78	0x80000000000ed7a0	0x80010003	CELL_ENOSYS	1	no
8491361628abe5862f5101e57878b5852b175b887a98cfc6ba9a3e67d1f6530a	0x800000000031ba90	0x80000000000ed7ac	0x80010003	CELL_ENOSYS	1	no
8491361628abe5862f5101e57878b5852b175b887a98cfc6ba9a3e67d1f6530a	0x800000000031baa8	0x80000000000ed7b8	0x80010003	CELL_ENOSYS	1	no
8491361628abe5862f5101e57878b5852b175b887a98cfc6ba9a3e67d1f6530a	0x800000000033ebf0	0x800000000026d2a0	0x80010003	CELL_ENOSYS	392	yes
8491361628abe5862f5101e57878b5852b175b887a98cfc6ba9a3e67d1f6530a	0x800000000033ec50	0x800000000026d588	0x8001002b	CELL_EIO	1	no
8491361628abe5862f5101e57878b5852b175b887a98cfc6ba9a3e67d1f6530a	0x8000000000342f58	0x8000000000299a64	0x80010037	CELL_ENOTSUP	1	no
857ea74fc627079c3f77bf0c28604155ee08c1425a4e216558680f0d93fa5b54	0x800000000030ab88	0x800000000004963c	0x80010003	CELL_ENOSYS	1	no
857ea74fc627079c3f77bf0c28604155ee08c1425a4e216558680f0d93fa5b54	0x800000000030bba8	0x80000000000511e0	0x80010002	CELL_EINVAL	1	no
857ea74fc627079c3f77bf0c28604155ee08c1425a4e216558680f0d93fa5b54	0x800000000030bbc0	0x80000000000511ec	0x80010002	CELL_EINVAL	1	no
857ea74fc627079c3f77bf0c28604155ee08c1425a4e216558680f0d93fa5b54	0x800000000031ba30	0x80000000000ed77c	0x80010003	CELL_ENOSYS	1	no
857ea74fc627079c3f77bf0c28604155ee08c1425a4e216558680f0d93fa5b54	0x800000000031ba48	0x80000000000ed788	0x80010003	CELL_ENOSYS	1	no
857ea74fc627079c3f77bf0c28604155ee08c1425a4e216558680f0d93fa5b54	0x800000000031ba60	0x80000000000ed794	0x80010003	CELL_ENOSYS	1	no
857ea74fc627079c3f77bf0c28604155ee08c1425a4e216558680f0d93fa5b54	0x800000000031ba78	0x80000000000ed7a0	0x80010003	CELL_ENOSYS	1	no
857ea74fc627079c3f77bf0c28604155ee08c1425a4e216558680f0d93fa5b54	0x800000000031ba90	0x80000000000ed7ac	0x80010003	CELL_ENOSYS	1	no
857ea74fc627079c3f77bf0c28604155ee08c1425a4e216558680f0d93fa5b54	0x800000000031baa8	0x80000000000ed7b8	0x80010003	CELL_ENOSYS	1	no
857ea74fc627079c3f77bf0c28604155ee08c1425a4e216558680f0d93fa5b54	0x800000000033ebf0	0x800000000026d2a0	0x80010003	CELL_ENOSYS	392	yes
857ea74fc627079c3f77bf0c28604155ee08c1425a4e216558680f0d93fa5b54	0x800000000033ec50	0x800000000026d588	0x8001002b	CELL_EIO	1	no
857ea74fc627079c3f77bf0c28604155ee08c1425a4e216558680f0d93fa5b54	0x8000000000342f58	0x8000000000299a64	0x80010037	CELL_ENOTSUP	1	no
8f20e65bbe4f5750b7bff9ac11139d69c4ca9b1fcfb2cad7b64f31d442bc194d	0x80000000002f5718	0x8000000000017fac	0x80010003	CELL_ENOSYS	1	no
8f20e65bbe4f5750b7bff9ac11139d69c4ca9b1fcfb2cad7b64f31d442bc194d	0x80000000002f5730	0x8000000000017fb8	0x80010003	CELL_ENOSYS	1	no
8f20e65bbe4f5750b7bff9ac11139d69c4ca9b1fcfb2cad7b64f31d442bc194d	0x80000000002f5748	0x8000000000017fc4	0x80010003	CELL_ENOSYS	1	no
8f20e65bbe4f5750b7bff9ac11139d69c4ca9b1fcfb2cad7b64f31d442bc194d	0x80000000002f5760	0x8000000000017fd0	0x80010003	CELL_ENOSYS	1	no
8f20e65bbe4f5750b7bff9ac11139d69c4ca9b1fcfb2cad7b64f31d442bc194d	0x80000000002f5778	0x8000000000017fdc	0x80010003	CELL_ENOSYS	1	no
8f20e65bbe4f5750b7bff9ac11139d69c4ca9b1fcfb2cad7b64f31d442bc194d	0x80000000002f5790	0x8000000000017fe8	0x80010003	CELL_ENOSYS	1	no
8f20e65bbe4f5750b7bff9ac11139d69c4ca9b1fcfb2cad7b64f31d442bc194d	0x80000000002fa638	0x8000000000046eb8	0x80010003	CELL_ENOSYS	1	no
8f20e65bbe4f5750b7bff9ac11139d69c4ca9b1fcfb2cad7b64f31d442bc194d	0x80000000002fbb20	0x800000000005241c	0x80010002	CELL_EINVAL	1	no
8f20e65bbe4f5750b7bff9ac11139d69c4ca9b1fcfb2cad7b64f31d442bc194d	0x80000000002fbb38	0x8000000000052428	0x80010002	CELL_EINVAL	1	no
8f20e65bbe4f5750b7bff9ac11139d69c4ca9b1fcfb2cad7b64f31d442bc194d	0x80000000002fbb50	0x8000000000052434	0x80010037	CELL_ENOTSUP	1	no
8f20e65bbe4f5750b7bff9ac11139d69c4ca9b1fcfb2cad7b64f31d442bc194d	0x8000000000306ed8	0x80000000000cfe04	0x80010003	CELL_ENOSYS	1	no
8f20e65bbe4f5750b7bff9ac11139d69c4ca9b1fcfb2cad7b64f31d442bc194d	0x8000000000306ef0	0x80000000000cfe10	0x80010003	CELL_ENOSYS	1	no
8f20e65bbe4f5750b7bff9ac11139d69c4ca9b1fcfb2cad7b64f31d442bc194d	0x8000000000306f08	0x80000000000cfe1c	0x80010003	CELL_ENOSYS	1	no
8f20e65bbe4f5750b7bff9ac11139d69c4ca9b1fcfb2cad7b64f31d442bc194d	0x8000000000306f20	0x80000000000cfe28	0x80010003	CELL_ENOSYS	1	no
8f20e65bbe4f5750b7bff9ac11139d69c4ca9b1fcfb2cad7b64f31d442bc194d	0x800000000030ecc0	0x800000000011537c	0x80010003	CELL_ENOSYS	1	no
8f20e65bbe4f5750b7bff9ac11139d69c4ca9b1fcfb2cad7b64f31d442bc194d	0x800000000030ecd8	0x8000000000115388	0x80010003	CELL_ENOSYS	1	no
8f20e65bbe4f5750b7bff9ac11139d69c4ca9b1fcfb2cad7b64f31d442bc194d	0x800000000030ecf0	0x8000000000115394	0x80010003	CELL_ENOSYS	1	no
8f20e65bbe4f5750b7bff9ac11139d69c4ca9b1fcfb2cad7b64f31d442bc194d	0x800000000030ed08	0x80000000001153a0	0x80010003	CELL_ENOSYS	1	no
8f20e65bbe4f5750b7bff9ac11139d69c4ca9b1fcfb2cad7b64f31d442bc194d	0x800000000030ed20	0x80000000001153ac	0x80010003	CELL_ENOSYS	1	no
8f20e65bbe4f5750b7bff9ac11139d69c4ca9b1fcfb2cad7b64f31d442bc194d	0x800000000030ed38	0x80000000001153b8	0x80010003	CELL_ENOSYS	1	no
8f20e65bbe4f5750b7bff9ac11139d69c4ca9b1fcfb2cad7b64f31d442bc194d	0x800000000031cb68	0x80000000001b3a1c	0x80010037	CELL_ENOTSUP	1	no
8f20e65bbe4f5750b7bff9ac11139d69c4ca9b1fcfb2cad7b64f31d442bc194d	0x8000000000331e50	0x8000000000287db8	0x80010003	CELL_ENOSYS	392	yes
8f20e65bbe4f5750b7bff9ac11139d69c4ca9b1fcfb2cad7b64f31d442bc194d	0x8000000000331eb0	0x8000000000288038	0x8001002b	CELL_EIO	1	no
92927ab51f4ef6b9a83d37e20634936a0fb6b6685d768ab7587184bc85335f20	0x8000000000344328	0x8000000000027838	0x80010003	CELL_ENOSYS	1	no
92927ab51f4ef6b9a83d37e20634936a0fb6b6685d768ab7587184bc85335f20	0x8000000000344340	0x8000000000027844	0x80010003	CELL_ENOSYS	1	no
92927ab51f4ef6b9a83d37e20634936a0fb6b6685d768ab7587184bc85335f20	0x8000000000344358	0x8000000000027850	0x80010003	CELL_ENOSYS	1	no
92927ab51f4ef6b9a83d37e20634936a0fb6b6685d768ab7587184bc85335f20	0x8000000000344370	0x800000000002785c	0x80010003	CELL_ENOSYS	1	no
92927ab51f4ef6b9a83d37e20634936a0fb6b6685d768ab7587184bc85335f20	0x8000000000344388	0x8000000000027868	0x80010003	CELL_ENOSYS	1	no
92927ab51f4ef6b9a83d37e20634936a0fb6b6685d768ab7587184bc85335f20	0x80000000003443a0	0x8000000000027874	0x80010003	CELL_ENOSYS	1	no
92927ab51f4ef6b9a83d37e20634936a0fb6b6685d768ab7587184bc85335f20	0x80000000003489a8	0x8000000000053054	0x80010003	CELL_ENOSYS	1	no
92927ab51f4ef6b9a83d37e20634936a0fb6b6685d768ab7587184bc85335f20	0x80000000003553b0	0x80000000000dc474	0x80010003	CELL_ENOSYS	1	no
92927ab51f4ef6b9a83d37e20634936a0fb6b6685d768ab7587184bc85335f20	0x80000000003553c8	0x80000000000dc480	0x80010003	CELL_ENOSYS	1	no
92927ab51f4ef6b9a83d37e20634936a0fb6b6685d768ab7587184bc85335f20	0x80000000003553e0	0x80000000000dc48c	0x80010003	CELL_ENOSYS	1	no
92927ab51f4ef6b9a83d37e20634936a0fb6b6685d768ab7587184bc85335f20	0x80000000003553f8	0x80000000000dc498	0x80010003	CELL_ENOSYS	1	no
92927ab51f4ef6b9a83d37e20634936a0fb6b6685d768ab7587184bc85335f20	0x8000000000375bd0	0x8000000000202aa0	0x80010037	CELL_ENOTSUP	1	no
92927ab51f4ef6b9a83d37e20634936a0fb6b6685d768ab7587184bc85335f20	0x800000000038b6c8	0x80000000002dbb88	0x80010003	CELL_ENOSYS	486	yes
92f3e05d6ed0520dfedffeb9f759f855b6588cc7c9aff9e80d25b913ae96c36b	0x80000000002ed228	0x8000000000048e50	0x80010003	CELL_ENOSYS	1	no
92f3e05d6ed0520dfedffeb9f759f855b6588cc7c9aff9e80d25b913ae96c36b	0x80000000002ee200	0x800000000005139c	0x80010002	CELL_EINVAL	1	no
92f3e05d6ed0520dfedffeb9f759f855b6588cc7c9aff9e80d25b913ae96c36b	0x80000000002ee218	0x80000000000513a8	0x80010037	CELL_ENOTSUP	1	no
92f3e05d6ed0520dfedffeb9f759f855b6588cc7c9aff9e80d25b913ae96c36b	0x80000000002fe3d0	0x80000000000eeca8	0x80010003	CELL_ENOSYS	1	no
92f3e05d6ed0520dfedffeb9f759f855b6588cc7c9aff9e80d25b913ae96c36b	0x80000000002fe3e8	0x80000000000eecb4	0x80010003	CELL_ENOSYS	1	no
92f3e05d6ed0520dfedffeb9f759f855b6588cc7c9aff9e80d25b913ae96c36b	0x80000000002fe400	0x80000000000eecc0	0x80010003	CELL_ENOSYS	1	no
92f3e05d6ed0520dfedffeb9f759f855b6588cc7c9aff9e80d25b913ae96c36b	0x80000000002fe418	0x80000000000eeccc	0x80010003	CELL_ENOSYS	1	no
92f3e05d6ed0520dfedffeb9f759f855b6588cc7c9aff9e80d25b913ae96c36b	0x80000000002fe430	0x80000000000eecd8	0x80010003	CELL_ENOSYS	1	no
92f3e05d6ed0520dfedffeb9f759f855b6588cc7c9aff9e80d25b913ae96c36b	0x80000000002fe448	0x80000000000eece4	0x80010003	CELL_ENOSYS	1	no
92f3e05d6ed0520dfedffeb9f759f855b6588cc7c9aff9e80d25b913ae96c36b	0x800000000030c398	0x800000000018da5c	0x80010037	CELL_ENOTSUP	1	no
92f3e05d6ed0520dfedffeb9f759f855b6588cc7c9aff9e80d25b913ae96c36b	0x8000000000324968	0x8000000000290548	0x80010003	CELL_ENOSYS	394	yes
92f3e05d6ed0520dfedffeb9f759f855b6588cc7c9aff9e80d25b913ae96c36b	0x80000000003249c8	0x80000000002907c8	0x8001002b	CELL_EIO	1	no
93b4494c8fbceebc731479aa256a07278e64dd135c0138f4138cf666abca090d	0x80000000002f6560	0x8000000000017cbc	0x80010003	CELL_ENOSYS	1	no
93b4494c8fbceebc731479aa256a07278e64dd135c0138f4138cf666abca090d	0x80000000002f6578	0x8000000000017cc8	0x80010003	CELL_ENOSYS	1	no
93b4494c8fbceebc731479aa256a07278e64dd135c0138f4138cf666abca090d	0x80000000002f6590	0x8000000000017cd4	0x80010003	CELL_ENOSYS	1	no
93b4494c8fbceebc731479aa256a07278e64dd135c0138f4138cf666abca090d	0x80000000002f65a8	0x8000000000017ce0	0x80010003	CELL_ENOSYS	1	no
93b4494c8fbceebc731479aa256a07278e64dd135c0138f4138cf666abca090d	0x80000000002f65c0	0x8000000000017cec	0x80010003	CELL_ENOSYS	1	no
93b4494c8fbceebc731479aa256a07278e64dd135c0138f4138cf666abca090d	0x80000000002f65d8	0x8000000000017cf8	0x80010003	CELL_ENOSYS	1	no
93b4494c8fbceebc731479aa256a07278e64dd135c0138f4138cf666abca090d	0x80000000002fb510	0x8000000000047484	0x80010003	CELL_ENOSYS	1	no
93b4494c8fbceebc731479aa256a07278e64dd135c0138f4138cf666abca090d	0x80000000002fc608	0x8000000000050518	0x80010002	CELL_EINVAL	1	no
93b4494c8fbceebc731479aa256a07278e64dd135c0138f4138cf666abca090d	0x80000000002fc620	0x8000000000050524	0x80010037	CELL_ENOTSUP	1	no
93b4494c8fbceebc731479aa256a07278e64dd135c0138f4138cf666abca090d	0x8000000000307e70	0x80000000000cf860	0x80010003	CELL_ENOSYS	1	no
93b4494c8fbceebc731479aa256a07278e64dd135c0138f4138cf666abca090d	0x8000000000307e88	0x80000000000cf86c	0x80010003	CELL_ENOSYS	1	no
93b4494c8fbceebc731479aa256a07278e64dd135c0138f4138cf666abca090d	0x8000000000307ea0	0x80000000000cf878	0x80010003	CELL_ENOSYS	1	no
93b4494c8fbceebc731479aa256a07278e64dd135c0138f4138cf666abca090d	0x8000000000307eb8	0x80000000000cf884	0x80010003	CELL_ENOSYS	1	no
93b4494c8fbceebc731479aa256a07278e64dd135c0138f4138cf666abca090d	0x800000000030fd30	0x80000000001154c0	0x80010003	CELL_ENOSYS	1	no
93b4494c8fbceebc731479aa256a07278e64dd135c0138f4138cf666abca090d	0x800000000030fd48	0x80000000001154cc	0x80010003	CELL_ENOSYS	1	no
93b4494c8fbceebc731479aa256a07278e64dd135c0138f4138cf666abca090d	0x800000000030fd60	0x80000000001154d8	0x80010003	CELL_ENOSYS	1	no
93b4494c8fbceebc731479aa256a07278e64dd135c0138f4138cf666abca090d	0x800000000030fd78	0x80000000001154e4	0x80010003	CELL_ENOSYS	1	no
93b4494c8fbceebc731479aa256a07278e64dd135c0138f4138cf666abca090d	0x800000000030fd90	0x80000000001154f0	0x80010003	CELL_ENOSYS	1	no
93b4494c8fbceebc731479aa256a07278e64dd135c0138f4138cf666abca090d	0x800000000030fda8	0x80000000001154fc	0x80010003	CELL_ENOSYS	1	no
93b4494c8fbceebc731479aa256a07278e64dd135c0138f4138cf666abca090d	0x800000000031dcf8	0x80000000001b3c54	0x80010037	CELL_ENOTSUP	1	no
93b4494c8fbceebc731479aa256a07278e64dd135c0138f4138cf666abca090d	0x8000000000332f50	0x8000000000288660	0x80010003	CELL_ENOSYS	389	yes
93b4494c8fbceebc731479aa256a07278e64dd135c0138f4138cf666abca090d	0x8000000000332fb0	0x80000000002888e0	0x8001002b	CELL_EIO	1	no
964cd7d469af47c42ca5c404f4de718479c86c78f63e725ec801cea40640ee76	0x8000000000358b20	0x8000000000027240	0x80010003	CELL_ENOSYS	1	no
964cd7d469af47c42ca5c404f4de718479c86c78f63e725ec801cea40640ee76	0x8000000000358b38	0x8000000000027250	0x80010003	CELL_ENOSYS	1	no
964cd7d469af47c42ca5c404f4de718479c86c78f63e725ec801cea40640ee76	0x8000000000358b50	0x8000000000027260	0x80010003	CELL_ENOSYS	1	no
964cd7d469af47c42ca5c404f4de718479c86c78f63e725ec801cea40640ee76	0x8000000000358b68	0x8000000000027270	0x80010003	CELL_ENOSYS	1	no
964cd7d469af47c42ca5c404f4de718479c86c78f63e725ec801cea40640ee76	0x8000000000358b80	0x8000000000027280	0x80010003	CELL_ENOSYS	1	no
964cd7d469af47c42ca5c404f4de718479c86c78f63e725ec801cea40640ee76	0x8000000000358b98	0x8000000000027290	0x80010003	CELL_ENOSYS	1	no
964cd7d469af47c42ca5c404f4de718479c86c78f63e725ec801cea40640ee76	0x800000000035d1d0	0x8000000000052c88	0x80010003	CELL_ENOSYS	1	no
964cd7d469af47c42ca5c404f4de718479c86c78f63e725ec801cea40640ee76	0x8000000000369d28	0x80000000000d78c0	0x80010003	CELL_ENOSYS	1	no
964cd7d469af47c42ca5c404f4de718479c86c78f63e725ec801cea40640ee76	0x8000000000369d40	0x80000000000d78d0	0x80010003	CELL_ENOSYS	1	no
964cd7d469af47c42ca5c404f4de718479c86c78f63e725ec801cea40640ee76	0x8000000000369d58	0x80000000000d78e0	0x80010003	CELL_ENOSYS	1	no
964cd7d469af47c42ca5c404f4de718479c86c78f63e725ec801cea40640ee76	0x8000000000369d70	0x80000000000d78f0	0x80010003	CELL_ENOSYS	1	no
964cd7d469af47c42ca5c404f4de718479c86c78f63e725ec801cea40640ee76	0x800000000038bbb0	0x800000000020db88	0x80010037	CELL_ENOTSUP	1	no
964cd7d469af47c42ca5c404f4de718479c86c78f63e725ec801cea40640ee76	0x80000000003a1660	0x80000000002ebab0	0x80010003	CELL_ENOSYS	475	yes
964cd7d469af47c42ca5c404f4de718479c86c78f63e725ec801cea40640ee76	0x80000000003a1678	0x80000000002ebac0	0x8001002b	CELL_EIO	1	no
99c044293290d0338ffee4ea7d21f993523b1b69012af7f09ae719efe2c9d464	0x800000000030ab88	0x800000000004963c	0x80010003	CELL_ENOSYS	1	no
99c044293290d0338ffee4ea7d21f993523b1b69012af7f09ae719efe2c9d464	0x800000000030bba8	0x80000000000511e0	0x80010002	CELL_EINVAL	1	no
99c044293290d0338ffee4ea7d21f993523b1b69012af7f09ae719efe2c9d464	0x800000000030bbc0	0x80000000000511ec	0x80010002	CELL_EINVAL	1	no
99c044293290d0338ffee4ea7d21f993523b1b69012af7f09ae719efe2c9d464	0x800000000031ba30	0x80000000000ed77c	0x80010003	CELL_ENOSYS	1	no
99c044293290d0338ffee4ea7d21f993523b1b69012af7f09ae719efe2c9d464	0x800000000031ba48	0x80000000000ed788	0x80010003	CELL_ENOSYS	1	no
99c044293290d0338ffee4ea7d21f993523b1b69012af7f09ae719efe2c9d464	0x800000000031ba60	0x80000000000ed794	0x80010003	CELL_ENOSYS	1	no
99c044293290d0338ffee4ea7d21f993523b1b69012af7f09ae719efe2c9d464	0x800000000031ba78	0x80000000000ed7a0	0x80010003	CELL_ENOSYS	1	no
99c044293290d0338ffee4ea7d21f993523b1b69012af7f09ae719efe2c9d464	0x800000000031ba90	0x80000000000ed7ac	0x80010003	CELL_ENOSYS	1	no
99c044293290d0338ffee4ea7d21f993523b1b69012af7f09ae719efe2c9d464	0x800000000031baa8	0x80000000000ed7b8	0x80010003	CELL_ENOSYS	1	no
99c044293290d0338ffee4ea7d21f993523b1b69012af7f09ae719efe2c9d464	0x800000000033ebf0	0x800000000026d2a0	0x80010003	CELL_ENOSYS	392	yes
99c044293290d0338ffee4ea7d21f993523b1b69012af7f09ae719efe2c9d464	0x800000000033ec50	0x800000000026d588	0x8001002b	CELL_EIO	1	no
99c044293290d0338ffee4ea7d21f993523b1b69012af7f09ae719efe2c9d464	0x8000000000342f58	0x8000000000299a64	0x80010037	CELL_ENOTSUP	1	no
9c9197f6ceab21d0165f2c85cf3f15d0b096b072052f21959afa1752d4a79be3	0x800000000030ab88	0x800000000004963c	0x80010003	CELL_ENOSYS	1	no
9c9197f6ceab21d0165f2c85cf3f15d0b096b072052f21959afa1752d4a79be3	0x800000000030bba8	0x80000000000511e0	0x80010002	CELL_EINVAL	1	no
9c9197f6ceab21d0165f2c85cf3f15d0b096b072052f21959afa1752d4a79be3	0x800000000030bbc0	0x80000000000511ec	0x80010002	CELL_EINVAL	1	no
9c9197f6ceab21d0165f2c85cf3f15d0b096b072052f21959afa1752d4a79be3	0x800000000031ba30	0x80000000000ed77c	0x80010003	CELL_ENOSYS	1	no
9c9197f6ceab21d0165f2c85cf3f15d0b096b072052f21959afa1752d4a79be3	0x800000000031ba48	0x80000000000ed788	0x80010003	CELL_ENOSYS	1	no
9c9197f6ceab21d0165f2c85cf3f15d0b096b072052f21959afa1752d4a79be3	0x800000000031ba60	0x80000000000ed794	0x80010003	CELL_ENOSYS	1	no
9c9197f6ceab21d0165f2c85cf3f15d0b096b072052f21959afa1752d4a79be3	0x800000000031ba78	0x80000000000ed7a0	0x80010003	CELL_ENOSYS	1	no
9c9197f6ceab21d0165f2c85cf3f15d0b096b072052f21959afa1752d4a79be3	0x800000000031ba90	0x80000000000ed7ac	0x80010003	CELL_ENOSYS	1	no
9c9197f6ceab21d0165f2c85cf3f15d0b096b072052f21959afa1752d4a79be3	0x800000000031baa8	0x80000000000ed7b8	0x80010003	CELL_ENOSYS	1	no
9c9197f6ceab21d0165f2c85cf3f15d0b096b072052f21959afa1752d4a79be3	0x800000000033ebf0	0x800000000026d2a0	0x80010003	CELL_ENOSYS	392	yes
9c9197f6ceab21d0165f2c85cf3f15d0b096b072052f21959afa1752d4a79be3	0x800000000033ec50	0x800000000026d588	0x8001002b	CELL_EIO	1	no
9c9197f6ceab21d0165f2c85cf3f15d0b096b072052f21959afa1752d4a79be3	0x8000000000342f58	0x8000000000299a64	0x80010037	CELL_ENOTSUP	1	no
9fdc8e58a0dd9fca422ae94ba41c4626828e160cdabad2ca128e0ca8b5be1e83	0x80000000002c0928	0x8000000000017d70	0x80010003	CELL_ENOSYS	1	no
9fdc8e58a0dd9fca422ae94ba41c4626828e160cdabad2ca128e0ca8b5be1e83	0x80000000002c0940	0x8000000000017d7c	0x80010003	CELL_ENOSYS	1	no
9fdc8e58a0dd9fca422ae94ba41c4626828e160cdabad2ca128e0ca8b5be1e83	0x80000000002c0958	0x8000000000017d88	0x80010003	CELL_ENOSYS	1	no
9fdc8e58a0dd9fca422ae94ba41c4626828e160cdabad2ca128e0ca8b5be1e83	0x80000000002c0970	0x8000000000017d94	0x80010003	CELL_ENOSYS	1	no
9fdc8e58a0dd9fca422ae94ba41c4626828e160cdabad2ca128e0ca8b5be1e83	0x80000000002c0988	0x8000000000017da0	0x80010003	CELL_ENOSYS	1	no
9fdc8e58a0dd9fca422ae94ba41c4626828e160cdabad2ca128e0ca8b5be1e83	0x80000000002c09a0	0x8000000000017dac	0x80010003	CELL_ENOSYS	1	no
9fdc8e58a0dd9fca422ae94ba41c4626828e160cdabad2ca128e0ca8b5be1e83	0x80000000002c53b0	0x80000000000420c4	0x80010003	CELL_ENOSYS	1	no
9fdc8e58a0dd9fca422ae94ba41c4626828e160cdabad2ca128e0ca8b5be1e83	0x80000000002c6580	0x800000000004c0a8	0x80010037	CELL_ENOTSUP	1	no
9fdc8e58a0dd9fca422ae94ba41c4626828e160cdabad2ca128e0ca8b5be1e83	0x80000000002d1b30	0x80000000000c3448	0x80010003	CELL_ENOSYS	1	no
9fdc8e58a0dd9fca422ae94ba41c4626828e160cdabad2ca128e0ca8b5be1e83	0x80000000002d1b48	0x80000000000c3454	0x80010003	CELL_ENOSYS	1	no
9fdc8e58a0dd9fca422ae94ba41c4626828e160cdabad2ca128e0ca8b5be1e83	0x80000000002d1b60	0x80000000000c3460	0x80010003	CELL_ENOSYS	1	no
9fdc8e58a0dd9fca422ae94ba41c4626828e160cdabad2ca128e0ca8b5be1e83	0x80000000002d1b78	0x80000000000c346c	0x80010003	CELL_ENOSYS	1	no
9fdc8e58a0dd9fca422ae94ba41c4626828e160cdabad2ca128e0ca8b5be1e83	0x80000000002d8da8	0x80000000000fffac	0x80010003	CELL_ENOSYS	1	no
9fdc8e58a0dd9fca422ae94ba41c4626828e160cdabad2ca128e0ca8b5be1e83	0x80000000002d8dc0	0x80000000000fffb8	0x80010003	CELL_ENOSYS	1	no
9fdc8e58a0dd9fca422ae94ba41c4626828e160cdabad2ca128e0ca8b5be1e83	0x80000000002d8dd8	0x80000000000fffc4	0x80010003	CELL_ENOSYS	1	no
9fdc8e58a0dd9fca422ae94ba41c4626828e160cdabad2ca128e0ca8b5be1e83	0x80000000002d8df0	0x80000000000fffd0	0x80010003	CELL_ENOSYS	1	no
9fdc8e58a0dd9fca422ae94ba41c4626828e160cdabad2ca128e0ca8b5be1e83	0x80000000002d8e08	0x80000000000fffdc	0x80010003	CELL_ENOSYS	1	no
9fdc8e58a0dd9fca422ae94ba41c4626828e160cdabad2ca128e0ca8b5be1e83	0x80000000002d8e20	0x80000000000fffe8	0x80010003	CELL_ENOSYS	1	no
9fdc8e58a0dd9fca422ae94ba41c4626828e160cdabad2ca128e0ca8b5be1e83	0x80000000002e60e0	0x80000000001951d0	0x80010037	CELL_ENOTSUP	1	no
9fdc8e58a0dd9fca422ae94ba41c4626828e160cdabad2ca128e0ca8b5be1e83	0x80000000002fb260	0x80000000002669e4	0x80010003	CELL_ENOSYS	444	yes
9fdc8e58a0dd9fca422ae94ba41c4626828e160cdabad2ca128e0ca8b5be1e83	0x80000000002fb278	0x80000000002669f0	0x8001002b	CELL_EIO	1	no
a139882971357e39ce2ed60022d98f985d9b1e3ed9146c3b8f1e62bb5439a611	0x800000000030ab88	0x800000000004963c	0x80010003	CELL_ENOSYS	1	no
a139882971357e39ce2ed60022d98f985d9b1e3ed9146c3b8f1e62bb5439a611	0x800000000030bba8	0x80000000000511e0	0x80010002	CELL_EINVAL	1	no
a139882971357e39ce2ed60022d98f985d9b1e3ed9146c3b8f1e62bb5439a611	0x800000000030bbc0	0x80000000000511ec	0x80010002	CELL_EINVAL	1	no
a139882971357e39ce2ed60022d98f985d9b1e3ed9146c3b8f1e62bb5439a611	0x800000000031ba30	0x80000000000ed77c	0x80010003	CELL_ENOSYS	1	no
a139882971357e39ce2ed60022d98f985d9b1e3ed9146c3b8f1e62bb5439a611	0x800000000031ba48	0x80000000000ed788	0x80010003	CELL_ENOSYS	1	no
a139882971357e39ce2ed60022d98f985d9b1e3ed9146c3b8f1e62bb5439a611	0x800000000031ba60	0x80000000000ed794	0x80010003	CELL_ENOSYS	1	no
a139882971357e39ce2ed60022d98f985d9b1e3ed9146c3b8f1e62bb5439a611	0x800000000031ba78	0x80000000000ed7a0	0x80010003	CELL_ENOSYS	1	no
a139882971357e39ce2ed60022d98f985d9b1e3ed9146c3b8f1e62bb5439a611	0x800000000031ba90	0x80000000000ed7ac	0x80010003	CELL_ENOSYS	1	no
a139882971357e39ce2ed60022d98f985d9b1e3ed9146c3b8f1e62bb5439a611	0x800000000031baa8	0x80000000000ed7b8	0x80010003	CELL_ENOSYS	1	no
a139882971357e39ce2ed60022d98f985d9b1e3ed9146c3b8f1e62bb5439a611	0x800000000033ebf0	0x800000000026d2a0	0x80010003	CELL_ENOSYS	392	yes
a139882971357e39ce2ed60022d98f985d9b1e3ed9146c3b8f1e62bb5439a611	0x800000000033ec50	0x800000000026d588	0x8001002b	CELL_EIO	1	no
a139882971357e39ce2ed60022d98f985d9b1e3ed9146c3b8f1e62bb5439a611	0x8000000000342f58	0x8000000000299a64	0x80010037	CELL_ENOTSUP	1	no
a5814c537e7f6e58cf4a496be6e200f4e3246579e63bd352773fb087481346c2	0x80000000002f5708	0x8000000000017cb8	0x80010003	CELL_ENOSYS	1	no
a5814c537e7f6e58cf4a496be6e200f4e3246579e63bd352773fb087481346c2	0x80000000002f5720	0x8000000000017cc4	0x80010003	CELL_ENOSYS	1	no
a5814c537e7f6e58cf4a496be6e200f4e3246579e63bd352773fb087481346c2	0x80000000002f5738	0x8000000000017cd0	0x80010003	CELL_ENOSYS	1	no
a5814c537e7f6e58cf4a496be6e200f4e3246579e63bd352773fb087481346c2	0x80000000002f5750	0x8000000000017cdc	0x80010003	CELL_ENOSYS	1	no
a5814c537e7f6e58cf4a496be6e200f4e3246579e63bd352773fb087481346c2	0x80000000002f5768	0x8000000000017ce8	0x80010003	CELL_ENOSYS	1	no
a5814c537e7f6e58cf4a496be6e200f4e3246579e63bd352773fb087481346c2	0x80000000002f5780	0x8000000000017cf4	0x80010003	CELL_ENOSYS	1	no
a5814c537e7f6e58cf4a496be6e200f4e3246579e63bd352773fb087481346c2	0x80000000002fa6b8	0x800000000004747c	0x80010003	CELL_ENOSYS	1	no
a5814c537e7f6e58cf4a496be6e200f4e3246579e63bd352773fb087481346c2	0x80000000002fbbb8	0x80000000000528dc	0x80010002	CELL_EINVAL	1	no
a5814c537e7f6e58cf4a496be6e200f4e3246579e63bd352773fb087481346c2	0x80000000002fbbd0	0x80000000000528e8	0x80010037	CELL_ENOTSUP	1	no
a5814c537e7f6e58cf4a496be6e200f4e3246579e63bd352773fb087481346c2	0x8000000000307018	0x80000000000cf6fc	0x80010003	CELL_ENOSYS	1	no
a5814c537e7f6e58cf4a496be6e200f4e3246579e63bd352773fb087481346c2	0x8000000000307030	0x80000000000cf708	0x80010003	CELL_ENOSYS	1	no
a5814c537e7f6e58cf4a496be6e200f4e3246579e63bd352773fb087481346c2	0x8000000000307048	0x80000000000cf714	0x80010003	CELL_ENOSYS	1	no
a5814c537e7f6e58cf4a496be6e200f4e3246579e63bd352773fb087481346c2	0x8000000000307060	0x80000000000cf720	0x80010003	CELL_ENOSYS	1	no
a5814c537e7f6e58cf4a496be6e200f4e3246579e63bd352773fb087481346c2	0x800000000030eec0	0x8000000000114e20	0x80010003	CELL_ENOSYS	1	no
a5814c537e7f6e58cf4a496be6e200f4e3246579e63bd352773fb087481346c2	0x800000000030eed8	0x8000000000114e2c	0x80010003	CELL_ENOSYS	1	no
a5814c537e7f6e58cf4a496be6e200f4e3246579e63bd352773fb087481346c2	0x800000000030eef0	0x8000000000114e38	0x80010003	CELL_ENOSYS	1	no
a5814c537e7f6e58cf4a496be6e200f4e3246579e63bd352773fb087481346c2	0x800000000030ef08	0x8000000000114e44	0x80010003	CELL_ENOSYS	1	no
a5814c537e7f6e58cf4a496be6e200f4e3246579e63bd352773fb087481346c2	0x800000000030ef20	0x8000000000114e50	0x80010003	CELL_ENOSYS	1	no
a5814c537e7f6e58cf4a496be6e200f4e3246579e63bd352773fb087481346c2	0x800000000030ef38	0x8000000000114e5c	0x80010003	CELL_ENOSYS	1	no
a5814c537e7f6e58cf4a496be6e200f4e3246579e63bd352773fb087481346c2	0x800000000031ce70	0x80000000001b3340	0x80010037	CELL_ENOTSUP	1	no
a5814c537e7f6e58cf4a496be6e200f4e3246579e63bd352773fb087481346c2	0x8000000000331ff0	0x80000000002879a8	0x80010003	CELL_ENOSYS	389	yes
a5814c537e7f6e58cf4a496be6e200f4e3246579e63bd352773fb087481346c2	0x8000000000332050	0x8000000000287c28	0x8001002b	CELL_EIO	1	no
a5af7f758d2ea2bcd5a59845a368e1d152cc1af0ea6c20bb9c4a35b207a5b34b	0x80000000002f6160	0x8000000000017cb8	0x80010003	CELL_ENOSYS	1	no
a5af7f758d2ea2bcd5a59845a368e1d152cc1af0ea6c20bb9c4a35b207a5b34b	0x80000000002f6178	0x8000000000017cc4	0x80010003	CELL_ENOSYS	1	no
a5af7f758d2ea2bcd5a59845a368e1d152cc1af0ea6c20bb9c4a35b207a5b34b	0x80000000002f6190	0x8000000000017cd0	0x80010003	CELL_ENOSYS	1	no
a5af7f758d2ea2bcd5a59845a368e1d152cc1af0ea6c20bb9c4a35b207a5b34b	0x80000000002f61a8	0x8000000000017cdc	0x80010003	CELL_ENOSYS	1	no
a5af7f758d2ea2bcd5a59845a368e1d152cc1af0ea6c20bb9c4a35b207a5b34b	0x80000000002f61c0	0x8000000000017ce8	0x80010003	CELL_ENOSYS	1	no
a5af7f758d2ea2bcd5a59845a368e1d152cc1af0ea6c20bb9c4a35b207a5b34b	0x80000000002f61d8	0x8000000000017cf4	0x80010003	CELL_ENOSYS	1	no
a5af7f758d2ea2bcd5a59845a368e1d152cc1af0ea6c20bb9c4a35b207a5b34b	0x80000000002fb110	0x8000000000047480	0x80010003	CELL_ENOSYS	1	no
a5af7f758d2ea2bcd5a59845a368e1d152cc1af0ea6c20bb9c4a35b207a5b34b	0x80000000002fc610	0x80000000000528e0	0x80010002	CELL_EINVAL	1	no
a5af7f758d2ea2bcd5a59845a368e1d152cc1af0ea6c20bb9c4a35b207a5b34b	0x80000000002fc628	0x80000000000528ec	0x80010037	CELL_ENOTSUP	1	no
a5af7f758d2ea2bcd5a59845a368e1d152cc1af0ea6c20bb9c4a35b207a5b34b	0x8000000000307a70	0x80000000000cf7a4	0x80010003	CELL_ENOSYS	1	no
a5af7f758d2ea2bcd5a59845a368e1d152cc1af0ea6c20bb9c4a35b207a5b34b	0x8000000000307a88	0x80000000000cf7b0	0x80010003	CELL_ENOSYS	1	no
a5af7f758d2ea2bcd5a59845a368e1d152cc1af0ea6c20bb9c4a35b207a5b34b	0x8000000000307aa0	0x80000000000cf7bc	0x80010003	CELL_ENOSYS	1	no
a5af7f758d2ea2bcd5a59845a368e1d152cc1af0ea6c20bb9c4a35b207a5b34b	0x8000000000307ab8	0x80000000000cf7c8	0x80010003	CELL_ENOSYS	1	no
a5af7f758d2ea2bcd5a59845a368e1d152cc1af0ea6c20bb9c4a35b207a5b34b	0x800000000030f930	0x8000000000115100	0x80010003	CELL_ENOSYS	1	no
a5af7f758d2ea2bcd5a59845a368e1d152cc1af0ea6c20bb9c4a35b207a5b34b	0x800000000030f948	0x800000000011510c	0x80010003	CELL_ENOSYS	1	no
a5af7f758d2ea2bcd5a59845a368e1d152cc1af0ea6c20bb9c4a35b207a5b34b	0x800000000030f960	0x8000000000115118	0x80010003	CELL_ENOSYS	1	no
a5af7f758d2ea2bcd5a59845a368e1d152cc1af0ea6c20bb9c4a35b207a5b34b	0x800000000030f978	0x8000000000115124	0x80010003	CELL_ENOSYS	1	no
a5af7f758d2ea2bcd5a59845a368e1d152cc1af0ea6c20bb9c4a35b207a5b34b	0x800000000030f990	0x8000000000115130	0x80010003	CELL_ENOSYS	1	no
a5af7f758d2ea2bcd5a59845a368e1d152cc1af0ea6c20bb9c4a35b207a5b34b	0x800000000030f9a8	0x800000000011513c	0x80010003	CELL_ENOSYS	1	no
a5af7f758d2ea2bcd5a59845a368e1d152cc1af0ea6c20bb9c4a35b207a5b34b	0x800000000031d8f8	0x80000000001b3894	0x80010037	CELL_ENOTSUP	1	no
a5af7f758d2ea2bcd5a59845a368e1d152cc1af0ea6c20bb9c4a35b207a5b34b	0x8000000000332b50	0x800000000028829c	0x80010003	CELL_ENOSYS	389	yes
a5af7f758d2ea2bcd5a59845a368e1d152cc1af0ea6c20bb9c4a35b207a5b34b	0x8000000000332bb0	0x800000000028851c	0x8001002b	CELL_EIO	1	no
a6a655fc7e2b960f80b0e42e145a4051283938fcb30c00ca05c6927180b14e00	0x80000000002fa600	0x80000000000491d4	0x80010003	CELL_ENOSYS	1	no
a6a655fc7e2b960f80b0e42e145a4051283938fcb30c00ca05c6927180b14e00	0x80000000002fb770	0x8000000000051da0	0x80010002	CELL_EINVAL	1	no
a6a655fc7e2b960f80b0e42e145a4051283938fcb30c00ca05c6927180b14e00	0x80000000002fb788	0x8000000000051dac	0x80010002	CELL_EINVAL	1	no
a6a655fc7e2b960f80b0e42e145a4051283938fcb30c00ca05c6927180b14e00	0x800000000030b748	0x80000000000edfc4	0x80010003	CELL_ENOSYS	1	no
a6a655fc7e2b960f80b0e42e145a4051283938fcb30c00ca05c6927180b14e00	0x800000000030b760	0x80000000000edfd0	0x80010003	CELL_ENOSYS	1	no
a6a655fc7e2b960f80b0e42e145a4051283938fcb30c00ca05c6927180b14e00	0x800000000030b778	0x80000000000edfdc	0x80010003	CELL_ENOSYS	1	no
a6a655fc7e2b960f80b0e42e145a4051283938fcb30c00ca05c6927180b14e00	0x800000000030b790	0x80000000000edfe8	0x80010003	CELL_ENOSYS	1	no
a6a655fc7e2b960f80b0e42e145a4051283938fcb30c00ca05c6927180b14e00	0x800000000030b7a8	0x80000000000edff4	0x80010003	CELL_ENOSYS	1	no
a6a655fc7e2b960f80b0e42e145a4051283938fcb30c00ca05c6927180b14e00	0x800000000030b7c0	0x80000000000ee000	0x80010003	CELL_ENOSYS	1	no
a6a655fc7e2b960f80b0e42e145a4051283938fcb30c00ca05c6927180b14e00	0x8000000000319cc8	0x8000000000192164	0x80010037	CELL_ENOTSUP	1	no
a6a655fc7e2b960f80b0e42e145a4051283938fcb30c00ca05c6927180b14e00	0x8000000000332538	0x80000000002962e0	0x80010003	CELL_ENOSYS	393	yes
a6a655fc7e2b960f80b0e42e145a4051283938fcb30c00ca05c6927180b14e00	0x8000000000332598	0x8000000000296560	0x8001002b	CELL_EIO	1	no
a70669bc35a5d688c94f5db8e1eb4110295b1b076ccc3c8e4a7e9ee397a6ca41	0x800000000030ab88	0x800000000004963c	0x80010003	CELL_ENOSYS	1	no
a70669bc35a5d688c94f5db8e1eb4110295b1b076ccc3c8e4a7e9ee397a6ca41	0x800000000030bba8	0x80000000000511e0	0x80010002	CELL_EINVAL	1	no
a70669bc35a5d688c94f5db8e1eb4110295b1b076ccc3c8e4a7e9ee397a6ca41	0x800000000030bbc0	0x80000000000511ec	0x80010002	CELL_EINVAL	1	no
a70669bc35a5d688c94f5db8e1eb4110295b1b076ccc3c8e4a7e9ee397a6ca41	0x800000000031ba30	0x80000000000ed77c	0x80010003	CELL_ENOSYS	1	no
a70669bc35a5d688c94f5db8e1eb4110295b1b076ccc3c8e4a7e9ee397a6ca41	0x800000000031ba48	0x80000000000ed788	0x80010003	CELL_ENOSYS	1	no
a70669bc35a5d688c94f5db8e1eb4110295b1b076ccc3c8e4a7e9ee397a6ca41	0x800000000031ba60	0x80000000000ed794	0x80010003	CELL_ENOSYS	1	no
a70669bc35a5d688c94f5db8e1eb4110295b1b076ccc3c8e4a7e9ee397a6ca41	0x800000000031ba78	0x80000000000ed7a0	0x80010003	CELL_ENOSYS	1	no
a70669bc35a5d688c94f5db8e1eb4110295b1b076ccc3c8e4a7e9ee397a6ca41	0x800000000031ba90	0x80000000000ed7ac	0x80010003	CELL_ENOSYS	1	no
a70669bc35a5d688c94f5db8e1eb4110295b1b076ccc3c8e4a7e9ee397a6ca41	0x800000000031baa8	0x80000000000ed7b8	0x80010003	CELL_ENOSYS	1	no
a70669bc35a5d688c94f5db8e1eb4110295b1b076ccc3c8e4a7e9ee397a6ca41	0x800000000033ebf0	0x800000000026d2a0	0x80010003	CELL_ENOSYS	392	yes
a70669bc35a5d688c94f5db8e1eb4110295b1b076ccc3c8e4a7e9ee397a6ca41	0x800000000033ec50	0x800000000026d588	0x8001002b	CELL_EIO	1	no
a70669bc35a5d688c94f5db8e1eb4110295b1b076ccc3c8e4a7e9ee397a6ca41	0x8000000000342f58	0x8000000000299a64	0x80010037	CELL_ENOTSUP	1	no
aa3cbd5393f5dbbea0c3ae05194f77c3f1d8aa7ae54938a6b54359a5408e1424	0x80000000002fa600	0x80000000000491d4	0x80010003	CELL_ENOSYS	1	no
aa3cbd5393f5dbbea0c3ae05194f77c3f1d8aa7ae54938a6b54359a5408e1424	0x80000000002fb770	0x8000000000051da0	0x80010002	CELL_EINVAL	1	no
aa3cbd5393f5dbbea0c3ae05194f77c3f1d8aa7ae54938a6b54359a5408e1424	0x80000000002fb788	0x8000000000051dac	0x80010002	CELL_EINVAL	1	no
aa3cbd5393f5dbbea0c3ae05194f77c3f1d8aa7ae54938a6b54359a5408e1424	0x800000000030b748	0x80000000000edfc4	0x80010003	CELL_ENOSYS	1	no
aa3cbd5393f5dbbea0c3ae05194f77c3f1d8aa7ae54938a6b54359a5408e1424	0x800000000030b760	0x80000000000edfd0	0x80010003	CELL_ENOSYS	1	no
aa3cbd5393f5dbbea0c3ae05194f77c3f1d8aa7ae54938a6b54359a5408e1424	0x800000000030b778	0x80000000000edfdc	0x80010003	CELL_ENOSYS	1	no
aa3cbd5393f5dbbea0c3ae05194f77c3f1d8aa7ae54938a6b54359a5408e1424	0x800000000030b790	0x80000000000edfe8	0x80010003	CELL_ENOSYS	1	no
aa3cbd5393f5dbbea0c3ae05194f77c3f1d8aa7ae54938a6b54359a5408e1424	0x800000000030b7a8	0x80000000000edff4	0x80010003	CELL_ENOSYS	1	no
aa3cbd5393f5dbbea0c3ae05194f77c3f1d8aa7ae54938a6b54359a5408e1424	0x800000000030b7c0	0x80000000000ee000	0x80010003	CELL_ENOSYS	1	no
aa3cbd5393f5dbbea0c3ae05194f77c3f1d8aa7ae54938a6b54359a5408e1424	0x8000000000319cc8	0x8000000000192164	0x80010037	CELL_ENOTSUP	1	no
aa3cbd5393f5dbbea0c3ae05194f77c3f1d8aa7ae54938a6b54359a5408e1424	0x8000000000332538	0x80000000002962e0	0x80010003	CELL_ENOSYS	393	yes
aa3cbd5393f5dbbea0c3ae05194f77c3f1d8aa7ae54938a6b54359a5408e1424	0x8000000000332598	0x8000000000296560	0x8001002b	CELL_EIO	1	no
ae45618ea8760dfc6a02143e432ae2242a97fbfc0854c56faef76b4513539fd8	0x80000000003482f0	0x800000000004ea74	0x80010003	CELL_ENOSYS	1	no
ae45618ea8760dfc6a02143e432ae2242a97fbfc0854c56faef76b4513539fd8	0x8000000000354d88	0x80000000000da6b4	0x80010003	CELL_ENOSYS	1	no
ae45618ea8760dfc6a02143e432ae2242a97fbfc0854c56faef76b4513539fd8	0x8000000000354da0	0x80000000000da6c0	0x80010003	CELL_ENOSYS	1	no
ae45618ea8760dfc6a02143e432ae2242a97fbfc0854c56faef76b4513539fd8	0x8000000000354db8	0x80000000000da6cc	0x80010003	CELL_ENOSYS	1	no
ae45618ea8760dfc6a02143e432ae2242a97fbfc0854c56faef76b4513539fd8	0x8000000000354dd0	0x80000000000da6d8	0x80010003	CELL_ENOSYS	1	no
ae45618ea8760dfc6a02143e432ae2242a97fbfc0854c56faef76b4513539fd8	0x8000000000373f70	0x8000000000204fdc	0x80010037	CELL_ENOTSUP	1	no
ae45618ea8760dfc6a02143e432ae2242a97fbfc0854c56faef76b4513539fd8	0x80000000003899c0	0x80000000002dae00	0x80010003	CELL_ENOSYS	480	yes
ae45618ea8760dfc6a02143e432ae2242a97fbfc0854c56faef76b4513539fd8	0x80000000003899f0	0x80000000002dae40	0x8001002b	CELL_EIO	1	no
ae7d16ecad7eb88a397ab2ab94d1d3a4e8871a3210854373a1aa9fc9b8e17b49	0x80000000002dd8a8	0x80000000000289e8	0x80010003	CELL_ENOSYS	1	no
ae7d16ecad7eb88a397ab2ab94d1d3a4e8871a3210854373a1aa9fc9b8e17b49	0x80000000002dd8c0	0x80000000000289f8	0x80010003	CELL_ENOSYS	1	no
ae7d16ecad7eb88a397ab2ab94d1d3a4e8871a3210854373a1aa9fc9b8e17b49	0x80000000002dd8d8	0x8000000000028a08	0x80010003	CELL_ENOSYS	1	no
ae7d16ecad7eb88a397ab2ab94d1d3a4e8871a3210854373a1aa9fc9b8e17b49	0x80000000002dd8f0	0x8000000000028a18	0x80010003	CELL_ENOSYS	1	no
ae7d16ecad7eb88a397ab2ab94d1d3a4e8871a3210854373a1aa9fc9b8e17b49	0x80000000002dd908	0x8000000000028a28	0x80010003	CELL_ENOSYS	1	no
ae7d16ecad7eb88a397ab2ab94d1d3a4e8871a3210854373a1aa9fc9b8e17b49	0x80000000002dd920	0x8000000000028a38	0x80010003	CELL_ENOSYS	1	no
ae7d16ecad7eb88a397ab2ab94d1d3a4e8871a3210854373a1aa9fc9b8e17b49	0x80000000002e1ee0	0x8000000000053d90	0x80010003	CELL_ENOSYS	1	no
ae7d16ecad7eb88a397ab2ab94d1d3a4e8871a3210854373a1aa9fc9b8e17b49	0x80000000002e3098	0x800000000005e7b8	0x80010037	CELL_ENOTSUP	1	no
ae7d16ecad7eb88a397ab2ab94d1d3a4e8871a3210854373a1aa9fc9b8e17b49	0x80000000002ed0a0	0x80000000000cf9b8	0x80010003	CELL_ENOSYS	1	no
ae7d16ecad7eb88a397ab2ab94d1d3a4e8871a3210854373a1aa9fc9b8e17b49	0x80000000002ed0b8	0x80000000000cf9c8	0x80010003	CELL_ENOSYS	1	no
ae7d16ecad7eb88a397ab2ab94d1d3a4e8871a3210854373a1aa9fc9b8e17b49	0x80000000002ed0d0	0x80000000000cf9d8	0x80010003	CELL_ENOSYS	1	no
ae7d16ecad7eb88a397ab2ab94d1d3a4e8871a3210854373a1aa9fc9b8e17b49	0x80000000002ed0e8	0x80000000000cf9e8	0x80010003	CELL_ENOSYS	1	no
ae7d16ecad7eb88a397ab2ab94d1d3a4e8871a3210854373a1aa9fc9b8e17b49	0x80000000002f4060	0x8000000000110f00	0x80010003	CELL_ENOSYS	1	no
ae7d16ecad7eb88a397ab2ab94d1d3a4e8871a3210854373a1aa9fc9b8e17b49	0x80000000002f4078	0x8000000000110f10	0x80010003	CELL_ENOSYS	1	no
ae7d16ecad7eb88a397ab2ab94d1d3a4e8871a3210854373a1aa9fc9b8e17b49	0x80000000002f4090	0x8000000000110f20	0x80010003	CELL_ENOSYS	1	no
ae7d16ecad7eb88a397ab2ab94d1d3a4e8871a3210854373a1aa9fc9b8e17b49	0x80000000002f40a8	0x8000000000110f30	0x80010003	CELL_ENOSYS	1	no
ae7d16ecad7eb88a397ab2ab94d1d3a4e8871a3210854373a1aa9fc9b8e17b49	0x80000000002f40c0	0x8000000000110f40	0x80010003	CELL_ENOSYS	1	no
ae7d16ecad7eb88a397ab2ab94d1d3a4e8871a3210854373a1aa9fc9b8e17b49	0x80000000002f40d8	0x8000000000110f50	0x80010003	CELL_ENOSYS	1	no
ae7d16ecad7eb88a397ab2ab94d1d3a4e8871a3210854373a1aa9fc9b8e17b49	0x8000000000300780	0x80000000001a19f8	0x80010037	CELL_ENOTSUP	1	no
ae7d16ecad7eb88a397ab2ab94d1d3a4e8871a3210854373a1aa9fc9b8e17b49	0x8000000000315c48	0x8000000000282a28	0x80010003	CELL_ENOSYS	460	yes
ae7d16ecad7eb88a397ab2ab94d1d3a4e8871a3210854373a1aa9fc9b8e17b49	0x8000000000315c60	0x8000000000282a38	0x8001002b	CELL_EIO	1	no
b24448accd1fe3206203e7e5aad1341682e24e2433d56e4b16aae9f3b19a2e3e	0x8000000000331f58	0x800000000004d1a4	0x80010003	CELL_ENOSYS	1	no
b24448accd1fe3206203e7e5aad1341682e24e2433d56e4b16aae9f3b19a2e3e	0x800000000033e960	0x80000000000d8810	0x80010003	CELL_ENOSYS	1	no
b24448accd1fe3206203e7e5aad1341682e24e2433d56e4b16aae9f3b19a2e3e	0x800000000033e978	0x80000000000d881c	0x80010003	CELL_ENOSYS	1	no
b24448accd1fe3206203e7e5aad1341682e24e2433d56e4b16aae9f3b19a2e3e	0x800000000033e990	0x80000000000d8828	0x80010003	CELL_ENOSYS	1	no
b24448accd1fe3206203e7e5aad1341682e24e2433d56e4b16aae9f3b19a2e3e	0x800000000033e9a8	0x80000000000d8834	0x80010003	CELL_ENOSYS	1	no
b24448accd1fe3206203e7e5aad1341682e24e2433d56e4b16aae9f3b19a2e3e	0x800000000035c9f0	0x80000000001fb05c	0x80010037	CELL_ENOTSUP	1	no
b24448accd1fe3206203e7e5aad1341682e24e2433d56e4b16aae9f3b19a2e3e	0x8000000000371b40	0x80000000002cd254	0x80010003	CELL_ENOSYS	501	yes
b24448accd1fe3206203e7e5aad1341682e24e2433d56e4b16aae9f3b19a2e3e	0x8000000000371b70	0x80000000002cd294	0x8001002b	CELL_EIO	1	no
b3d3b6eeca41ddfe88a354c6403917ed30ac62ffa14432c34016a86995c3e35a	0x8000000000343b70	0x800000000004d614	0x80010003	CELL_ENOSYS	1	no
b3d3b6eeca41ddfe88a354c6403917ed30ac62ffa14432c34016a86995c3e35a	0x8000000000350608	0x80000000000d8650	0x80010003	CELL_ENOSYS	1	no
b3d3b6eeca41ddfe88a354c6403917ed30ac62ffa14432c34016a86995c3e35a	0x8000000000350620	0x80000000000d865c	0x80010003	CELL_ENOSYS	1	no
b3d3b6eeca41ddfe88a354c6403917ed30ac62ffa14432c34016a86995c3e35a	0x8000000000350638	0x80000000000d8668	0x80010003	CELL_ENOSYS	1	no
b3d3b6eeca41ddfe88a354c6403917ed30ac62ffa14432c34016a86995c3e35a	0x8000000000350650	0x80000000000d8674	0x80010003	CELL_ENOSYS	1	no
b3d3b6eeca41ddfe88a354c6403917ed30ac62ffa14432c34016a86995c3e35a	0x800000000036f850	0x8000000000201590	0x80010037	CELL_ENOTSUP	1	no
b3d3b6eeca41ddfe88a354c6403917ed30ac62ffa14432c34016a86995c3e35a	0x8000000000384b20	0x80000000002d65fc	0x80010003	CELL_ENOSYS	497	yes
b3d3b6eeca41ddfe88a354c6403917ed30ac62ffa14432c34016a86995c3e35a	0x8000000000384b50	0x80000000002d663c	0x8001002b	CELL_EIO	1	no
b4c998a79c2631b6845176bf2d8db1c8d2041ffd829c54c2190b5900a43fd494	0x800000000034b3b0	0x800000000004ea7c	0x80010003	CELL_ENOSYS	1	no
b4c998a79c2631b6845176bf2d8db1c8d2041ffd829c54c2190b5900a43fd494	0x8000000000358418	0x80000000000dc5c8	0x80010003	CELL_ENOSYS	1	no
b4c998a79c2631b6845176bf2d8db1c8d2041ffd829c54c2190b5900a43fd494	0x8000000000358430	0x80000000000dc5d4	0x80010003	CELL_ENOSYS	1	no
b4c998a79c2631b6845176bf2d8db1c8d2041ffd829c54c2190b5900a43fd494	0x8000000000358448	0x80000000000dc5e0	0x80010003	CELL_ENOSYS	1	no
b4c998a79c2631b6845176bf2d8db1c8d2041ffd829c54c2190b5900a43fd494	0x8000000000358460	0x80000000000dc5ec	0x80010003	CELL_ENOSYS	1	no
b4c998a79c2631b6845176bf2d8db1c8d2041ffd829c54c2190b5900a43fd494	0x80000000003776c0	0x8000000000207e54	0x80010037	CELL_ENOTSUP	1	no
b4c998a79c2631b6845176bf2d8db1c8d2041ffd829c54c2190b5900a43fd494	0x800000000038d110	0x80000000002dddb0	0x80010003	CELL_ENOSYS	478	yes
b4c998a79c2631b6845176bf2d8db1c8d2041ffd829c54c2190b5900a43fd494	0x800000000038d140	0x80000000002dddf0	0x8001002b	CELL_EIO	1	no
b9fc7405f0afae1c767591e048f478154ba1e49ff65ab101f7bde3c3b9a8df03	0x80000000003521f8	0x800000000002b6d0	0x80010003	CELL_ENOSYS	1	no
b9fc7405f0afae1c767591e048f478154ba1e49ff65ab101f7bde3c3b9a8df03	0x8000000000352210	0x800000000002b6e0	0x80010003	CELL_ENOSYS	1	no
b9fc7405f0afae1c767591e048f478154ba1e49ff65ab101f7bde3c3b9a8df03	0x8000000000352228	0x800000000002b6f0	0x80010003	CELL_ENOSYS	1	no
b9fc7405f0afae1c767591e048f478154ba1e49ff65ab101f7bde3c3b9a8df03	0x8000000000352240	0x800000000002b700	0x80010003	CELL_ENOSYS	1	no
b9fc7405f0afae1c767591e048f478154ba1e49ff65ab101f7bde3c3b9a8df03	0x8000000000352258	0x800000000002b710	0x80010003	CELL_ENOSYS	1	no
b9fc7405f0afae1c767591e048f478154ba1e49ff65ab101f7bde3c3b9a8df03	0x8000000000352270	0x800000000002b720	0x80010003	CELL_ENOSYS	1	no
b9fc7405f0afae1c767591e048f478154ba1e49ff65ab101f7bde3c3b9a8df03	0x8000000000356908	0x80000000000579b8	0x80010003	CELL_ENOSYS	1	no
b9fc7405f0afae1c767591e048f478154ba1e49ff65ab101f7bde3c3b9a8df03	0x8000000000357be0	0x8000000000062258	0x80010037	CELL_ENOTSUP	1	no
b9fc7405f0afae1c767591e048f478154ba1e49ff65ab101f7bde3c3b9a8df03	0x8000000000363088	0x80000000000d6d68	0x80010003	CELL_ENOSYS	1	no
b9fc7405f0afae1c767591e048f478154ba1e49ff65ab101f7bde3c3b9a8df03	0x80000000003630a0	0x80000000000d6d78	0x80010003	CELL_ENOSYS	1	no
b9fc7405f0afae1c767591e048f478154ba1e49ff65ab101f7bde3c3b9a8df03	0x80000000003630b8	0x80000000000d6d88	0x80010003	CELL_ENOSYS	1	no
b9fc7405f0afae1c767591e048f478154ba1e49ff65ab101f7bde3c3b9a8df03	0x80000000003630d0	0x80000000000d6d98	0x80010003	CELL_ENOSYS	1	no
b9fc7405f0afae1c767591e048f478154ba1e49ff65ab101f7bde3c3b9a8df03	0x80000000003856a8	0x800000000020d500	0x80010037	CELL_ENOTSUP	1	no
b9fc7405f0afae1c767591e048f478154ba1e49ff65ab101f7bde3c3b9a8df03	0x800000000039ba10	0x80000000002f10d8	0x80010003	CELL_ENOSYS	466	yes
b9fc7405f0afae1c767591e048f478154ba1e49ff65ab101f7bde3c3b9a8df03	0x800000000039ba28	0x80000000002f10e8	0x8001002b	CELL_EIO	1	no
bc94bd849036b596735d1ea577562baa1562c5bfe40bfc59397e33a1ad0380f7	0x800000000030ab88	0x800000000004963c	0x80010003	CELL_ENOSYS	1	no
bc94bd849036b596735d1ea577562baa1562c5bfe40bfc59397e33a1ad0380f7	0x800000000030bba8	0x80000000000511e0	0x80010002	CELL_EINVAL	1	no
bc94bd849036b596735d1ea577562baa1562c5bfe40bfc59397e33a1ad0380f7	0x800000000030bbc0	0x80000000000511ec	0x80010002	CELL_EINVAL	1	no
bc94bd849036b596735d1ea577562baa1562c5bfe40bfc59397e33a1ad0380f7	0x800000000031ba30	0x80000000000ed77c	0x80010003	CELL_ENOSYS	1	no
bc94bd849036b596735d1ea577562baa1562c5bfe40bfc59397e33a1ad0380f7	0x800000000031ba48	0x80000000000ed788	0x80010003	CELL_ENOSYS	1	no
bc94bd849036b596735d1ea577562baa1562c5bfe40bfc59397e33a1ad0380f7	0x800000000031ba60	0x80000000000ed794	0x80010003	CELL_ENOSYS	1	no
bc94bd849036b596735d1ea577562baa1562c5bfe40bfc59397e33a1ad0380f7	0x800000000031ba78	0x80000000000ed7a0	0x80010003	CELL_ENOSYS	1	no
bc94bd849036b596735d1ea577562baa1562c5bfe40bfc59397e33a1ad0380f7	0x800000000031ba90	0x80000000000ed7ac	0x80010003	CELL_ENOSYS	1	no
bc94bd849036b596735d1ea577562baa1562c5bfe40bfc59397e33a1ad0380f7	0x800000000031baa8	0x80000000000ed7b8	0x80010003	CELL_ENOSYS	1	no
bc94bd849036b596735d1ea577562baa1562c5bfe40bfc59397e33a1ad0380f7	0x800000000033ebf0	0x800000000026d2a0	0x80010003	CELL_ENOSYS	392	yes
bc94bd849036b596735d1ea577562baa1562c5bfe40bfc59397e33a1ad0380f7	0x800000000033ec50	0x800000000026d588	0x8001002b	CELL_EIO	1	no
bc94bd849036b596735d1ea577562baa1562c5bfe40bfc59397e33a1ad0380f7	0x8000000000342f58	0x8000000000299a64	0x80010037	CELL_ENOTSUP	1	no
bf72555afb6442c3227aefb34bd3567bc4e26e2a8a2ba4814fa5e1cec6150ea2	0x80000000002bfc28	0x8000000000017d70	0x80010003	CELL_ENOSYS	1	no
bf72555afb6442c3227aefb34bd3567bc4e26e2a8a2ba4814fa5e1cec6150ea2	0x80000000002bfc40	0x8000000000017d7c	0x80010003	CELL_ENOSYS	1	no
bf72555afb6442c3227aefb34bd3567bc4e26e2a8a2ba4814fa5e1cec6150ea2	0x80000000002bfc58	0x8000000000017d88	0x80010003	CELL_ENOSYS	1	no
bf72555afb6442c3227aefb34bd3567bc4e26e2a8a2ba4814fa5e1cec6150ea2	0x80000000002bfc70	0x8000000000017d94	0x80010003	CELL_ENOSYS	1	no
bf72555afb6442c3227aefb34bd3567bc4e26e2a8a2ba4814fa5e1cec6150ea2	0x80000000002bfc88	0x8000000000017da0	0x80010003	CELL_ENOSYS	1	no
bf72555afb6442c3227aefb34bd3567bc4e26e2a8a2ba4814fa5e1cec6150ea2	0x80000000002bfca0	0x8000000000017dac	0x80010003	CELL_ENOSYS	1	no
bf72555afb6442c3227aefb34bd3567bc4e26e2a8a2ba4814fa5e1cec6150ea2	0x80000000002c46b0	0x80000000000420c4	0x80010003	CELL_ENOSYS	1	no
bf72555afb6442c3227aefb34bd3567bc4e26e2a8a2ba4814fa5e1cec6150ea2	0x80000000002c5880	0x800000000004c0a8	0x80010037	CELL_ENOTSUP	1	no
bf72555afb6442c3227aefb34bd3567bc4e26e2a8a2ba4814fa5e1cec6150ea2	0x80000000002d0de8	0x80000000000c2eac	0x80010003	CELL_ENOSYS	1	no
bf72555afb6442c3227aefb34bd3567bc4e26e2a8a2ba4814fa5e1cec6150ea2	0x80000000002d0e00	0x80000000000c2eb8	0x80010003	CELL_ENOSYS	1	no
bf72555afb6442c3227aefb34bd3567bc4e26e2a8a2ba4814fa5e1cec6150ea2	0x80000000002d0e18	0x80000000000c2ec4	0x80010003	CELL_ENOSYS	1	no
bf72555afb6442c3227aefb34bd3567bc4e26e2a8a2ba4814fa5e1cec6150ea2	0x80000000002d0e30	0x80000000000c2ed0	0x80010003	CELL_ENOSYS	1	no
bf72555afb6442c3227aefb34bd3567bc4e26e2a8a2ba4814fa5e1cec6150ea2	0x80000000002d8060	0x80000000000ff94c	0x80010003	CELL_ENOSYS	1	no
bf72555afb6442c3227aefb34bd3567bc4e26e2a8a2ba4814fa5e1cec6150ea2	0x80000000002d8078	0x80000000000ff958	0x80010003	CELL_ENOSYS	1	no
bf72555afb6442c3227aefb34bd3567bc4e26e2a8a2ba4814fa5e1cec6150ea2	0x80000000002d8090	0x80000000000ff964	0x80010003	CELL_ENOSYS	1	no
bf72555afb6442c3227aefb34bd3567bc4e26e2a8a2ba4814fa5e1cec6150ea2	0x80000000002d80a8	0x80000000000ff970	0x80010003	CELL_ENOSYS	1	no
bf72555afb6442c3227aefb34bd3567bc4e26e2a8a2ba4814fa5e1cec6150ea2	0x80000000002d80c0	0x80000000000ff97c	0x80010003	CELL_ENOSYS	1	no
bf72555afb6442c3227aefb34bd3567bc4e26e2a8a2ba4814fa5e1cec6150ea2	0x80000000002d80d8	0x80000000000ff988	0x80010003	CELL_ENOSYS	1	no
bf72555afb6442c3227aefb34bd3567bc4e26e2a8a2ba4814fa5e1cec6150ea2	0x80000000002e5350	0x80000000001948e0	0x80010037	CELL_ENOTSUP	1	no
bf72555afb6442c3227aefb34bd3567bc4e26e2a8a2ba4814fa5e1cec6150ea2	0x80000000002fa4a0	0x8000000000265fa4	0x80010003	CELL_ENOSYS	445	yes
bf72555afb6442c3227aefb34bd3567bc4e26e2a8a2ba4814fa5e1cec6150ea2	0x80000000002fa4b8	0x8000000000265fb0	0x8001002b	CELL_EIO	1	no
c08bbaaba2063b432a9253eec8f7fbc3a57e57478f98a7508a6cab54cb150f65	0x800000000030ab88	0x800000000004963c	0x80010003	CELL_ENOSYS	1	no
c08bbaaba2063b432a9253eec8f7fbc3a57e57478f98a7508a6cab54cb150f65	0x800000000030bba8	0x80000000000511e0	0x80010002	CELL_EINVAL	1	no
c08bbaaba2063b432a9253eec8f7fbc3a57e57478f98a7508a6cab54cb150f65	0x800000000030bbc0	0x80000000000511ec	0x80010002	CELL_EINVAL	1	no
c08bbaaba2063b432a9253eec8f7fbc3a57e57478f98a7508a6cab54cb150f65	0x800000000031ba30	0x80000000000ed77c	0x80010003	CELL_ENOSYS	1	no
c08bbaaba2063b432a9253eec8f7fbc3a57e57478f98a7508a6cab54cb150f65	0x800000000031ba48	0x80000000000ed788	0x80010003	CELL_ENOSYS	1	no
c08bbaaba2063b432a9253eec8f7fbc3a57e57478f98a7508a6cab54cb150f65	0x800000000031ba60	0x80000000000ed794	0x80010003	CELL_ENOSYS	1	no
c08bbaaba2063b432a9253eec8f7fbc3a57e57478f98a7508a6cab54cb150f65	0x800000000031ba78	0x80000000000ed7a0	0x80010003	CELL_ENOSYS	1	no
c08bbaaba2063b432a9253eec8f7fbc3a57e57478f98a7508a6cab54cb150f65	0x800000000031ba90	0x80000000000ed7ac	0x80010003	CELL_ENOSYS	1	no
c08bbaaba2063b432a9253eec8f7fbc3a57e57478f98a7508a6cab54cb150f65	0x800000000031baa8	0x80000000000ed7b8	0x80010003	CELL_ENOSYS	1	no
c08bbaaba2063b432a9253eec8f7fbc3a57e57478f98a7508a6cab54cb150f65	0x800000000033ebf0	0x800000000026d2a0	0x80010003	CELL_ENOSYS	392	yes
c08bbaaba2063b432a9253eec8f7fbc3a57e57478f98a7508a6cab54cb150f65	0x800000000033ec50	0x800000000026d588	0x8001002b	CELL_EIO	1	no
c08bbaaba2063b432a9253eec8f7fbc3a57e57478f98a7508a6cab54cb150f65	0x8000000000342f58	0x8000000000299a64	0x80010037	CELL_ENOTSUP	1	no
d16a0c1d3dd35518767fd56ca120fa1caedc74005d5251fe117a501593347433	0x8000000000362950	0x8000000000050980	0x80010003	CELL_ENOSYS	1	no
d16a0c1d3dd35518767fd56ca120fa1caedc74005d5251fe117a501593347433	0x800000000036fbf8	0x80000000000dff54	0x80010003	CELL_ENOSYS	1	no
d16a0c1d3dd35518767fd56ca120fa1caedc74005d5251fe117a501593347433	0x800000000036fc10	0x80000000000dff60	0x80010003	CELL_ENOSYS	1	no
d16a0c1d3dd35518767fd56ca120fa1caedc74005d5251fe117a501593347433	0x800000000036fc28	0x80000000000dff6c	0x80010003	CELL_ENOSYS	1	no
d16a0c1d3dd35518767fd56ca120fa1caedc74005d5251fe117a501593347433	0x800000000036fc40	0x80000000000dff78	0x80010003	CELL_ENOSYS	1	no
d16a0c1d3dd35518767fd56ca120fa1caedc74005d5251fe117a501593347433	0x80000000003905c8	0x8000000000218bb0	0x80010037	CELL_ENOTSUP	1	no
d16a0c1d3dd35518767fd56ca120fa1caedc74005d5251fe117a501593347433	0x80000000003a6030	0x80000000002f0d44	0x80010003	CELL_ENOSYS	466	yes
d16a0c1d3dd35518767fd56ca120fa1caedc74005d5251fe117a501593347433	0x80000000003a6060	0x80000000002f0d84	0x8001002b	CELL_EIO	1	no
d18356dc4230b5f6a5ea27e34569d54ade622132b5347302bc8fd42e0f85790e	0x8000000000358920	0x8000000000027240	0x80010003	CELL_ENOSYS	1	no
d18356dc4230b5f6a5ea27e34569d54ade622132b5347302bc8fd42e0f85790e	0x8000000000358938	0x8000000000027250	0x80010003	CELL_ENOSYS	1	no
d18356dc4230b5f6a5ea27e34569d54ade622132b5347302bc8fd42e0f85790e	0x8000000000358950	0x8000000000027260	0x80010003	CELL_ENOSYS	1	no
d18356dc4230b5f6a5ea27e34569d54ade622132b5347302bc8fd42e0f85790e	0x8000000000358968	0x8000000000027270	0x80010003	CELL_ENOSYS	1	no
d18356dc4230b5f6a5ea27e34569d54ade622132b5347302bc8fd42e0f85790e	0x8000000000358980	0x8000000000027280	0x80010003	CELL_ENOSYS	1	no
d18356dc4230b5f6a5ea27e34569d54ade622132b5347302bc8fd42e0f85790e	0x8000000000358998	0x8000000000027290	0x80010003	CELL_ENOSYS	1	no
d18356dc4230b5f6a5ea27e34569d54ade622132b5347302bc8fd42e0f85790e	0x800000000035cfd0	0x8000000000052c88	0x80010003	CELL_ENOSYS	1	no
d18356dc4230b5f6a5ea27e34569d54ade622132b5347302bc8fd42e0f85790e	0x8000000000369b28	0x80000000000d7708	0x80010003	CELL_ENOSYS	1	no
d18356dc4230b5f6a5ea27e34569d54ade622132b5347302bc8fd42e0f85790e	0x8000000000369b40	0x80000000000d7718	0x80010003	CELL_ENOSYS	1	no
d18356dc4230b5f6a5ea27e34569d54ade622132b5347302bc8fd42e0f85790e	0x8000000000369b58	0x80000000000d7728	0x80010003	CELL_ENOSYS	1	no
d18356dc4230b5f6a5ea27e34569d54ade622132b5347302bc8fd42e0f85790e	0x8000000000369b70	0x80000000000d7738	0x80010003	CELL_ENOSYS	1	no
d18356dc4230b5f6a5ea27e34569d54ade622132b5347302bc8fd42e0f85790e	0x800000000038b9b0	0x800000000020d9d0	0x80010037	CELL_ENOTSUP	1	no
d18356dc4230b5f6a5ea27e34569d54ade622132b5347302bc8fd42e0f85790e	0x80000000003a1460	0x80000000002eb8f8	0x80010003	CELL_ENOSYS	475	yes
d18356dc4230b5f6a5ea27e34569d54ade622132b5347302bc8fd42e0f85790e	0x80000000003a1478	0x80000000002eb908	0x8001002b	CELL_EIO	1	no
d73277de2c7df4e35c9a522541da88edb1578c1fcd928365907d0a0868ba16a1	0x8000000000303940	0x80000000000493dc	0x80010003	CELL_ENOSYS	1	no
d73277de2c7df4e35c9a522541da88edb1578c1fcd928365907d0a0868ba16a1	0x8000000000304ae0	0x80000000000520bc	0x80010002	CELL_EINVAL	1	no
d73277de2c7df4e35c9a522541da88edb1578c1fcd928365907d0a0868ba16a1	0x8000000000304af8	0x80000000000520c8	0x80010002	CELL_EINVAL	1	no
d73277de2c7df4e35c9a522541da88edb1578c1fcd928365907d0a0868ba16a1	0x8000000000314c98	0x80000000000efb24	0x80010003	CELL_ENOSYS	1	no
d73277de2c7df4e35c9a522541da88edb1578c1fcd928365907d0a0868ba16a1	0x8000000000314cb0	0x80000000000efb30	0x80010003	CELL_ENOSYS	1	no
d73277de2c7df4e35c9a522541da88edb1578c1fcd928365907d0a0868ba16a1	0x8000000000314cc8	0x80000000000efb3c	0x80010003	CELL_ENOSYS	1	no
d73277de2c7df4e35c9a522541da88edb1578c1fcd928365907d0a0868ba16a1	0x8000000000314ce0	0x80000000000efb48	0x80010003	CELL_ENOSYS	1	no
d73277de2c7df4e35c9a522541da88edb1578c1fcd928365907d0a0868ba16a1	0x8000000000314cf8	0x80000000000efb54	0x80010003	CELL_ENOSYS	1	no
d73277de2c7df4e35c9a522541da88edb1578c1fcd928365907d0a0868ba16a1	0x8000000000314d10	0x80000000000efb60	0x80010003	CELL_ENOSYS	1	no
d73277de2c7df4e35c9a522541da88edb1578c1fcd928365907d0a0868ba16a1	0x80000000003244c0	0x80000000001aef4c	0x80010037	CELL_ENOTSUP	1	no
d73277de2c7df4e35c9a522541da88edb1578c1fcd928365907d0a0868ba16a1	0x800000000033bf98	0x800000000029db3c	0x80010003	CELL_ENOSYS	392	yes
d73277de2c7df4e35c9a522541da88edb1578c1fcd928365907d0a0868ba16a1	0x800000000033bff8	0x800000000029ddbc	0x8001002b	CELL_EIO	1	no
d98c1f9499bb0a475d25dae08ce2e4737f572830861292f6238f000b17ad1350	0x80000000002f4e60	0x8000000000048f90	0x80010003	CELL_ENOSYS	1	no
d98c1f9499bb0a475d25dae08ce2e4737f572830861292f6238f000b17ad1350	0x80000000002f5fd0	0x8000000000051b5c	0x80010002	CELL_EINVAL	1	no
d98c1f9499bb0a475d25dae08ce2e4737f572830861292f6238f000b17ad1350	0x80000000002f5fe8	0x8000000000051b68	0x80010002	CELL_EINVAL	1	no
d98c1f9499bb0a475d25dae08ce2e4737f572830861292f6238f000b17ad1350	0x8000000000305ee8	0x80000000000ed1e4	0x80010003	CELL_ENOSYS	1	no
d98c1f9499bb0a475d25dae08ce2e4737f572830861292f6238f000b17ad1350	0x8000000000305f00	0x80000000000ed1f0	0x80010003	CELL_ENOSYS	1	no
d98c1f9499bb0a475d25dae08ce2e4737f572830861292f6238f000b17ad1350	0x8000000000305f18	0x80000000000ed1fc	0x80010003	CELL_ENOSYS	1	no
d98c1f9499bb0a475d25dae08ce2e4737f572830861292f6238f000b17ad1350	0x8000000000305f30	0x80000000000ed208	0x80010003	CELL_ENOSYS	1	no
d98c1f9499bb0a475d25dae08ce2e4737f572830861292f6238f000b17ad1350	0x8000000000305f48	0x80000000000ed214	0x80010003	CELL_ENOSYS	1	no
d98c1f9499bb0a475d25dae08ce2e4737f572830861292f6238f000b17ad1350	0x8000000000305f60	0x80000000000ed220	0x80010003	CELL_ENOSYS	1	no
d98c1f9499bb0a475d25dae08ce2e4737f572830861292f6238f000b17ad1350	0x8000000000314150	0x800000000018de44	0x80010037	CELL_ENOTSUP	1	no
d98c1f9499bb0a475d25dae08ce2e4737f572830861292f6238f000b17ad1350	0x800000000032c858	0x8000000000291548	0x80010003	CELL_ENOSYS	394	yes
d98c1f9499bb0a475d25dae08ce2e4737f572830861292f6238f000b17ad1350	0x800000000032c8b8	0x80000000002917c8	0x8001002b	CELL_EIO	1	no
db521e37c593dca358a0b93c029871890a4d101d7d0d216dbc516b74952f1c56	0x80000000002ce4a8	0x8000000000017db8	0x80010003	CELL_ENOSYS	1	no
db521e37c593dca358a0b93c029871890a4d101d7d0d216dbc516b74952f1c56	0x80000000002ce4c0	0x8000000000017dc4	0x80010003	CELL_ENOSYS	1	no
db521e37c593dca358a0b93c029871890a4d101d7d0d216dbc516b74952f1c56	0x80000000002ce4d8	0x8000000000017dd0	0x80010003	CELL_ENOSYS	1	no
db521e37c593dca358a0b93c029871890a4d101d7d0d216dbc516b74952f1c56	0x80000000002ce4f0	0x8000000000017ddc	0x80010003	CELL_ENOSYS	1	no
db521e37c593dca358a0b93c029871890a4d101d7d0d216dbc516b74952f1c56	0x80000000002ce508	0x8000000000017de8	0x80010003	CELL_ENOSYS	1	no
db521e37c593dca358a0b93c029871890a4d101d7d0d216dbc516b74952f1c56	0x80000000002ce520	0x8000000000017df4	0x80010003	CELL_ENOSYS	1	no
db521e37c593dca358a0b93c029871890a4d101d7d0d216dbc516b74952f1c56	0x80000000002d2f48	0x8000000000041f10	0x80010003	CELL_ENOSYS	1	no
db521e37c593dca358a0b93c029871890a4d101d7d0d216dbc516b74952f1c56	0x80000000002d4118	0x800000000004bd54	0x80010037	CELL_ENOTSUP	1	no
db521e37c593dca358a0b93c029871890a4d101d7d0d216dbc516b74952f1c56	0x80000000002e0058	0x80000000000c9b9c	0x80010003	CELL_ENOSYS	1	no
db521e37c593dca358a0b93c029871890a4d101d7d0d216dbc516b74952f1c56	0x80000000002e0070	0x80000000000c9ba8	0x80010003	CELL_ENOSYS	1	no
db521e37c593dca358a0b93c029871890a4d101d7d0d216dbc516b74952f1c56	0x80000000002e0088	0x80000000000c9bb4	0x80010003	CELL_ENOSYS	1	no
db521e37c593dca358a0b93c029871890a4d101d7d0d216dbc516b74952f1c56	0x80000000002e00a0	0x80000000000c9bc0	0x80010003	CELL_ENOSYS	1	no
db521e37c593dca358a0b93c029871890a4d101d7d0d216dbc516b74952f1c56	0x80000000002e7978	0x800000000010a400	0x80010003	CELL_ENOSYS	1	no
db521e37c593dca358a0b93c029871890a4d101d7d0d216dbc516b74952f1c56	0x80000000002e7990	0x800000000010a40c	0x80010003	CELL_ENOSYS	1	no
db521e37c593dca358a0b93c029871890a4d101d7d0d216dbc516b74952f1c56	0x80000000002e79a8	0x800000000010a418	0x80010003	CELL_ENOSYS	1	no
db521e37c593dca358a0b93c029871890a4d101d7d0d216dbc516b74952f1c56	0x80000000002e79c0	0x800000000010a424	0x80010003	CELL_ENOSYS	1	no
db521e37c593dca358a0b93c029871890a4d101d7d0d216dbc516b74952f1c56	0x80000000002e79d8	0x800000000010a430	0x80010003	CELL_ENOSYS	1	no
db521e37c593dca358a0b93c029871890a4d101d7d0d216dbc516b74952f1c56	0x80000000002e79f0	0x800000000010a43c	0x80010003	CELL_ENOSYS	1	no
db521e37c593dca358a0b93c029871890a4d101d7d0d216dbc516b74952f1c56	0x80000000002f4cc8	0x80000000001a1fd0	0x80010037	CELL_ENOTSUP	1	no
db521e37c593dca358a0b93c029871890a4d101d7d0d216dbc516b74952f1c56	0x8000000000309ed8	0x8000000000273a18	0x80010003	CELL_ENOSYS	436	yes
db521e37c593dca358a0b93c029871890a4d101d7d0d216dbc516b74952f1c56	0x8000000000309ef0	0x8000000000273a24	0x8001002b	CELL_EIO	1	no
dcfafbbeb8dba8ecf36d36e18bbf78a700094dedd63b8b55920886c9fac20bd1	0x8000000000302f48	0x800000000004939c	0x80010003	CELL_ENOSYS	1	no
dcfafbbeb8dba8ecf36d36e18bbf78a700094dedd63b8b55920886c9fac20bd1	0x80000000003040e8	0x800000000005207c	0x80010002	CELL_EINVAL	1	no
dcfafbbeb8dba8ecf36d36e18bbf78a700094dedd63b8b55920886c9fac20bd1	0x8000000000304100	0x8000000000052088	0x80010002	CELL_EINVAL	1	no
dcfafbbeb8dba8ecf36d36e18bbf78a700094dedd63b8b55920886c9fac20bd1	0x80000000003142a0	0x80000000000efb20	0x80010003	CELL_ENOSYS	1	no
dcfafbbeb8dba8ecf36d36e18bbf78a700094dedd63b8b55920886c9fac20bd1	0x80000000003142b8	0x80000000000efb2c	0x80010003	CELL_ENOSYS	1	no
dcfafbbeb8dba8ecf36d36e18bbf78a700094dedd63b8b55920886c9fac20bd1	0x80000000003142d0	0x80000000000efb38	0x80010003	CELL_ENOSYS	1	no
dcfafbbeb8dba8ecf36d36e18bbf78a700094dedd63b8b55920886c9fac20bd1	0x80000000003142e8	0x80000000000efb44	0x80010003	CELL_ENOSYS	1	no
dcfafbbeb8dba8ecf36d36e18bbf78a700094dedd63b8b55920886c9fac20bd1	0x8000000000314300	0x80000000000efb50	0x80010003	CELL_ENOSYS	1	no
dcfafbbeb8dba8ecf36d36e18bbf78a700094dedd63b8b55920886c9fac20bd1	0x8000000000314318	0x80000000000efb5c	0x80010003	CELL_ENOSYS	1	no
dcfafbbeb8dba8ecf36d36e18bbf78a700094dedd63b8b55920886c9fac20bd1	0x8000000000323a68	0x80000000001aebe4	0x80010037	CELL_ENOTSUP	1	no
dcfafbbeb8dba8ecf36d36e18bbf78a700094dedd63b8b55920886c9fac20bd1	0x800000000033b528	0x800000000029d578	0x80010003	CELL_ENOSYS	392	yes
dcfafbbeb8dba8ecf36d36e18bbf78a700094dedd63b8b55920886c9fac20bd1	0x800000000033b588	0x800000000029d7f8	0x8001002b	CELL_EIO	1	no
e35c77ae5688a19a2dec923258165cffd748212b93196432ae5ea401ca4f0fbe	0x80000000002bfca8	0x8000000000017d74	0x80010003	CELL_ENOSYS	1	no
e35c77ae5688a19a2dec923258165cffd748212b93196432ae5ea401ca4f0fbe	0x80000000002bfcc0	0x8000000000017d80	0x80010003	CELL_ENOSYS	1	no
e35c77ae5688a19a2dec923258165cffd748212b93196432ae5ea401ca4f0fbe	0x80000000002bfcd8	0x8000000000017d8c	0x80010003	CELL_ENOSYS	1	no
e35c77ae5688a19a2dec923258165cffd748212b93196432ae5ea401ca4f0fbe	0x80000000002bfcf0	0x8000000000017d98	0x80010003	CELL_ENOSYS	1	no
e35c77ae5688a19a2dec923258165cffd748212b93196432ae5ea401ca4f0fbe	0x80000000002bfd08	0x8000000000017da4	0x80010003	CELL_ENOSYS	1	no
e35c77ae5688a19a2dec923258165cffd748212b93196432ae5ea401ca4f0fbe	0x80000000002bfd20	0x8000000000017db0	0x80010003	CELL_ENOSYS	1	no
e35c77ae5688a19a2dec923258165cffd748212b93196432ae5ea401ca4f0fbe	0x80000000002c4730	0x80000000000420c8	0x80010003	CELL_ENOSYS	1	no
e35c77ae5688a19a2dec923258165cffd748212b93196432ae5ea401ca4f0fbe	0x80000000002c5900	0x800000000004c0ac	0x80010037	CELL_ENOTSUP	1	no
e35c77ae5688a19a2dec923258165cffd748212b93196432ae5ea401ca4f0fbe	0x80000000002d0e68	0x80000000000c2eb0	0x80010003	CELL_ENOSYS	1	no
e35c77ae5688a19a2dec923258165cffd748212b93196432ae5ea401ca4f0fbe	0x80000000002d0e80	0x80000000000c2ebc	0x80010003	CELL_ENOSYS	1	no
e35c77ae5688a19a2dec923258165cffd748212b93196432ae5ea401ca4f0fbe	0x80000000002d0e98	0x80000000000c2ec8	0x80010003	CELL_ENOSYS	1	no
e35c77ae5688a19a2dec923258165cffd748212b93196432ae5ea401ca4f0fbe	0x80000000002d0eb0	0x80000000000c2ed4	0x80010003	CELL_ENOSYS	1	no
e35c77ae5688a19a2dec923258165cffd748212b93196432ae5ea401ca4f0fbe	0x80000000002d80e0	0x80000000000ff950	0x80010003	CELL_ENOSYS	1	no
e35c77ae5688a19a2dec923258165cffd748212b93196432ae5ea401ca4f0fbe	0x80000000002d80f8	0x80000000000ff95c	0x80010003	CELL_ENOSYS	1	no
e35c77ae5688a19a2dec923258165cffd748212b93196432ae5ea401ca4f0fbe	0x80000000002d8110	0x80000000000ff968	0x80010003	CELL_ENOSYS	1	no
e35c77ae5688a19a2dec923258165cffd748212b93196432ae5ea401ca4f0fbe	0x80000000002d8128	0x80000000000ff974	0x80010003	CELL_ENOSYS	1	no
e35c77ae5688a19a2dec923258165cffd748212b93196432ae5ea401ca4f0fbe	0x80000000002d8140	0x80000000000ff980	0x80010003	CELL_ENOSYS	1	no
e35c77ae5688a19a2dec923258165cffd748212b93196432ae5ea401ca4f0fbe	0x80000000002d8158	0x80000000000ff98c	0x80010003	CELL_ENOSYS	1	no
e35c77ae5688a19a2dec923258165cffd748212b93196432ae5ea401ca4f0fbe	0x80000000002e53d0	0x80000000001948e4	0x80010037	CELL_ENOTSUP	1	no
e35c77ae5688a19a2dec923258165cffd748212b93196432ae5ea401ca4f0fbe	0x80000000002fa520	0x8000000000265fa8	0x80010003	CELL_ENOSYS	445	yes
e35c77ae5688a19a2dec923258165cffd748212b93196432ae5ea401ca4f0fbe	0x80000000002fa538	0x8000000000265fb4	0x8001002b	CELL_EIO	1	no
e72405edbff0fec23bc4761e131848670d797caf37c5c5e7b40e9fa3d7ac6659	0x8000000000301ce0	0x800000000004939c	0x80010003	CELL_ENOSYS	1	no
e72405edbff0fec23bc4761e131848670d797caf37c5c5e7b40e9fa3d7ac6659	0x8000000000302e50	0x8000000000051f68	0x80010002	CELL_EINVAL	1	no
e72405edbff0fec23bc4761e131848670d797caf37c5c5e7b40e9fa3d7ac6659	0x8000000000302e68	0x8000000000051f74	0x80010002	CELL_EINVAL	1	no
e72405edbff0fec23bc4761e131848670d797caf37c5c5e7b40e9fa3d7ac6659	0x8000000000313008	0x80000000000ef9fc	0x80010003	CELL_ENOSYS	1	no
e72405edbff0fec23bc4761e131848670d797caf37c5c5e7b40e9fa3d7ac6659	0x8000000000313020	0x80000000000efa08	0x80010003	CELL_ENOSYS	1	no
e72405edbff0fec23bc4761e131848670d797caf37c5c5e7b40e9fa3d7ac6659	0x8000000000313038	0x80000000000efa14	0x80010003	CELL_ENOSYS	1	no
e72405edbff0fec23bc4761e131848670d797caf37c5c5e7b40e9fa3d7ac6659	0x8000000000313050	0x80000000000efa20	0x80010003	CELL_ENOSYS	1	no
e72405edbff0fec23bc4761e131848670d797caf37c5c5e7b40e9fa3d7ac6659	0x8000000000313068	0x80000000000efa2c	0x80010003	CELL_ENOSYS	1	no
e72405edbff0fec23bc4761e131848670d797caf37c5c5e7b40e9fa3d7ac6659	0x8000000000313080	0x80000000000efa38	0x80010003	CELL_ENOSYS	1	no
e72405edbff0fec23bc4761e131848670d797caf37c5c5e7b40e9fa3d7ac6659	0x8000000000322728	0x80000000001ae4b0	0x80010037	CELL_ENOTSUP	1	no
e72405edbff0fec23bc4761e131848670d797caf37c5c5e7b40e9fa3d7ac6659	0x800000000033a110	0x800000000029c3c0	0x80010003	CELL_ENOSYS	392	yes
e72405edbff0fec23bc4761e131848670d797caf37c5c5e7b40e9fa3d7ac6659	0x800000000033a170	0x800000000029c640	0x8001002b	CELL_EIO	1	no
e953cc7b11d9095baf678cc7a5d4214b623383589593848e3e5e18e91df24027	0x8000000000343970	0x800000000004d618	0x80010003	CELL_ENOSYS	1	no
e953cc7b11d9095baf678cc7a5d4214b623383589593848e3e5e18e91df24027	0x8000000000350408	0x80000000000d8650	0x80010003	CELL_ENOSYS	1	no
e953cc7b11d9095baf678cc7a5d4214b623383589593848e3e5e18e91df24027	0x8000000000350420	0x80000000000d865c	0x80010003	CELL_ENOSYS	1	no
e953cc7b11d9095baf678cc7a5d4214b623383589593848e3e5e18e91df24027	0x8000000000350438	0x80000000000d8668	0x80010003	CELL_ENOSYS	1	no
e953cc7b11d9095baf678cc7a5d4214b623383589593848e3e5e18e91df24027	0x8000000000350450	0x80000000000d8674	0x80010003	CELL_ENOSYS	1	no
e953cc7b11d9095baf678cc7a5d4214b623383589593848e3e5e18e91df24027	0x800000000036f650	0x80000000002013b4	0x80010037	CELL_ENOTSUP	1	no
e953cc7b11d9095baf678cc7a5d4214b623383589593848e3e5e18e91df24027	0x8000000000384920	0x80000000002d6420	0x80010003	CELL_ENOSYS	497	yes
e953cc7b11d9095baf678cc7a5d4214b623383589593848e3e5e18e91df24027	0x8000000000384950	0x80000000002d6460	0x8001002b	CELL_EIO	1	no
ef033f897242237848eaffee97256a8998da8848e0c6cc05b68e6810a9110179	0x800000000030ab88	0x800000000004963c	0x80010003	CELL_ENOSYS	1	no
ef033f897242237848eaffee97256a8998da8848e0c6cc05b68e6810a9110179	0x800000000030bba8	0x80000000000511e0	0x80010002	CELL_EINVAL	1	no
ef033f897242237848eaffee97256a8998da8848e0c6cc05b68e6810a9110179	0x800000000030bbc0	0x80000000000511ec	0x80010002	CELL_EINVAL	1	no
ef033f897242237848eaffee97256a8998da8848e0c6cc05b68e6810a9110179	0x800000000031ba30	0x80000000000ed77c	0x80010003	CELL_ENOSYS	1	no
ef033f897242237848eaffee97256a8998da8848e0c6cc05b68e6810a9110179	0x800000000031ba48	0x80000000000ed788	0x80010003	CELL_ENOSYS	1	no
ef033f897242237848eaffee97256a8998da8848e0c6cc05b68e6810a9110179	0x800000000031ba60	0x80000000000ed794	0x80010003	CELL_ENOSYS	1	no
ef033f897242237848eaffee97256a8998da8848e0c6cc05b68e6810a9110179	0x800000000031ba78	0x80000000000ed7a0	0x80010003	CELL_ENOSYS	1	no
ef033f897242237848eaffee97256a8998da8848e0c6cc05b68e6810a9110179	0x800000000031ba90	0x80000000000ed7ac	0x80010003	CELL_ENOSYS	1	no
ef033f897242237848eaffee97256a8998da8848e0c6cc05b68e6810a9110179	0x800000000031baa8	0x80000000000ed7b8	0x80010003	CELL_ENOSYS	1	no
ef033f897242237848eaffee97256a8998da8848e0c6cc05b68e6810a9110179	0x800000000033ebf0	0x800000000026d2a0	0x80010003	CELL_ENOSYS	392	yes
ef033f897242237848eaffee97256a8998da8848e0c6cc05b68e6810a9110179	0x800000000033ec50	0x800000000026d588	0x8001002b	CELL_EIO	1	no
ef033f897242237848eaffee97256a8998da8848e0c6cc05b68e6810a9110179	0x8000000000342f58	0x8000000000299a64	0x80010037	CELL_ENOTSUP	1	no
ef754c4fe2ec4ac071c66c1b17bb5a66c9d0595898ad66b296c534d2a7860639	0x80000000003096a0	0x80000000000496a8	0x80010003	CELL_ENOSYS	1	no
ef754c4fe2ec4ac071c66c1b17bb5a66c9d0595898ad66b296c534d2a7860639	0x800000000030a6c0	0x800000000005124c	0x80010002	CELL_EINVAL	1	no
ef754c4fe2ec4ac071c66c1b17bb5a66c9d0595898ad66b296c534d2a7860639	0x800000000030a6d8	0x8000000000051258	0x80010002	CELL_EINVAL	1	no
ef754c4fe2ec4ac071c66c1b17bb5a66c9d0595898ad66b296c534d2a7860639	0x800000000031a770	0x80000000000eec2c	0x80010003	CELL_ENOSYS	1	no
ef754c4fe2ec4ac071c66c1b17bb5a66c9d0595898ad66b296c534d2a7860639	0x800000000031a788	0x80000000000eec38	0x80010003	CELL_ENOSYS	1	no
ef754c4fe2ec4ac071c66c1b17bb5a66c9d0595898ad66b296c534d2a7860639	0x800000000031a7a0	0x80000000000eec44	0x80010003	CELL_ENOSYS	1	no
ef754c4fe2ec4ac071c66c1b17bb5a66c9d0595898ad66b296c534d2a7860639	0x800000000031a7b8	0x80000000000eec50	0x80010003	CELL_ENOSYS	1	no
ef754c4fe2ec4ac071c66c1b17bb5a66c9d0595898ad66b296c534d2a7860639	0x800000000031a7d0	0x80000000000eec5c	0x80010003	CELL_ENOSYS	1	no
ef754c4fe2ec4ac071c66c1b17bb5a66c9d0595898ad66b296c534d2a7860639	0x800000000031a7e8	0x80000000000eec68	0x80010003	CELL_ENOSYS	1	no
ef754c4fe2ec4ac071c66c1b17bb5a66c9d0595898ad66b296c534d2a7860639	0x8000000000328378	0x80000000001a08b0	0x80010037	CELL_ENOTSUP	1	no
ef754c4fe2ec4ac071c66c1b17bb5a66c9d0595898ad66b296c534d2a7860639	0x800000000033e290	0x800000000027719c	0x80010003	CELL_ENOSYS	392	yes
ef754c4fe2ec4ac071c66c1b17bb5a66c9d0595898ad66b296c534d2a7860639	0x800000000033e2f0	0x8000000000277420	0x8001002b	CELL_EIO	1	no
efecc32768d26275f0990825e91e8e0fdde071d4aefe5a748b5a51e1e253f830	0x80000000002d60d8	0x8000000000017b24	0x80010003	CELL_ENOSYS	1	no
efecc32768d26275f0990825e91e8e0fdde071d4aefe5a748b5a51e1e253f830	0x80000000002d60f0	0x8000000000017b30	0x80010003	CELL_ENOSYS	1	no
efecc32768d26275f0990825e91e8e0fdde071d4aefe5a748b5a51e1e253f830	0x80000000002d6108	0x8000000000017b3c	0x80010003	CELL_ENOSYS	1	no
efecc32768d26275f0990825e91e8e0fdde071d4aefe5a748b5a51e1e253f830	0x80000000002d6120	0x8000000000017b48	0x80010003	CELL_ENOSYS	1	no
efecc32768d26275f0990825e91e8e0fdde071d4aefe5a748b5a51e1e253f830	0x80000000002d6138	0x8000000000017b54	0x80010003	CELL_ENOSYS	1	no
efecc32768d26275f0990825e91e8e0fdde071d4aefe5a748b5a51e1e253f830	0x80000000002d6150	0x8000000000017b60	0x80010003	CELL_ENOSYS	1	no
efecc32768d26275f0990825e91e8e0fdde071d4aefe5a748b5a51e1e253f830	0x80000000002dae48	0x8000000000044c4c	0x80010003	CELL_ENOSYS	1	no
efecc32768d26275f0990825e91e8e0fdde071d4aefe5a748b5a51e1e253f830	0x80000000002dc2a0	0x800000000004faf0	0x80010037	CELL_ENOTSUP	1	no
efecc32768d26275f0990825e91e8e0fdde071d4aefe5a748b5a51e1e253f830	0x80000000002e8228	0x80000000000cddf4	0x80010003	CELL_ENOSYS	1	no
efecc32768d26275f0990825e91e8e0fdde071d4aefe5a748b5a51e1e253f830	0x80000000002e8240	0x80000000000cde00	0x80010003	CELL_ENOSYS	1	no
efecc32768d26275f0990825e91e8e0fdde071d4aefe5a748b5a51e1e253f830	0x80000000002e8258	0x80000000000cde0c	0x80010003	CELL_ENOSYS	1	no
efecc32768d26275f0990825e91e8e0fdde071d4aefe5a748b5a51e1e253f830	0x80000000002e8270	0x80000000000cde18	0x80010003	CELL_ENOSYS	1	no
efecc32768d26275f0990825e91e8e0fdde071d4aefe5a748b5a51e1e253f830	0x80000000002efc38	0x800000000010f3fc	0x80010003	CELL_ENOSYS	1	no
efecc32768d26275f0990825e91e8e0fdde071d4aefe5a748b5a51e1e253f830	0x80000000002efc50	0x800000000010f408	0x80010003	CELL_ENOSYS	1	no
efecc32768d26275f0990825e91e8e0fdde071d4aefe5a748b5a51e1e253f830	0x80000000002efc68	0x800000000010f414	0x80010003	CELL_ENOSYS	1	no
efecc32768d26275f0990825e91e8e0fdde071d4aefe5a748b5a51e1e253f830	0x80000000002efc80	0x800000000010f420	0x80010003	CELL_ENOSYS	1	no
efecc32768d26275f0990825e91e8e0fdde071d4aefe5a748b5a51e1e253f830	0x80000000002efc98	0x800000000010f42c	0x80010003	CELL_ENOSYS	1	no
efecc32768d26275f0990825e91e8e0fdde071d4aefe5a748b5a51e1e253f830	0x80000000002efcb0	0x800000000010f438	0x80010003	CELL_ENOSYS	1	no
efecc32768d26275f0990825e91e8e0fdde071d4aefe5a748b5a51e1e253f830	0x80000000002fd1c8	0x80000000001a8ee8	0x80010037	CELL_ENOTSUP	1	no
efecc32768d26275f0990825e91e8e0fdde071d4aefe5a748b5a51e1e253f830	0x80000000003123f0	0x800000000027aa1c	0x80010003	CELL_ENOSYS	430	yes
efecc32768d26275f0990825e91e8e0fdde071d4aefe5a748b5a51e1e253f830	0x8000000000312450	0x800000000027ac9c	0x8001002b	CELL_EIO	1	no
f2d5fbef42107048aefa20bf38524b7adadb8ce8f4421a73940c44ffb658c8f6	0x80000000002f5718	0x8000000000017fb0	0x80010003	CELL_ENOSYS	1	no
f2d5fbef42107048aefa20bf38524b7adadb8ce8f4421a73940c44ffb658c8f6	0x80000000002f5730	0x8000000000017fbc	0x80010003	CELL_ENOSYS	1	no
f2d5fbef42107048aefa20bf38524b7adadb8ce8f4421a73940c44ffb658c8f6	0x80000000002f5748	0x8000000000017fc8	0x80010003	CELL_ENOSYS	1	no
f2d5fbef42107048aefa20bf38524b7adadb8ce8f4421a73940c44ffb658c8f6	0x80000000002f5760	0x8000000000017fd4	0x80010003	CELL_ENOSYS	1	no
f2d5fbef42107048aefa20bf38524b7adadb8ce8f4421a73940c44ffb658c8f6	0x80000000002f5778	0x8000000000017fe0	0x80010003	CELL_ENOSYS	1	no
f2d5fbef42107048aefa20bf38524b7adadb8ce8f4421a73940c44ffb658c8f6	0x80000000002f5790	0x8000000000017fec	0x80010003	CELL_ENOSYS	1	no
f2d5fbef42107048aefa20bf38524b7adadb8ce8f4421a73940c44ffb658c8f6	0x80000000002fa638	0x8000000000046ebc	0x80010003	CELL_ENOSYS	1	no
f2d5fbef42107048aefa20bf38524b7adadb8ce8f4421a73940c44ffb658c8f6	0x80000000002fbb20	0x8000000000052420	0x80010002	CELL_EINVAL	1	no
f2d5fbef42107048aefa20bf38524b7adadb8ce8f4421a73940c44ffb658c8f6	0x80000000002fbb38	0x800000000005242c	0x80010002	CELL_EINVAL	1	no
f2d5fbef42107048aefa20bf38524b7adadb8ce8f4421a73940c44ffb658c8f6	0x80000000002fbb50	0x8000000000052438	0x80010037	CELL_ENOTSUP	1	no
f2d5fbef42107048aefa20bf38524b7adadb8ce8f4421a73940c44ffb658c8f6	0x8000000000306ed8	0x80000000000cfe0c	0x80010003	CELL_ENOSYS	1	no
f2d5fbef42107048aefa20bf38524b7adadb8ce8f4421a73940c44ffb658c8f6	0x8000000000306ef0	0x80000000000cfe18	0x80010003	CELL_ENOSYS	1	no
f2d5fbef42107048aefa20bf38524b7adadb8ce8f4421a73940c44ffb658c8f6	0x8000000000306f08	0x80000000000cfe24	0x80010003	CELL_ENOSYS	1	no
f2d5fbef42107048aefa20bf38524b7adadb8ce8f4421a73940c44ffb658c8f6	0x8000000000306f20	0x80000000000cfe30	0x80010003	CELL_ENOSYS	1	no
f2d5fbef42107048aefa20bf38524b7adadb8ce8f4421a73940c44ffb658c8f6	0x800000000030ecc0	0x8000000000115384	0x80010003	CELL_ENOSYS	1	no
f2d5fbef42107048aefa20bf38524b7adadb8ce8f4421a73940c44ffb658c8f6	0x800000000030ecd8	0x8000000000115390	0x80010003	CELL_ENOSYS	1	no
f2d5fbef42107048aefa20bf38524b7adadb8ce8f4421a73940c44ffb658c8f6	0x800000000030ecf0	0x800000000011539c	0x80010003	CELL_ENOSYS	1	no
f2d5fbef42107048aefa20bf38524b7adadb8ce8f4421a73940c44ffb658c8f6	0x800000000030ed08	0x80000000001153a8	0x80010003	CELL_ENOSYS	1	no
f2d5fbef42107048aefa20bf38524b7adadb8ce8f4421a73940c44ffb658c8f6	0x800000000030ed20	0x80000000001153b4	0x80010003	CELL_ENOSYS	1	no
f2d5fbef42107048aefa20bf38524b7adadb8ce8f4421a73940c44ffb658c8f6	0x800000000030ed38	0x80000000001153c0	0x80010003	CELL_ENOSYS	1	no
f2d5fbef42107048aefa20bf38524b7adadb8ce8f4421a73940c44ffb658c8f6	0x800000000031cb68	0x80000000001b3a10	0x80010037	CELL_ENOTSUP	1	no
f2d5fbef42107048aefa20bf38524b7adadb8ce8f4421a73940c44ffb658c8f6	0x8000000000331e50	0x8000000000287db0	0x80010003	CELL_ENOSYS	392	yes
f2d5fbef42107048aefa20bf38524b7adadb8ce8f4421a73940c44ffb658c8f6	0x8000000000331eb0	0x8000000000288030	0x8001002b	CELL_EIO	1	no
f337d1f81734103612d4041124ec6aeadcf2451da0a1f1914990cde1f8d9b625	0x80000000002fb798	0x8000000000049388	0x80010003	CELL_ENOSYS	1	no
f337d1f81734103612d4041124ec6aeadcf2451da0a1f1914990cde1f8d9b625	0x80000000002fc908	0x8000000000051f54	0x80010002	CELL_EINVAL	1	no
f337d1f81734103612d4041124ec6aeadcf2451da0a1f1914990cde1f8d9b625	0x80000000002fc920	0x8000000000051f60	0x80010002	CELL_EINVAL	1	no
f337d1f81734103612d4041124ec6aeadcf2451da0a1f1914990cde1f8d9b625	0x800000000030c940	0x80000000000ee6d0	0x80010003	CELL_ENOSYS	1	no
f337d1f81734103612d4041124ec6aeadcf2451da0a1f1914990cde1f8d9b625	0x800000000030c958	0x80000000000ee6dc	0x80010003	CELL_ENOSYS	1	no
f337d1f81734103612d4041124ec6aeadcf2451da0a1f1914990cde1f8d9b625	0x800000000030c970	0x80000000000ee6e8	0x80010003	CELL_ENOSYS	1	no
f337d1f81734103612d4041124ec6aeadcf2451da0a1f1914990cde1f8d9b625	0x800000000030c988	0x80000000000ee6f4	0x80010003	CELL_ENOSYS	1	no
f337d1f81734103612d4041124ec6aeadcf2451da0a1f1914990cde1f8d9b625	0x800000000030c9a0	0x80000000000ee700	0x80010003	CELL_ENOSYS	1	no
f337d1f81734103612d4041124ec6aeadcf2451da0a1f1914990cde1f8d9b625	0x800000000030c9b8	0x80000000000ee70c	0x80010003	CELL_ENOSYS	1	no
f337d1f81734103612d4041124ec6aeadcf2451da0a1f1914990cde1f8d9b625	0x800000000031bfb8	0x80000000001ac818	0x80010037	CELL_ENOTSUP	1	no
f337d1f81734103612d4041124ec6aeadcf2451da0a1f1914990cde1f8d9b625	0x8000000000333760	0x8000000000297158	0x80010003	CELL_ENOSYS	392	yes
f337d1f81734103612d4041124ec6aeadcf2451da0a1f1914990cde1f8d9b625	0x80000000003337c0	0x80000000002973d8	0x8001002b	CELL_EIO	1	no
f6c93d01125f3345250bfd913cd8553985bcfe3b153c66996b9e7222a4aadd53	0x80000000003529c8	0x80000000000276f0	0x80010003	CELL_ENOSYS	1	no
f6c93d01125f3345250bfd913cd8553985bcfe3b153c66996b9e7222a4aadd53	0x80000000003529e0	0x8000000000027700	0x80010003	CELL_ENOSYS	1	no
f6c93d01125f3345250bfd913cd8553985bcfe3b153c66996b9e7222a4aadd53	0x80000000003529f8	0x8000000000027710	0x80010003	CELL_ENOSYS	1	no
f6c93d01125f3345250bfd913cd8553985bcfe3b153c66996b9e7222a4aadd53	0x8000000000352a10	0x8000000000027720	0x80010003	CELL_ENOSYS	1	no
f6c93d01125f3345250bfd913cd8553985bcfe3b153c66996b9e7222a4aadd53	0x8000000000352a28	0x8000000000027730	0x80010003	CELL_ENOSYS	1	no
f6c93d01125f3345250bfd913cd8553985bcfe3b153c66996b9e7222a4aadd53	0x8000000000352a40	0x8000000000027740	0x80010003	CELL_ENOSYS	1	no
f6c93d01125f3345250bfd913cd8553985bcfe3b153c66996b9e7222a4aadd53	0x8000000000357270	0x8000000000055b40	0x80010003	CELL_ENOSYS	1	no
f6c93d01125f3345250bfd913cd8553985bcfe3b153c66996b9e7222a4aadd53	0x8000000000363e58	0x80000000000dfcb8	0x80010003	CELL_ENOSYS	1	no
f6c93d01125f3345250bfd913cd8553985bcfe3b153c66996b9e7222a4aadd53	0x8000000000363e70	0x80000000000dfcc8	0x80010003	CELL_ENOSYS	1	no
f6c93d01125f3345250bfd913cd8553985bcfe3b153c66996b9e7222a4aadd53	0x8000000000363e88	0x80000000000dfcd8	0x80010003	CELL_ENOSYS	1	no
f6c93d01125f3345250bfd913cd8553985bcfe3b153c66996b9e7222a4aadd53	0x8000000000363ea0	0x80000000000dfce8	0x80010003	CELL_ENOSYS	1	no
f6c93d01125f3345250bfd913cd8553985bcfe3b153c66996b9e7222a4aadd53	0x8000000000384db0	0x8000000000210770	0x80010037	CELL_ENOTSUP	1	no
f6c93d01125f3345250bfd913cd8553985bcfe3b153c66996b9e7222a4aadd53	0x800000000039a7b8	0x80000000002ed1b0	0x80010003	CELL_ENOSYS	473	yes
f717e2db7acf4e7134089f542f36507a9f1a64cc8ce7c24a4b7c96a83902a57d	0x80000000003064b0	0x8000000000049460	0x80010003	CELL_ENOSYS	1	no
f717e2db7acf4e7134089f542f36507a9f1a64cc8ce7c24a4b7c96a83902a57d	0x80000000003074d0	0x8000000000051004	0x80010002	CELL_EINVAL	1	no
f717e2db7acf4e7134089f542f36507a9f1a64cc8ce7c24a4b7c96a83902a57d	0x80000000003074e8	0x8000000000051010	0x80010002	CELL_EINVAL	1	no
f717e2db7acf4e7134089f542f36507a9f1a64cc8ce7c24a4b7c96a83902a57d	0x80000000003173b8	0x80000000000ed7c0	0x80010003	CELL_ENOSYS	1	no
f717e2db7acf4e7134089f542f36507a9f1a64cc8ce7c24a4b7c96a83902a57d	0x80000000003173d0	0x80000000000ed7cc	0x80010003	CELL_ENOSYS	1	no
f717e2db7acf4e7134089f542f36507a9f1a64cc8ce7c24a4b7c96a83902a57d	0x80000000003173e8	0x80000000000ed7d8	0x80010003	CELL_ENOSYS	1	no
f717e2db7acf4e7134089f542f36507a9f1a64cc8ce7c24a4b7c96a83902a57d	0x8000000000317400	0x80000000000ed7e4	0x80010003	CELL_ENOSYS	1	no
f717e2db7acf4e7134089f542f36507a9f1a64cc8ce7c24a4b7c96a83902a57d	0x8000000000317418	0x80000000000ed7f0	0x80010003	CELL_ENOSYS	1	no
f717e2db7acf4e7134089f542f36507a9f1a64cc8ce7c24a4b7c96a83902a57d	0x8000000000317430	0x80000000000ed7fc	0x80010003	CELL_ENOSYS	1	no
f717e2db7acf4e7134089f542f36507a9f1a64cc8ce7c24a4b7c96a83902a57d	0x8000000000324f60	0x800000000019f25c	0x80010037	CELL_ENOTSUP	1	no
f717e2db7acf4e7134089f542f36507a9f1a64cc8ce7c24a4b7c96a83902a57d	0x800000000033ae48	0x8000000000275774	0x80010003	CELL_ENOSYS	392	yes
f717e2db7acf4e7134089f542f36507a9f1a64cc8ce7c24a4b7c96a83902a57d	0x800000000033aea8	0x80000000002759f8	0x8001002b	CELL_EIO	1	no
f9368f942418c01714784b94a6fdfc36a8cdbdb5e18aa275e60bbdfdafd235f6	0x800000000030aae8	0x8000000000049638	0x80010003	CELL_ENOSYS	1	no
f9368f942418c01714784b94a6fdfc36a8cdbdb5e18aa275e60bbdfdafd235f6	0x800000000030bb08	0x80000000000511dc	0x80010002	CELL_EINVAL	1	no
f9368f942418c01714784b94a6fdfc36a8cdbdb5e18aa275e60bbdfdafd235f6	0x800000000030bb20	0x80000000000511e8	0x80010002	CELL_EINVAL	1	no
f9368f942418c01714784b94a6fdfc36a8cdbdb5e18aa275e60bbdfdafd235f6	0x800000000031b990	0x80000000000ed774	0x80010003	CELL_ENOSYS	1	no
f9368f942418c01714784b94a6fdfc36a8cdbdb5e18aa275e60bbdfdafd235f6	0x800000000031b9a8	0x80000000000ed780	0x80010003	CELL_ENOSYS	1	no
f9368f942418c01714784b94a6fdfc36a8cdbdb5e18aa275e60bbdfdafd235f6	0x800000000031b9c0	0x80000000000ed78c	0x80010003	CELL_ENOSYS	1	no
f9368f942418c01714784b94a6fdfc36a8cdbdb5e18aa275e60bbdfdafd235f6	0x800000000031b9d8	0x80000000000ed798	0x80010003	CELL_ENOSYS	1	no
f9368f942418c01714784b94a6fdfc36a8cdbdb5e18aa275e60bbdfdafd235f6	0x800000000031b9f0	0x80000000000ed7a4	0x80010003	CELL_ENOSYS	1	no
f9368f942418c01714784b94a6fdfc36a8cdbdb5e18aa275e60bbdfdafd235f6	0x800000000031ba08	0x80000000000ed7b0	0x80010003	CELL_ENOSYS	1	no
f9368f942418c01714784b94a6fdfc36a8cdbdb5e18aa275e60bbdfdafd235f6	0x800000000033eb50	0x800000000026d228	0x80010003	CELL_ENOSYS	392	yes
f9368f942418c01714784b94a6fdfc36a8cdbdb5e18aa275e60bbdfdafd235f6	0x800000000033ebb0	0x800000000026d510	0x8001002b	CELL_EIO	1	no
f9368f942418c01714784b94a6fdfc36a8cdbdb5e18aa275e60bbdfdafd235f6	0x8000000000342eb8	0x80000000002999ec	0x80010037	CELL_ENOTSUP	1	no
f9663e2dd12599f7107bfa8817d07879efa018a954b1083f9b717115b15f490d	0x80000000003443a8	0x8000000000027834	0x80010003	CELL_ENOSYS	1	no
f9663e2dd12599f7107bfa8817d07879efa018a954b1083f9b717115b15f490d	0x80000000003443c0	0x8000000000027840	0x80010003	CELL_ENOSYS	1	no
f9663e2dd12599f7107bfa8817d07879efa018a954b1083f9b717115b15f490d	0x80000000003443d8	0x800000000002784c	0x80010003	CELL_ENOSYS	1	no
f9663e2dd12599f7107bfa8817d07879efa018a954b1083f9b717115b15f490d	0x80000000003443f0	0x8000000000027858	0x80010003	CELL_ENOSYS	1	no
f9663e2dd12599f7107bfa8817d07879efa018a954b1083f9b717115b15f490d	0x8000000000344408	0x8000000000027864	0x80010003	CELL_ENOSYS	1	no
f9663e2dd12599f7107bfa8817d07879efa018a954b1083f9b717115b15f490d	0x8000000000344420	0x8000000000027870	0x80010003	CELL_ENOSYS	1	no
f9663e2dd12599f7107bfa8817d07879efa018a954b1083f9b717115b15f490d	0x8000000000348a28	0x8000000000053050	0x80010003	CELL_ENOSYS	1	no
f9663e2dd12599f7107bfa8817d07879efa018a954b1083f9b717115b15f490d	0x8000000000355430	0x80000000000dc474	0x80010003	CELL_ENOSYS	1	no
f9663e2dd12599f7107bfa8817d07879efa018a954b1083f9b717115b15f490d	0x8000000000355448	0x80000000000dc480	0x80010003	CELL_ENOSYS	1	no
f9663e2dd12599f7107bfa8817d07879efa018a954b1083f9b717115b15f490d	0x8000000000355460	0x80000000000dc48c	0x80010003	CELL_ENOSYS	1	no
f9663e2dd12599f7107bfa8817d07879efa018a954b1083f9b717115b15f490d	0x8000000000355478	0x80000000000dc498	0x80010003	CELL_ENOSYS	1	no
f9663e2dd12599f7107bfa8817d07879efa018a954b1083f9b717115b15f490d	0x8000000000375c50	0x8000000000202b20	0x80010037	CELL_ENOTSUP	1	no
f9663e2dd12599f7107bfa8817d07879efa018a954b1083f9b717115b15f490d	0x800000000038b748	0x80000000002dbbfc	0x80010003	CELL_ENOSYS	486	yes
fc1f8896cfe4f9ff73b07a2193c6de88b73415a2a52a4c6724ca9b6cf170529e	0x8000000000301ce0	0x8000000000049398	0x80010003	CELL_ENOSYS	1	no
fc1f8896cfe4f9ff73b07a2193c6de88b73415a2a52a4c6724ca9b6cf170529e	0x8000000000302e50	0x8000000000051f64	0x80010002	CELL_EINVAL	1	no
fc1f8896cfe4f9ff73b07a2193c6de88b73415a2a52a4c6724ca9b6cf170529e	0x8000000000302e68	0x8000000000051f70	0x80010002	CELL_EINVAL	1	no
fc1f8896cfe4f9ff73b07a2193c6de88b73415a2a52a4c6724ca9b6cf170529e	0x8000000000313008	0x80000000000ef9f4	0x80010003	CELL_ENOSYS	1	no
fc1f8896cfe4f9ff73b07a2193c6de88b73415a2a52a4c6724ca9b6cf170529e	0x8000000000313020	0x80000000000efa00	0x80010003	CELL_ENOSYS	1	no
fc1f8896cfe4f9ff73b07a2193c6de88b73415a2a52a4c6724ca9b6cf170529e	0x8000000000313038	0x80000000000efa0c	0x80010003	CELL_ENOSYS	1	no
fc1f8896cfe4f9ff73b07a2193c6de88b73415a2a52a4c6724ca9b6cf170529e	0x8000000000313050	0x80000000000efa18	0x80010003	CELL_ENOSYS	1	no
fc1f8896cfe4f9ff73b07a2193c6de88b73415a2a52a4c6724ca9b6cf170529e	0x8000000000313068	0x80000000000efa24	0x80010003	CELL_ENOSYS	1	no
fc1f8896cfe4f9ff73b07a2193c6de88b73415a2a52a4c6724ca9b6cf170529e	0x8000000000313080	0x80000000000efa30	0x80010003	CELL_ENOSYS	1	no
fc1f8896cfe4f9ff73b07a2193c6de88b73415a2a52a4c6724ca9b6cf170529e	0x8000000000322728	0x80000000001ae4a8	0x80010037	CELL_ENOTSUP	1	no
fc1f8896cfe4f9ff73b07a2193c6de88b73415a2a52a4c6724ca9b6cf170529e	0x800000000033a110	0x800000000029c3b4	0x80010003	CELL_ENOSYS	392	yes
fc1f8896cfe4f9ff73b07a2193c6de88b73415a2a52a4c6724ca9b6cf170529e	0x800000000033a170	0x800000000029c634	0x8001002b	CELL_EIO	1	no
fdd01abbeaf00f8111b70520424351298795a951ca630cb850a2504d6cc052ae	0x80000000002fa600	0x80000000000491d4	0x80010003	CELL_ENOSYS	1	no
fdd01abbeaf00f8111b70520424351298795a951ca630cb850a2504d6cc052ae	0x80000000002fb770	0x8000000000051da0	0x80010002	CELL_EINVAL	1	no
fdd01abbeaf00f8111b70520424351298795a951ca630cb850a2504d6cc052ae	0x80000000002fb788	0x8000000000051dac	0x80010002	CELL_EINVAL	1	no
fdd01abbeaf00f8111b70520424351298795a951ca630cb850a2504d6cc052ae	0x800000000030b748	0x80000000000edfc4	0x80010003	CELL_ENOSYS	1	no
fdd01abbeaf00f8111b70520424351298795a951ca630cb850a2504d6cc052ae	0x800000000030b760	0x80000000000edfd0	0x80010003	CELL_ENOSYS	1	no
fdd01abbeaf00f8111b70520424351298795a951ca630cb850a2504d6cc052ae	0x800000000030b778	0x80000000000edfdc	0x80010003	CELL_ENOSYS	1	no
fdd01abbeaf00f8111b70520424351298795a951ca630cb850a2504d6cc052ae	0x800000000030b790	0x80000000000edfe8	0x80010003	CELL_ENOSYS	1	no
fdd01abbeaf00f8111b70520424351298795a951ca630cb850a2504d6cc052ae	0x800000000030b7a8	0x80000000000edff4	0x80010003	CELL_ENOSYS	1	no
fdd01abbeaf00f8111b70520424351298795a951ca630cb850a2504d6cc052ae	0x800000000030b7c0	0x80000000000ee000	0x80010003	CELL_ENOSYS	1	no
fdd01abbeaf00f8111b70520424351298795a951ca630cb850a2504d6cc052ae	0x8000000000319cc8	0x8000000000192164	0x80010037	CELL_ENOTSUP	1	no
fdd01abbeaf00f8111b70520424351298795a951ca630cb850a2504d6cc052ae	0x8000000000332538	0x80000000002962e0	0x80010003	CELL_ENOSYS	393	yes
fdd01abbeaf00f8111b70520424351298795a951ca630cb850a2504d6cc052ae	0x8000000000332598	0x8000000000296560	0x8001002b	CELL_EIO	1	no
