record	from_fw	to_fw	comparison	kind	ordinal
0	1.00	1.02	not_compared	none	none
1	1.02	1.10	compared	class_changed	639
2	1.02	1.10	compared	retargeted	0
3	1.02	1.10	compared	retargeted	20
4	1.02	1.10	compared	retargeted	27
5	1.02	1.10	compared	retargeted	41
6	1.02	1.10	compared	retargeted	42
7	1.02	1.10	compared	retargeted	84
8	1.02	1.10	compared	retargeted	114
9	1.02	1.10	compared	retargeted	132
10	1.02	1.10	compared	retargeted	139
11	1.02	1.10	compared	retargeted	162
12	1.02	1.10	compared	retargeted	163
13	1.02	1.10	compared	retargeted	164
14	1.02	1.10	compared	retargeted	168
15	1.02	1.10	compared	retargeted	183
16	1.02	1.10	compared	retargeted	189
17	1.02	1.10	compared	retargeted	195
18	1.02	1.10	compared	retargeted	344
19	1.02	1.10	compared	retargeted	347
20	1.02	1.10	compared	retargeted	354
21	1.02	1.10	compared	retargeted	388
22	1.02	1.10	compared	retargeted	389
23	1.02	1.10	compared	retargeted	461
24	1.02	1.10	compared	retargeted	491
25	1.02	1.10	compared	retargeted	559
26	1.02	1.10	compared	retargeted	570
27	1.02	1.10	compared	retargeted	571
28	1.02	1.10	compared	retargeted	572
29	1.02	1.10	compared	retargeted	573
30	1.02	1.10	compared	retargeted	577
31	1.02	1.10	compared	retargeted	600
32	1.02	1.10	compared	retargeted	609
33	1.02	1.10	compared	retargeted	610
34	1.02	1.10	compared	retargeted	611
35	1.02	1.10	compared	retargeted	618
36	1.02	1.10	compared	retargeted	649
37	1.02	1.10	compared	retargeted	800
38	1.02	1.10	compared	retargeted	830
39	1.02	1.10	compared	retargeted	831
40	1.02	1.10	compared	retargeted	832
41	1.02	1.10	compared	retargeted	835
42	1.02	1.10	compared	retargeted	870
43	1.10	1.11	compared	retargeted	41
44	1.10	1.11	compared	retargeted	84
45	1.10	1.11	compared	retargeted	114
46	1.10	1.11	compared	retargeted	163
47	1.10	1.11	compared	retargeted	388
48	1.10	1.11	compared	retargeted	389
49	1.11	1.30	compared	class_changed	110
50	1.11	1.30	compared	class_changed	574
51	1.11	1.30	compared	class_changed	635
52	1.11	1.30	compared	retargeted	0
53	1.11	1.30	compared	retargeted	20
54	1.11	1.30	compared	retargeted	27
55	1.11	1.30	compared	retargeted	41
56	1.11	1.30	compared	retargeted	42
57	1.11	1.30	compared	retargeted	84
58	1.11	1.30	compared	retargeted	109
59	1.11	1.30	compared	retargeted	114
60	1.11	1.30	compared	retargeted	132
61	1.11	1.30	compared	retargeted	139
62	1.11	1.30	compared	retargeted	162
63	1.11	1.30	compared	retargeted	163
64	1.11	1.30	compared	retargeted	164
65	1.11	1.30	compared	retargeted	168
66	1.11	1.30	compared	retargeted	183
67	1.11	1.30	compared	retargeted	189
68	1.11	1.30	compared	retargeted	195
69	1.11	1.30	compared	retargeted	344
70	1.11	1.30	compared	retargeted	347
71	1.11	1.30	compared	retargeted	354
72	1.11	1.30	compared	retargeted	388
73	1.11	1.30	compared	retargeted	389
74	1.11	1.30	compared	retargeted	398
75	1.11	1.30	compared	retargeted	399
76	1.11	1.30	compared	retargeted	491
77	1.11	1.30	compared	retargeted	570
78	1.11	1.30	compared	retargeted	573
79	1.11	1.30	compared	retargeted	577
80	1.11	1.30	compared	retargeted	597
81	1.11	1.30	compared	retargeted	861
82	1.11	1.30	compared	retargeted	862
83	1.11	1.30	compared	retargeted	869
84	1.11	1.30	compared	retargeted	870
85	1.11	1.30	compared	retargeted	871
86	1.30	1.31	compared	retargeted	0
87	1.30	1.31	compared	retargeted	20
88	1.30	1.31	compared	retargeted	27
89	1.30	1.31	compared	retargeted	41
90	1.30	1.31	compared	retargeted	42
91	1.30	1.31	compared	retargeted	114
92	1.30	1.31	compared	retargeted	132
93	1.30	1.31	compared	retargeted	139
94	1.30	1.31	compared	retargeted	162
95	1.30	1.31	compared	retargeted	163
96	1.30	1.31	compared	retargeted	164
97	1.30	1.31	compared	retargeted	168
98	1.30	1.31	compared	retargeted	183
99	1.30	1.31	compared	retargeted	189
100	1.30	1.31	compared	retargeted	195
101	1.30	1.31	compared	retargeted	344
102	1.30	1.31	compared	retargeted	347
103	1.30	1.31	compared	retargeted	354
104	1.30	1.31	compared	retargeted	388
105	1.30	1.31	compared	retargeted	491
106	1.30	1.31	compared	retargeted	577
107	1.31	1.32	compared	retargeted	0
108	1.31	1.32	compared	retargeted	20
109	1.31	1.32	compared	retargeted	27
110	1.31	1.32	compared	retargeted	42
111	1.31	1.32	compared	retargeted	132
112	1.31	1.32	compared	retargeted	139
113	1.31	1.32	compared	retargeted	162
114	1.31	1.32	compared	retargeted	164
115	1.31	1.32	compared	retargeted	168
116	1.31	1.32	compared	retargeted	183
117	1.31	1.32	compared	retargeted	189
118	1.31	1.32	compared	retargeted	195
119	1.31	1.32	compared	retargeted	344
120	1.31	1.32	compared	retargeted	347
121	1.31	1.32	compared	retargeted	354
122	1.31	1.32	compared	retargeted	491
123	1.31	1.32	compared	retargeted	577
124	1.32	1.50	compared	class_changed	12
125	1.32	1.50	compared	class_changed	13
126	1.32	1.50	compared	class_changed	361
127	1.32	1.50	compared	class_changed	362
128	1.32	1.50	compared	class_changed	363
129	1.32	1.50	compared	class_changed	932
130	1.32	1.50	compared	class_changed	933
131	1.32	1.50	compared	class_changed	934
132	1.32	1.50	compared	class_changed	935
133	1.32	1.50	compared	class_changed	936
134	1.32	1.50	compared	class_changed	937
135	1.32	1.50	compared	class_changed	938
136	1.32	1.50	compared	class_changed	941
137	1.32	1.50	compared	class_changed	942
138	1.32	1.50	compared	class_changed	943
139	1.32	1.50	compared	class_changed	946
140	1.32	1.50	compared	class_changed	947
141	1.32	1.50	compared	retargeted	0
142	1.32	1.50	compared	retargeted	20
143	1.32	1.50	compared	retargeted	25
144	1.32	1.50	compared	retargeted	26
145	1.32	1.50	compared	retargeted	27
146	1.32	1.50	compared	retargeted	41
147	1.32	1.50	compared	retargeted	42
148	1.32	1.50	compared	retargeted	95
149	1.32	1.50	compared	retargeted	99
150	1.32	1.50	compared	retargeted	114
151	1.32	1.50	compared	retargeted	132
152	1.32	1.50	compared	retargeted	139
153	1.32	1.50	compared	retargeted	140
154	1.32	1.50	compared	retargeted	162
155	1.32	1.50	compared	retargeted	163
156	1.32	1.50	compared	retargeted	164
157	1.32	1.50	compared	retargeted	168
158	1.32	1.50	compared	retargeted	183
159	1.32	1.50	compared	retargeted	189
160	1.32	1.50	compared	retargeted	195
161	1.32	1.50	compared	retargeted	329
162	1.32	1.50	compared	retargeted	332
163	1.32	1.50	compared	retargeted	339
164	1.32	1.50	compared	retargeted	340
165	1.32	1.50	compared	retargeted	341
166	1.32	1.50	compared	retargeted	344
167	1.32	1.50	compared	retargeted	347
168	1.32	1.50	compared	retargeted	354
169	1.32	1.50	compared	retargeted	359
170	1.32	1.50	compared	retargeted	360
171	1.32	1.50	compared	retargeted	388
172	1.32	1.50	compared	retargeted	461
173	1.32	1.50	compared	retargeted	491
174	1.32	1.50	compared	retargeted	577
175	1.32	1.50	compared	retargeted	635
176	1.32	1.50	compared	retargeted	639
177	1.32	1.50	compared	retargeted	640
178	1.32	1.50	compared	retargeted	641
179	1.32	1.50	compared	retargeted	642
180	1.32	1.50	compared	retargeted	643
181	1.32	1.50	compared	retargeted	644
182	1.32	1.50	compared	retargeted	645
183	1.32	1.50	compared	retargeted	646
184	1.32	1.50	compared	retargeted	647
185	1.32	1.50	compared	retargeted	648
186	1.32	1.50	compared	retargeted	649
187	1.32	1.50	compared	retargeted	680
188	1.32	1.50	compared	retargeted	681
189	1.32	1.50	compared	retargeted	682
190	1.32	1.50	compared	retargeted	683
191	1.32	1.50	compared	retargeted	684
192	1.32	1.50	compared	retargeted	685
193	1.32	1.50	compared	retargeted	686
194	1.32	1.50	compared	retargeted	687
195	1.32	1.50	compared	retargeted	688
196	1.32	1.50	compared	retargeted	689
197	1.32	1.50	compared	retargeted	690
198	1.32	1.50	compared	retargeted	691
199	1.32	1.50	compared	retargeted	692
200	1.32	1.50	compared	retargeted	693
201	1.32	1.50	compared	retargeted	694
202	1.32	1.50	compared	retargeted	695
203	1.32	1.50	compared	retargeted	716
204	1.32	1.50	compared	retargeted	805
205	1.32	1.50	compared	retargeted	808
206	1.32	1.50	compared	retargeted	809
207	1.32	1.50	compared	retargeted	831
208	1.32	1.50	compared	retargeted	832
209	1.32	1.50	compared	retargeted	862
210	1.32	1.50	compared	retargeted	960
211	1.32	1.50	compared	retargeted	961
212	1.32	1.50	compared	retargeted	962
213	1.50	1.51	compared	retargeted	41
214	1.50	1.51	compared	retargeted	114
215	1.50	1.51	compared	retargeted	163
216	1.50	1.51	compared	retargeted	388
217	1.51	1.54	compared	class_changed	563
218	1.51	1.54	compared	class_changed	564
219	1.51	1.54	compared	retargeted	0
220	1.51	1.54	compared	retargeted	20
221	1.51	1.54	compared	retargeted	27
222	1.51	1.54	compared	retargeted	41
223	1.51	1.54	compared	retargeted	42
224	1.51	1.54	compared	retargeted	114
225	1.51	1.54	compared	retargeted	132
226	1.51	1.54	compared	retargeted	139
227	1.51	1.54	compared	retargeted	162
228	1.51	1.54	compared	retargeted	163
229	1.51	1.54	compared	retargeted	164
230	1.51	1.54	compared	retargeted	168
231	1.51	1.54	compared	retargeted	183
232	1.51	1.54	compared	retargeted	189
233	1.51	1.54	compared	retargeted	195
234	1.51	1.54	compared	retargeted	344
235	1.51	1.54	compared	retargeted	347
236	1.51	1.54	compared	retargeted	354
237	1.51	1.54	compared	retargeted	399
238	1.51	1.54	compared	retargeted	461
239	1.51	1.54	compared	retargeted	491
240	1.51	1.54	compared	retargeted	542
241	1.51	1.54	compared	retargeted	549
242	1.51	1.54	compared	retargeted	559
243	1.51	1.54	compared	retargeted	577
244	1.51	1.54	compared	retargeted	635
245	1.51	1.54	compared	retargeted	870
246	1.51	1.54	compared	retargeted	905
247	1.51	1.54	compared	retargeted	906
248	1.54	1.55	not_compared	none	none
249	1.55	1.60	not_compared	none	none
250	1.60	1.70	compared	retargeted	0
251	1.60	1.70	compared	retargeted	20
252	1.60	1.70	compared	retargeted	41
253	1.60	1.70	compared	retargeted	42
254	1.60	1.70	compared	retargeted	84
255	1.60	1.70	compared	retargeted	114
256	1.60	1.70	compared	retargeted	132
257	1.60	1.70	compared	retargeted	139
258	1.60	1.70	compared	retargeted	162
259	1.60	1.70	compared	retargeted	163
260	1.60	1.70	compared	retargeted	164
261	1.60	1.70	compared	retargeted	168
262	1.60	1.70	compared	retargeted	183
263	1.60	1.70	compared	retargeted	189
264	1.60	1.70	compared	retargeted	195
265	1.60	1.70	compared	retargeted	344
266	1.60	1.70	compared	retargeted	347
267	1.60	1.70	compared	retargeted	354
268	1.60	1.70	compared	retargeted	491
269	1.60	1.70	compared	retargeted	577
270	1.60	1.70	compared	retargeted	638
271	1.70	1.80	compared	class_changed	6
272	1.70	1.80	compared	class_changed	7
273	1.70	1.80	compared	class_changed	8
274	1.70	1.80	compared	class_changed	9
275	1.70	1.80	compared	class_changed	10
276	1.70	1.80	compared	class_changed	11
277	1.70	1.80	compared	class_changed	57
278	1.70	1.80	compared	class_changed	67
279	1.70	1.80	compared	class_changed	68
280	1.70	1.80	compared	class_changed	69
281	1.70	1.80	compared	class_changed	111
282	1.70	1.80	compared	class_changed	112
283	1.70	1.80	compared	class_changed	113
284	1.70	1.80	compared	class_changed	115
285	1.70	1.80	compared	class_changed	116
286	1.70	1.80	compared	class_changed	251
287	1.70	1.80	compared	class_changed	252
288	1.70	1.80	compared	class_changed	260
289	1.70	1.80	compared	class_changed	327
290	1.70	1.80	compared	class_changed	396
291	1.70	1.80	compared	class_changed	397
292	1.70	1.80	compared	class_changed	402
293	1.70	1.80	compared	class_changed	455
294	1.70	1.80	compared	class_changed	456
295	1.70	1.80	compared	class_changed	463
296	1.70	1.80	compared	class_changed	464
297	1.70	1.80	compared	class_changed	473
298	1.70	1.80	compared	class_changed	512
299	1.70	1.80	compared	class_changed	513
300	1.70	1.80	compared	class_changed	565
301	1.70	1.80	compared	class_changed	575
302	1.70	1.80	compared	class_changed	904
303	1.70	1.80	compared	class_changed	905
304	1.70	1.80	compared	class_changed	907
305	1.70	1.80	compared	class_changed	908
306	1.70	1.80	compared	class_changed	911
307	1.70	1.80	compared	class_changed	912
308	1.70	1.80	compared	class_changed	913
309	1.70	1.80	compared	class_changed	914
310	1.70	1.80	compared	class_changed	915
311	1.70	1.80	compared	class_changed	916
312	1.70	1.80	compared	class_changed	917
313	1.70	1.80	compared	class_changed	918
314	1.70	1.80	compared	class_changed	919
315	1.70	1.80	compared	class_changed	920
316	1.70	1.80	compared	class_changed	921
317	1.70	1.80	compared	class_changed	922
318	1.70	1.80	compared	class_changed	923
319	1.70	1.80	compared	class_changed	924
320	1.70	1.80	compared	class_changed	925
321	1.70	1.80	compared	class_changed	926
322	1.70	1.80	compared	class_changed	927
323	1.70	1.80	compared	class_changed	928
324	1.70	1.80	compared	class_changed	929
325	1.70	1.80	compared	class_changed	930
326	1.70	1.80	compared	class_changed	931
327	1.70	1.80	compared	class_changed	932
328	1.70	1.80	compared	class_changed	934
329	1.70	1.80	compared	class_changed	936
330	1.70	1.80	compared	class_changed	938
331	1.70	1.80	compared	class_changed	939
332	1.70	1.80	compared	class_changed	940
333	1.70	1.80	compared	class_changed	942
334	1.70	1.80	compared	class_changed	946
335	1.70	1.80	compared	class_changed	948
336	1.70	1.80	compared	class_changed	949
337	1.70	1.80	compared	class_changed	960
338	1.70	1.80	compared	class_changed	961
339	1.70	1.80	compared	class_changed	962
340	1.70	1.80	compared	class_changed	963
341	1.70	1.80	compared	class_changed	964
342	1.70	1.80	compared	class_changed	965
343	1.70	1.80	compared	class_changed	966
344	1.70	1.80	compared	class_changed	967
345	1.70	1.80	compared	class_changed	968
346	1.70	1.80	compared	retargeted	0
347	1.70	1.80	compared	retargeted	18
348	1.70	1.80	compared	retargeted	19
349	1.70	1.80	compared	retargeted	20
350	1.70	1.80	compared	retargeted	21
351	1.70	1.80	compared	retargeted	26
352	1.70	1.80	compared	retargeted	27
353	1.70	1.80	compared	retargeted	30
354	1.70	1.80	compared	retargeted	41
355	1.70	1.80	compared	retargeted	42
356	1.70	1.80	compared	retargeted	43
357	1.70	1.80	compared	retargeted	47
358	1.70	1.80	compared	retargeted	55
359	1.70	1.80	compared	retargeted	56
360	1.70	1.80	compared	retargeted	60
361	1.70	1.80	compared	retargeted	61
362	1.70	1.80	compared	retargeted	62
363	1.70	1.80	compared	retargeted	84
364	1.70	1.80	compared	retargeted	114
365	1.70	1.80	compared	retargeted	132
366	1.70	1.80	compared	retargeted	139
367	1.70	1.80	compared	retargeted	140
368	1.70	1.80	compared	retargeted	155
369	1.70	1.80	compared	retargeted	156
370	1.70	1.80	compared	retargeted	159
371	1.70	1.80	compared	retargeted	162
372	1.70	1.80	compared	retargeted	163
373	1.70	1.80	compared	retargeted	164
374	1.70	1.80	compared	retargeted	167
375	1.70	1.80	compared	retargeted	168
376	1.70	1.80	compared	retargeted	169
377	1.70	1.80	compared	retargeted	172
378	1.70	1.80	compared	retargeted	183
379	1.70	1.80	compared	retargeted	184
380	1.70	1.80	compared	retargeted	189
381	1.70	1.80	compared	retargeted	190
382	1.70	1.80	compared	retargeted	195
383	1.70	1.80	compared	retargeted	328
384	1.70	1.80	compared	retargeted	329
385	1.70	1.80	compared	retargeted	330
386	1.70	1.80	compared	retargeted	331
387	1.70	1.80	compared	retargeted	332
388	1.70	1.80	compared	retargeted	333
389	1.70	1.80	compared	retargeted	334
390	1.70	1.80	compared	retargeted	335
391	1.70	1.80	compared	retargeted	339
392	1.70	1.80	compared	retargeted	340
393	1.70	1.80	compared	retargeted	341
394	1.70	1.80	compared	retargeted	344
395	1.70	1.80	compared	retargeted	347
396	1.70	1.80	compared	retargeted	351
397	1.70	1.80	compared	retargeted	352
398	1.70	1.80	compared	retargeted	353
399	1.70	1.80	compared	retargeted	354
400	1.70	1.80	compared	retargeted	362
401	1.70	1.80	compared	retargeted	363
402	1.70	1.80	compared	retargeted	398
403	1.70	1.80	compared	retargeted	399
404	1.70	1.80	compared	retargeted	403
405	1.70	1.80	compared	retargeted	450
406	1.70	1.80	compared	retargeted	453
407	1.70	1.80	compared	retargeted	454
408	1.70	1.80	compared	retargeted	461
409	1.70	1.80	compared	retargeted	462
410	1.70	1.80	compared	retargeted	472
411	1.70	1.80	compared	retargeted	480
412	1.70	1.80	compared	retargeted	485
413	1.70	1.80	compared	retargeted	486
414	1.70	1.80	compared	retargeted	491
415	1.70	1.80	compared	retargeted	511
416	1.70	1.80	compared	retargeted	557
417	1.70	1.80	compared	retargeted	558
418	1.70	1.80	compared	retargeted	559
419	1.70	1.80	compared	retargeted	560
420	1.70	1.80	compared	retargeted	561
421	1.70	1.80	compared	retargeted	562
422	1.70	1.80	compared	retargeted	570
423	1.70	1.80	compared	retargeted	573
424	1.70	1.80	compared	retargeted	574
425	1.70	1.80	compared	retargeted	576
426	1.70	1.80	compared	retargeted	577
427	1.70	1.80	compared	retargeted	580
428	1.70	1.80	compared	retargeted	581
429	1.70	1.80	compared	retargeted	582
430	1.70	1.80	compared	retargeted	583
431	1.70	1.80	compared	retargeted	584
432	1.70	1.80	compared	retargeted	588
433	1.70	1.80	compared	retargeted	589
434	1.70	1.80	compared	retargeted	590
435	1.70	1.80	compared	retargeted	597
436	1.70	1.80	compared	retargeted	598
437	1.70	1.80	compared	retargeted	599
438	1.70	1.80	compared	retargeted	635
439	1.70	1.80	compared	retargeted	638
440	1.70	1.80	compared	retargeted	639
441	1.70	1.80	compared	retargeted	680
442	1.70	1.80	compared	retargeted	681
443	1.70	1.80	compared	retargeted	682
444	1.70	1.80	compared	retargeted	683
445	1.70	1.80	compared	retargeted	684
446	1.70	1.80	compared	retargeted	685
447	1.70	1.80	compared	retargeted	686
448	1.70	1.80	compared	retargeted	687
449	1.70	1.80	compared	retargeted	688
450	1.70	1.80	compared	retargeted	689
451	1.70	1.80	compared	retargeted	690
452	1.70	1.80	compared	retargeted	691
453	1.70	1.80	compared	retargeted	692
454	1.70	1.80	compared	retargeted	693
455	1.70	1.80	compared	retargeted	708
456	1.70	1.80	compared	retargeted	709
457	1.70	1.80	compared	retargeted	710
458	1.70	1.80	compared	retargeted	800
459	1.70	1.80	compared	retargeted	830
460	1.70	1.80	compared	retargeted	835
461	1.70	1.80	compared	retargeted	861
462	1.70	1.80	compared	retargeted	862
463	1.70	1.80	compared	retargeted	870
464	1.70	1.80	compared	retargeted	900
465	1.70	1.80	compared	retargeted	901
466	1.70	1.80	compared	retargeted	902
467	1.70	1.80	compared	retargeted	903
468	1.70	1.80	compared	retargeted	906
469	1.70	1.80	compared	retargeted	933
470	1.70	1.80	compared	retargeted	935
471	1.70	1.80	compared	retargeted	937
472	1.70	1.80	compared	retargeted	941
473	1.70	1.80	compared	retargeted	943
474	1.70	1.80	compared	retargeted	947
475	1.80	1.81	compared	retargeted	0
476	1.80	1.81	compared	retargeted	20
477	1.80	1.81	compared	retargeted	41
478	1.80	1.81	compared	retargeted	42
479	1.80	1.81	compared	retargeted	132
480	1.80	1.81	compared	retargeted	139
481	1.80	1.81	compared	retargeted	162
482	1.80	1.81	compared	retargeted	163
483	1.80	1.81	compared	retargeted	164
484	1.80	1.81	compared	retargeted	168
485	1.80	1.81	compared	retargeted	183
486	1.80	1.81	compared	retargeted	189
487	1.80	1.81	compared	retargeted	195
488	1.80	1.81	compared	retargeted	260
489	1.80	1.81	compared	retargeted	327
490	1.80	1.81	compared	retargeted	328
491	1.80	1.81	compared	retargeted	344
492	1.80	1.81	compared	retargeted	347
493	1.80	1.81	compared	retargeted	354
494	1.80	1.81	compared	retargeted	388
495	1.80	1.81	compared	retargeted	462
496	1.80	1.81	compared	retargeted	491
497	1.80	1.81	compared	retargeted	576
498	1.80	1.81	compared	retargeted	577
499	1.80	1.81	compared	retargeted	638
500	1.80	1.81	compared	retargeted	934
501	1.80	1.81	compared	retargeted	936
502	1.80	1.81	compared	retargeted	942
503	1.80	1.81	compared	retargeted	946
504	1.82	1.90	compared	class_changed	14
505	1.82	1.90	compared	class_changed	198
506	1.82	1.90	compared	class_changed	199
507	1.82	1.90	compared	class_changed	328
508	1.82	1.90	compared	class_changed	372
509	1.82	1.90	compared	class_changed	373
510	1.82	1.90	compared	class_changed	374
511	1.82	1.90	compared	class_changed	375
512	1.82	1.90	compared	class_changed	376
513	1.82	1.90	compared	class_changed	457
514	1.82	1.90	compared	class_changed	911
515	1.82	1.90	compared	class_changed	914
516	1.82	1.90	compared	retargeted	0
517	1.82	1.90	compared	retargeted	1
518	1.82	1.90	compared	retargeted	2
519	1.82	1.90	compared	retargeted	3
520	1.82	1.90	compared	retargeted	4
521	1.82	1.90	compared	retargeted	5
522	1.82	1.90	compared	retargeted	6
523	1.82	1.90	compared	retargeted	7
524	1.82	1.90	compared	retargeted	8
525	1.82	1.90	compared	retargeted	9
526	1.82	1.90	compared	retargeted	10
527	1.82	1.90	compared	retargeted	11
528	1.82	1.90	compared	retargeted	18
529	1.82	1.90	compared	retargeted	19
530	1.82	1.90	compared	retargeted	20
531	1.82	1.90	compared	retargeted	21
532	1.82	1.90	compared	retargeted	22
533	1.82	1.90	compared	retargeted	23
534	1.82	1.90	compared	retargeted	24
535	1.82	1.90	compared	retargeted	25
536	1.82	1.90	compared	retargeted	26
537	1.82	1.90	compared	retargeted	27
538	1.82	1.90	compared	retargeted	28
539	1.82	1.90	compared	retargeted	29
540	1.82	1.90	compared	retargeted	30
541	1.82	1.90	compared	retargeted	41
542	1.82	1.90	compared	retargeted	42
543	1.82	1.90	compared	retargeted	43
544	1.82	1.90	compared	retargeted	44
545	1.82	1.90	compared	retargeted	45
546	1.82	1.90	compared	retargeted	46
547	1.82	1.90	compared	retargeted	47
548	1.82	1.90	compared	retargeted	48
549	1.82	1.90	compared	retargeted	49
550	1.82	1.90	compared	retargeted	50
551	1.82	1.90	compared	retargeted	51
552	1.82	1.90	compared	retargeted	52
553	1.82	1.90	compared	retargeted	53
554	1.82	1.90	compared	retargeted	54
555	1.82	1.90	compared	retargeted	55
556	1.82	1.90	compared	retargeted	56
557	1.82	1.90	compared	retargeted	57
558	1.82	1.90	compared	retargeted	60
559	1.82	1.90	compared	retargeted	61
560	1.82	1.90	compared	retargeted	62
561	1.82	1.90	compared	retargeted	63
562	1.82	1.90	compared	retargeted	64
563	1.82	1.90	compared	retargeted	65
564	1.82	1.90	compared	retargeted	66
565	1.82	1.90	compared	retargeted	67
566	1.82	1.90	compared	retargeted	68
567	1.82	1.90	compared	retargeted	69
568	1.82	1.90	compared	retargeted	70
569	1.82	1.90	compared	retargeted	71
570	1.82	1.90	compared	retargeted	72
571	1.82	1.90	compared	retargeted	73
572	1.82	1.90	compared	retargeted	74
573	1.82	1.90	compared	retargeted	75
574	1.82	1.90	compared	retargeted	76
575	1.82	1.90	compared	retargeted	80
576	1.82	1.90	compared	retargeted	81
577	1.82	1.90	compared	retargeted	84
578	1.82	1.90	compared	retargeted	88
579	1.82	1.90	compared	retargeted	89
580	1.82	1.90	compared	retargeted	90
581	1.82	1.90	compared	retargeted	91
582	1.82	1.90	compared	retargeted	92
583	1.82	1.90	compared	retargeted	93
584	1.82	1.90	compared	retargeted	94
585	1.82	1.90	compared	retargeted	95
586	1.82	1.90	compared	retargeted	96
587	1.82	1.90	compared	retargeted	97
588	1.82	1.90	compared	retargeted	98
589	1.82	1.90	compared	retargeted	99
590	1.82	1.90	compared	retargeted	100
591	1.82	1.90	compared	retargeted	101
592	1.82	1.90	compared	retargeted	102
593	1.82	1.90	compared	retargeted	103
594	1.82	1.90	compared	retargeted	104
595	1.82	1.90	compared	retargeted	105
596	1.82	1.90	compared	retargeted	106
597	1.82	1.90	compared	retargeted	107
598	1.82	1.90	compared	retargeted	108
599	1.82	1.90	compared	retargeted	109
600	1.82	1.90	compared	retargeted	110
601	1.82	1.90	compared	retargeted	111
602	1.82	1.90	compared	retargeted	112
603	1.82	1.90	compared	retargeted	113
604	1.82	1.90	compared	retargeted	114
605	1.82	1.90	compared	retargeted	115
606	1.82	1.90	compared	retargeted	116
607	1.82	1.90	compared	retargeted	119
608	1.82	1.90	compared	retargeted	120
609	1.82	1.90	compared	retargeted	121
610	1.82	1.90	compared	retargeted	122
611	1.82	1.90	compared	retargeted	123
612	1.82	1.90	compared	retargeted	124
613	1.82	1.90	compared	retargeted	125
614	1.82	1.90	compared	retargeted	126
615	1.82	1.90	compared	retargeted	127
616	1.82	1.90	compared	retargeted	128
617	1.82	1.90	compared	retargeted	129
618	1.82	1.90	compared	retargeted	130
619	1.82	1.90	compared	retargeted	131
620	1.82	1.90	compared	retargeted	132
621	1.82	1.90	compared	retargeted	133
622	1.82	1.90	compared	retargeted	134
623	1.82	1.90	compared	retargeted	135
624	1.82	1.90	compared	retargeted	136
625	1.82	1.90	compared	retargeted	137
626	1.82	1.90	compared	retargeted	138
627	1.82	1.90	compared	retargeted	139
628	1.82	1.90	compared	retargeted	140
629	1.82	1.90	compared	retargeted	141
630	1.82	1.90	compared	retargeted	142
631	1.82	1.90	compared	retargeted	143
632	1.82	1.90	compared	retargeted	144
633	1.82	1.90	compared	retargeted	145
634	1.82	1.90	compared	retargeted	146
635	1.82	1.90	compared	retargeted	147
636	1.82	1.90	compared	retargeted	150
637	1.82	1.90	compared	retargeted	151
638	1.82	1.90	compared	retargeted	152
639	1.82	1.90	compared	retargeted	153
640	1.82	1.90	compared	retargeted	154
641	1.82	1.90	compared	retargeted	155
642	1.82	1.90	compared	retargeted	156
643	1.82	1.90	compared	retargeted	157
644	1.82	1.90	compared	retargeted	158
645	1.82	1.90	compared	retargeted	159
646	1.82	1.90	compared	retargeted	160
647	1.82	1.90	compared	retargeted	161
648	1.82	1.90	compared	retargeted	162
649	1.82	1.90	compared	retargeted	163
650	1.82	1.90	compared	retargeted	164
651	1.82	1.90	compared	retargeted	165
652	1.82	1.90	compared	retargeted	166
653	1.82	1.90	compared	retargeted	167
654	1.82	1.90	compared	retargeted	168
655	1.82	1.90	compared	retargeted	169
656	1.82	1.90	compared	retargeted	170
657	1.82	1.90	compared	retargeted	171
658	1.82	1.90	compared	retargeted	172
659	1.82	1.90	compared	retargeted	173
660	1.82	1.90	compared	retargeted	178
661	1.82	1.90	compared	retargeted	179
662	1.82	1.90	compared	retargeted	180
663	1.82	1.90	compared	retargeted	181
664	1.82	1.90	compared	retargeted	182
665	1.82	1.90	compared	retargeted	183
666	1.82	1.90	compared	retargeted	184
667	1.82	1.90	compared	retargeted	185
668	1.82	1.90	compared	retargeted	186
669	1.82	1.90	compared	retargeted	187
670	1.82	1.90	compared	retargeted	188
671	1.82	1.90	compared	retargeted	189
672	1.82	1.90	compared	retargeted	190
673	1.82	1.90	compared	retargeted	191
674	1.82	1.90	compared	retargeted	192
675	1.82	1.90	compared	retargeted	193
676	1.82	1.90	compared	retargeted	194
677	1.82	1.90	compared	retargeted	195
678	1.82	1.90	compared	retargeted	196
679	1.82	1.90	compared	retargeted	197
680	1.82	1.90	compared	retargeted	230
681	1.82	1.90	compared	retargeted	231
682	1.82	1.90	compared	retargeted	232
683	1.82	1.90	compared	retargeted	233
684	1.82	1.90	compared	retargeted	234
685	1.82	1.90	compared	retargeted	235
686	1.82	1.90	compared	retargeted	236
687	1.82	1.90	compared	retargeted	237
688	1.82	1.90	compared	retargeted	238
689	1.82	1.90	compared	retargeted	239
690	1.82	1.90	compared	retargeted	240
691	1.82	1.90	compared	retargeted	244
692	1.82	1.90	compared	retargeted	245
693	1.82	1.90	compared	retargeted	246
694	1.82	1.90	compared	retargeted	247
695	1.82	1.90	compared	retargeted	251
696	1.82	1.90	compared	retargeted	252
697	1.82	1.90	compared	retargeted	260
698	1.82	1.90	compared	retargeted	327
699	1.82	1.90	compared	retargeted	329
700	1.82	1.90	compared	retargeted	330
701	1.82	1.90	compared	retargeted	331
702	1.82	1.90	compared	retargeted	332
703	1.82	1.90	compared	retargeted	333
704	1.82	1.90	compared	retargeted	334
705	1.82	1.90	compared	retargeted	335
706	1.82	1.90	compared	retargeted	336
707	1.82	1.90	compared	retargeted	337
708	1.82	1.90	compared	retargeted	338
709	1.82	1.90	compared	retargeted	339
710	1.82	1.90	compared	retargeted	340
711	1.82	1.90	compared	retargeted	341
712	1.82	1.90	compared	retargeted	342
713	1.82	1.90	compared	retargeted	343
714	1.82	1.90	compared	retargeted	344
715	1.82	1.90	compared	retargeted	345
716	1.82	1.90	compared	retargeted	346
717	1.82	1.90	compared	retargeted	347
718	1.82	1.90	compared	retargeted	348
719	1.82	1.90	compared	retargeted	349
720	1.82	1.90	compared	retargeted	350
721	1.82	1.90	compared	retargeted	351
722	1.82	1.90	compared	retargeted	352
723	1.82	1.90	compared	retargeted	353
724	1.82	1.90	compared	retargeted	354
725	1.82	1.90	compared	retargeted	355
726	1.82	1.90	compared	retargeted	356
727	1.82	1.90	compared	retargeted	357
728	1.82	1.90	compared	retargeted	358
729	1.82	1.90	compared	retargeted	359
730	1.82	1.90	compared	retargeted	360
731	1.82	1.90	compared	retargeted	361
732	1.82	1.90	compared	retargeted	362
733	1.82	1.90	compared	retargeted	363
734	1.82	1.90	compared	retargeted	367
735	1.82	1.90	compared	retargeted	368
736	1.82	1.90	compared	retargeted	369
737	1.82	1.90	compared	retargeted	370
738	1.82	1.90	compared	retargeted	371
739	1.82	1.90	compared	retargeted	377
740	1.82	1.90	compared	retargeted	378
741	1.82	1.90	compared	retargeted	379
742	1.82	1.90	compared	retargeted	380
743	1.82	1.90	compared	retargeted	381
744	1.82	1.90	compared	retargeted	382
745	1.82	1.90	compared	retargeted	383
746	1.82	1.90	compared	retargeted	384
747	1.82	1.90	compared	retargeted	385
748	1.82	1.90	compared	retargeted	386
749	1.82	1.90	compared	retargeted	387
750	1.82	1.90	compared	retargeted	388
751	1.82	1.90	compared	retargeted	389
752	1.82	1.90	compared	retargeted	390
753	1.82	1.90	compared	retargeted	391
754	1.82	1.90	compared	retargeted	392
755	1.82	1.90	compared	retargeted	393
756	1.82	1.90	compared	retargeted	394
757	1.82	1.90	compared	retargeted	395
758	1.82	1.90	compared	retargeted	396
759	1.82	1.90	compared	retargeted	397
760	1.82	1.90	compared	retargeted	398
761	1.82	1.90	compared	retargeted	399
762	1.82	1.90	compared	retargeted	402
763	1.82	1.90	compared	retargeted	403
764	1.82	1.90	compared	retargeted	450
765	1.82	1.90	compared	retargeted	451
766	1.82	1.90	compared	retargeted	452
767	1.82	1.90	compared	retargeted	453
768	1.82	1.90	compared	retargeted	454
769	1.82	1.90	compared	retargeted	455
770	1.82	1.90	compared	retargeted	456
771	1.82	1.90	compared	retargeted	461
772	1.82	1.90	compared	retargeted	462
773	1.82	1.90	compared	retargeted	463
774	1.82	1.90	compared	retargeted	464
775	1.82	1.90	compared	retargeted	470
776	1.82	1.90	compared	retargeted	471
777	1.82	1.90	compared	retargeted	472
778	1.82	1.90	compared	retargeted	473
779	1.82	1.90	compared	retargeted	480
780	1.82	1.90	compared	retargeted	481
781	1.82	1.90	compared	retargeted	482
782	1.82	1.90	compared	retargeted	483
783	1.82	1.90	compared	retargeted	484
784	1.82	1.90	compared	retargeted	485
785	1.82	1.90	compared	retargeted	486
786	1.82	1.90	compared	retargeted	487
787	1.82	1.90	compared	retargeted	488
788	1.82	1.90	compared	retargeted	489
789	1.82	1.90	compared	retargeted	490
790	1.82	1.90	compared	retargeted	491
791	1.82	1.90	compared	retargeted	492
792	1.82	1.90	compared	retargeted	493
793	1.82	1.90	compared	retargeted	494
794	1.82	1.90	compared	retargeted	495
795	1.82	1.90	compared	retargeted	496
796	1.82	1.90	compared	retargeted	497
797	1.82	1.90	compared	retargeted	498
798	1.82	1.90	compared	retargeted	499
799	1.82	1.90	compared	retargeted	500
800	1.82	1.90	compared	retargeted	501
801	1.82	1.90	compared	retargeted	502
802	1.82	1.90	compared	retargeted	503
803	1.82	1.90	compared	retargeted	504
804	1.82	1.90	compared	retargeted	505
805	1.82	1.90	compared	retargeted	506
806	1.82	1.90	compared	retargeted	507
807	1.82	1.90	compared	retargeted	508
808	1.82	1.90	compared	retargeted	509
809	1.82	1.90	compared	retargeted	510
810	1.82	1.90	compared	retargeted	511
811	1.82	1.90	compared	retargeted	512
812	1.82	1.90	compared	retargeted	513
813	1.82	1.90	compared	retargeted	516
814	1.82	1.90	compared	retargeted	517
815	1.82	1.90	compared	retargeted	518
816	1.82	1.90	compared	retargeted	519
817	1.82	1.90	compared	retargeted	520
818	1.82	1.90	compared	retargeted	521
819	1.82	1.90	compared	retargeted	522
820	1.82	1.90	compared	retargeted	523
821	1.82	1.90	compared	retargeted	524
822	1.82	1.90	compared	retargeted	525
823	1.82	1.90	compared	retargeted	530
824	1.82	1.90	compared	retargeted	531
825	1.82	1.90	compared	retargeted	532
826	1.82	1.90	compared	retargeted	533
827	1.82	1.90	compared	retargeted	534
828	1.82	1.90	compared	retargeted	535
829	1.82	1.90	compared	retargeted	536
830	1.82	1.90	compared	retargeted	537
831	1.82	1.90	compared	retargeted	538
832	1.82	1.90	compared	retargeted	539
833	1.82	1.90	compared	retargeted	540
834	1.82	1.90	compared	retargeted	541
835	1.82	1.90	compared	retargeted	542
836	1.82	1.90	compared	retargeted	543
837	1.82	1.90	compared	retargeted	544
838	1.82	1.90	compared	retargeted	545
839	1.82	1.90	compared	retargeted	546
840	1.82	1.90	compared	retargeted	547
841	1.82	1.90	compared	retargeted	548
842	1.82	1.90	compared	retargeted	549
843	1.82	1.90	compared	retargeted	550
844	1.82	1.90	compared	retargeted	551
845	1.82	1.90	compared	retargeted	552
846	1.82	1.90	compared	retargeted	553
847	1.82	1.90	compared	retargeted	554
848	1.82	1.90	compared	retargeted	555
849	1.82	1.90	compared	retargeted	556
850	1.82	1.90	compared	retargeted	557
851	1.82	1.90	compared	retargeted	558
852	1.82	1.90	compared	retargeted	559
853	1.82	1.90	compared	retargeted	560
854	1.82	1.90	compared	retargeted	561
855	1.82	1.90	compared	retargeted	562
856	1.82	1.90	compared	retargeted	563
857	1.82	1.90	compared	retargeted	564
858	1.82	1.90	compared	retargeted	565
859	1.82	1.90	compared	retargeted	570
860	1.82	1.90	compared	retargeted	571
861	1.82	1.90	compared	retargeted	572
862	1.82	1.90	compared	retargeted	573
863	1.82	1.90	compared	retargeted	574
864	1.82	1.90	compared	retargeted	575
865	1.82	1.90	compared	retargeted	576
866	1.82	1.90	compared	retargeted	577
867	1.82	1.90	compared	retargeted	580
868	1.82	1.90	compared	retargeted	581
869	1.82	1.90	compared	retargeted	582
870	1.82	1.90	compared	retargeted	583
871	1.82	1.90	compared	retargeted	584
872	1.82	1.90	compared	retargeted	585
873	1.82	1.90	compared	retargeted	586
874	1.82	1.90	compared	retargeted	587
875	1.82	1.90	compared	retargeted	588
876	1.82	1.90	compared	retargeted	589
877	1.82	1.90	compared	retargeted	590
878	1.82	1.90	compared	retargeted	593
879	1.82	1.90	compared	retargeted	594
880	1.82	1.90	compared	retargeted	595
881	1.82	1.90	compared	retargeted	596
882	1.82	1.90	compared	retargeted	597
883	1.82	1.90	compared	retargeted	598
884	1.82	1.90	compared	retargeted	599
885	1.82	1.90	compared	retargeted	600
886	1.82	1.90	compared	retargeted	601
887	1.82	1.90	compared	retargeted	602
888	1.82	1.90	compared	retargeted	603
889	1.82	1.90	compared	retargeted	604
890	1.82	1.90	compared	retargeted	605
891	1.82	1.90	compared	retargeted	606
892	1.82	1.90	compared	retargeted	607
893	1.82	1.90	compared	retargeted	608
894	1.82	1.90	compared	retargeted	609
895	1.82	1.90	compared	retargeted	610
896	1.82	1.90	compared	retargeted	611
897	1.82	1.90	compared	retargeted	612
898	1.82	1.90	compared	retargeted	613
899	1.82	1.90	compared	retargeted	614
900	1.82	1.90	compared	retargeted	615
901	1.82	1.90	compared	retargeted	616
902	1.82	1.90	compared	retargeted	617
903	1.82	1.90	compared	retargeted	618
904	1.82	1.90	compared	retargeted	624
905	1.82	1.90	compared	retargeted	625
906	1.82	1.90	compared	retargeted	626
907	1.82	1.90	compared	retargeted	627
908	1.82	1.90	compared	retargeted	630
909	1.82	1.90	compared	retargeted	631
910	1.82	1.90	compared	retargeted	635
911	1.82	1.90	compared	retargeted	636
912	1.82	1.90	compared	retargeted	637
913	1.82	1.90	compared	retargeted	638
914	1.82	1.90	compared	retargeted	639
915	1.82	1.90	compared	retargeted	640
916	1.82	1.90	compared	retargeted	641
917	1.82	1.90	compared	retargeted	642
918	1.82	1.90	compared	retargeted	643
919	1.82	1.90	compared	retargeted	644
920	1.82	1.90	compared	retargeted	645
921	1.82	1.90	compared	retargeted	646
922	1.82	1.90	compared	retargeted	647
923	1.82	1.90	compared	retargeted	648
924	1.82	1.90	compared	retargeted	649
925	1.82	1.90	compared	retargeted	650
926	1.82	1.90	compared	retargeted	651
927	1.82	1.90	compared	retargeted	652
928	1.82	1.90	compared	retargeted	653
929	1.82	1.90	compared	retargeted	654
930	1.82	1.90	compared	retargeted	655
931	1.82	1.90	compared	retargeted	656
932	1.82	1.90	compared	retargeted	657
933	1.82	1.90	compared	retargeted	658
934	1.82	1.90	compared	retargeted	659
935	1.82	1.90	compared	retargeted	666
936	1.82	1.90	compared	retargeted	667
937	1.82	1.90	compared	retargeted	668
938	1.82	1.90	compared	retargeted	669
939	1.82	1.90	compared	retargeted	670
940	1.82	1.90	compared	retargeted	671
941	1.82	1.90	compared	retargeted	672
942	1.82	1.90	compared	retargeted	673
943	1.82	1.90	compared	retargeted	674
944	1.82	1.90	compared	retargeted	675
945	1.82	1.90	compared	retargeted	676
946	1.82	1.90	compared	retargeted	677
947	1.82	1.90	compared	retargeted	680
948	1.82	1.90	compared	retargeted	681
949	1.82	1.90	compared	retargeted	682
950	1.82	1.90	compared	retargeted	683
951	1.82	1.90	compared	retargeted	684
952	1.82	1.90	compared	retargeted	685
953	1.82	1.90	compared	retargeted	686
954	1.82	1.90	compared	retargeted	687
955	1.82	1.90	compared	retargeted	688
956	1.82	1.90	compared	retargeted	689
957	1.82	1.90	compared	retargeted	690
958	1.82	1.90	compared	retargeted	691
959	1.82	1.90	compared	retargeted	692
960	1.82	1.90	compared	retargeted	693
961	1.82	1.90	compared	retargeted	694
962	1.82	1.90	compared	retargeted	695
963	1.82	1.90	compared	retargeted	700
964	1.82	1.90	compared	retargeted	701
965	1.82	1.90	compared	retargeted	702
966	1.82	1.90	compared	retargeted	703
967	1.82	1.90	compared	retargeted	704
968	1.82	1.90	compared	retargeted	705
969	1.82	1.90	compared	retargeted	706
970	1.82	1.90	compared	retargeted	707
971	1.82	1.90	compared	retargeted	708
972	1.82	1.90	compared	retargeted	709
973	1.82	1.90	compared	retargeted	710
974	1.82	1.90	compared	retargeted	711
975	1.82	1.90	compared	retargeted	712
976	1.82	1.90	compared	retargeted	713
977	1.82	1.90	compared	retargeted	714
978	1.82	1.90	compared	retargeted	715
979	1.82	1.90	compared	retargeted	716
980	1.82	1.90	compared	retargeted	717
981	1.82	1.90	compared	retargeted	718
982	1.82	1.90	compared	retargeted	719
983	1.82	1.90	compared	retargeted	720
984	1.82	1.90	compared	retargeted	721
985	1.82	1.90	compared	retargeted	722
986	1.82	1.90	compared	retargeted	723
987	1.82	1.90	compared	retargeted	724
988	1.82	1.90	compared	retargeted	725
989	1.82	1.90	compared	retargeted	726
990	1.82	1.90	compared	retargeted	800
991	1.82	1.90	compared	retargeted	801
992	1.82	1.90	compared	retargeted	802
993	1.82	1.90	compared	retargeted	803
994	1.82	1.90	compared	retargeted	804
995	1.82	1.90	compared	retargeted	805
996	1.82	1.90	compared	retargeted	806
997	1.82	1.90	compared	retargeted	807
998	1.82	1.90	compared	retargeted	808
999	1.82	1.90	compared	retargeted	809
1000	1.82	1.90	compared	retargeted	810
1001	1.82	1.90	compared	retargeted	811
1002	1.82	1.90	compared	retargeted	812
1003	1.82	1.90	compared	retargeted	813
1004	1.82	1.90	compared	retargeted	814
1005	1.82	1.90	compared	retargeted	815
1006	1.82	1.90	compared	retargeted	816
1007	1.82	1.90	compared	retargeted	817
1008	1.82	1.90	compared	retargeted	818
1009	1.82	1.90	compared	retargeted	821
1010	1.82	1.90	compared	retargeted	822
1011	1.82	1.90	compared	retargeted	823
1012	1.82	1.90	compared	retargeted	824
1013	1.82	1.90	compared	retargeted	825
1014	1.82	1.90	compared	retargeted	826
1015	1.82	1.90	compared	retargeted	830
1016	1.82	1.90	compared	retargeted	831
1017	1.82	1.90	compared	retargeted	832
1018	1.82	1.90	compared	retargeted	833
1019	1.82	1.90	compared	retargeted	834
1020	1.82	1.90	compared	retargeted	835
1021	1.82	1.90	compared	retargeted	836
1022	1.82	1.90	compared	retargeted	837
1023	1.82	1.90	compared	retargeted	838
1024	1.82	1.90	compared	retargeted	841
1025	1.82	1.90	compared	retargeted	842
1026	1.82	1.90	compared	retargeted	843
1027	1.82	1.90	compared	retargeted	844
1028	1.82	1.90	compared	retargeted	845
1029	1.82	1.90	compared	retargeted	846
1030	1.82	1.90	compared	retargeted	847
1031	1.82	1.90	compared	retargeted	861
1032	1.82	1.90	compared	retargeted	862
1033	1.82	1.90	compared	retargeted	863
1034	1.82	1.90	compared	retargeted	864
1035	1.82	1.90	compared	retargeted	865
1036	1.82	1.90	compared	retargeted	866
1037	1.82	1.90	compared	retargeted	867
1038	1.82	1.90	compared	retargeted	868
1039	1.82	1.90	compared	retargeted	869
1040	1.82	1.90	compared	retargeted	870
1041	1.82	1.90	compared	retargeted	871
1042	1.82	1.90	compared	retargeted	872
1043	1.82	1.90	compared	retargeted	873
1044	1.82	1.90	compared	retargeted	900
1045	1.82	1.90	compared	retargeted	901
1046	1.82	1.90	compared	retargeted	902
1047	1.82	1.90	compared	retargeted	903
1048	1.82	1.90	compared	retargeted	906
1049	1.82	1.90	compared	retargeted	933
1050	1.82	1.90	compared	retargeted	934
1051	1.82	1.90	compared	retargeted	935
1052	1.82	1.90	compared	retargeted	936
1053	1.82	1.90	compared	retargeted	937
1054	1.82	1.90	compared	retargeted	941
1055	1.82	1.90	compared	retargeted	942
1056	1.82	1.90	compared	retargeted	943
1057	1.82	1.90	compared	retargeted	944
1058	1.82	1.90	compared	retargeted	945
1059	1.82	1.90	compared	retargeted	946
1060	1.82	1.90	compared	retargeted	947
1061	1.90	1.91	not_compared	none	none
1062	1.91	1.92	not_compared	none	none
1063	1.93	1.94	compared	retargeted	0
1064	1.93	1.94	compared	retargeted	20
1065	1.93	1.94	compared	retargeted	42
1066	1.93	1.94	compared	retargeted	132
1067	1.93	1.94	compared	retargeted	139
1068	1.93	1.94	compared	retargeted	162
1069	1.93	1.94	compared	retargeted	164
1070	1.93	1.94	compared	retargeted	168
1071	1.93	1.94	compared	retargeted	183
1072	1.93	1.94	compared	retargeted	189
1073	1.93	1.94	compared	retargeted	195
1074	1.93	1.94	compared	retargeted	344
1075	1.93	1.94	compared	retargeted	347
1076	1.93	1.94	compared	retargeted	354
1077	1.93	1.94	compared	retargeted	371
1078	1.93	1.94	compared	retargeted	462
1079	1.93	1.94	compared	retargeted	491
1080	1.93	1.94	compared	retargeted	515
1081	1.93	1.94	compared	retargeted	934
1082	1.93	1.94	compared	retargeted	936
1083	1.93	1.94	compared	retargeted	942
1084	1.93	1.94	compared	retargeted	946
1085	1.94	1.97	not_compared	none	none
1086	1.97	2.00	not_compared	none	none
1087	2.00	2.01	compared	retargeted	0
1088	2.00	2.01	compared	retargeted	20
1089	2.00	2.01	compared	retargeted	42
1090	2.00	2.01	compared	retargeted	132
1091	2.00	2.01	compared	retargeted	139
1092	2.00	2.01	compared	retargeted	162
1093	2.00	2.01	compared	retargeted	164
1094	2.00	2.01	compared	retargeted	168
1095	2.00	2.01	compared	retargeted	183
1096	2.00	2.01	compared	retargeted	189
1097	2.00	2.01	compared	retargeted	195
1098	2.00	2.01	compared	retargeted	344
1099	2.00	2.01	compared	retargeted	347
1100	2.00	2.01	compared	retargeted	371
1101	2.00	2.01	compared	retargeted	399
1102	2.00	2.01	compared	retargeted	462
1103	2.00	2.01	compared	retargeted	491
1104	2.01	2.10	compared	class_changed	300
1105	2.01	2.10	compared	class_changed	405
1106	2.01	2.10	compared	class_changed	406
1107	2.01	2.10	compared	class_changed	407
1108	2.01	2.10	compared	class_changed	408
1109	2.01	2.10	compared	class_changed	409
1110	2.01	2.10	compared	retargeted	0
1111	2.01	2.10	compared	retargeted	20
1112	2.01	2.10	compared	retargeted	30
1113	2.01	2.10	compared	retargeted	41
1114	2.01	2.10	compared	retargeted	42
1115	2.01	2.10	compared	retargeted	43
1116	2.01	2.10	compared	retargeted	44
1117	2.01	2.10	compared	retargeted	45
1118	2.01	2.10	compared	retargeted	46
1119	2.01	2.10	compared	retargeted	47
1120	2.01	2.10	compared	retargeted	48
1121	2.01	2.10	compared	retargeted	49
1122	2.01	2.10	compared	retargeted	50
1123	2.01	2.10	compared	retargeted	51
1124	2.01	2.10	compared	retargeted	52
1125	2.01	2.10	compared	retargeted	53
1126	2.01	2.10	compared	retargeted	54
1127	2.01	2.10	compared	retargeted	55
1128	2.01	2.10	compared	retargeted	56
1129	2.01	2.10	compared	retargeted	57
1130	2.01	2.10	compared	retargeted	132
1131	2.01	2.10	compared	retargeted	139
1132	2.01	2.10	compared	retargeted	140
1133	2.01	2.10	compared	retargeted	162
1134	2.01	2.10	compared	retargeted	163
1135	2.01	2.10	compared	retargeted	164
1136	2.01	2.10	compared	retargeted	168
1137	2.01	2.10	compared	retargeted	183
1138	2.01	2.10	compared	retargeted	189
1139	2.01	2.10	compared	retargeted	195
1140	2.01	2.10	compared	retargeted	260
1141	2.01	2.10	compared	retargeted	301
1142	2.01	2.10	compared	retargeted	302
1143	2.01	2.10	compared	retargeted	312
1144	2.01	2.10	compared	retargeted	313
1145	2.01	2.10	compared	retargeted	344
1146	2.01	2.10	compared	retargeted	347
1147	2.01	2.10	compared	retargeted	371
1148	2.01	2.10	compared	retargeted	372
1149	2.01	2.10	compared	retargeted	373
1150	2.01	2.10	compared	retargeted	376
1151	2.01	2.10	compared	retargeted	377
1152	2.01	2.10	compared	retargeted	378
1153	2.01	2.10	compared	retargeted	381
1154	2.01	2.10	compared	retargeted	382
1155	2.01	2.10	compared	retargeted	383
1156	2.01	2.10	compared	retargeted	384
1157	2.01	2.10	compared	retargeted	385
1158	2.01	2.10	compared	retargeted	386
1159	2.01	2.10	compared	retargeted	389
1160	2.01	2.10	compared	retargeted	398
1161	2.01	2.10	compared	retargeted	399
1162	2.01	2.10	compared	retargeted	400
1163	2.01	2.10	compared	retargeted	401
1164	2.01	2.10	compared	retargeted	404
1165	2.01	2.10	compared	retargeted	461
1166	2.01	2.10	compared	retargeted	462
1167	2.01	2.10	compared	retargeted	463
1168	2.01	2.10	compared	retargeted	466
1169	2.01	2.10	compared	retargeted	480
1170	2.01	2.10	compared	retargeted	481
1171	2.01	2.10	compared	retargeted	482
1172	2.01	2.10	compared	retargeted	483
1173	2.01	2.10	compared	retargeted	484
1174	2.01	2.10	compared	retargeted	485
1175	2.01	2.10	compared	retargeted	486
1176	2.01	2.10	compared	retargeted	491
1177	2.01	2.10	compared	retargeted	494
1178	2.01	2.10	compared	retargeted	495
1179	2.01	2.10	compared	retargeted	498
1180	2.01	2.10	compared	retargeted	499
1181	2.01	2.10	compared	retargeted	515
1182	2.01	2.10	compared	retargeted	570
1183	2.01	2.10	compared	retargeted	571
1184	2.01	2.10	compared	retargeted	574
1185	2.01	2.10	compared	retargeted	575
1186	2.01	2.10	compared	retargeted	576
1187	2.01	2.10	compared	retargeted	577
1188	2.01	2.10	compared	retargeted	619
1189	2.01	2.10	compared	retargeted	620
1190	2.01	2.10	compared	retargeted	638
1191	2.01	2.10	compared	retargeted	666
1192	2.01	2.10	compared	retargeted	669
1193	2.01	2.10	compared	retargeted	800
1194	2.01	2.10	compared	retargeted	801
1195	2.01	2.10	compared	retargeted	802
1196	2.01	2.10	compared	retargeted	803
1197	2.01	2.10	compared	retargeted	804
1198	2.01	2.10	compared	retargeted	805
1199	2.01	2.10	compared	retargeted	806
1200	2.01	2.10	compared	retargeted	807
1201	2.01	2.10	compared	retargeted	808
1202	2.01	2.10	compared	retargeted	809
1203	2.01	2.10	compared	retargeted	810
1204	2.01	2.10	compared	retargeted	811
1205	2.01	2.10	compared	retargeted	812
1206	2.01	2.10	compared	retargeted	813
1207	2.01	2.10	compared	retargeted	814
1208	2.01	2.10	compared	retargeted	815
1209	2.01	2.10	compared	retargeted	816
1210	2.01	2.10	compared	retargeted	821
1211	2.01	2.10	compared	retargeted	822
1212	2.01	2.10	compared	retargeted	823
1213	2.01	2.10	compared	retargeted	824
1214	2.01	2.10	compared	retargeted	830
1215	2.01	2.10	compared	retargeted	831
1216	2.01	2.10	compared	retargeted	832
1217	2.01	2.10	compared	retargeted	833
1218	2.01	2.10	compared	retargeted	834
1219	2.01	2.10	compared	retargeted	835
1220	2.01	2.10	compared	retargeted	836
1221	2.01	2.10	compared	retargeted	847
1222	2.01	2.10	compared	retargeted	870
1223	2.10	2.16	not_compared	none	none
1224	2.16	2.17	not_compared	none	none
1225	2.17	2.20	compared	class_changed	300
1226	2.17	2.20	compared	class_changed	314
1227	2.17	2.20	compared	class_changed	315
1228	2.17	2.20	compared	class_changed	473
1229	2.17	2.20	compared	class_changed	566
1230	2.17	2.20	compared	class_changed	876
1231	2.17	2.20	compared	retargeted	0
1232	2.17	2.20	compared	retargeted	1
1233	2.17	2.20	compared	retargeted	2
1234	2.17	2.20	compared	retargeted	3
1235	2.17	2.20	compared	retargeted	18
1236	2.17	2.20	compared	retargeted	19
1237	2.17	2.20	compared	retargeted	20
1238	2.17	2.20	compared	retargeted	21
1239	2.17	2.20	compared	retargeted	24
1240	2.17	2.20	compared	retargeted	25
1241	2.17	2.20	compared	retargeted	26
1242	2.17	2.20	compared	retargeted	27
1243	2.17	2.20	compared	retargeted	30
1244	2.17	2.20	compared	retargeted	41
1245	2.17	2.20	compared	retargeted	42
1246	2.17	2.20	compared	retargeted	84
1247	2.17	2.20	compared	retargeted	114
1248	2.17	2.20	compared	retargeted	132
1249	2.17	2.20	compared	retargeted	139
1250	2.17	2.20	compared	retargeted	140
1251	2.17	2.20	compared	retargeted	154
1252	2.17	2.20	compared	retargeted	160
1253	2.17	2.20	compared	retargeted	161
1254	2.17	2.20	compared	retargeted	162
1255	2.17	2.20	compared	retargeted	163
1256	2.17	2.20	compared	retargeted	164
1257	2.17	2.20	compared	retargeted	168
1258	2.17	2.20	compared	retargeted	183
1259	2.17	2.20	compared	retargeted	189
1260	2.17	2.20	compared	retargeted	195
1261	2.17	2.20	compared	retargeted	196
1262	2.17	2.20	compared	retargeted	197
1263	2.17	2.20	compared	retargeted	198
1264	2.17	2.20	compared	retargeted	199
1265	2.17	2.20	compared	retargeted	230
1266	2.17	2.20	compared	retargeted	231
1267	2.17	2.20	compared	retargeted	232
1268	2.17	2.20	compared	retargeted	233
1269	2.17	2.20	compared	retargeted	234
1270	2.17	2.20	compared	retargeted	235
1271	2.17	2.20	compared	retargeted	236
1272	2.17	2.20	compared	retargeted	237
1273	2.17	2.20	compared	retargeted	238
1274	2.17	2.20	compared	retargeted	239
1275	2.17	2.20	compared	retargeted	240
1276	2.17	2.20	compared	retargeted	260
1277	2.17	2.20	compared	retargeted	301
1278	2.17	2.20	compared	retargeted	302
1279	2.17	2.20	compared	retargeted	303
1280	2.17	2.20	compared	retargeted	304
1281	2.17	2.20	compared	retargeted	305
1282	2.17	2.20	compared	retargeted	306
1283	2.17	2.20	compared	retargeted	307
1284	2.17	2.20	compared	retargeted	308
1285	2.17	2.20	compared	retargeted	309
1286	2.17	2.20	compared	retargeted	310
1287	2.17	2.20	compared	retargeted	311
1288	2.17	2.20	compared	retargeted	312
1289	2.17	2.20	compared	retargeted	313
1290	2.17	2.20	compared	retargeted	328
1291	2.17	2.20	compared	retargeted	329
1292	2.17	2.20	compared	retargeted	332
1293	2.17	2.20	compared	retargeted	339
1294	2.17	2.20	compared	retargeted	340
1295	2.17	2.20	compared	retargeted	341
1296	2.17	2.20	compared	retargeted	344
1297	2.17	2.20	compared	retargeted	347
1298	2.17	2.20	compared	retargeted	360
1299	2.17	2.20	compared	retargeted	371
1300	2.17	2.20	compared	retargeted	372
1301	2.17	2.20	compared	retargeted	373
1302	2.17	2.20	compared	retargeted	376
1303	2.17	2.20	compared	retargeted	377
1304	2.17	2.20	compared	retargeted	378
1305	2.17	2.20	compared	retargeted	382
1306	2.17	2.20	compared	retargeted	385
1307	2.17	2.20	compared	retargeted	386
1308	2.17	2.20	compared	retargeted	389
1309	2.17	2.20	compared	retargeted	398
1310	2.17	2.20	compared	retargeted	399
1311	2.17	2.20	compared	retargeted	400
1312	2.17	2.20	compared	retargeted	401
1313	2.17	2.20	compared	retargeted	454
1314	2.17	2.20	compared	retargeted	461
1315	2.17	2.20	compared	retargeted	462
1316	2.17	2.20	compared	retargeted	472
1317	2.17	2.20	compared	retargeted	480
1318	2.17	2.20	compared	retargeted	481
1319	2.17	2.20	compared	retargeted	482
1320	2.17	2.20	compared	retargeted	485
1321	2.17	2.20	compared	retargeted	486
1322	2.17	2.20	compared	retargeted	491
1323	2.17	2.20	compared	retargeted	498
1324	2.17	2.20	compared	retargeted	499
1325	2.17	2.20	compared	retargeted	500
1326	2.17	2.20	compared	retargeted	501
1327	2.17	2.20	compared	retargeted	515
1328	2.17	2.20	compared	retargeted	541
1329	2.17	2.20	compared	retargeted	545
1330	2.17	2.20	compared	retargeted	549
1331	2.17	2.20	compared	retargeted	565
1332	2.17	2.20	compared	retargeted	570
1333	2.17	2.20	compared	retargeted	571
1334	2.17	2.20	compared	retargeted	572
1335	2.17	2.20	compared	retargeted	573
1336	2.17	2.20	compared	retargeted	574
1337	2.17	2.20	compared	retargeted	575
1338	2.17	2.20	compared	retargeted	576
1339	2.17	2.20	compared	retargeted	577
1340	2.17	2.20	compared	retargeted	590
1341	2.17	2.20	compared	retargeted	593
1342	2.17	2.20	compared	retargeted	596
1343	2.17	2.20	compared	retargeted	599
1344	2.17	2.20	compared	retargeted	600
1345	2.17	2.20	compared	retargeted	601
1346	2.17	2.20	compared	retargeted	602
1347	2.17	2.20	compared	retargeted	603
1348	2.17	2.20	compared	retargeted	604
1349	2.17	2.20	compared	retargeted	605
1350	2.17	2.20	compared	retargeted	606
1351	2.17	2.20	compared	retargeted	607
1352	2.17	2.20	compared	retargeted	608
1353	2.17	2.20	compared	retargeted	612
1354	2.17	2.20	compared	retargeted	615
1355	2.17	2.20	compared	retargeted	616
1356	2.17	2.20	compared	retargeted	617
1357	2.17	2.20	compared	retargeted	618
1358	2.17	2.20	compared	retargeted	619
1359	2.17	2.20	compared	retargeted	620
1360	2.17	2.20	compared	retargeted	626
1361	2.17	2.20	compared	retargeted	627
1362	2.17	2.20	compared	retargeted	638
1363	2.17	2.20	compared	retargeted	666
1364	2.17	2.20	compared	retargeted	669
1365	2.17	2.20	compared	retargeted	700
1366	2.17	2.20	compared	retargeted	701
1367	2.17	2.20	compared	retargeted	702
1368	2.17	2.20	compared	retargeted	703
1369	2.17	2.20	compared	retargeted	704
1370	2.17	2.20	compared	retargeted	705
1371	2.17	2.20	compared	retargeted	706
1372	2.17	2.20	compared	retargeted	707
1373	2.17	2.20	compared	retargeted	708
1374	2.17	2.20	compared	retargeted	709
1375	2.17	2.20	compared	retargeted	710
1376	2.17	2.20	compared	retargeted	711
1377	2.17	2.20	compared	retargeted	723
1378	2.17	2.20	compared	retargeted	724
1379	2.17	2.20	compared	retargeted	800
1380	2.17	2.20	compared	retargeted	801
1381	2.17	2.20	compared	retargeted	802
1382	2.17	2.20	compared	retargeted	803
1383	2.17	2.20	compared	retargeted	804
1384	2.17	2.20	compared	retargeted	805
1385	2.17	2.20	compared	retargeted	806
1386	2.17	2.20	compared	retargeted	807
1387	2.17	2.20	compared	retargeted	808
1388	2.17	2.20	compared	retargeted	809
1389	2.17	2.20	compared	retargeted	810
1390	2.17	2.20	compared	retargeted	811
1391	2.17	2.20	compared	retargeted	812
1392	2.17	2.20	compared	retargeted	813
1393	2.17	2.20	compared	retargeted	814
1394	2.17	2.20	compared	retargeted	815
1395	2.17	2.20	compared	retargeted	816
1396	2.17	2.20	compared	retargeted	817
1397	2.17	2.20	compared	retargeted	818
1398	2.17	2.20	compared	retargeted	819
1399	2.17	2.20	compared	retargeted	820
1400	2.17	2.20	compared	retargeted	821
1401	2.17	2.20	compared	retargeted	822
1402	2.17	2.20	compared	retargeted	823
1403	2.17	2.20	compared	retargeted	824
1404	2.17	2.20	compared	retargeted	825
1405	2.17	2.20	compared	retargeted	826
1406	2.17	2.20	compared	retargeted	827
1407	2.17	2.20	compared	retargeted	828
1408	2.17	2.20	compared	retargeted	829
1409	2.17	2.20	compared	retargeted	830
1410	2.17	2.20	compared	retargeted	831
1411	2.17	2.20	compared	retargeted	832
1412	2.17	2.20	compared	retargeted	833
1413	2.17	2.20	compared	retargeted	834
1414	2.17	2.20	compared	retargeted	835
1415	2.17	2.20	compared	retargeted	836
1416	2.17	2.20	compared	retargeted	837
1417	2.17	2.20	compared	retargeted	838
1418	2.17	2.20	compared	retargeted	845
1419	2.17	2.20	compared	retargeted	846
1420	2.17	2.20	compared	retargeted	847
1421	2.17	2.20	compared	retargeted	861
1422	2.17	2.20	compared	retargeted	862
1423	2.17	2.20	compared	retargeted	863
1424	2.17	2.20	compared	retargeted	864
1425	2.17	2.20	compared	retargeted	870
1426	2.20	2.30	compared	retargeted	119
1427	2.20	2.30	compared	retargeted	127
1428	2.20	2.30	compared	retargeted	131
1429	2.20	2.30	compared	retargeted	133
1430	2.20	2.30	compared	retargeted	140
1431	2.20	2.30	compared	retargeted	163
1432	2.20	2.30	compared	retargeted	260
1433	2.36	2.40	compared	class_changed	117
1434	2.36	2.40	compared	class_changed	399
1435	2.36	2.40	compared	class_changed	474
1436	2.36	2.40	compared	class_changed	475
1437	2.36	2.40	compared	class_changed	586
1438	2.36	2.40	compared	class_changed	588
1439	2.36	2.40	compared	class_changed	589
1440	2.36	2.40	compared	class_changed	594
1441	2.36	2.40	compared	class_changed	595
1442	2.36	2.40	compared	class_changed	596
1443	2.36	2.40	compared	class_changed	619
1444	2.36	2.40	compared	class_changed	696
1445	2.36	2.40	compared	class_changed	877
1446	2.36	2.40	compared	class_changed	878
1447	2.36	2.40	compared	retargeted	0
1448	2.36	2.40	compared	retargeted	1
1449	2.36	2.40	compared	retargeted	2
1450	2.36	2.40	compared	retargeted	3
1451	2.36	2.40	compared	retargeted	4
1452	2.36	2.40	compared	retargeted	5
1453	2.36	2.40	compared	retargeted	12
1454	2.36	2.40	compared	retargeted	13
1455	2.36	2.40	compared	retargeted	14
1456	2.36	2.40	compared	retargeted	18
1457	2.36	2.40	compared	retargeted	19
1458	2.36	2.40	compared	retargeted	20
1459	2.36	2.40	compared	retargeted	21
1460	2.36	2.40	compared	retargeted	22
1461	2.36	2.40	compared	retargeted	23
1462	2.36	2.40	compared	retargeted	24
1463	2.36	2.40	compared	retargeted	25
1464	2.36	2.40	compared	retargeted	26
1465	2.36	2.40	compared	retargeted	27
1466	2.36	2.40	compared	retargeted	28
1467	2.36	2.40	compared	retargeted	29
1468	2.36	2.40	compared	retargeted	30
1469	2.36	2.40	compared	retargeted	41
1470	2.36	2.40	compared	retargeted	42
1471	2.36	2.40	compared	retargeted	43
1472	2.36	2.40	compared	retargeted	44
1473	2.36	2.40	compared	retargeted	45
1474	2.36	2.40	compared	retargeted	46
1475	2.36	2.40	compared	retargeted	47
1476	2.36	2.40	compared	retargeted	50
1477	2.36	2.40	compared	retargeted	51
1478	2.36	2.40	compared	retargeted	52
1479	2.36	2.40	compared	retargeted	53
1480	2.36	2.40	compared	retargeted	54
1481	2.36	2.40	compared	retargeted	55
1482	2.36	2.40	compared	retargeted	56
1483	2.36	2.40	compared	retargeted	57
1484	2.36	2.40	compared	retargeted	70
1485	2.36	2.40	compared	retargeted	71
1486	2.36	2.40	compared	retargeted	72
1487	2.36	2.40	compared	retargeted	73
1488	2.36	2.40	compared	retargeted	74
1489	2.36	2.40	compared	retargeted	75
1490	2.36	2.40	compared	retargeted	76
1491	2.36	2.40	compared	retargeted	80
1492	2.36	2.40	compared	retargeted	81
1493	2.36	2.40	compared	retargeted	84
1494	2.36	2.40	compared	retargeted	88
1495	2.36	2.40	compared	retargeted	89
1496	2.36	2.40	compared	retargeted	90
1497	2.36	2.40	compared	retargeted	91
1498	2.36	2.40	compared	retargeted	92
1499	2.36	2.40	compared	retargeted	93
1500	2.36	2.40	compared	retargeted	94
1501	2.36	2.40	compared	retargeted	95
1502	2.36	2.40	compared	retargeted	96
1503	2.36	2.40	compared	retargeted	97
1504	2.36	2.40	compared	retargeted	98
1505	2.36	2.40	compared	retargeted	99
1506	2.36	2.40	compared	retargeted	100
1507	2.36	2.40	compared	retargeted	101
1508	2.36	2.40	compared	retargeted	102
1509	2.36	2.40	compared	retargeted	103
1510	2.36	2.40	compared	retargeted	104
1511	2.36	2.40	compared	retargeted	105
1512	2.36	2.40	compared	retargeted	106
1513	2.36	2.40	compared	retargeted	107
1514	2.36	2.40	compared	retargeted	108
1515	2.36	2.40	compared	retargeted	109
1516	2.36	2.40	compared	retargeted	110
1517	2.36	2.40	compared	retargeted	111
1518	2.36	2.40	compared	retargeted	112
1519	2.36	2.40	compared	retargeted	113
1520	2.36	2.40	compared	retargeted	114
1521	2.36	2.40	compared	retargeted	115
1522	2.36	2.40	compared	retargeted	116
1523	2.36	2.40	compared	retargeted	118
1524	2.36	2.40	compared	retargeted	119
1525	2.36	2.40	compared	retargeted	120
1526	2.36	2.40	compared	retargeted	121
1527	2.36	2.40	compared	retargeted	122
1528	2.36	2.40	compared	retargeted	123
1529	2.36	2.40	compared	retargeted	124
1530	2.36	2.40	compared	retargeted	125
1531	2.36	2.40	compared	retargeted	126
1532	2.36	2.40	compared	retargeted	127
1533	2.36	2.40	compared	retargeted	128
1534	2.36	2.40	compared	retargeted	129
1535	2.36	2.40	compared	retargeted	130
1536	2.36	2.40	compared	retargeted	131
1537	2.36	2.40	compared	retargeted	132
1538	2.36	2.40	compared	retargeted	133
1539	2.36	2.40	compared	retargeted	134
1540	2.36	2.40	compared	retargeted	135
1541	2.36	2.40	compared	retargeted	136
1542	2.36	2.40	compared	retargeted	137
1543	2.36	2.40	compared	retargeted	138
1544	2.36	2.40	compared	retargeted	139
1545	2.36	2.40	compared	retargeted	140
1546	2.36	2.40	compared	retargeted	141
1547	2.36	2.40	compared	retargeted	142
1548	2.36	2.40	compared	retargeted	143
1549	2.36	2.40	compared	retargeted	155
1550	2.36	2.40	compared	retargeted	156
1551	2.36	2.40	compared	retargeted	157
1552	2.36	2.40	compared	retargeted	158
1553	2.36	2.40	compared	retargeted	159
1554	2.36	2.40	compared	retargeted	162
1555	2.36	2.40	compared	retargeted	163
1556	2.36	2.40	compared	retargeted	164
1557	2.36	2.40	compared	retargeted	167
1558	2.36	2.40	compared	retargeted	168
1559	2.36	2.40	compared	retargeted	169
1560	2.36	2.40	compared	retargeted	170
1561	2.36	2.40	compared	retargeted	171
1562	2.36	2.40	compared	retargeted	172
1563	2.36	2.40	compared	retargeted	183
1564	2.36	2.40	compared	retargeted	184
1565	2.36	2.40	compared	retargeted	189
1566	2.36	2.40	compared	retargeted	190
1567	2.36	2.40	compared	retargeted	191
1568	2.36	2.40	compared	retargeted	192
1569	2.36	2.40	compared	retargeted	193
1570	2.36	2.40	compared	retargeted	194
1571	2.36	2.40	compared	retargeted	195
1572	2.36	2.40	compared	retargeted	198
1573	2.36	2.40	compared	retargeted	199
1574	2.36	2.40	compared	retargeted	230
1575	2.36	2.40	compared	retargeted	231
1576	2.36	2.40	compared	retargeted	232
1577	2.36	2.40	compared	retargeted	233
1578	2.36	2.40	compared	retargeted	234
1579	2.36	2.40	compared	retargeted	235
1580	2.36	2.40	compared	retargeted	236
1581	2.36	2.40	compared	retargeted	237
1582	2.36	2.40	compared	retargeted	238
1583	2.36	2.40	compared	retargeted	239
1584	2.36	2.40	compared	retargeted	240
1585	2.36	2.40	compared	retargeted	244
1586	2.36	2.40	compared	retargeted	245
1587	2.36	2.40	compared	retargeted	246
1588	2.36	2.40	compared	retargeted	247
1589	2.36	2.40	compared	retargeted	251
1590	2.36	2.40	compared	retargeted	252
1591	2.36	2.40	compared	retargeted	260
1592	2.36	2.40	compared	retargeted	300
1593	2.36	2.40	compared	retargeted	301
1594	2.36	2.40	compared	retargeted	302
1595	2.36	2.40	compared	retargeted	303
1596	2.36	2.40	compared	retargeted	304
1597	2.36	2.40	compared	retargeted	305
1598	2.36	2.40	compared	retargeted	306
1599	2.36	2.40	compared	retargeted	307
1600	2.36	2.40	compared	retargeted	308
1601	2.36	2.40	compared	retargeted	309
1602	2.36	2.40	compared	retargeted	310
1603	2.36	2.40	compared	retargeted	311
1604	2.36	2.40	compared	retargeted	312
1605	2.36	2.40	compared	retargeted	313
1606	2.36	2.40	compared	retargeted	314
1607	2.36	2.40	compared	retargeted	315
1608	2.36	2.40	compared	retargeted	326
1609	2.36	2.40	compared	retargeted	327
1610	2.36	2.40	compared	retargeted	328
1611	2.36	2.40	compared	retargeted	329
1612	2.36	2.40	compared	retargeted	330
1613	2.36	2.40	compared	retargeted	331
1614	2.36	2.40	compared	retargeted	332
1615	2.36	2.40	compared	retargeted	333
1616	2.36	2.40	compared	retargeted	334
1617	2.36	2.40	compared	retargeted	335
1618	2.36	2.40	compared	retargeted	336
1619	2.36	2.40	compared	retargeted	337
1620	2.36	2.40	compared	retargeted	338
1621	2.36	2.40	compared	retargeted	339
1622	2.36	2.40	compared	retargeted	340
1623	2.36	2.40	compared	retargeted	341
1624	2.36	2.40	compared	retargeted	344
1625	2.36	2.40	compared	retargeted	345
1626	2.36	2.40	compared	retargeted	346
1627	2.36	2.40	compared	retargeted	347
1628	2.36	2.40	compared	retargeted	348
1629	2.36	2.40	compared	retargeted	349
1630	2.36	2.40	compared	retargeted	350
1631	2.36	2.40	compared	retargeted	351
1632	2.36	2.40	compared	retargeted	356
1633	2.36	2.40	compared	retargeted	357
1634	2.36	2.40	compared	retargeted	358
1635	2.36	2.40	compared	retargeted	359
1636	2.36	2.40	compared	retargeted	360
1637	2.36	2.40	compared	retargeted	361
1638	2.36	2.40	compared	retargeted	362
1639	2.36	2.40	compared	retargeted	363
1640	2.36	2.40	compared	retargeted	367
1641	2.36	2.40	compared	retargeted	368
1642	2.36	2.40	compared	retargeted	369
1643	2.36	2.40	compared	retargeted	370
1644	2.36	2.40	compared	retargeted	371
1645	2.36	2.40	compared	retargeted	372
1646	2.36	2.40	compared	retargeted	373
1647	2.36	2.40	compared	retargeted	374
1648	2.36	2.40	compared	retargeted	375
1649	2.36	2.40	compared	retargeted	376
1650	2.36	2.40	compared	retargeted	377
1651	2.36	2.40	compared	retargeted	378
1652	2.36	2.40	compared	retargeted	379
1653	2.36	2.40	compared	retargeted	380
1654	2.36	2.40	compared	retargeted	381
1655	2.36	2.40	compared	retargeted	382
1656	2.36	2.40	compared	retargeted	383
1657	2.36	2.40	compared	retargeted	384
1658	2.36	2.40	compared	retargeted	385
1659	2.36	2.40	compared	retargeted	386
1660	2.36	2.40	compared	retargeted	387
1661	2.36	2.40	compared	retargeted	388
1662	2.36	2.40	compared	retargeted	389
1663	2.36	2.40	compared	retargeted	390
1664	2.36	2.40	compared	retargeted	391
1665	2.36	2.40	compared	retargeted	392
1666	2.36	2.40	compared	retargeted	395
1667	2.36	2.40	compared	retargeted	396
1668	2.36	2.40	compared	retargeted	397
1669	2.36	2.40	compared	retargeted	398
1670	2.36	2.40	compared	retargeted	400
1671	2.36	2.40	compared	retargeted	401
1672	2.36	2.40	compared	retargeted	404
1673	2.36	2.40	compared	retargeted	450
1674	2.36	2.40	compared	retargeted	451
1675	2.36	2.40	compared	retargeted	452
1676	2.36	2.40	compared	retargeted	453
1677	2.36	2.40	compared	retargeted	454
1678	2.36	2.40	compared	retargeted	455
1679	2.36	2.40	compared	retargeted	456
1680	2.36	2.40	compared	retargeted	457
1681	2.36	2.40	compared	retargeted	458
1682	2.36	2.40	compared	retargeted	461
1683	2.36	2.40	compared	retargeted	462
1684	2.36	2.40	compared	retargeted	466
1685	2.36	2.40	compared	retargeted	470
1686	2.36	2.40	compared	retargeted	471
1687	2.36	2.40	compared	retargeted	472
1688	2.36	2.40	compared	retargeted	473
1689	2.36	2.40	compared	retargeted	480
1690	2.36	2.40	compared	retargeted	481
1691	2.36	2.40	compared	retargeted	482
1692	2.36	2.40	compared	retargeted	483
1693	2.36	2.40	compared	retargeted	484
1694	2.36	2.40	compared	retargeted	485
1695	2.36	2.40	compared	retargeted	486
1696	2.36	2.40	compared	retargeted	487
1697	2.36	2.40	compared	retargeted	488
1698	2.36	2.40	compared	retargeted	489
1699	2.36	2.40	compared	retargeted	490
1700	2.36	2.40	compared	retargeted	491
1701	2.36	2.40	compared	retargeted	492
1702	2.36	2.40	compared	retargeted	493
1703	2.36	2.40	compared	retargeted	494
1704	2.36	2.40	compared	retargeted	495
1705	2.36	2.40	compared	retargeted	496
1706	2.36	2.40	compared	retargeted	497
1707	2.36	2.40	compared	retargeted	498
1708	2.36	2.40	compared	retargeted	499
1709	2.36	2.40	compared	retargeted	500
1710	2.36	2.40	compared	retargeted	501
1711	2.36	2.40	compared	retargeted	504
1712	2.36	2.40	compared	retargeted	505
1713	2.36	2.40	compared	retargeted	506
1714	2.36	2.40	compared	retargeted	507
1715	2.36	2.40	compared	retargeted	508
1716	2.36	2.40	compared	retargeted	511
1717	2.36	2.40	compared	retargeted	512
1718	2.36	2.40	compared	retargeted	515
1719	2.36	2.40	compared	retargeted	516
1720	2.36	2.40	compared	retargeted	517
1721	2.36	2.40	compared	retargeted	518
1722	2.36	2.40	compared	retargeted	519
1723	2.36	2.40	compared	retargeted	520
1724	2.36	2.40	compared	retargeted	521
1725	2.36	2.40	compared	retargeted	522
1726	2.36	2.40	compared	retargeted	523
1727	2.36	2.40	compared	retargeted	524
1728	2.36	2.40	compared	retargeted	525
1729	2.36	2.40	compared	retargeted	530
1730	2.36	2.40	compared	retargeted	531
1731	2.36	2.40	compared	retargeted	532
1732	2.36	2.40	compared	retargeted	533
1733	2.36	2.40	compared	retargeted	534
1734	2.36	2.40	compared	retargeted	535
1735	2.36	2.40	compared	retargeted	536
1736	2.36	2.40	compared	retargeted	540
1737	2.36	2.40	compared	retargeted	541
1738	2.36	2.40	compared	retargeted	542
1739	2.36	2.40	compared	retargeted	543
1740	2.36	2.40	compared	retargeted	544
1741	2.36	2.40	compared	retargeted	545
1742	2.36	2.40	compared	retargeted	546
1743	2.36	2.40	compared	retargeted	547
1744	2.36	2.40	compared	retargeted	548
1745	2.36	2.40	compared	retargeted	549
1746	2.36	2.40	compared	retargeted	550
1747	2.36	2.40	compared	retargeted	551
1748	2.36	2.40	compared	retargeted	552
1749	2.36	2.40	compared	retargeted	556
1750	2.36	2.40	compared	retargeted	557
1751	2.36	2.40	compared	retargeted	558
1752	2.36	2.40	compared	retargeted	559
1753	2.36	2.40	compared	retargeted	560
1754	2.36	2.40	compared	retargeted	561
1755	2.36	2.40	compared	retargeted	562
1756	2.36	2.40	compared	retargeted	563
1757	2.36	2.40	compared	retargeted	564
1758	2.36	2.40	compared	retargeted	565
1759	2.36	2.40	compared	retargeted	566
1760	2.36	2.40	compared	retargeted	576
1761	2.36	2.40	compared	retargeted	577
1762	2.36	2.40	compared	retargeted	580
1763	2.36	2.40	compared	retargeted	581
1764	2.36	2.40	compared	retargeted	582
1765	2.36	2.40	compared	retargeted	583
1766	2.36	2.40	compared	retargeted	584
1767	2.36	2.40	compared	retargeted	585
1768	2.36	2.40	compared	retargeted	587
1769	2.36	2.40	compared	retargeted	590
1770	2.36	2.40	compared	retargeted	593
1771	2.36	2.40	compared	retargeted	597
1772	2.36	2.40	compared	retargeted	598
1773	2.36	2.40	compared	retargeted	599
1774	2.36	2.40	compared	retargeted	600
1775	2.36	2.40	compared	retargeted	601
1776	2.36	2.40	compared	retargeted	602
1777	2.36	2.40	compared	retargeted	603
1778	2.36	2.40	compared	retargeted	604
1779	2.36	2.40	compared	retargeted	605
1780	2.36	2.40	compared	retargeted	606
1781	2.36	2.40	compared	retargeted	607
1782	2.36	2.40	compared	retargeted	608
1783	2.36	2.40	compared	retargeted	609
1784	2.36	2.40	compared	retargeted	610
1785	2.36	2.40	compared	retargeted	611
1786	2.36	2.40	compared	retargeted	612
1787	2.36	2.40	compared	retargeted	613
1788	2.36	2.40	compared	retargeted	614
1789	2.36	2.40	compared	retargeted	615
1790	2.36	2.40	compared	retargeted	616
1791	2.36	2.40	compared	retargeted	617
1792	2.36	2.40	compared	retargeted	618
1793	2.36	2.40	compared	retargeted	620
1794	2.36	2.40	compared	retargeted	624
1795	2.36	2.40	compared	retargeted	625
1796	2.36	2.40	compared	retargeted	626
1797	2.36	2.40	compared	retargeted	627
1798	2.36	2.40	compared	retargeted	630
1799	2.36	2.40	compared	retargeted	631
1800	2.36	2.40	compared	retargeted	635
1801	2.36	2.40	compared	retargeted	636
1802	2.36	2.40	compared	retargeted	637
1803	2.36	2.40	compared	retargeted	638
1804	2.36	2.40	compared	retargeted	639
1805	2.36	2.40	compared	retargeted	650
1806	2.36	2.40	compared	retargeted	651
1807	2.36	2.40	compared	retargeted	652
1808	2.36	2.40	compared	retargeted	653
1809	2.36	2.40	compared	retargeted	654
1810	2.36	2.40	compared	retargeted	655
1811	2.36	2.40	compared	retargeted	656
1812	2.36	2.40	compared	retargeted	657
1813	2.36	2.40	compared	retargeted	658
1814	2.36	2.40	compared	retargeted	659
1815	2.36	2.40	compared	retargeted	666
1816	2.36	2.40	compared	retargeted	669
1817	2.36	2.40	compared	retargeted	677
1818	2.36	2.40	compared	retargeted	680
1819	2.36	2.40	compared	retargeted	683
1820	2.36	2.40	compared	retargeted	690
1821	2.36	2.40	compared	retargeted	691
1822	2.36	2.40	compared	retargeted	692
1823	2.36	2.40	compared	retargeted	693
1824	2.36	2.40	compared	retargeted	800
1825	2.36	2.40	compared	retargeted	801
1826	2.36	2.40	compared	retargeted	802
1827	2.36	2.40	compared	retargeted	803
1828	2.36	2.40	compared	retargeted	804
1829	2.36	2.40	compared	retargeted	805
1830	2.36	2.40	compared	retargeted	808
1831	2.36	2.40	compared	retargeted	809
1832	2.36	2.40	compared	retargeted	810
1833	2.36	2.40	compared	retargeted	811
1834	2.36	2.40	compared	retargeted	812
1835	2.36	2.40	compared	retargeted	813
1836	2.36	2.40	compared	retargeted	814
1837	2.36	2.40	compared	retargeted	815
1838	2.36	2.40	compared	retargeted	816
1839	2.36	2.40	compared	retargeted	822
1840	2.36	2.40	compared	retargeted	823
1841	2.36	2.40	compared	retargeted	824
1842	2.36	2.40	compared	retargeted	830
1843	2.36	2.40	compared	retargeted	831
1844	2.36	2.40	compared	retargeted	832
1845	2.36	2.40	compared	retargeted	833
1846	2.36	2.40	compared	retargeted	834
1847	2.36	2.40	compared	retargeted	835
1848	2.36	2.40	compared	retargeted	836
1849	2.36	2.40	compared	retargeted	837
1850	2.36	2.40	compared	retargeted	838
1851	2.36	2.40	compared	retargeted	847
1852	2.36	2.40	compared	retargeted	861
1853	2.36	2.40	compared	retargeted	862
1854	2.36	2.40	compared	retargeted	863
1855	2.36	2.40	compared	retargeted	864
1856	2.36	2.40	compared	retargeted	865
1857	2.36	2.40	compared	retargeted	866
1858	2.36	2.40	compared	retargeted	867
1859	2.36	2.40	compared	retargeted	868
1860	2.36	2.40	compared	retargeted	869
1861	2.36	2.40	compared	retargeted	870
1862	2.36	2.40	compared	retargeted	871
1863	2.36	2.40	compared	retargeted	872
1864	2.36	2.40	compared	retargeted	876
1865	2.42	2.43	compared	retargeted	0
1866	2.42	2.43	compared	retargeted	20
1867	2.42	2.43	compared	retargeted	42
1868	2.42	2.43	compared	retargeted	118
1869	2.42	2.43	compared	retargeted	132
1870	2.42	2.43	compared	retargeted	139
1871	2.42	2.43	compared	retargeted	162
1872	2.42	2.43	compared	retargeted	164
1873	2.42	2.43	compared	retargeted	168
1874	2.42	2.43	compared	retargeted	183
1875	2.42	2.43	compared	retargeted	189
1876	2.42	2.43	compared	retargeted	195
1877	2.42	2.43	compared	retargeted	344
1878	2.42	2.43	compared	retargeted	347
1879	2.42	2.43	compared	retargeted	371
1880	2.42	2.43	compared	retargeted	399
1881	2.42	2.43	compared	retargeted	462
1882	2.42	2.43	compared	retargeted	491
1883	2.42	2.43	compared	retargeted	515
1884	2.42	2.43	compared	retargeted	576
1885	2.42	2.43	compared	retargeted	577
1886	2.42	2.43	compared	retargeted	620
1887	2.42	2.43	compared	retargeted	638
1888	2.42	2.43	compared	retargeted	870
1889	2.43	2.45	not_compared	none	none
1890	2.45	2.50	not_compared	none	none
1891	2.52	2.53	compared	retargeted	0
1892	2.52	2.53	compared	retargeted	20
1893	2.52	2.53	compared	retargeted	42
1894	2.52	2.53	compared	retargeted	162
1895	2.52	2.53	compared	retargeted	164
1896	2.52	2.53	compared	retargeted	168
1897	2.52	2.53	compared	retargeted	183
1898	2.52	2.53	compared	retargeted	189
1899	2.52	2.53	compared	retargeted	195
1900	2.52	2.53	compared	retargeted	344
1901	2.52	2.53	compared	retargeted	347
1902	2.52	2.53	compared	retargeted	371
1903	2.52	2.53	compared	retargeted	399
1904	2.52	2.53	compared	retargeted	462
1905	2.52	2.53	compared	retargeted	491
1906	2.52	2.53	compared	retargeted	515
1907	2.52	2.53	compared	retargeted	576
1908	2.53	2.60	compared	class_changed	879
1909	2.53	2.60	compared	retargeted	0
1910	2.53	2.60	compared	retargeted	20
1911	2.53	2.60	compared	retargeted	41
1912	2.53	2.60	compared	retargeted	42
1913	2.53	2.60	compared	retargeted	162
1914	2.53	2.60	compared	retargeted	163
1915	2.53	2.60	compared	retargeted	164
1916	2.53	2.60	compared	retargeted	168
1917	2.53	2.60	compared	retargeted	183
1918	2.53	2.60	compared	retargeted	189
1919	2.53	2.60	compared	retargeted	195
1920	2.53	2.60	compared	retargeted	260
1921	2.53	2.60	compared	retargeted	344
1922	2.53	2.60	compared	retargeted	347
1923	2.53	2.60	compared	retargeted	371
1924	2.53	2.60	compared	retargeted	398
1925	2.53	2.60	compared	retargeted	399
1926	2.53	2.60	compared	retargeted	461
1927	2.53	2.60	compared	retargeted	462
1928	2.53	2.60	compared	retargeted	491
1929	2.53	2.60	compared	retargeted	515
1930	2.53	2.60	compared	retargeted	576
1931	2.53	2.60	compared	retargeted	577
1932	2.53	2.60	compared	retargeted	620
1933	2.53	2.60	compared	retargeted	870
1934	2.60	2.70	compared	class_changed	413
1935	2.60	2.70	compared	class_changed	414
1936	2.60	2.70	compared	class_changed	415
1937	2.60	2.70	compared	class_changed	476
1938	2.60	2.70	compared	class_changed	567
1939	2.60	2.70	compared	class_changed	568
1940	2.60	2.70	compared	class_changed	569
1941	2.60	2.70	compared	class_changed	621
1942	2.60	2.70	compared	retargeted	0
1943	2.60	2.70	compared	retargeted	1
1944	2.60	2.70	compared	retargeted	14
1945	2.60	2.70	compared	retargeted	18
1946	2.60	2.70	compared	retargeted	19
1947	2.60	2.70	compared	retargeted	20
1948	2.60	2.70	compared	retargeted	30
1949	2.60	2.70	compared	retargeted	31
1950	2.60	2.70	compared	retargeted	41
1951	2.60	2.70	compared	retargeted	42
1952	2.60	2.70	compared	retargeted	43
1953	2.60	2.70	compared	retargeted	44
1954	2.60	2.70	compared	retargeted	45
1955	2.60	2.70	compared	retargeted	49
1956	2.60	2.70	compared	retargeted	52
1957	2.60	2.70	compared	retargeted	56
1958	2.60	2.70	compared	retargeted	57
1959	2.60	2.70	compared	retargeted	84
1960	2.60	2.70	compared	retargeted	88
1961	2.60	2.70	compared	retargeted	89
1962	2.60	2.70	compared	retargeted	114
1963	2.60	2.70	compared	retargeted	117
1964	2.60	2.70	compared	retargeted	118
1965	2.60	2.70	compared	retargeted	119
1966	2.60	2.70	compared	retargeted	132
1967	2.60	2.70	compared	retargeted	139
1968	2.60	2.70	compared	retargeted	140
1969	2.60	2.70	compared	retargeted	143
1970	2.60	2.70	compared	retargeted	162
1971	2.60	2.70	compared	retargeted	163
1972	2.60	2.70	compared	retargeted	164
1973	2.60	2.70	compared	retargeted	168
1974	2.60	2.70	compared	retargeted	169
1975	2.60	2.70	compared	retargeted	172
1976	2.60	2.70	compared	retargeted	183
1977	2.60	2.70	compared	retargeted	184
1978	2.60	2.70	compared	retargeted	189
1979	2.60	2.70	compared	retargeted	193
1980	2.60	2.70	compared	retargeted	194
1981	2.60	2.70	compared	retargeted	195
1982	2.60	2.70	compared	retargeted	198
1983	2.60	2.70	compared	retargeted	199
1984	2.60	2.70	compared	retargeted	260
1985	2.60	2.70	compared	retargeted	300
1986	2.60	2.70	compared	retargeted	301
1987	2.60	2.70	compared	retargeted	302
1988	2.60	2.70	compared	retargeted	303
1989	2.60	2.70	compared	retargeted	304
1990	2.60	2.70	compared	retargeted	305
1991	2.60	2.70	compared	retargeted	306
1992	2.60	2.70	compared	retargeted	307
1993	2.60	2.70	compared	retargeted	308
1994	2.60	2.70	compared	retargeted	309
1995	2.60	2.70	compared	retargeted	326
1996	2.60	2.70	compared	retargeted	327
1997	2.60	2.70	compared	retargeted	332
1998	2.60	2.70	compared	retargeted	333
1999	2.60	2.70	compared	retargeted	336
2000	2.60	2.70	compared	retargeted	341
2001	2.60	2.70	compared	retargeted	344
2002	2.60	2.70	compared	retargeted	347
2003	2.60	2.70	compared	retargeted	351
2004	2.60	2.70	compared	retargeted	352
2005	2.60	2.70	compared	retargeted	362
2006	2.60	2.70	compared	retargeted	363
2007	2.60	2.70	compared	retargeted	371
2008	2.60	2.70	compared	retargeted	372
2009	2.60	2.70	compared	retargeted	373
2010	2.60	2.70	compared	retargeted	382
2011	2.60	2.70	compared	retargeted	383
2012	2.60	2.70	compared	retargeted	384
2013	2.60	2.70	compared	retargeted	385
2014	2.60	2.70	compared	retargeted	386
2015	2.60	2.70	compared	retargeted	387
2016	2.60	2.70	compared	retargeted	388
2017	2.60	2.70	compared	retargeted	389
2018	2.60	2.70	compared	retargeted	398
2019	2.60	2.70	compared	retargeted	399
2020	2.60	2.70	compared	retargeted	400
2021	2.60	2.70	compared	retargeted	401
2022	2.60	2.70	compared	retargeted	404
2023	2.60	2.70	compared	retargeted	412
2024	2.60	2.70	compared	retargeted	461
2025	2.60	2.70	compared	retargeted	462
2026	2.60	2.70	compared	retargeted	463
2027	2.60	2.70	compared	retargeted	466
2028	2.60	2.70	compared	retargeted	467
2029	2.60	2.70	compared	retargeted	470
2030	2.60	2.70	compared	retargeted	471
2031	2.60	2.70	compared	retargeted	472
2032	2.60	2.70	compared	retargeted	473
2033	2.60	2.70	compared	retargeted	474
2034	2.60	2.70	compared	retargeted	475
2035	2.60	2.70	compared	retargeted	480
2036	2.60	2.70	compared	retargeted	481
2037	2.60	2.70	compared	retargeted	482
2038	2.60	2.70	compared	retargeted	485
2039	2.60	2.70	compared	retargeted	486
2040	2.60	2.70	compared	retargeted	491
2041	2.60	2.70	compared	retargeted	497
2042	2.60	2.70	compared	retargeted	500
2043	2.60	2.70	compared	retargeted	501
2044	2.60	2.70	compared	retargeted	502
2045	2.60	2.70	compared	retargeted	512
2046	2.60	2.70	compared	retargeted	515
2047	2.60	2.70	compared	retargeted	530
2048	2.60	2.70	compared	retargeted	531
2049	2.60	2.70	compared	retargeted	532
2050	2.60	2.70	compared	retargeted	540
2051	2.60	2.70	compared	retargeted	541
2052	2.60	2.70	compared	retargeted	542
2053	2.60	2.70	compared	retargeted	549
2054	2.60	2.70	compared	retargeted	550
2055	2.60	2.70	compared	retargeted	551
2056	2.60	2.70	compared	retargeted	552
2057	2.60	2.70	compared	retargeted	556
2058	2.60	2.70	compared	retargeted	559
2059	2.60	2.70	compared	retargeted	563
2060	2.60	2.70	compared	retargeted	564
2061	2.60	2.70	compared	retargeted	565
2062	2.60	2.70	compared	retargeted	566
2063	2.60	2.70	compared	retargeted	570
2064	2.60	2.70	compared	retargeted	574
2065	2.60	2.70	compared	retargeted	575
2066	2.60	2.70	compared	retargeted	576
2067	2.60	2.70	compared	retargeted	577
2068	2.60	2.70	compared	retargeted	580
2069	2.60	2.70	compared	retargeted	583
2070	2.60	2.70	compared	retargeted	584
2071	2.60	2.70	compared	retargeted	585
2072	2.60	2.70	compared	retargeted	586
2073	2.60	2.70	compared	retargeted	587
2074	2.60	2.70	compared	retargeted	590
2075	2.60	2.70	compared	retargeted	593
2076	2.60	2.70	compared	retargeted	598
2077	2.60	2.70	compared	retargeted	599
2078	2.60	2.70	compared	retargeted	609
2079	2.60	2.70	compared	retargeted	610
2080	2.60	2.70	compared	retargeted	611
2081	2.60	2.70	compared	retargeted	620
2082	2.60	2.70	compared	retargeted	630
2083	2.60	2.70	compared	retargeted	631
2084	2.60	2.70	compared	retargeted	635
2085	2.60	2.70	compared	retargeted	638
2086	2.60	2.70	compared	retargeted	639
2087	2.60	2.70	compared	retargeted	666
2088	2.60	2.70	compared	retargeted	667
2089	2.60	2.70	compared	retargeted	668
2090	2.60	2.70	compared	retargeted	669
2091	2.60	2.70	compared	retargeted	670
2092	2.60	2.70	compared	retargeted	671
2093	2.60	2.70	compared	retargeted	672
2094	2.60	2.70	compared	retargeted	673
2095	2.60	2.70	compared	retargeted	674
2096	2.60	2.70	compared	retargeted	675
2097	2.60	2.70	compared	retargeted	676
2098	2.60	2.70	compared	retargeted	677
2099	2.60	2.70	compared	retargeted	696
2100	2.60	2.70	compared	retargeted	700
2101	2.60	2.70	compared	retargeted	701
2102	2.60	2.70	compared	retargeted	702
2103	2.60	2.70	compared	retargeted	703
2104	2.60	2.70	compared	retargeted	704
2105	2.60	2.70	compared	retargeted	705
2106	2.60	2.70	compared	retargeted	706
2107	2.60	2.70	compared	retargeted	707
2108	2.60	2.70	compared	retargeted	708
2109	2.60	2.70	compared	retargeted	709
2110	2.60	2.70	compared	retargeted	710
2111	2.60	2.70	compared	retargeted	711
2112	2.60	2.70	compared	retargeted	712
2113	2.60	2.70	compared	retargeted	713
2114	2.60	2.70	compared	retargeted	714
2115	2.60	2.70	compared	retargeted	715
2116	2.60	2.70	compared	retargeted	716
2117	2.60	2.70	compared	retargeted	717
2118	2.60	2.70	compared	retargeted	718
2119	2.60	2.70	compared	retargeted	724
2120	2.60	2.70	compared	retargeted	725
2121	2.60	2.70	compared	retargeted	726
2122	2.60	2.70	compared	retargeted	800
2123	2.60	2.70	compared	retargeted	801
2124	2.60	2.70	compared	retargeted	804
2125	2.60	2.70	compared	retargeted	805
2126	2.60	2.70	compared	retargeted	808
2127	2.60	2.70	compared	retargeted	809
2128	2.60	2.70	compared	retargeted	810
2129	2.60	2.70	compared	retargeted	811
2130	2.60	2.70	compared	retargeted	812
2131	2.60	2.70	compared	retargeted	813
2132	2.60	2.70	compared	retargeted	816
2133	2.60	2.70	compared	retargeted	817
2134	2.60	2.70	compared	retargeted	820
2135	2.60	2.70	compared	retargeted	821
2136	2.60	2.70	compared	retargeted	822
2137	2.60	2.70	compared	retargeted	829
2138	2.60	2.70	compared	retargeted	830
2139	2.60	2.70	compared	retargeted	831
2140	2.60	2.70	compared	retargeted	834
2141	2.60	2.70	compared	retargeted	835
2142	2.60	2.70	compared	retargeted	846
2143	2.60	2.70	compared	retargeted	847
2144	2.60	2.70	compared	retargeted	861
2145	2.60	2.70	compared	retargeted	862
2146	2.60	2.70	compared	retargeted	863
2147	2.60	2.70	compared	retargeted	864
2148	2.60	2.70	compared	retargeted	867
2149	2.60	2.70	compared	retargeted	868
2150	2.60	2.70	compared	retargeted	869
2151	2.60	2.70	compared	retargeted	870
2152	2.60	2.70	compared	retargeted	871
2153	2.60	2.70	compared	retargeted	872
2154	2.60	2.70	compared	retargeted	873
2155	2.60	2.70	compared	retargeted	874
2156	2.60	2.70	compared	retargeted	875
2157	2.60	2.70	compared	retargeted	876
2158	2.60	2.70	compared	retargeted	877
2159	2.60	2.70	compared	retargeted	878
2160	2.60	2.70	compared	retargeted	879
2161	2.70	2.75	not_compared	none	none
2162	2.75	2.76	not_compared	none	none
2163	2.76	2.80	compared	class_changed	58
2164	2.76	2.80	compared	class_changed	148
2165	2.76	2.80	compared	class_changed	248
2166	2.76	2.80	compared	class_changed	249
2167	2.76	2.80	compared	class_changed	250
2168	2.76	2.80	compared	class_changed	578
2169	2.76	2.80	compared	retargeted	0
2170	2.76	2.80	compared	retargeted	20
2171	2.76	2.80	compared	retargeted	41
2172	2.76	2.80	compared	retargeted	42
2173	2.76	2.80	compared	retargeted	43
2174	2.76	2.80	compared	retargeted	44
2175	2.76	2.80	compared	retargeted	45
2176	2.76	2.80	compared	retargeted	46
2177	2.76	2.80	compared	retargeted	47
2178	2.76	2.80	compared	retargeted	48
2179	2.76	2.80	compared	retargeted	49
2180	2.76	2.80	compared	retargeted	53
2181	2.76	2.80	compared	retargeted	56
2182	2.76	2.80	compared	retargeted	57
2183	2.76	2.80	compared	retargeted	80
2184	2.76	2.80	compared	retargeted	81
2185	2.76	2.80	compared	retargeted	84
2186	2.76	2.80	compared	retargeted	88
2187	2.76	2.80	compared	retargeted	89
2188	2.76	2.80	compared	retargeted	119
2189	2.76	2.80	compared	retargeted	120
2190	2.76	2.80	compared	retargeted	121
2191	2.76	2.80	compared	retargeted	122
2192	2.76	2.80	compared	retargeted	127
2193	2.76	2.80	compared	retargeted	143
2194	2.76	2.80	compared	retargeted	146
2195	2.76	2.80	compared	retargeted	147
2196	2.76	2.80	compared	retargeted	149
2197	2.76	2.80	compared	retargeted	162
2198	2.76	2.80	compared	retargeted	163
2199	2.76	2.80	compared	retargeted	164
2200	2.76	2.80	compared	retargeted	168
2201	2.76	2.80	compared	retargeted	169
2202	2.76	2.80	compared	retargeted	170
2203	2.76	2.80	compared	retargeted	171
2204	2.76	2.80	compared	retargeted	172
2205	2.76	2.80	compared	retargeted	183
2206	2.76	2.80	compared	retargeted	184
2207	2.76	2.80	compared	retargeted	185
2208	2.76	2.80	compared	retargeted	186
2209	2.76	2.80	compared	retargeted	189
2210	2.76	2.80	compared	retargeted	195
2211	2.76	2.80	compared	retargeted	244
2212	2.76	2.80	compared	retargeted	245
2213	2.76	2.80	compared	retargeted	246
2214	2.76	2.80	compared	retargeted	247
2215	2.76	2.80	compared	retargeted	260
2216	2.76	2.80	compared	retargeted	344
2217	2.76	2.80	compared	retargeted	347
2218	2.76	2.80	compared	retargeted	371
2219	2.76	2.80	compared	retargeted	398
2220	2.76	2.80	compared	retargeted	399
2221	2.76	2.80	compared	retargeted	412
2222	2.76	2.80	compared	retargeted	461
2223	2.76	2.80	compared	retargeted	462
2224	2.76	2.80	compared	retargeted	491
2225	2.76	2.80	compared	retargeted	515
2226	2.76	2.80	compared	retargeted	541
2227	2.76	2.80	compared	retargeted	542
2228	2.76	2.80	compared	retargeted	549
2229	2.76	2.80	compared	retargeted	550
2230	2.76	2.80	compared	retargeted	556
2231	2.76	2.80	compared	retargeted	563
2232	2.76	2.80	compared	retargeted	564
2233	2.76	2.80	compared	retargeted	565
2234	2.76	2.80	compared	retargeted	566
2235	2.76	2.80	compared	retargeted	576
2236	2.76	2.80	compared	retargeted	577
2237	2.76	2.80	compared	retargeted	579
2238	2.76	2.80	compared	retargeted	620
2239	2.76	2.80	compared	retargeted	621
2240	2.76	2.80	compared	retargeted	635
2241	2.76	2.80	compared	retargeted	638
2242	2.76	2.80	compared	retargeted	639
2243	2.76	2.80	compared	retargeted	669
2244	2.76	2.80	compared	retargeted	674
2245	2.76	2.80	compared	retargeted	675
2246	2.76	2.80	compared	retargeted	676
2247	2.76	2.80	compared	retargeted	677
2248	2.76	2.80	compared	retargeted	800
2249	2.76	2.80	compared	retargeted	801
2250	2.76	2.80	compared	retargeted	804
2251	2.76	2.80	compared	retargeted	805
2252	2.76	2.80	compared	retargeted	808
2253	2.76	2.80	compared	retargeted	809
2254	2.76	2.80	compared	retargeted	810
2255	2.76	2.80	compared	retargeted	811
2256	2.76	2.80	compared	retargeted	812
2257	2.76	2.80	compared	retargeted	813
2258	2.76	2.80	compared	retargeted	816
2259	2.76	2.80	compared	retargeted	817
2260	2.76	2.80	compared	retargeted	821
2261	2.76	2.80	compared	retargeted	822
2262	2.76	2.80	compared	retargeted	829
2263	2.76	2.80	compared	retargeted	830
2264	2.76	2.80	compared	retargeted	831
2265	2.76	2.80	compared	retargeted	834
2266	2.76	2.80	compared	retargeted	835
2267	2.76	2.80	compared	retargeted	836
2268	2.76	2.80	compared	retargeted	837
2269	2.76	2.80	compared	retargeted	838
2270	2.76	2.80	compared	retargeted	846
2271	2.76	2.80	compared	retargeted	847
2272	2.76	2.80	compared	retargeted	870
2273	2.80	3.00	compared	class_changed	253
2274	2.80	3.00	compared	class_changed	474
2275	2.80	3.00	compared	class_changed	475
2276	2.80	3.00	compared	class_changed	679
2277	2.80	3.00	compared	retargeted	0
2278	2.80	3.00	compared	retargeted	20
2279	2.80	3.00	compared	retargeted	41
2280	2.80	3.00	compared	retargeted	42
2281	2.80	3.00	compared	retargeted	149
2282	2.80	3.00	compared	retargeted	162
2283	2.80	3.00	compared	retargeted	163
2284	2.80	3.00	compared	retargeted	164
2285	2.80	3.00	compared	retargeted	168
2286	2.80	3.00	compared	retargeted	171
2287	2.80	3.00	compared	retargeted	172
2288	2.80	3.00	compared	retargeted	183
2289	2.80	3.00	compared	retargeted	184
2290	2.80	3.00	compared	retargeted	189
2291	2.80	3.00	compared	retargeted	195
2292	2.80	3.00	compared	retargeted	250
2293	2.80	3.00	compared	retargeted	251
2294	2.80	3.00	compared	retargeted	252
2295	2.80	3.00	compared	retargeted	260
2296	2.80	3.00	compared	retargeted	326
2297	2.80	3.00	compared	retargeted	327
2298	2.80	3.00	compared	retargeted	328
2299	2.80	3.00	compared	retargeted	329
2300	2.80	3.00	compared	retargeted	332
2301	2.80	3.00	compared	retargeted	333
2302	2.80	3.00	compared	retargeted	334
2303	2.80	3.00	compared	retargeted	335
2304	2.80	3.00	compared	retargeted	336
2305	2.80	3.00	compared	retargeted	337
2306	2.80	3.00	compared	retargeted	338
2307	2.80	3.00	compared	retargeted	339
2308	2.80	3.00	compared	retargeted	340
2309	2.80	3.00	compared	retargeted	341
2310	2.80	3.00	compared	retargeted	344
2311	2.80	3.00	compared	retargeted	347
2312	2.80	3.00	compared	retargeted	348
2313	2.80	3.00	compared	retargeted	349
2314	2.80	3.00	compared	retargeted	350
2315	2.80	3.00	compared	retargeted	351
2316	2.80	3.00	compared	retargeted	352
2317	2.80	3.00	compared	retargeted	356
2318	2.80	3.00	compared	retargeted	357
2319	2.80	3.00	compared	retargeted	358
2320	2.80	3.00	compared	retargeted	359
2321	2.80	3.00	compared	retargeted	360
2322	2.80	3.00	compared	retargeted	361
2323	2.80	3.00	compared	retargeted	362
2324	2.80	3.00	compared	retargeted	363
2325	2.80	3.00	compared	retargeted	371
2326	2.80	3.00	compared	retargeted	412
2327	2.80	3.00	compared	retargeted	461
2328	2.80	3.00	compared	retargeted	462
2329	2.80	3.00	compared	retargeted	470
2330	2.80	3.00	compared	retargeted	471
2331	2.80	3.00	compared	retargeted	472
2332	2.80	3.00	compared	retargeted	473
2333	2.80	3.00	compared	retargeted	476
2334	2.80	3.00	compared	retargeted	491
2335	2.80	3.00	compared	retargeted	515
2336	2.80	3.00	compared	retargeted	576
2337	2.80	3.00	compared	retargeted	577
2338	2.80	3.00	compared	retargeted	578
2339	2.80	3.00	compared	retargeted	579
2340	2.80	3.00	compared	retargeted	620
2341	2.80	3.00	compared	retargeted	621
2342	2.80	3.00	compared	retargeted	635
2343	2.80	3.00	compared	retargeted	638
2344	2.80	3.00	compared	retargeted	666
2345	2.80	3.00	compared	retargeted	667
2346	2.80	3.00	compared	retargeted	676
2347	2.80	3.00	compared	retargeted	677
2348	2.80	3.00	compared	retargeted	678
2349	2.80	3.00	compared	retargeted	870
2350	3.00	3.01	compared	retargeted	0
2351	3.00	3.01	compared	retargeted	20
2352	3.00	3.01	compared	retargeted	41
2353	3.00	3.01	compared	retargeted	42
2354	3.00	3.01	compared	retargeted	149
2355	3.00	3.01	compared	retargeted	162
2356	3.00	3.01	compared	retargeted	163
2357	3.00	3.01	compared	retargeted	164
2358	3.00	3.01	compared	retargeted	168
2359	3.00	3.01	compared	retargeted	183
2360	3.00	3.01	compared	retargeted	189
2361	3.00	3.01	compared	retargeted	195
2362	3.00	3.01	compared	retargeted	260
2363	3.00	3.01	compared	retargeted	344
2364	3.00	3.01	compared	retargeted	347
2365	3.00	3.01	compared	retargeted	371
2366	3.00	3.01	compared	retargeted	412
2367	3.00	3.01	compared	retargeted	461
2368	3.00	3.01	compared	retargeted	462
2369	3.00	3.01	compared	retargeted	491
2370	3.00	3.01	compared	retargeted	515
2371	3.00	3.01	compared	retargeted	576
2372	3.00	3.01	compared	retargeted	579
2373	3.00	3.01	compared	retargeted	678
2374	3.00	3.01	compared	retargeted	870
2375	3.01	3.10	compared	class_changed	622
2376	3.01	3.10	compared	class_changed	900
2377	3.01	3.10	compared	class_changed	902
2378	3.01	3.10	compared	class_changed	903
2379	3.01	3.10	compared	class_changed	906
2380	3.01	3.10	compared	class_changed	909
2381	3.01	3.10	compared	class_changed	910
2382	3.01	3.10	compared	class_changed	911
2383	3.01	3.10	compared	class_changed	914
2384	3.01	3.10	compared	class_changed	933
2385	3.01	3.10	compared	class_changed	935
2386	3.01	3.10	compared	class_changed	937
2387	3.01	3.10	compared	class_changed	941
2388	3.01	3.10	compared	class_changed	943
2389	3.01	3.10	compared	class_changed	944
2390	3.01	3.10	compared	class_changed	945
2391	3.01	3.10	compared	class_changed	947
2392	3.01	3.10	compared	class_changed	951
2393	3.01	3.10	compared	class_changed	957
2394	3.01	3.10	compared	class_changed	959
2395	3.01	3.10	compared	class_changed	971
2396	3.01	3.10	compared	class_changed	972
2397	3.01	3.10	compared	class_changed	974
2398	3.01	3.10	compared	class_changed	975
2399	3.01	3.10	compared	class_changed	976
2400	3.01	3.10	compared	class_changed	977
2401	3.01	3.10	compared	class_changed	978
2402	3.01	3.10	compared	class_changed	979
2403	3.01	3.10	compared	class_changed	980
2404	3.01	3.10	compared	class_changed	981
2405	3.01	3.10	compared	class_changed	982
2406	3.01	3.10	compared	class_changed	983
2407	3.01	3.10	compared	class_changed	984
2408	3.01	3.10	compared	class_changed	985
2409	3.01	3.10	compared	class_changed	986
2410	3.01	3.10	compared	class_changed	987
2411	3.01	3.10	compared	retargeted	0
2412	3.01	3.10	compared	retargeted	1
2413	3.01	3.10	compared	retargeted	2
2414	3.01	3.10	compared	retargeted	3
2415	3.01	3.10	compared	retargeted	14
2416	3.01	3.10	compared	retargeted	18
2417	3.01	3.10	compared	retargeted	19
2418	3.01	3.10	compared	retargeted	20
2419	3.01	3.10	compared	retargeted	21
2420	3.01	3.10	compared	retargeted	24
2421	3.01	3.10	compared	retargeted	25
2422	3.01	3.10	compared	retargeted	26
2423	3.01	3.10	compared	retargeted	27
2424	3.01	3.10	compared	retargeted	30
2425	3.01	3.10	compared	retargeted	31
2426	3.01	3.10	compared	retargeted	41
2427	3.01	3.10	compared	retargeted	42
2428	3.01	3.10	compared	retargeted	43
2429	3.01	3.10	compared	retargeted	46
2430	3.01	3.10	compared	retargeted	52
2431	3.01	3.10	compared	retargeted	56
2432	3.01	3.10	compared	retargeted	84
2433	3.01	3.10	compared	retargeted	88
2434	3.01	3.10	compared	retargeted	89
2435	3.01	3.10	compared	retargeted	114
2436	3.01	3.10	compared	retargeted	117
2437	3.01	3.10	compared	retargeted	118
2438	3.01	3.10	compared	retargeted	132
2439	3.01	3.10	compared	retargeted	139
2440	3.01	3.10	compared	retargeted	140
2441	3.01	3.10	compared	retargeted	149
2442	3.01	3.10	compared	retargeted	150
2443	3.01	3.10	compared	retargeted	151
2444	3.01	3.10	compared	retargeted	160
2445	3.01	3.10	compared	retargeted	161
2446	3.01	3.10	compared	retargeted	162
2447	3.01	3.10	compared	retargeted	163
2448	3.01	3.10	compared	retargeted	164
2449	3.01	3.10	compared	retargeted	168
2450	3.01	3.10	compared	retargeted	169
2451	3.01	3.10	compared	retargeted	170
2452	3.01	3.10	compared	retargeted	171
2453	3.01	3.10	compared	retargeted	172
2454	3.01	3.10	compared	retargeted	183
2455	3.01	3.10	compared	retargeted	184
2456	3.01	3.10	compared	retargeted	189
2457	3.01	3.10	compared	retargeted	195
2458	3.01	3.10	compared	retargeted	198
2459	3.01	3.10	compared	retargeted	199
2460	3.01	3.10	compared	retargeted	230
2461	3.01	3.10	compared	retargeted	231
2462	3.01	3.10	compared	retargeted	232
2463	3.01	3.10	compared	retargeted	233
2464	3.01	3.10	compared	retargeted	234
2465	3.01	3.10	compared	retargeted	235
2466	3.01	3.10	compared	retargeted	236
2467	3.01	3.10	compared	retargeted	237
2468	3.01	3.10	compared	retargeted	238
2469	3.01	3.10	compared	retargeted	239
2470	3.01	3.10	compared	retargeted	240
2471	3.01	3.10	compared	retargeted	250
2472	3.01	3.10	compared	retargeted	251
2473	3.01	3.10	compared	retargeted	252
2474	3.01	3.10	compared	retargeted	253
2475	3.01	3.10	compared	retargeted	260
2476	3.01	3.10	compared	retargeted	300
2477	3.01	3.10	compared	retargeted	301
2478	3.01	3.10	compared	retargeted	302
2479	3.01	3.10	compared	retargeted	303
2480	3.01	3.10	compared	retargeted	304
2481	3.01	3.10	compared	retargeted	305
2482	3.01	3.10	compared	retargeted	306
2483	3.01	3.10	compared	retargeted	307
2484	3.01	3.10	compared	retargeted	308
2485	3.01	3.10	compared	retargeted	309
2486	3.01	3.10	compared	retargeted	344
2487	3.01	3.10	compared	retargeted	347
2488	3.01	3.10	compared	retargeted	371
2489	3.01	3.10	compared	retargeted	389
2490	3.01	3.10	compared	retargeted	400
2491	3.01	3.10	compared	retargeted	401
2492	3.01	3.10	compared	retargeted	404
2493	3.01	3.10	compared	retargeted	412
2494	3.01	3.10	compared	retargeted	450
2495	3.01	3.10	compared	retargeted	454
2496	3.01	3.10	compared	retargeted	461
2497	3.01	3.10	compared	retargeted	462
2498	3.01	3.10	compared	retargeted	463
2499	3.01	3.10	compared	retargeted	464
2500	3.01	3.10	compared	retargeted	465
2501	3.01	3.10	compared	retargeted	466
2502	3.01	3.10	compared	retargeted	467
2503	3.01	3.10	compared	retargeted	476
2504	3.01	3.10	compared	retargeted	480
2505	3.01	3.10	compared	retargeted	481
2506	3.01	3.10	compared	retargeted	482
2507	3.01	3.10	compared	retargeted	485
2508	3.01	3.10	compared	retargeted	486
2509	3.01	3.10	compared	retargeted	491
2510	3.01	3.10	compared	retargeted	497
2511	3.01	3.10	compared	retargeted	498
2512	3.01	3.10	compared	retargeted	499
2513	3.01	3.10	compared	retargeted	500
2514	3.01	3.10	compared	retargeted	512
2515	3.01	3.10	compared	retargeted	515
2516	3.01	3.10	compared	retargeted	530
2517	3.01	3.10	compared	retargeted	541
2518	3.01	3.10	compared	retargeted	542
2519	3.01	3.10	compared	retargeted	574
2520	3.01	3.10	compared	retargeted	575
2521	3.01	3.10	compared	retargeted	576
2522	3.01	3.10	compared	retargeted	577
2523	3.01	3.10	compared	retargeted	578
2524	3.01	3.10	compared	retargeted	579
2525	3.01	3.10	compared	retargeted	585
2526	3.01	3.10	compared	retargeted	586
2527	3.01	3.10	compared	retargeted	587
2528	3.01	3.10	compared	retargeted	590
2529	3.01	3.10	compared	retargeted	593
2530	3.01	3.10	compared	retargeted	602
2531	3.01	3.10	compared	retargeted	609
2532	3.01	3.10	compared	retargeted	610
2533	3.01	3.10	compared	retargeted	611
2534	3.01	3.10	compared	retargeted	616
2535	3.01	3.10	compared	retargeted	619
2536	3.01	3.10	compared	retargeted	620
2537	3.01	3.10	compared	retargeted	621
2538	3.01	3.10	compared	retargeted	623
2539	3.01	3.10	compared	retargeted	630
2540	3.01	3.10	compared	retargeted	631
2541	3.01	3.10	compared	retargeted	635
2542	3.01	3.10	compared	retargeted	638
2543	3.01	3.10	compared	retargeted	639
2544	3.01	3.10	compared	retargeted	666
2545	3.01	3.10	compared	retargeted	667
2546	3.01	3.10	compared	retargeted	668
2547	3.01	3.10	compared	retargeted	669
2548	3.01	3.10	compared	retargeted	670
2549	3.01	3.10	compared	retargeted	671
2550	3.01	3.10	compared	retargeted	672
2551	3.01	3.10	compared	retargeted	673
2552	3.01	3.10	compared	retargeted	674
2553	3.01	3.10	compared	retargeted	675
2554	3.01	3.10	compared	retargeted	676
2555	3.01	3.10	compared	retargeted	677
2556	3.01	3.10	compared	retargeted	678
2557	3.01	3.10	compared	retargeted	679
2558	3.01	3.10	compared	retargeted	696
2559	3.01	3.10	compared	retargeted	700
2560	3.01	3.10	compared	retargeted	701
2561	3.01	3.10	compared	retargeted	702
2562	3.01	3.10	compared	retargeted	703
2563	3.01	3.10	compared	retargeted	704
2564	3.01	3.10	compared	retargeted	705
2565	3.01	3.10	compared	retargeted	706
2566	3.01	3.10	compared	retargeted	707
2567	3.01	3.10	compared	retargeted	708
2568	3.01	3.10	compared	retargeted	709
2569	3.01	3.10	compared	retargeted	710
2570	3.01	3.10	compared	retargeted	711
2571	3.01	3.10	compared	retargeted	712
2572	3.01	3.10	compared	retargeted	713
2573	3.01	3.10	compared	retargeted	714
2574	3.01	3.10	compared	retargeted	715
2575	3.01	3.10	compared	retargeted	716
2576	3.01	3.10	compared	retargeted	717
2577	3.01	3.10	compared	retargeted	718
2578	3.01	3.10	compared	retargeted	721
2579	3.01	3.10	compared	retargeted	722
2580	3.01	3.10	compared	retargeted	723
2581	3.01	3.10	compared	retargeted	724
2582	3.01	3.10	compared	retargeted	800
2583	3.01	3.10	compared	retargeted	801
2584	3.01	3.10	compared	retargeted	804
2585	3.01	3.10	compared	retargeted	805
2586	3.01	3.10	compared	retargeted	806
2587	3.01	3.10	compared	retargeted	807
2588	3.01	3.10	compared	retargeted	808
2589	3.01	3.10	compared	retargeted	809
2590	3.01	3.10	compared	retargeted	810
2591	3.01	3.10	compared	retargeted	811
2592	3.01	3.10	compared	retargeted	812
2593	3.01	3.10	compared	retargeted	813
2594	3.01	3.10	compared	retargeted	814
2595	3.01	3.10	compared	retargeted	815
2596	3.01	3.10	compared	retargeted	816
2597	3.01	3.10	compared	retargeted	817
2598	3.01	3.10	compared	retargeted	820
2599	3.01	3.10	compared	retargeted	821
2600	3.01	3.10	compared	retargeted	822
2601	3.01	3.10	compared	retargeted	829
2602	3.01	3.10	compared	retargeted	830
2603	3.01	3.10	compared	retargeted	831
2604	3.01	3.10	compared	retargeted	834
2605	3.01	3.10	compared	retargeted	835
2606	3.01	3.10	compared	retargeted	836
2607	3.01	3.10	compared	retargeted	837
2608	3.01	3.10	compared	retargeted	841
2609	3.01	3.10	compared	retargeted	842
2610	3.01	3.10	compared	retargeted	846
2611	3.01	3.10	compared	retargeted	847
2612	3.01	3.10	compared	retargeted	861
2613	3.01	3.10	compared	retargeted	862
2614	3.01	3.10	compared	retargeted	863
2615	3.01	3.10	compared	retargeted	864
2616	3.01	3.10	compared	retargeted	865
2617	3.01	3.10	compared	retargeted	866
2618	3.01	3.10	compared	retargeted	867
2619	3.01	3.10	compared	retargeted	868
2620	3.01	3.10	compared	retargeted	869
2621	3.01	3.10	compared	retargeted	870
2622	3.01	3.10	compared	retargeted	871
2623	3.01	3.10	compared	retargeted	872
2624	3.01	3.10	compared	retargeted	873
2625	3.01	3.10	compared	retargeted	874
2626	3.01	3.10	compared	retargeted	875
2627	3.01	3.10	compared	retargeted	876
2628	3.01	3.10	compared	retargeted	879
2629	3.01	3.10	compared	retargeted	901
2630	3.01	3.10	compared	retargeted	934
2631	3.01	3.10	compared	retargeted	936
2632	3.01	3.10	compared	retargeted	942
2633	3.01	3.10	compared	retargeted	946
2634	3.01	3.10	compared	retargeted	958
2635	3.01	3.10	compared	retargeted	973
2636	3.10	3.15	compared	retargeted	0
2637	3.10	3.15	compared	retargeted	20
2638	3.10	3.15	compared	retargeted	41
2639	3.10	3.15	compared	retargeted	42
2640	3.10	3.15	compared	retargeted	149
2641	3.10	3.15	compared	retargeted	162
2642	3.10	3.15	compared	retargeted	163
2643	3.10	3.15	compared	retargeted	164
2644	3.10	3.15	compared	retargeted	168
2645	3.10	3.15	compared	retargeted	183
2646	3.10	3.15	compared	retargeted	189
2647	3.10	3.15	compared	retargeted	195
2648	3.10	3.15	compared	retargeted	260
2649	3.10	3.15	compared	retargeted	344
2650	3.10	3.15	compared	retargeted	347
2651	3.10	3.15	compared	retargeted	371
2652	3.10	3.15	compared	retargeted	412
2653	3.10	3.15	compared	retargeted	461
2654	3.10	3.15	compared	retargeted	462
2655	3.10	3.15	compared	retargeted	491
2656	3.10	3.15	compared	retargeted	515
2657	3.10	3.15	compared	retargeted	576
2658	3.10	3.15	compared	retargeted	579
2659	3.10	3.15	compared	retargeted	678
2660	3.10	3.15	compared	retargeted	870
2661	3.10	3.15	compared	retargeted	900
2662	3.10	3.15	compared	retargeted	901
2663	3.10	3.15	compared	retargeted	906
2664	3.10	3.15	compared	retargeted	914
2665	3.10	3.15	compared	retargeted	933
2666	3.10	3.15	compared	retargeted	934
2667	3.10	3.15	compared	retargeted	935
2668	3.10	3.15	compared	retargeted	936
2669	3.10	3.15	compared	retargeted	937
2670	3.10	3.15	compared	retargeted	941
2671	3.10	3.15	compared	retargeted	942
2672	3.10	3.15	compared	retargeted	946
2673	3.10	3.15	compared	retargeted	947
2674	3.10	3.15	compared	retargeted	951
2675	3.10	3.15	compared	retargeted	957
2676	3.10	3.15	compared	retargeted	958
2677	3.10	3.15	compared	retargeted	959
2678	3.10	3.15	compared	retargeted	973
2679	3.10	3.15	compared	retargeted	987
2680	3.16	3.20	not_compared	none	none
2681	3.20	3.21	not_compared	none	none
2682	3.21	3.30	compared	class_changed	254
2683	3.21	3.30	compared	class_changed	475
2684	3.21	3.30	compared	class_changed	988
2685	3.21	3.30	compared	class_changed	989
2686	3.21	3.30	compared	retargeted	0
2687	3.21	3.30	compared	retargeted	1
2688	3.21	3.30	compared	retargeted	2
2689	3.21	3.30	compared	retargeted	3
2690	3.21	3.30	compared	retargeted	14
2691	3.21	3.30	compared	retargeted	18
2692	3.21	3.30	compared	retargeted	19
2693	3.21	3.30	compared	retargeted	20
2694	3.21	3.30	compared	retargeted	30
2695	3.21	3.30	compared	retargeted	31
2696	3.21	3.30	compared	retargeted	41
2697	3.21	3.30	compared	retargeted	42
2698	3.21	3.30	compared	retargeted	43
2699	3.21	3.30	compared	retargeted	46
2700	3.21	3.30	compared	retargeted	52
2701	3.21	3.30	compared	retargeted	56
2702	3.21	3.30	compared	retargeted	84
2703	3.21	3.30	compared	retargeted	88
2704	3.21	3.30	compared	retargeted	89
2705	3.21	3.30	compared	retargeted	114
2706	3.21	3.30	compared	retargeted	118
2707	3.21	3.30	compared	retargeted	132
2708	3.21	3.30	compared	retargeted	139
2709	3.21	3.30	compared	retargeted	140
2710	3.21	3.30	compared	retargeted	149
2711	3.21	3.30	compared	retargeted	162
2712	3.21	3.30	compared	retargeted	163
2713	3.21	3.30	compared	retargeted	164
2714	3.21	3.30	compared	retargeted	168
2715	3.21	3.30	compared	retargeted	169
2716	3.21	3.30	compared	retargeted	170
2717	3.21	3.30	compared	retargeted	171
2718	3.21	3.30	compared	retargeted	172
2719	3.21	3.30	compared	retargeted	183
2720	3.21	3.30	compared	retargeted	184
2721	3.21	3.30	compared	retargeted	189
2722	3.21	3.30	compared	retargeted	195
2723	3.21	3.30	compared	retargeted	198
2724	3.21	3.30	compared	retargeted	199
2725	3.21	3.30	compared	retargeted	250
2726	3.21	3.30	compared	retargeted	251
2727	3.21	3.30	compared	retargeted	252
2728	3.21	3.30	compared	retargeted	253
2729	3.21	3.30	compared	retargeted	260
2730	3.21	3.30	compared	retargeted	300
2731	3.21	3.30	compared	retargeted	301
2732	3.21	3.30	compared	retargeted	302
2733	3.21	3.30	compared	retargeted	303
2734	3.21	3.30	compared	retargeted	304
2735	3.21	3.30	compared	retargeted	305
2736	3.21	3.30	compared	retargeted	306
2737	3.21	3.30	compared	retargeted	307
2738	3.21	3.30	compared	retargeted	308
2739	3.21	3.30	compared	retargeted	309
2740	3.21	3.30	compared	retargeted	344
2741	3.21	3.30	compared	retargeted	347
2742	3.21	3.30	compared	retargeted	371
2743	3.21	3.30	compared	retargeted	389
2744	3.21	3.30	compared	retargeted	400
2745	3.21	3.30	compared	retargeted	401
2746	3.21	3.30	compared	retargeted	404
2747	3.21	3.30	compared	retargeted	412
2748	3.21	3.30	compared	retargeted	461
2749	3.21	3.30	compared	retargeted	462
2750	3.21	3.30	compared	retargeted	463
2751	3.21	3.30	compared	retargeted	467
2752	3.21	3.30	compared	retargeted	470
2753	3.21	3.30	compared	retargeted	471
2754	3.21	3.30	compared	retargeted	472
2755	3.21	3.30	compared	retargeted	473
2756	3.21	3.30	compared	retargeted	474
2757	3.21	3.30	compared	retargeted	476
2758	3.21	3.30	compared	retargeted	480
2759	3.21	3.30	compared	retargeted	485
2760	3.21	3.30	compared	retargeted	486
2761	3.21	3.30	compared	retargeted	491
2762	3.21	3.30	compared	retargeted	500
2763	3.21	3.30	compared	retargeted	512
2764	3.21	3.30	compared	retargeted	515
2765	3.21	3.30	compared	retargeted	541
2766	3.21	3.30	compared	retargeted	570
2767	3.21	3.30	compared	retargeted	574
2768	3.21	3.30	compared	retargeted	575
2769	3.21	3.30	compared	retargeted	576
2770	3.21	3.30	compared	retargeted	577
2771	3.21	3.30	compared	retargeted	578
2772	3.21	3.30	compared	retargeted	579
2773	3.21	3.30	compared	retargeted	585
2774	3.21	3.30	compared	retargeted	586
2775	3.21	3.30	compared	retargeted	587
2776	3.21	3.30	compared	retargeted	590
2777	3.21	3.30	compared	retargeted	593
2778	3.21	3.30	compared	retargeted	609
2779	3.21	3.30	compared	retargeted	610
2780	3.21	3.30	compared	retargeted	611
2781	3.21	3.30	compared	retargeted	620
2782	3.21	3.30	compared	retargeted	621
2783	3.21	3.30	compared	retargeted	622
2784	3.21	3.30	compared	retargeted	623
2785	3.21	3.30	compared	retargeted	630
2786	3.21	3.30	compared	retargeted	631
2787	3.21	3.30	compared	retargeted	639
2788	3.21	3.30	compared	retargeted	666
2789	3.21	3.30	compared	retargeted	667
2790	3.21	3.30	compared	retargeted	668
2791	3.21	3.30	compared	retargeted	669
2792	3.21	3.30	compared	retargeted	670
2793	3.21	3.30	compared	retargeted	671
2794	3.21	3.30	compared	retargeted	672
2795	3.21	3.30	compared	retargeted	673
2796	3.21	3.30	compared	retargeted	674
2797	3.21	3.30	compared	retargeted	675
2798	3.21	3.30	compared	retargeted	676
2799	3.21	3.30	compared	retargeted	677
2800	3.21	3.30	compared	retargeted	678
2801	3.21	3.30	compared	retargeted	679
2802	3.21	3.30	compared	retargeted	696
2803	3.21	3.30	compared	retargeted	700
2804	3.21	3.30	compared	retargeted	701
2805	3.21	3.30	compared	retargeted	702
2806	3.21	3.30	compared	retargeted	703
2807	3.21	3.30	compared	retargeted	704
2808	3.21	3.30	compared	retargeted	705
2809	3.21	3.30	compared	retargeted	706
2810	3.21	3.30	compared	retargeted	707
2811	3.21	3.30	compared	retargeted	708
2812	3.21	3.30	compared	retargeted	709
2813	3.21	3.30	compared	retargeted	710
2814	3.21	3.30	compared	retargeted	711
2815	3.21	3.30	compared	retargeted	712
2816	3.21	3.30	compared	retargeted	713
2817	3.21	3.30	compared	retargeted	714
2818	3.21	3.30	compared	retargeted	715
2819	3.21	3.30	compared	retargeted	716
2820	3.21	3.30	compared	retargeted	717
2821	3.21	3.30	compared	retargeted	718
2822	3.21	3.30	compared	retargeted	724
2823	3.21	3.30	compared	retargeted	830
2824	3.21	3.30	compared	retargeted	846
2825	3.21	3.30	compared	retargeted	847
2826	3.21	3.30	compared	retargeted	861
2827	3.21	3.30	compared	retargeted	862
2828	3.21	3.30	compared	retargeted	863
2829	3.21	3.30	compared	retargeted	864
2830	3.21	3.30	compared	retargeted	865
2831	3.21	3.30	compared	retargeted	866
2832	3.21	3.30	compared	retargeted	867
2833	3.21	3.30	compared	retargeted	868
2834	3.21	3.30	compared	retargeted	869
2835	3.21	3.30	compared	retargeted	870
2836	3.21	3.30	compared	retargeted	871
2837	3.21	3.30	compared	retargeted	872
2838	3.21	3.30	compared	retargeted	876
2839	3.21	3.30	compared	retargeted	879
2840	3.21	3.30	compared	retargeted	900
2841	3.21	3.30	compared	retargeted	901
2842	3.21	3.30	compared	retargeted	906
2843	3.21	3.30	compared	retargeted	914
2844	3.21	3.30	compared	retargeted	933
2845	3.21	3.30	compared	retargeted	934
2846	3.21	3.30	compared	retargeted	935
2847	3.21	3.30	compared	retargeted	936
2848	3.21	3.30	compared	retargeted	937
2849	3.21	3.30	compared	retargeted	941
2850	3.21	3.30	compared	retargeted	942
2851	3.21	3.30	compared	retargeted	945
2852	3.21	3.30	compared	retargeted	946
2853	3.21	3.30	compared	retargeted	947
2854	3.21	3.30	compared	retargeted	951
2855	3.21	3.30	compared	retargeted	957
2856	3.21	3.30	compared	retargeted	958
2857	3.21	3.30	compared	retargeted	959
2858	3.21	3.30	compared	retargeted	971
2859	3.21	3.30	compared	retargeted	972
2860	3.21	3.30	compared	retargeted	973
2861	3.21	3.30	compared	retargeted	987
2862	3.30	3.40	compared	retargeted	0
2863	3.30	3.40	compared	retargeted	20
2864	3.30	3.40	compared	retargeted	42
2865	3.30	3.40	compared	retargeted	149
2866	3.30	3.40	compared	retargeted	162
2867	3.30	3.40	compared	retargeted	163
2868	3.30	3.40	compared	retargeted	164
2869	3.30	3.40	compared	retargeted	168
2870	3.30	3.40	compared	retargeted	183
2871	3.30	3.40	compared	retargeted	189
2872	3.30	3.40	compared	retargeted	195
2873	3.30	3.40	compared	retargeted	260
2874	3.30	3.40	compared	retargeted	344
2875	3.30	3.40	compared	retargeted	347
2876	3.30	3.40	compared	retargeted	371
2877	3.30	3.40	compared	retargeted	412
2878	3.30	3.40	compared	retargeted	461
2879	3.30	3.40	compared	retargeted	462
2880	3.30	3.40	compared	retargeted	491
2881	3.30	3.40	compared	retargeted	515
2882	3.30	3.40	compared	retargeted	576
2883	3.30	3.40	compared	retargeted	577
2884	3.30	3.40	compared	retargeted	578
2885	3.30	3.40	compared	retargeted	579
2886	3.30	3.40	compared	retargeted	678
2887	3.30	3.40	compared	retargeted	900
2888	3.30	3.40	compared	retargeted	901
2889	3.30	3.40	compared	retargeted	906
2890	3.30	3.40	compared	retargeted	914
2891	3.30	3.40	compared	retargeted	933
2892	3.30	3.40	compared	retargeted	934
2893	3.30	3.40	compared	retargeted	935
2894	3.30	3.40	compared	retargeted	936
2895	3.30	3.40	compared	retargeted	937
2896	3.30	3.40	compared	retargeted	941
2897	3.30	3.40	compared	retargeted	942
2898	3.30	3.40	compared	retargeted	946
2899	3.30	3.40	compared	retargeted	947
2900	3.30	3.40	compared	retargeted	951
2901	3.30	3.40	compared	retargeted	957
2902	3.30	3.40	compared	retargeted	958
2903	3.30	3.40	compared	retargeted	959
2904	3.30	3.40	compared	retargeted	973
2905	3.30	3.40	compared	retargeted	987
2906	3.30	3.40	compared	retargeted	988
2907	3.30	3.40	compared	retargeted	989
2908	3.40	3.41	compared	retargeted	0
2909	3.40	3.41	compared	retargeted	20
2910	3.40	3.41	compared	retargeted	41
2911	3.40	3.41	compared	retargeted	42
2912	3.40	3.41	compared	retargeted	149
2913	3.40	3.41	compared	retargeted	162
2914	3.40	3.41	compared	retargeted	163
2915	3.40	3.41	compared	retargeted	164
2916	3.40	3.41	compared	retargeted	168
2917	3.40	3.41	compared	retargeted	183
2918	3.40	3.41	compared	retargeted	189
2919	3.40	3.41	compared	retargeted	195
2920	3.40	3.41	compared	retargeted	260
2921	3.40	3.41	compared	retargeted	344
2922	3.40	3.41	compared	retargeted	347
2923	3.40	3.41	compared	retargeted	371
2924	3.40	3.41	compared	retargeted	412
2925	3.40	3.41	compared	retargeted	461
2926	3.40	3.41	compared	retargeted	462
2927	3.40	3.41	compared	retargeted	491
2928	3.40	3.41	compared	retargeted	515
2929	3.40	3.41	compared	retargeted	576
2930	3.40	3.41	compared	retargeted	579
2931	3.40	3.41	compared	retargeted	678
2932	3.40	3.41	compared	retargeted	870
2933	3.40	3.41	compared	retargeted	900
2934	3.40	3.41	compared	retargeted	901
2935	3.40	3.41	compared	retargeted	906
2936	3.40	3.41	compared	retargeted	914
2937	3.40	3.41	compared	retargeted	933
2938	3.40	3.41	compared	retargeted	934
2939	3.40	3.41	compared	retargeted	935
2940	3.40	3.41	compared	retargeted	936
2941	3.40	3.41	compared	retargeted	937
2942	3.40	3.41	compared	retargeted	941
2943	3.40	3.41	compared	retargeted	942
2944	3.40	3.41	compared	retargeted	946
2945	3.40	3.41	compared	retargeted	947
2946	3.40	3.41	compared	retargeted	951
2947	3.40	3.41	compared	retargeted	957
2948	3.40	3.41	compared	retargeted	958
2949	3.40	3.41	compared	retargeted	959
2950	3.40	3.41	compared	retargeted	973
2951	3.40	3.41	compared	retargeted	987
2952	3.40	3.41	compared	retargeted	988
2953	3.40	3.41	compared	retargeted	989
2954	3.41	3.42	compared	retargeted	0
2955	3.41	3.42	compared	retargeted	20
2956	3.41	3.42	compared	retargeted	42
2957	3.41	3.42	compared	retargeted	149
2958	3.41	3.42	compared	retargeted	162
2959	3.41	3.42	compared	retargeted	164
2960	3.41	3.42	compared	retargeted	168
2961	3.41	3.42	compared	retargeted	183
2962	3.41	3.42	compared	retargeted	189
2963	3.41	3.42	compared	retargeted	195
2964	3.41	3.42	compared	retargeted	260
2965	3.41	3.42	compared	retargeted	344
2966	3.41	3.42	compared	retargeted	347
2967	3.41	3.42	compared	retargeted	371
2968	3.41	3.42	compared	retargeted	412
2969	3.41	3.42	compared	retargeted	462
2970	3.41	3.42	compared	retargeted	491
2971	3.41	3.42	compared	retargeted	578
2972	3.41	3.42	compared	retargeted	901
2973	3.41	3.42	compared	retargeted	934
2974	3.41	3.42	compared	retargeted	936
2975	3.41	3.42	compared	retargeted	942
2976	3.41	3.42	compared	retargeted	946
2977	3.41	3.42	compared	retargeted	958
2978	3.41	3.42	compared	retargeted	973
2979	3.41	3.42	compared	retargeted	988
2980	3.42	3.50	compared	class_changed	870
2981	3.42	3.50	compared	retargeted	0
2982	3.42	3.50	compared	retargeted	1
2983	3.42	3.50	compared	retargeted	2
2984	3.42	3.50	compared	retargeted	3
2985	3.42	3.50	compared	retargeted	4
2986	3.42	3.50	compared	retargeted	5
2987	3.42	3.50	compared	retargeted	18
2988	3.42	3.50	compared	retargeted	19
2989	3.42	3.50	compared	retargeted	20
2990	3.42	3.50	compared	retargeted	21
2991	3.42	3.50	compared	retargeted	22
2992	3.42	3.50	compared	retargeted	23
2993	3.42	3.50	compared	retargeted	26
2994	3.42	3.50	compared	retargeted	27
2995	3.42	3.50	compared	retargeted	30
2996	3.42	3.50	compared	retargeted	31
2997	3.42	3.50	compared	retargeted	41
2998	3.42	3.50	compared	retargeted	42
2999	3.42	3.50	compared	retargeted	84
3000	3.42	3.50	compared	retargeted	149
3001	3.42	3.50	compared	retargeted	162
3002	3.42	3.50	compared	retargeted	163
3003	3.42	3.50	compared	retargeted	164
3004	3.42	3.50	compared	retargeted	168
3005	3.42	3.50	compared	retargeted	183
3006	3.42	3.50	compared	retargeted	189
3007	3.42	3.50	compared	retargeted	195
3008	3.42	3.50	compared	retargeted	260
3009	3.42	3.50	compared	retargeted	344
3010	3.42	3.50	compared	retargeted	347
3011	3.42	3.50	compared	retargeted	371
3012	3.42	3.50	compared	retargeted	412
3013	3.42	3.50	compared	retargeted	461
3014	3.42	3.50	compared	retargeted	462
3015	3.42	3.50	compared	retargeted	491
3016	3.42	3.50	compared	retargeted	515
3017	3.42	3.50	compared	retargeted	576
3018	3.42	3.50	compared	retargeted	577
3019	3.42	3.50	compared	retargeted	578
3020	3.42	3.50	compared	retargeted	579
3021	3.42	3.50	compared	retargeted	622
3022	3.42	3.50	compared	retargeted	623
3023	3.42	3.50	compared	retargeted	635
3024	3.42	3.50	compared	retargeted	638
3025	3.42	3.50	compared	retargeted	678
3026	3.42	3.50	compared	retargeted	679
3027	3.42	3.50	compared	retargeted	871
3028	3.42	3.50	compared	retargeted	872
3029	3.42	3.50	compared	retargeted	900
3030	3.42	3.50	compared	retargeted	901
3031	3.42	3.50	compared	retargeted	906
3032	3.42	3.50	compared	retargeted	914
3033	3.42	3.50	compared	retargeted	933
3034	3.42	3.50	compared	retargeted	934
3035	3.42	3.50	compared	retargeted	935
3036	3.42	3.50	compared	retargeted	936
3037	3.42	3.50	compared	retargeted	937
3038	3.42	3.50	compared	retargeted	941
3039	3.42	3.50	compared	retargeted	942
3040	3.42	3.50	compared	retargeted	945
3041	3.42	3.50	compared	retargeted	946
3042	3.42	3.50	compared	retargeted	947
3043	3.42	3.50	compared	retargeted	951
3044	3.42	3.50	compared	retargeted	957
3045	3.42	3.50	compared	retargeted	958
3046	3.42	3.50	compared	retargeted	959
3047	3.42	3.50	compared	retargeted	971
3048	3.42	3.50	compared	retargeted	972
3049	3.42	3.50	compared	retargeted	973
3050	3.42	3.50	compared	retargeted	987
3051	3.42	3.50	compared	retargeted	988
3052	3.42	3.50	compared	retargeted	989
3053	3.50	3.55	compared	class_changed	541
3054	3.50	3.55	compared	class_changed	553
3055	3.50	3.55	compared	class_changed	554
3056	3.50	3.55	compared	class_changed	555
3057	3.50	3.55	compared	retargeted	0
3058	3.50	3.55	compared	retargeted	20
3059	3.50	3.55	compared	retargeted	41
3060	3.50	3.55	compared	retargeted	42
3061	3.50	3.55	compared	retargeted	84
3062	3.50	3.55	compared	retargeted	149
3063	3.50	3.55	compared	retargeted	162
3064	3.50	3.55	compared	retargeted	163
3065	3.50	3.55	compared	retargeted	164
3066	3.50	3.55	compared	retargeted	168
3067	3.50	3.55	compared	retargeted	183
3068	3.50	3.55	compared	retargeted	189
3069	3.50	3.55	compared	retargeted	195
3070	3.50	3.55	compared	retargeted	260
3071	3.50	3.55	compared	retargeted	344
3072	3.50	3.55	compared	retargeted	347
3073	3.50	3.55	compared	retargeted	371
3074	3.50	3.55	compared	retargeted	412
3075	3.50	3.55	compared	retargeted	461
3076	3.50	3.55	compared	retargeted	462
3077	3.50	3.55	compared	retargeted	491
3078	3.50	3.55	compared	retargeted	515
3079	3.50	3.55	compared	retargeted	530
3080	3.50	3.55	compared	retargeted	531
3081	3.50	3.55	compared	retargeted	532
3082	3.50	3.55	compared	retargeted	533
3083	3.50	3.55	compared	retargeted	534
3084	3.50	3.55	compared	retargeted	535
3085	3.50	3.55	compared	retargeted	536
3086	3.50	3.55	compared	retargeted	537
3087	3.50	3.55	compared	retargeted	538
3088	3.50	3.55	compared	retargeted	539
3089	3.50	3.55	compared	retargeted	540
3090	3.50	3.55	compared	retargeted	542
3091	3.50	3.55	compared	retargeted	543
3092	3.50	3.55	compared	retargeted	544
3093	3.50	3.55	compared	retargeted	545
3094	3.50	3.55	compared	retargeted	546
3095	3.50	3.55	compared	retargeted	547
3096	3.50	3.55	compared	retargeted	548
3097	3.50	3.55	compared	retargeted	549
3098	3.50	3.55	compared	retargeted	550
3099	3.50	3.55	compared	retargeted	551
3100	3.50	3.55	compared	retargeted	552
3101	3.50	3.55	compared	retargeted	556
3102	3.50	3.55	compared	retargeted	557
3103	3.50	3.55	compared	retargeted	558
3104	3.50	3.55	compared	retargeted	559
3105	3.50	3.55	compared	retargeted	563
3106	3.50	3.55	compared	retargeted	564
3107	3.50	3.55	compared	retargeted	565
3108	3.50	3.55	compared	retargeted	566
3109	3.50	3.55	compared	retargeted	567
3110	3.50	3.55	compared	retargeted	568
3111	3.50	3.55	compared	retargeted	569
3112	3.50	3.55	compared	retargeted	576
3113	3.50	3.55	compared	retargeted	577
3114	3.50	3.55	compared	retargeted	578
3115	3.50	3.55	compared	retargeted	579
3116	3.50	3.55	compared	retargeted	622
3117	3.50	3.55	compared	retargeted	623
3118	3.50	3.55	compared	retargeted	678
3119	3.50	3.55	compared	retargeted	900
3120	3.50	3.55	compared	retargeted	901
3121	3.50	3.55	compared	retargeted	906
3122	3.50	3.55	compared	retargeted	914
3123	3.50	3.55	compared	retargeted	933
3124	3.50	3.55	compared	retargeted	934
3125	3.50	3.55	compared	retargeted	935
3126	3.50	3.55	compared	retargeted	936
3127	3.50	3.55	compared	retargeted	937
3128	3.50	3.55	compared	retargeted	941
3129	3.50	3.55	compared	retargeted	942
3130	3.50	3.55	compared	retargeted	946
3131	3.50	3.55	compared	retargeted	947
3132	3.50	3.55	compared	retargeted	951
3133	3.50	3.55	compared	retargeted	957
3134	3.50	3.55	compared	retargeted	958
3135	3.50	3.55	compared	retargeted	959
3136	3.50	3.55	compared	retargeted	973
3137	3.50	3.55	compared	retargeted	987
3138	3.50	3.55	compared	retargeted	988
3139	3.50	3.55	compared	retargeted	989
3140	3.55	3.56	compared	retargeted	0
3141	3.55	3.56	compared	retargeted	6
3142	3.55	3.56	compared	retargeted	7
3143	3.55	3.56	compared	retargeted	8
3144	3.55	3.56	compared	retargeted	9
3145	3.55	3.56	compared	retargeted	10
3146	3.55	3.56	compared	retargeted	11
3147	3.55	3.56	compared	retargeted	20
3148	3.55	3.56	compared	retargeted	41
3149	3.55	3.56	compared	retargeted	42
3150	3.55	3.56	compared	retargeted	84
3151	3.55	3.56	compared	retargeted	149
3152	3.55	3.56	compared	retargeted	162
3153	3.55	3.56	compared	retargeted	163
3154	3.55	3.56	compared	retargeted	164
3155	3.55	3.56	compared	retargeted	168
3156	3.55	3.56	compared	retargeted	183
3157	3.55	3.56	compared	retargeted	189
3158	3.55	3.56	compared	retargeted	195
3159	3.55	3.56	compared	retargeted	260
3160	3.55	3.56	compared	retargeted	344
3161	3.55	3.56	compared	retargeted	347
3162	3.55	3.56	compared	retargeted	371
3163	3.55	3.56	compared	retargeted	412
3164	3.55	3.56	compared	retargeted	461
3165	3.55	3.56	compared	retargeted	462
3166	3.55	3.56	compared	retargeted	491
3167	3.55	3.56	compared	retargeted	515
3168	3.55	3.56	compared	retargeted	576
3169	3.55	3.56	compared	retargeted	577
3170	3.55	3.56	compared	retargeted	578
3171	3.55	3.56	compared	retargeted	579
3172	3.55	3.56	compared	retargeted	678
3173	3.55	3.56	compared	retargeted	900
3174	3.55	3.56	compared	retargeted	901
3175	3.55	3.56	compared	retargeted	906
3176	3.55	3.56	compared	retargeted	914
3177	3.55	3.56	compared	retargeted	933
3178	3.55	3.56	compared	retargeted	934
3179	3.55	3.56	compared	retargeted	935
3180	3.55	3.56	compared	retargeted	936
3181	3.55	3.56	compared	retargeted	937
3182	3.55	3.56	compared	retargeted	941
3183	3.55	3.56	compared	retargeted	942
3184	3.55	3.56	compared	retargeted	946
3185	3.55	3.56	compared	retargeted	947
3186	3.55	3.56	compared	retargeted	951
3187	3.55	3.56	compared	retargeted	957
3188	3.55	3.56	compared	retargeted	958
3189	3.55	3.56	compared	retargeted	959
3190	3.55	3.56	compared	retargeted	973
3191	3.55	3.56	compared	retargeted	988
3192	3.55	3.56	compared	retargeted	989
3193	3.56	3.60	compared	class_changed	471
3194	3.56	3.60	compared	class_changed	473
3195	3.56	3.60	compared	retargeted	0
3196	3.56	3.60	compared	retargeted	1
3197	3.56	3.60	compared	retargeted	2
3198	3.56	3.60	compared	retargeted	5
3199	3.56	3.60	compared	retargeted	18
3200	3.56	3.60	compared	retargeted	19
3201	3.56	3.60	compared	retargeted	20
3202	3.56	3.60	compared	retargeted	21
3203	3.56	3.60	compared	retargeted	22
3204	3.56	3.60	compared	retargeted	23
3205	3.56	3.60	compared	retargeted	24
3206	3.56	3.60	compared	retargeted	25
3207	3.56	3.60	compared	retargeted	26
3208	3.56	3.60	compared	retargeted	27
3209	3.56	3.60	compared	retargeted	41
3210	3.56	3.60	compared	retargeted	42
3211	3.56	3.60	compared	retargeted	84
3212	3.56	3.60	compared	retargeted	149
3213	3.56	3.60	compared	retargeted	162
3214	3.56	3.60	compared	retargeted	163
3215	3.56	3.60	compared	retargeted	164
3216	3.56	3.60	compared	retargeted	168
3217	3.56	3.60	compared	retargeted	183
3218	3.56	3.60	compared	retargeted	189
3219	3.56	3.60	compared	retargeted	195
3220	3.56	3.60	compared	retargeted	260
3221	3.56	3.60	compared	retargeted	328
3222	3.56	3.60	compared	retargeted	329
3223	3.56	3.60	compared	retargeted	332
3224	3.56	3.60	compared	retargeted	336
3225	3.56	3.60	compared	retargeted	339
3226	3.56	3.60	compared	retargeted	340
3227	3.56	3.60	compared	retargeted	341
3228	3.56	3.60	compared	retargeted	344
3229	3.56	3.60	compared	retargeted	345
3230	3.56	3.60	compared	retargeted	346
3231	3.56	3.60	compared	retargeted	347
3232	3.56	3.60	compared	retargeted	358
3233	3.56	3.60	compared	retargeted	359
3234	3.56	3.60	compared	retargeted	360
3235	3.56	3.60	compared	retargeted	361
3236	3.56	3.60	compared	retargeted	371
3237	3.56	3.60	compared	retargeted	412
3238	3.56	3.60	compared	retargeted	461
3239	3.56	3.60	compared	retargeted	462
3240	3.56	3.60	compared	retargeted	470
3241	3.56	3.60	compared	retargeted	472
3242	3.56	3.60	compared	retargeted	474
3243	3.56	3.60	compared	retargeted	475
3244	3.56	3.60	compared	retargeted	476
3245	3.56	3.60	compared	retargeted	491
3246	3.56	3.60	compared	retargeted	515
3247	3.56	3.60	compared	retargeted	576
3248	3.56	3.60	compared	retargeted	577
3249	3.56	3.60	compared	retargeted	578
3250	3.56	3.60	compared	retargeted	579
3251	3.56	3.60	compared	retargeted	678
3252	3.56	3.60	compared	retargeted	679
3253	3.56	3.60	compared	retargeted	871
3254	3.56	3.60	compared	retargeted	900
3255	3.56	3.60	compared	retargeted	901
3256	3.56	3.60	compared	retargeted	906
3257	3.56	3.60	compared	retargeted	914
3258	3.56	3.60	compared	retargeted	933
3259	3.56	3.60	compared	retargeted	934
3260	3.56	3.60	compared	retargeted	935
3261	3.56	3.60	compared	retargeted	936
3262	3.56	3.60	compared	retargeted	937
3263	3.56	3.60	compared	retargeted	941
3264	3.56	3.60	compared	retargeted	942
3265	3.56	3.60	compared	retargeted	946
3266	3.56	3.60	compared	retargeted	947
3267	3.56	3.60	compared	retargeted	951
3268	3.56	3.60	compared	retargeted	957
3269	3.56	3.60	compared	retargeted	958
3270	3.56	3.60	compared	retargeted	959
3271	3.56	3.60	compared	retargeted	973
3272	3.56	3.60	compared	retargeted	987
3273	3.56	3.60	compared	retargeted	988
3274	3.56	3.60	compared	retargeted	989
3275	3.60	3.61	compared	retargeted	0
3276	3.60	3.61	compared	retargeted	20
3277	3.60	3.61	compared	retargeted	41
3278	3.60	3.61	compared	retargeted	42
3279	3.60	3.61	compared	retargeted	149
3280	3.60	3.61	compared	retargeted	162
3281	3.60	3.61	compared	retargeted	163
3282	3.60	3.61	compared	retargeted	164
3283	3.60	3.61	compared	retargeted	168
3284	3.60	3.61	compared	retargeted	183
3285	3.60	3.61	compared	retargeted	189
3286	3.60	3.61	compared	retargeted	195
3287	3.60	3.61	compared	retargeted	260
3288	3.60	3.61	compared	retargeted	344
3289	3.60	3.61	compared	retargeted	347
3290	3.60	3.61	compared	retargeted	371
3291	3.60	3.61	compared	retargeted	412
3292	3.60	3.61	compared	retargeted	461
3293	3.60	3.61	compared	retargeted	462
3294	3.60	3.61	compared	retargeted	491
3295	3.60	3.61	compared	retargeted	515
3296	3.60	3.61	compared	retargeted	576
3297	3.60	3.61	compared	retargeted	579
3298	3.60	3.61	compared	retargeted	678
3299	3.60	3.61	compared	retargeted	900
3300	3.60	3.61	compared	retargeted	901
3301	3.60	3.61	compared	retargeted	906
3302	3.60	3.61	compared	retargeted	914
3303	3.60	3.61	compared	retargeted	933
3304	3.60	3.61	compared	retargeted	934
3305	3.60	3.61	compared	retargeted	935
3306	3.60	3.61	compared	retargeted	936
3307	3.60	3.61	compared	retargeted	937
3308	3.60	3.61	compared	retargeted	941
3309	3.60	3.61	compared	retargeted	942
3310	3.60	3.61	compared	retargeted	946
3311	3.60	3.61	compared	retargeted	947
3312	3.60	3.61	compared	retargeted	951
3313	3.60	3.61	compared	retargeted	957
3314	3.60	3.61	compared	retargeted	958
3315	3.60	3.61	compared	retargeted	959
3316	3.60	3.61	compared	retargeted	973
3317	3.60	3.61	compared	retargeted	987
3318	3.60	3.61	compared	retargeted	988
3319	3.60	3.61	compared	retargeted	989
3320	3.61	3.65	compared	retargeted	0
3321	3.61	3.65	compared	retargeted	20
3322	3.61	3.65	compared	retargeted	41
3323	3.61	3.65	compared	retargeted	42
3324	3.61	3.65	compared	retargeted	149
3325	3.61	3.65	compared	retargeted	162
3326	3.61	3.65	compared	retargeted	163
3327	3.61	3.65	compared	retargeted	164
3328	3.61	3.65	compared	retargeted	168
3329	3.61	3.65	compared	retargeted	183
3330	3.61	3.65	compared	retargeted	189
3331	3.61	3.65	compared	retargeted	195
3332	3.61	3.65	compared	retargeted	260
3333	3.61	3.65	compared	retargeted	344
3334	3.61	3.65	compared	retargeted	347
3335	3.61	3.65	compared	retargeted	371
3336	3.61	3.65	compared	retargeted	412
3337	3.61	3.65	compared	retargeted	461
3338	3.61	3.65	compared	retargeted	462
3339	3.61	3.65	compared	retargeted	476
3340	3.61	3.65	compared	retargeted	491
3341	3.61	3.65	compared	retargeted	515
3342	3.61	3.65	compared	retargeted	576
3343	3.61	3.65	compared	retargeted	577
3344	3.61	3.65	compared	retargeted	678
3345	3.61	3.65	compared	retargeted	800
3346	3.61	3.65	compared	retargeted	801
3347	3.61	3.65	compared	retargeted	804
3348	3.61	3.65	compared	retargeted	805
3349	3.61	3.65	compared	retargeted	808
3350	3.61	3.65	compared	retargeted	809
3351	3.61	3.65	compared	retargeted	810
3352	3.61	3.65	compared	retargeted	811
3353	3.61	3.65	compared	retargeted	812
3354	3.61	3.65	compared	retargeted	815
3355	3.61	3.65	compared	retargeted	816
3356	3.61	3.65	compared	retargeted	817
3357	3.61	3.65	compared	retargeted	820
3358	3.61	3.65	compared	retargeted	821
3359	3.61	3.65	compared	retargeted	822
3360	3.61	3.65	compared	retargeted	827
3361	3.61	3.65	compared	retargeted	828
3362	3.61	3.65	compared	retargeted	829
3363	3.61	3.65	compared	retargeted	830
3364	3.61	3.65	compared	retargeted	831
3365	3.61	3.65	compared	retargeted	834
3366	3.61	3.65	compared	retargeted	835
3367	3.61	3.65	compared	retargeted	836
3368	3.61	3.65	compared	retargeted	837
3369	3.61	3.65	compared	retargeted	841
3370	3.61	3.65	compared	retargeted	842
3371	3.61	3.65	compared	retargeted	846
3372	3.61	3.65	compared	retargeted	847
3373	3.61	3.65	compared	retargeted	869
3374	3.61	3.65	compared	retargeted	870
3375	3.61	3.65	compared	retargeted	871
3376	3.61	3.65	compared	retargeted	900
3377	3.61	3.65	compared	retargeted	901
3378	3.61	3.65	compared	retargeted	906
3379	3.61	3.65	compared	retargeted	914
3380	3.61	3.65	compared	retargeted	933
3381	3.61	3.65	compared	retargeted	934
3382	3.61	3.65	compared	retargeted	935
3383	3.61	3.65	compared	retargeted	936
3384	3.61	3.65	compared	retargeted	937
3385	3.61	3.65	compared	retargeted	941
3386	3.61	3.65	compared	retargeted	942
3387	3.61	3.65	compared	retargeted	946
3388	3.61	3.65	compared	retargeted	947
3389	3.61	3.65	compared	retargeted	951
3390	3.61	3.65	compared	retargeted	957
3391	3.61	3.65	compared	retargeted	958
3392	3.61	3.65	compared	retargeted	959
3393	3.61	3.65	compared	retargeted	973
3394	3.61	3.65	compared	retargeted	988
3395	3.61	3.65	compared	retargeted	989
3396	3.66	3.70	compared	class_changed	579
3397	3.66	3.70	compared	retargeted	0
3398	3.66	3.70	compared	retargeted	20
3399	3.66	3.70	compared	retargeted	41
3400	3.66	3.70	compared	retargeted	42
3401	3.66	3.70	compared	retargeted	84
3402	3.66	3.70	compared	retargeted	114
3403	3.66	3.70	compared	retargeted	117
3404	3.66	3.70	compared	retargeted	118
3405	3.66	3.70	compared	retargeted	128
3406	3.66	3.70	compared	retargeted	131
3407	3.66	3.70	compared	retargeted	132
3408	3.66	3.70	compared	retargeted	133
3409	3.66	3.70	compared	retargeted	134
3410	3.66	3.70	compared	retargeted	138
3411	3.66	3.70	compared	retargeted	139
3412	3.66	3.70	compared	retargeted	140
3413	3.66	3.70	compared	retargeted	149
3414	3.66	3.70	compared	retargeted	162
3415	3.66	3.70	compared	retargeted	163
3416	3.66	3.70	compared	retargeted	164
3417	3.66	3.70	compared	retargeted	168
3418	3.66	3.70	compared	retargeted	183
3419	3.66	3.70	compared	retargeted	189
3420	3.66	3.70	compared	retargeted	195
3421	3.66	3.70	compared	retargeted	260
3422	3.66	3.70	compared	retargeted	344
3423	3.66	3.70	compared	retargeted	347
3424	3.66	3.70	compared	retargeted	371
3425	3.66	3.70	compared	retargeted	386
3426	3.66	3.70	compared	retargeted	389
3427	3.66	3.70	compared	retargeted	400
3428	3.66	3.70	compared	retargeted	401
3429	3.66	3.70	compared	retargeted	404
3430	3.66	3.70	compared	retargeted	412
3431	3.66	3.70	compared	retargeted	415
3432	3.66	3.70	compared	retargeted	461
3433	3.66	3.70	compared	retargeted	462
3434	3.66	3.70	compared	retargeted	476
3435	3.66	3.70	compared	retargeted	491
3436	3.66	3.70	compared	retargeted	515
3437	3.66	3.70	compared	retargeted	541
3438	3.66	3.70	compared	retargeted	576
3439	3.66	3.70	compared	retargeted	577
3440	3.66	3.70	compared	retargeted	578
3441	3.66	3.70	compared	retargeted	639
3442	3.66	3.70	compared	retargeted	678
3443	3.66	3.70	compared	retargeted	679
3444	3.66	3.70	compared	retargeted	696
3445	3.66	3.70	compared	retargeted	800
3446	3.66	3.70	compared	retargeted	801
3447	3.66	3.70	compared	retargeted	802
3448	3.66	3.70	compared	retargeted	803
3449	3.66	3.70	compared	retargeted	804
3450	3.66	3.70	compared	retargeted	805
3451	3.66	3.70	compared	retargeted	808
3452	3.66	3.70	compared	retargeted	809
3453	3.66	3.70	compared	retargeted	810
3454	3.66	3.70	compared	retargeted	811
3455	3.66	3.70	compared	retargeted	812
3456	3.66	3.70	compared	retargeted	815
3457	3.66	3.70	compared	retargeted	816
3458	3.66	3.70	compared	retargeted	817
3459	3.66	3.70	compared	retargeted	820
3460	3.66	3.70	compared	retargeted	821
3461	3.66	3.70	compared	retargeted	822
3462	3.66	3.70	compared	retargeted	827
3463	3.66	3.70	compared	retargeted	828
3464	3.66	3.70	compared	retargeted	829
3465	3.66	3.70	compared	retargeted	830
3466	3.66	3.70	compared	retargeted	831
3467	3.66	3.70	compared	retargeted	834
3468	3.66	3.70	compared	retargeted	835
3469	3.66	3.70	compared	retargeted	836
3470	3.66	3.70	compared	retargeted	841
3471	3.66	3.70	compared	retargeted	842
3472	3.66	3.70	compared	retargeted	846
3473	3.66	3.70	compared	retargeted	847
3474	3.66	3.70	compared	retargeted	900
3475	3.66	3.70	compared	retargeted	901
3476	3.66	3.70	compared	retargeted	906
3477	3.66	3.70	compared	retargeted	914
3478	3.66	3.70	compared	retargeted	933
3479	3.66	3.70	compared	retargeted	934
3480	3.66	3.70	compared	retargeted	935
3481	3.66	3.70	compared	retargeted	936
3482	3.66	3.70	compared	retargeted	937
3483	3.66	3.70	compared	retargeted	941
3484	3.66	3.70	compared	retargeted	942
3485	3.66	3.70	compared	retargeted	946
3486	3.66	3.70	compared	retargeted	947
3487	3.66	3.70	compared	retargeted	951
3488	3.66	3.70	compared	retargeted	957
3489	3.66	3.70	compared	retargeted	958
3490	3.66	3.70	compared	retargeted	959
3491	3.66	3.70	compared	retargeted	973
3492	3.66	3.70	compared	retargeted	987
3493	3.66	3.70	compared	retargeted	988
3494	3.66	3.70	compared	retargeted	989
3495	3.70	3.71	compared	retargeted	0
3496	3.70	3.71	compared	retargeted	20
3497	3.70	3.71	compared	retargeted	41
3498	3.70	3.71	compared	retargeted	42
3499	3.70	3.71	compared	retargeted	149
3500	3.70	3.71	compared	retargeted	162
3501	3.70	3.71	compared	retargeted	163
3502	3.70	3.71	compared	retargeted	164
3503	3.70	3.71	compared	retargeted	168
3504	3.70	3.71	compared	retargeted	183
3505	3.70	3.71	compared	retargeted	189
3506	3.70	3.71	compared	retargeted	195
3507	3.70	3.71	compared	retargeted	260
3508	3.70	3.71	compared	retargeted	344
3509	3.70	3.71	compared	retargeted	347
3510	3.70	3.71	compared	retargeted	371
3511	3.70	3.71	compared	retargeted	412
3512	3.70	3.71	compared	retargeted	461
3513	3.70	3.71	compared	retargeted	462
3514	3.70	3.71	compared	retargeted	491
3515	3.70	3.71	compared	retargeted	515
3516	3.70	3.71	compared	retargeted	576
3517	3.70	3.71	compared	retargeted	678
3518	3.70	3.71	compared	retargeted	900
3519	3.70	3.71	compared	retargeted	901
3520	3.70	3.71	compared	retargeted	906
3521	3.70	3.71	compared	retargeted	914
3522	3.70	3.71	compared	retargeted	933
3523	3.70	3.71	compared	retargeted	934
3524	3.70	3.71	compared	retargeted	935
3525	3.70	3.71	compared	retargeted	936
3526	3.70	3.71	compared	retargeted	937
3527	3.70	3.71	compared	retargeted	941
3528	3.70	3.71	compared	retargeted	942
3529	3.70	3.71	compared	retargeted	946
3530	3.70	3.71	compared	retargeted	947
3531	3.70	3.71	compared	retargeted	951
3532	3.70	3.71	compared	retargeted	957
3533	3.70	3.71	compared	retargeted	958
3534	3.70	3.71	compared	retargeted	959
3535	3.70	3.71	compared	retargeted	973
3536	3.70	3.71	compared	retargeted	987
3537	3.70	3.71	compared	retargeted	988
3538	3.70	3.71	compared	retargeted	989
3539	3.73	3.74	not_compared	none	none
3540	3.74	4.00	not_compared	none	none
3541	4.00	4.01	compared	retargeted	0
3542	4.00	4.01	compared	retargeted	20
3543	4.00	4.01	compared	retargeted	41
3544	4.00	4.01	compared	retargeted	42
3545	4.00	4.01	compared	retargeted	149
3546	4.00	4.01	compared	retargeted	162
3547	4.00	4.01	compared	retargeted	163
3548	4.00	4.01	compared	retargeted	164
3549	4.00	4.01	compared	retargeted	168
3550	4.00	4.01	compared	retargeted	183
3551	4.00	4.01	compared	retargeted	189
3552	4.00	4.01	compared	retargeted	195
3553	4.00	4.01	compared	retargeted	260
3554	4.00	4.01	compared	retargeted	344
3555	4.00	4.01	compared	retargeted	347
3556	4.00	4.01	compared	retargeted	371
3557	4.00	4.01	compared	retargeted	412
3558	4.00	4.01	compared	retargeted	461
3559	4.00	4.01	compared	retargeted	462
3560	4.00	4.01	compared	retargeted	491
3561	4.00	4.01	compared	retargeted	515
3562	4.00	4.01	compared	retargeted	576
3563	4.00	4.01	compared	retargeted	678
3564	4.00	4.01	compared	retargeted	900
3565	4.00	4.01	compared	retargeted	901
3566	4.00	4.01	compared	retargeted	906
3567	4.00	4.01	compared	retargeted	914
3568	4.00	4.01	compared	retargeted	933
3569	4.00	4.01	compared	retargeted	934
3570	4.00	4.01	compared	retargeted	935
3571	4.00	4.01	compared	retargeted	936
3572	4.00	4.01	compared	retargeted	937
3573	4.00	4.01	compared	retargeted	941
3574	4.00	4.01	compared	retargeted	942
3575	4.00	4.01	compared	retargeted	946
3576	4.00	4.01	compared	retargeted	947
3577	4.00	4.01	compared	retargeted	951
3578	4.00	4.01	compared	retargeted	957
3579	4.00	4.01	compared	retargeted	958
3580	4.00	4.01	compared	retargeted	959
3581	4.00	4.01	compared	retargeted	973
3582	4.00	4.01	compared	retargeted	987
3583	4.00	4.01	compared	retargeted	988
3584	4.00	4.01	compared	retargeted	989
3585	4.01	4.10	compared	retargeted	0
3586	4.01	4.10	compared	retargeted	20
3587	4.01	4.10	compared	retargeted	41
3588	4.01	4.10	compared	retargeted	42
3589	4.01	4.10	compared	retargeted	149
3590	4.01	4.10	compared	retargeted	162
3591	4.01	4.10	compared	retargeted	163
3592	4.01	4.10	compared	retargeted	164
3593	4.01	4.10	compared	retargeted	168
3594	4.01	4.10	compared	retargeted	183
3595	4.01	4.10	compared	retargeted	189
3596	4.01	4.10	compared	retargeted	195
3597	4.01	4.10	compared	retargeted	260
3598	4.01	4.10	compared	retargeted	344
3599	4.01	4.10	compared	retargeted	347
3600	4.01	4.10	compared	retargeted	371
3601	4.01	4.10	compared	retargeted	412
3602	4.01	4.10	compared	retargeted	461
3603	4.01	4.10	compared	retargeted	462
3604	4.01	4.10	compared	retargeted	491
3605	4.01	4.10	compared	retargeted	515
3606	4.01	4.10	compared	retargeted	576
3607	4.01	4.10	compared	retargeted	577
3608	4.01	4.10	compared	retargeted	639
3609	4.01	4.10	compared	retargeted	678
3610	4.01	4.10	compared	retargeted	679
3611	4.01	4.10	compared	retargeted	683
3612	4.01	4.10	compared	retargeted	691
3613	4.01	4.10	compared	retargeted	696
3614	4.01	4.10	compared	retargeted	900
3615	4.01	4.10	compared	retargeted	901
3616	4.01	4.10	compared	retargeted	906
3617	4.01	4.10	compared	retargeted	914
3618	4.01	4.10	compared	retargeted	933
3619	4.01	4.10	compared	retargeted	934
3620	4.01	4.10	compared	retargeted	935
3621	4.01	4.10	compared	retargeted	936
3622	4.01	4.10	compared	retargeted	937
3623	4.01	4.10	compared	retargeted	941
3624	4.01	4.10	compared	retargeted	942
3625	4.01	4.10	compared	retargeted	946
3626	4.01	4.10	compared	retargeted	947
3627	4.01	4.10	compared	retargeted	951
3628	4.01	4.10	compared	retargeted	957
3629	4.01	4.10	compared	retargeted	958
3630	4.01	4.10	compared	retargeted	959
3631	4.01	4.10	compared	retargeted	973
3632	4.01	4.10	compared	retargeted	987
3633	4.01	4.10	compared	retargeted	988
3634	4.01	4.10	compared	retargeted	989
3635	4.10	4.11	compared	retargeted	0
3636	4.10	4.11	compared	retargeted	20
3637	4.10	4.11	compared	retargeted	41
3638	4.10	4.11	compared	retargeted	42
3639	4.10	4.11	compared	retargeted	149
3640	4.10	4.11	compared	retargeted	162
3641	4.10	4.11	compared	retargeted	163
3642	4.10	4.11	compared	retargeted	164
3643	4.10	4.11	compared	retargeted	168
3644	4.10	4.11	compared	retargeted	183
3645	4.10	4.11	compared	retargeted	189
3646	4.10	4.11	compared	retargeted	195
3647	4.10	4.11	compared	retargeted	260
3648	4.10	4.11	compared	retargeted	344
3649	4.10	4.11	compared	retargeted	347
3650	4.10	4.11	compared	retargeted	371
3651	4.10	4.11	compared	retargeted	412
3652	4.10	4.11	compared	retargeted	461
3653	4.10	4.11	compared	retargeted	462
3654	4.10	4.11	compared	retargeted	491
3655	4.10	4.11	compared	retargeted	515
3656	4.10	4.11	compared	retargeted	576
3657	4.10	4.11	compared	retargeted	678
3658	4.10	4.11	compared	retargeted	900
3659	4.10	4.11	compared	retargeted	901
3660	4.10	4.11	compared	retargeted	906
3661	4.10	4.11	compared	retargeted	914
3662	4.10	4.11	compared	retargeted	933
3663	4.10	4.11	compared	retargeted	934
3664	4.10	4.11	compared	retargeted	935
3665	4.10	4.11	compared	retargeted	936
3666	4.10	4.11	compared	retargeted	937
3667	4.10	4.11	compared	retargeted	941
3668	4.10	4.11	compared	retargeted	942
3669	4.10	4.11	compared	retargeted	946
3670	4.10	4.11	compared	retargeted	947
3671	4.10	4.11	compared	retargeted	951
3672	4.10	4.11	compared	retargeted	957
3673	4.10	4.11	compared	retargeted	958
3674	4.10	4.11	compared	retargeted	959
3675	4.10	4.11	compared	retargeted	973
3676	4.10	4.11	compared	retargeted	987
3677	4.10	4.11	compared	retargeted	988
3678	4.10	4.11	compared	retargeted	989
3679	4.11	4.15	not_compared	none	none
3680	4.15	4.20	not_compared	none	none
3681	4.20	4.21	compared	retargeted	0
3682	4.20	4.21	compared	retargeted	20
3683	4.20	4.21	compared	retargeted	41
3684	4.20	4.21	compared	retargeted	42
3685	4.20	4.21	compared	retargeted	149
3686	4.20	4.21	compared	retargeted	162
3687	4.20	4.21	compared	retargeted	163
3688	4.20	4.21	compared	retargeted	164
3689	4.20	4.21	compared	retargeted	168
3690	4.20	4.21	compared	retargeted	183
3691	4.20	4.21	compared	retargeted	189
3692	4.20	4.21	compared	retargeted	195
3693	4.20	4.21	compared	retargeted	260
3694	4.20	4.21	compared	retargeted	344
3695	4.20	4.21	compared	retargeted	347
3696	4.20	4.21	compared	retargeted	371
3697	4.20	4.21	compared	retargeted	412
3698	4.20	4.21	compared	retargeted	461
3699	4.20	4.21	compared	retargeted	462
3700	4.20	4.21	compared	retargeted	491
3701	4.20	4.21	compared	retargeted	515
3702	4.20	4.21	compared	retargeted	576
3703	4.20	4.21	compared	retargeted	678
3704	4.20	4.21	compared	retargeted	900
3705	4.20	4.21	compared	retargeted	901
3706	4.20	4.21	compared	retargeted	906
3707	4.20	4.21	compared	retargeted	914
3708	4.20	4.21	compared	retargeted	933
3709	4.20	4.21	compared	retargeted	934
3710	4.20	4.21	compared	retargeted	935
3711	4.20	4.21	compared	retargeted	936
3712	4.20	4.21	compared	retargeted	937
3713	4.20	4.21	compared	retargeted	941
3714	4.20	4.21	compared	retargeted	942
3715	4.20	4.21	compared	retargeted	946
3716	4.20	4.21	compared	retargeted	947
3717	4.20	4.21	compared	retargeted	951
3718	4.20	4.21	compared	retargeted	957
3719	4.20	4.21	compared	retargeted	958
3720	4.20	4.21	compared	retargeted	959
3721	4.20	4.21	compared	retargeted	973
3722	4.20	4.21	compared	retargeted	987
3723	4.20	4.21	compared	retargeted	988
3724	4.20	4.21	compared	retargeted	989
3725	4.21	4.22	not_compared	none	none
3726	4.22	4.25	not_compared	none	none
3727	4.25	4.30	compared	retargeted	0
3728	4.25	4.30	compared	retargeted	20
3729	4.25	4.30	compared	retargeted	41
3730	4.25	4.30	compared	retargeted	42
3731	4.25	4.30	compared	retargeted	117
3732	4.25	4.30	compared	retargeted	118
3733	4.25	4.30	compared	retargeted	132
3734	4.25	4.30	compared	retargeted	139
3735	4.25	4.30	compared	retargeted	149
3736	4.25	4.30	compared	retargeted	162
3737	4.25	4.30	compared	retargeted	163
3738	4.25	4.30	compared	retargeted	164
3739	4.25	4.30	compared	retargeted	168
3740	4.25	4.30	compared	retargeted	183
3741	4.25	4.30	compared	retargeted	189
3742	4.25	4.30	compared	retargeted	195
3743	4.25	4.30	compared	retargeted	260
3744	4.25	4.30	compared	retargeted	344
3745	4.25	4.30	compared	retargeted	347
3746	4.25	4.30	compared	retargeted	371
3747	4.25	4.30	compared	retargeted	412
3748	4.25	4.30	compared	retargeted	461
3749	4.25	4.30	compared	retargeted	462
3750	4.25	4.30	compared	retargeted	491
3751	4.25	4.30	compared	retargeted	515
3752	4.25	4.30	compared	retargeted	576
3753	4.25	4.30	compared	retargeted	577
3754	4.25	4.30	compared	retargeted	678
3755	4.25	4.30	compared	retargeted	800
3756	4.25	4.30	compared	retargeted	801
3757	4.25	4.30	compared	retargeted	805
3758	4.25	4.30	compared	retargeted	808
3759	4.25	4.30	compared	retargeted	809
3760	4.25	4.30	compared	retargeted	810
3761	4.25	4.30	compared	retargeted	815
3762	4.25	4.30	compared	retargeted	822
3763	4.25	4.30	compared	retargeted	830
3764	4.25	4.30	compared	retargeted	831
3765	4.25	4.30	compared	retargeted	834
3766	4.25	4.30	compared	retargeted	835
3767	4.25	4.30	compared	retargeted	836
3768	4.25	4.30	compared	retargeted	841
3769	4.25	4.30	compared	retargeted	842
3770	4.25	4.30	compared	retargeted	847
3771	4.25	4.30	compared	retargeted	862
3772	4.25	4.30	compared	retargeted	900
3773	4.25	4.30	compared	retargeted	901
3774	4.25	4.30	compared	retargeted	906
3775	4.25	4.30	compared	retargeted	914
3776	4.25	4.30	compared	retargeted	933
3777	4.25	4.30	compared	retargeted	934
3778	4.25	4.30	compared	retargeted	935
3779	4.25	4.30	compared	retargeted	936
3780	4.25	4.30	compared	retargeted	937
3781	4.25	4.30	compared	retargeted	941
3782	4.25	4.30	compared	retargeted	942
3783	4.25	4.30	compared	retargeted	946
3784	4.25	4.30	compared	retargeted	947
3785	4.25	4.30	compared	retargeted	951
3786	4.25	4.30	compared	retargeted	957
3787	4.25	4.30	compared	retargeted	958
3788	4.25	4.30	compared	retargeted	959
3789	4.25	4.30	compared	retargeted	973
3790	4.25	4.30	compared	retargeted	987
3791	4.25	4.30	compared	retargeted	988
3792	4.25	4.30	compared	retargeted	989
3793	4.30	4.31	compared	retargeted	0
3794	4.30	4.31	compared	retargeted	20
3795	4.30	4.31	compared	retargeted	41
3796	4.30	4.31	compared	retargeted	42
3797	4.30	4.31	compared	retargeted	149
3798	4.30	4.31	compared	retargeted	162
3799	4.30	4.31	compared	retargeted	163
3800	4.30	4.31	compared	retargeted	164
3801	4.30	4.31	compared	retargeted	168
3802	4.30	4.31	compared	retargeted	183
3803	4.30	4.31	compared	retargeted	189
3804	4.30	4.31	compared	retargeted	195
3805	4.30	4.31	compared	retargeted	260
3806	4.30	4.31	compared	retargeted	344
3807	4.30	4.31	compared	retargeted	347
3808	4.30	4.31	compared	retargeted	371
3809	4.30	4.31	compared	retargeted	412
3810	4.30	4.31	compared	retargeted	461
3811	4.30	4.31	compared	retargeted	462
3812	4.30	4.31	compared	retargeted	491
3813	4.30	4.31	compared	retargeted	515
3814	4.30	4.31	compared	retargeted	576
3815	4.30	4.31	compared	retargeted	678
3816	4.30	4.31	compared	retargeted	900
3817	4.30	4.31	compared	retargeted	901
3818	4.30	4.31	compared	retargeted	906
3819	4.30	4.31	compared	retargeted	914
3820	4.30	4.31	compared	retargeted	933
3821	4.30	4.31	compared	retargeted	934
3822	4.30	4.31	compared	retargeted	935
3823	4.30	4.31	compared	retargeted	936
3824	4.30	4.31	compared	retargeted	937
3825	4.30	4.31	compared	retargeted	941
3826	4.30	4.31	compared	retargeted	942
3827	4.30	4.31	compared	retargeted	946
3828	4.30	4.31	compared	retargeted	947
3829	4.30	4.31	compared	retargeted	951
3830	4.30	4.31	compared	retargeted	957
3831	4.30	4.31	compared	retargeted	958
3832	4.30	4.31	compared	retargeted	959
3833	4.30	4.31	compared	retargeted	973
3834	4.30	4.31	compared	retargeted	987
3835	4.30	4.31	compared	retargeted	988
3836	4.30	4.31	compared	retargeted	989
3837	4.31	4.40	compared	retargeted	0
3838	4.31	4.40	compared	retargeted	20
3839	4.31	4.40	compared	retargeted	41
3840	4.31	4.40	compared	retargeted	42
3841	4.31	4.40	compared	retargeted	118
3842	4.31	4.40	compared	retargeted	132
3843	4.31	4.40	compared	retargeted	139
3844	4.31	4.40	compared	retargeted	149
3845	4.31	4.40	compared	retargeted	155
3846	4.31	4.40	compared	retargeted	156
3847	4.31	4.40	compared	retargeted	162
3848	4.31	4.40	compared	retargeted	163
3849	4.31	4.40	compared	retargeted	164
3850	4.31	4.40	compared	retargeted	168
3851	4.31	4.40	compared	retargeted	183
3852	4.31	4.40	compared	retargeted	189
3853	4.31	4.40	compared	retargeted	195
3854	4.31	4.40	compared	retargeted	260
3855	4.31	4.40	compared	retargeted	344
3856	4.31	4.40	compared	retargeted	347
3857	4.31	4.40	compared	retargeted	371
3858	4.31	4.40	compared	retargeted	412
3859	4.31	4.40	compared	retargeted	461
3860	4.31	4.40	compared	retargeted	462
3861	4.31	4.40	compared	retargeted	467
3862	4.31	4.40	compared	retargeted	480
3863	4.31	4.40	compared	retargeted	491
3864	4.31	4.40	compared	retargeted	515
3865	4.31	4.40	compared	retargeted	541
3866	4.31	4.40	compared	retargeted	542
3867	4.31	4.40	compared	retargeted	576
3868	4.31	4.40	compared	retargeted	577
3869	4.31	4.40	compared	retargeted	578
3870	4.31	4.40	compared	retargeted	579
3871	4.31	4.40	compared	retargeted	609
3872	4.31	4.40	compared	retargeted	619
3873	4.31	4.40	compared	retargeted	622
3874	4.31	4.40	compared	retargeted	623
3875	4.31	4.40	compared	retargeted	666
3876	4.31	4.40	compared	retargeted	667
3877	4.31	4.40	compared	retargeted	674
3878	4.31	4.40	compared	retargeted	677
3879	4.31	4.40	compared	retargeted	678
3880	4.31	4.40	compared	retargeted	720
3881	4.31	4.40	compared	retargeted	726
3882	4.31	4.40	compared	retargeted	804
3883	4.31	4.40	compared	retargeted	805
3884	4.31	4.40	compared	retargeted	808
3885	4.31	4.40	compared	retargeted	809
3886	4.31	4.40	compared	retargeted	810
3887	4.31	4.40	compared	retargeted	822
3888	4.31	4.40	compared	retargeted	831
3889	4.31	4.40	compared	retargeted	834
3890	4.31	4.40	compared	retargeted	835
3891	4.31	4.40	compared	retargeted	860
3892	4.31	4.40	compared	retargeted	869
3893	4.31	4.40	compared	retargeted	870
3894	4.31	4.40	compared	retargeted	871
3895	4.31	4.40	compared	retargeted	876
3896	4.31	4.40	compared	retargeted	877
3897	4.31	4.40	compared	retargeted	900
3898	4.31	4.40	compared	retargeted	901
3899	4.31	4.40	compared	retargeted	906
3900	4.31	4.40	compared	retargeted	914
3901	4.31	4.40	compared	retargeted	933
3902	4.31	4.40	compared	retargeted	934
3903	4.31	4.40	compared	retargeted	935
3904	4.31	4.40	compared	retargeted	936
3905	4.31	4.40	compared	retargeted	937
3906	4.31	4.40	compared	retargeted	941
3907	4.31	4.40	compared	retargeted	942
3908	4.31	4.40	compared	retargeted	946
3909	4.31	4.40	compared	retargeted	947
3910	4.31	4.40	compared	retargeted	951
3911	4.31	4.40	compared	retargeted	957
3912	4.31	4.40	compared	retargeted	958
3913	4.31	4.40	compared	retargeted	959
3914	4.31	4.40	compared	retargeted	971
3915	4.31	4.40	compared	retargeted	972
3916	4.31	4.40	compared	retargeted	973
3917	4.31	4.40	compared	retargeted	987
3918	4.31	4.40	compared	retargeted	988
3919	4.31	4.40	compared	retargeted	989
3920	4.40	4.41	compared	retargeted	0
3921	4.40	4.41	compared	retargeted	20
3922	4.40	4.41	compared	retargeted	41
3923	4.40	4.41	compared	retargeted	42
3924	4.40	4.41	compared	retargeted	149
3925	4.40	4.41	compared	retargeted	162
3926	4.40	4.41	compared	retargeted	163
3927	4.40	4.41	compared	retargeted	164
3928	4.40	4.41	compared	retargeted	168
3929	4.40	4.41	compared	retargeted	183
3930	4.40	4.41	compared	retargeted	189
3931	4.40	4.41	compared	retargeted	195
3932	4.40	4.41	compared	retargeted	260
3933	4.40	4.41	compared	retargeted	344
3934	4.40	4.41	compared	retargeted	347
3935	4.40	4.41	compared	retargeted	371
3936	4.40	4.41	compared	retargeted	412
3937	4.40	4.41	compared	retargeted	461
3938	4.40	4.41	compared	retargeted	462
3939	4.40	4.41	compared	retargeted	491
3940	4.40	4.41	compared	retargeted	515
3941	4.40	4.41	compared	retargeted	576
3942	4.40	4.41	compared	retargeted	678
3943	4.40	4.41	compared	retargeted	900
3944	4.40	4.41	compared	retargeted	901
3945	4.40	4.41	compared	retargeted	906
3946	4.40	4.41	compared	retargeted	914
3947	4.40	4.41	compared	retargeted	933
3948	4.40	4.41	compared	retargeted	934
3949	4.40	4.41	compared	retargeted	935
3950	4.40	4.41	compared	retargeted	936
3951	4.40	4.41	compared	retargeted	937
3952	4.40	4.41	compared	retargeted	941
3953	4.40	4.41	compared	retargeted	942
3954	4.40	4.41	compared	retargeted	946
3955	4.40	4.41	compared	retargeted	947
3956	4.40	4.41	compared	retargeted	951
3957	4.40	4.41	compared	retargeted	957
3958	4.40	4.41	compared	retargeted	958
3959	4.40	4.41	compared	retargeted	959
3960	4.40	4.41	compared	retargeted	973
3961	4.40	4.41	compared	retargeted	987
3962	4.40	4.41	compared	retargeted	988
3963	4.40	4.41	compared	retargeted	989
3964	4.41	4.45	compared	retargeted	0
3965	4.41	4.45	compared	retargeted	20
3966	4.41	4.45	compared	retargeted	42
3967	4.41	4.45	compared	retargeted	149
3968	4.41	4.45	compared	retargeted	162
3969	4.41	4.45	compared	retargeted	164
3970	4.41	4.45	compared	retargeted	168
3971	4.41	4.45	compared	retargeted	183
3972	4.41	4.45	compared	retargeted	189
3973	4.41	4.45	compared	retargeted	195
3974	4.41	4.45	compared	retargeted	344
3975	4.41	4.45	compared	retargeted	347
3976	4.41	4.45	compared	retargeted	371
3977	4.41	4.45	compared	retargeted	412
3978	4.41	4.45	compared	retargeted	462
3979	4.41	4.45	compared	retargeted	491
3980	4.41	4.45	compared	retargeted	515
3981	4.41	4.45	compared	retargeted	576
3982	4.41	4.45	compared	retargeted	678
3983	4.41	4.45	compared	retargeted	679
3984	4.41	4.45	compared	retargeted	901
3985	4.41	4.45	compared	retargeted	934
3986	4.41	4.45	compared	retargeted	936
3987	4.41	4.45	compared	retargeted	942
3988	4.41	4.45	compared	retargeted	946
3989	4.41	4.45	compared	retargeted	958
3990	4.41	4.45	compared	retargeted	973
3991	4.41	4.45	compared	retargeted	988
3992	4.45	4.46	compared	retargeted	0
3993	4.45	4.46	compared	retargeted	20
3994	4.45	4.46	compared	retargeted	42
3995	4.45	4.46	compared	retargeted	149
3996	4.45	4.46	compared	retargeted	162
3997	4.45	4.46	compared	retargeted	164
3998	4.45	4.46	compared	retargeted	168
3999	4.45	4.46	compared	retargeted	183
4000	4.45	4.46	compared	retargeted	189
4001	4.45	4.46	compared	retargeted	195
4002	4.45	4.46	compared	retargeted	344
4003	4.45	4.46	compared	retargeted	347
4004	4.45	4.46	compared	retargeted	371
4005	4.45	4.46	compared	retargeted	412
4006	4.45	4.46	compared	retargeted	462
4007	4.45	4.46	compared	retargeted	491
4008	4.45	4.46	compared	retargeted	515
4009	4.45	4.46	compared	retargeted	576
4010	4.45	4.46	compared	retargeted	678
4011	4.45	4.46	compared	retargeted	901
4012	4.45	4.46	compared	retargeted	934
4013	4.45	4.46	compared	retargeted	936
4014	4.45	4.46	compared	retargeted	942
4015	4.45	4.46	compared	retargeted	946
4016	4.45	4.46	compared	retargeted	958
4017	4.45	4.46	compared	retargeted	973
4018	4.45	4.46	compared	retargeted	988
4019	4.46	4.50	compared	retargeted	0
4020	4.46	4.50	compared	retargeted	20
4021	4.46	4.50	compared	retargeted	41
4022	4.46	4.50	compared	retargeted	42
4023	4.46	4.50	compared	retargeted	149
4024	4.46	4.50	compared	retargeted	162
4025	4.46	4.50	compared	retargeted	163
4026	4.46	4.50	compared	retargeted	164
4027	4.46	4.50	compared	retargeted	168
4028	4.46	4.50	compared	retargeted	183
4029	4.46	4.50	compared	retargeted	189
4030	4.46	4.50	compared	retargeted	195
4031	4.46	4.50	compared	retargeted	260
4032	4.46	4.50	compared	retargeted	344
4033	4.46	4.50	compared	retargeted	347
4034	4.46	4.50	compared	retargeted	371
4035	4.46	4.50	compared	retargeted	412
4036	4.46	4.50	compared	retargeted	461
4037	4.46	4.50	compared	retargeted	462
4038	4.46	4.50	compared	retargeted	491
4039	4.46	4.50	compared	retargeted	515
4040	4.46	4.50	compared	retargeted	576
4041	4.46	4.50	compared	retargeted	577
4042	4.46	4.50	compared	retargeted	678
4043	4.46	4.50	compared	retargeted	900
4044	4.46	4.50	compared	retargeted	901
4045	4.46	4.50	compared	retargeted	906
4046	4.46	4.50	compared	retargeted	914
4047	4.46	4.50	compared	retargeted	933
4048	4.46	4.50	compared	retargeted	934
4049	4.46	4.50	compared	retargeted	935
4050	4.46	4.50	compared	retargeted	936
4051	4.46	4.50	compared	retargeted	937
4052	4.46	4.50	compared	retargeted	941
4053	4.46	4.50	compared	retargeted	942
4054	4.46	4.50	compared	retargeted	946
4055	4.46	4.50	compared	retargeted	947
4056	4.46	4.50	compared	retargeted	951
4057	4.46	4.50	compared	retargeted	957
4058	4.46	4.50	compared	retargeted	958
4059	4.46	4.50	compared	retargeted	959
4060	4.46	4.50	compared	retargeted	973
4061	4.46	4.50	compared	retargeted	987
4062	4.46	4.50	compared	retargeted	988
4063	4.46	4.50	compared	retargeted	989
4064	4.50	4.53	compared	retargeted	0
4065	4.50	4.53	compared	retargeted	20
4066	4.50	4.53	compared	retargeted	41
4067	4.50	4.53	compared	retargeted	42
4068	4.50	4.53	compared	retargeted	149
4069	4.50	4.53	compared	retargeted	162
4070	4.50	4.53	compared	retargeted	163
4071	4.50	4.53	compared	retargeted	164
4072	4.50	4.53	compared	retargeted	168
4073	4.50	4.53	compared	retargeted	183
4074	4.50	4.53	compared	retargeted	189
4075	4.50	4.53	compared	retargeted	195
4076	4.50	4.53	compared	retargeted	260
4077	4.50	4.53	compared	retargeted	344
4078	4.50	4.53	compared	retargeted	347
4079	4.50	4.53	compared	retargeted	371
4080	4.50	4.53	compared	retargeted	412
4081	4.50	4.53	compared	retargeted	461
4082	4.50	4.53	compared	retargeted	462
4083	4.50	4.53	compared	retargeted	491
4084	4.50	4.53	compared	retargeted	515
4085	4.50	4.53	compared	retargeted	576
4086	4.50	4.53	compared	retargeted	577
4087	4.50	4.53	compared	retargeted	678
4088	4.50	4.53	compared	retargeted	900
4089	4.50	4.53	compared	retargeted	901
4090	4.50	4.53	compared	retargeted	906
4091	4.50	4.53	compared	retargeted	914
4092	4.50	4.53	compared	retargeted	933
4093	4.50	4.53	compared	retargeted	934
4094	4.50	4.53	compared	retargeted	935
4095	4.50	4.53	compared	retargeted	936
4096	4.50	4.53	compared	retargeted	937
4097	4.50	4.53	compared	retargeted	941
4098	4.50	4.53	compared	retargeted	942
4099	4.50	4.53	compared	retargeted	946
4100	4.50	4.53	compared	retargeted	947
4101	4.50	4.53	compared	retargeted	951
4102	4.50	4.53	compared	retargeted	957
4103	4.50	4.53	compared	retargeted	958
4104	4.50	4.53	compared	retargeted	959
4105	4.50	4.53	compared	retargeted	973
4106	4.50	4.53	compared	retargeted	987
4107	4.50	4.53	compared	retargeted	988
4108	4.50	4.53	compared	retargeted	989
4109	4.53	4.55	compared	retargeted	0
4110	4.53	4.55	compared	retargeted	20
4111	4.53	4.55	compared	retargeted	41
4112	4.53	4.55	compared	retargeted	42
4113	4.53	4.55	compared	retargeted	84
4114	4.53	4.55	compared	retargeted	149
4115	4.53	4.55	compared	retargeted	162
4116	4.53	4.55	compared	retargeted	163
4117	4.53	4.55	compared	retargeted	164
4118	4.53	4.55	compared	retargeted	168
4119	4.53	4.55	compared	retargeted	183
4120	4.53	4.55	compared	retargeted	189
4121	4.53	4.55	compared	retargeted	195
4122	4.53	4.55	compared	retargeted	260
4123	4.53	4.55	compared	retargeted	344
4124	4.53	4.55	compared	retargeted	347
4125	4.53	4.55	compared	retargeted	371
4126	4.53	4.55	compared	retargeted	412
4127	4.53	4.55	compared	retargeted	461
4128	4.53	4.55	compared	retargeted	462
4129	4.53	4.55	compared	retargeted	476
4130	4.53	4.55	compared	retargeted	491
4131	4.53	4.55	compared	retargeted	515
4132	4.53	4.55	compared	retargeted	576
4133	4.53	4.55	compared	retargeted	577
4134	4.53	4.55	compared	retargeted	678
4135	4.53	4.55	compared	retargeted	870
4136	4.53	4.55	compared	retargeted	871
4137	4.53	4.55	compared	retargeted	872
4138	4.53	4.55	compared	retargeted	879
4139	4.53	4.55	compared	retargeted	900
4140	4.53	4.55	compared	retargeted	901
4141	4.53	4.55	compared	retargeted	906
4142	4.53	4.55	compared	retargeted	914
4143	4.53	4.55	compared	retargeted	933
4144	4.53	4.55	compared	retargeted	934
4145	4.53	4.55	compared	retargeted	935
4146	4.53	4.55	compared	retargeted	936
4147	4.53	4.55	compared	retargeted	937
4148	4.53	4.55	compared	retargeted	941
4149	4.53	4.55	compared	retargeted	942
4150	4.53	4.55	compared	retargeted	946
4151	4.53	4.55	compared	retargeted	947
4152	4.53	4.55	compared	retargeted	951
4153	4.53	4.55	compared	retargeted	957
4154	4.53	4.55	compared	retargeted	958
4155	4.53	4.55	compared	retargeted	959
4156	4.53	4.55	compared	retargeted	973
4157	4.53	4.55	compared	retargeted	988
4158	4.53	4.55	compared	retargeted	989
4159	4.55	4.60	compared	retargeted	0
4160	4.55	4.60	compared	retargeted	20
4161	4.55	4.60	compared	retargeted	41
4162	4.55	4.60	compared	retargeted	42
4163	4.55	4.60	compared	retargeted	149
4164	4.55	4.60	compared	retargeted	162
4165	4.55	4.60	compared	retargeted	163
4166	4.55	4.60	compared	retargeted	164
4167	4.55	4.60	compared	retargeted	168
4168	4.55	4.60	compared	retargeted	183
4169	4.55	4.60	compared	retargeted	189
4170	4.55	4.60	compared	retargeted	195
4171	4.55	4.60	compared	retargeted	260
4172	4.55	4.60	compared	retargeted	344
4173	4.55	4.60	compared	retargeted	347
4174	4.55	4.60	compared	retargeted	371
4175	4.55	4.60	compared	retargeted	412
4176	4.55	4.60	compared	retargeted	461
4177	4.55	4.60	compared	retargeted	462
4178	4.55	4.60	compared	retargeted	467
4179	4.55	4.60	compared	retargeted	476
4180	4.55	4.60	compared	retargeted	480
4181	4.55	4.60	compared	retargeted	491
4182	4.55	4.60	compared	retargeted	515
4183	4.55	4.60	compared	retargeted	576
4184	4.55	4.60	compared	retargeted	577
4185	4.55	4.60	compared	retargeted	622
4186	4.55	4.60	compared	retargeted	623
4187	4.55	4.60	compared	retargeted	678
4188	4.55	4.60	compared	retargeted	870
4189	4.55	4.60	compared	retargeted	871
4190	4.55	4.60	compared	retargeted	900
4191	4.55	4.60	compared	retargeted	901
4192	4.55	4.60	compared	retargeted	906
4193	4.55	4.60	compared	retargeted	914
4194	4.55	4.60	compared	retargeted	933
4195	4.55	4.60	compared	retargeted	934
4196	4.55	4.60	compared	retargeted	935
4197	4.55	4.60	compared	retargeted	936
4198	4.55	4.60	compared	retargeted	937
4199	4.55	4.60	compared	retargeted	941
4200	4.55	4.60	compared	retargeted	942
4201	4.55	4.60	compared	retargeted	946
4202	4.55	4.60	compared	retargeted	947
4203	4.55	4.60	compared	retargeted	951
4204	4.55	4.60	compared	retargeted	957
4205	4.55	4.60	compared	retargeted	958
4206	4.55	4.60	compared	retargeted	959
4207	4.55	4.60	compared	retargeted	973
4208	4.55	4.60	compared	retargeted	987
4209	4.55	4.60	compared	retargeted	988
4210	4.55	4.60	compared	retargeted	989
4211	4.60	4.65	compared	retargeted	0
4212	4.60	4.65	compared	retargeted	20
4213	4.60	4.65	compared	retargeted	41
4214	4.60	4.65	compared	retargeted	42
4215	4.60	4.65	compared	retargeted	149
4216	4.60	4.65	compared	retargeted	162
4217	4.60	4.65	compared	retargeted	163
4218	4.60	4.65	compared	retargeted	164
4219	4.60	4.65	compared	retargeted	168
4220	4.60	4.65	compared	retargeted	183
4221	4.60	4.65	compared	retargeted	189
4222	4.60	4.65	compared	retargeted	195
4223	4.60	4.65	compared	retargeted	260
4224	4.60	4.65	compared	retargeted	344
4225	4.60	4.65	compared	retargeted	347
4226	4.60	4.65	compared	retargeted	371
4227	4.60	4.65	compared	retargeted	412
4228	4.60	4.65	compared	retargeted	461
4229	4.60	4.65	compared	retargeted	462
4230	4.60	4.65	compared	retargeted	491
4231	4.60	4.65	compared	retargeted	515
4232	4.60	4.65	compared	retargeted	576
4233	4.60	4.65	compared	retargeted	678
4234	4.60	4.65	compared	retargeted	900
4235	4.60	4.65	compared	retargeted	901
4236	4.60	4.65	compared	retargeted	906
4237	4.60	4.65	compared	retargeted	914
4238	4.60	4.65	compared	retargeted	933
4239	4.60	4.65	compared	retargeted	934
4240	4.60	4.65	compared	retargeted	935
4241	4.60	4.65	compared	retargeted	936
4242	4.60	4.65	compared	retargeted	937
4243	4.60	4.65	compared	retargeted	941
4244	4.60	4.65	compared	retargeted	942
4245	4.60	4.65	compared	retargeted	946
4246	4.60	4.65	compared	retargeted	947
4247	4.60	4.65	compared	retargeted	951
4248	4.60	4.65	compared	retargeted	957
4249	4.60	4.65	compared	retargeted	958
4250	4.60	4.65	compared	retargeted	959
4251	4.60	4.65	compared	retargeted	973
4252	4.60	4.65	compared	retargeted	987
4253	4.60	4.65	compared	retargeted	988
4254	4.60	4.65	compared	retargeted	989
4255	4.66	4.70	compared	retargeted	0
4256	4.66	4.70	compared	retargeted	20
4257	4.66	4.70	compared	retargeted	41
4258	4.66	4.70	compared	retargeted	42
4259	4.66	4.70	compared	retargeted	149
4260	4.66	4.70	compared	retargeted	162
4261	4.66	4.70	compared	retargeted	163
4262	4.66	4.70	compared	retargeted	164
4263	4.66	4.70	compared	retargeted	168
4264	4.66	4.70	compared	retargeted	183
4265	4.66	4.70	compared	retargeted	189
4266	4.66	4.70	compared	retargeted	195
4267	4.66	4.70	compared	retargeted	260
4268	4.66	4.70	compared	retargeted	344
4269	4.66	4.70	compared	retargeted	347
4270	4.66	4.70	compared	retargeted	371
4271	4.66	4.70	compared	retargeted	412
4272	4.66	4.70	compared	retargeted	461
4273	4.66	4.70	compared	retargeted	462
4274	4.66	4.70	compared	retargeted	491
4275	4.66	4.70	compared	retargeted	515
4276	4.66	4.70	compared	retargeted	576
4277	4.66	4.70	compared	retargeted	577
4278	4.66	4.70	compared	retargeted	678
4279	4.66	4.70	compared	retargeted	900
4280	4.66	4.70	compared	retargeted	901
4281	4.66	4.70	compared	retargeted	906
4282	4.66	4.70	compared	retargeted	914
4283	4.66	4.70	compared	retargeted	933
4284	4.66	4.70	compared	retargeted	934
4285	4.66	4.70	compared	retargeted	935
4286	4.66	4.70	compared	retargeted	936
4287	4.66	4.70	compared	retargeted	937
4288	4.66	4.70	compared	retargeted	941
4289	4.66	4.70	compared	retargeted	942
4290	4.66	4.70	compared	retargeted	946
4291	4.66	4.70	compared	retargeted	947
4292	4.66	4.70	compared	retargeted	951
4293	4.66	4.70	compared	retargeted	957
4294	4.66	4.70	compared	retargeted	958
4295	4.66	4.70	compared	retargeted	959
4296	4.66	4.70	compared	retargeted	973
4297	4.66	4.70	compared	retargeted	987
4298	4.66	4.70	compared	retargeted	988
4299	4.66	4.70	compared	retargeted	989
4300	4.70	4.75	compared	retargeted	0
4301	4.70	4.75	compared	retargeted	20
4302	4.70	4.75	compared	retargeted	41
4303	4.70	4.75	compared	retargeted	42
4304	4.70	4.75	compared	retargeted	149
4305	4.70	4.75	compared	retargeted	162
4306	4.70	4.75	compared	retargeted	163
4307	4.70	4.75	compared	retargeted	164
4308	4.70	4.75	compared	retargeted	168
4309	4.70	4.75	compared	retargeted	183
4310	4.70	4.75	compared	retargeted	189
4311	4.70	4.75	compared	retargeted	195
4312	4.70	4.75	compared	retargeted	260
4313	4.70	4.75	compared	retargeted	344
4314	4.70	4.75	compared	retargeted	347
4315	4.70	4.75	compared	retargeted	371
4316	4.70	4.75	compared	retargeted	412
4317	4.70	4.75	compared	retargeted	461
4318	4.70	4.75	compared	retargeted	462
4319	4.70	4.75	compared	retargeted	491
4320	4.70	4.75	compared	retargeted	515
4321	4.70	4.75	compared	retargeted	576
4322	4.70	4.75	compared	retargeted	577
4323	4.70	4.75	compared	retargeted	678
4324	4.70	4.75	compared	retargeted	900
4325	4.70	4.75	compared	retargeted	901
4326	4.70	4.75	compared	retargeted	906
4327	4.70	4.75	compared	retargeted	914
4328	4.70	4.75	compared	retargeted	933
4329	4.70	4.75	compared	retargeted	934
4330	4.70	4.75	compared	retargeted	935
4331	4.70	4.75	compared	retargeted	936
4332	4.70	4.75	compared	retargeted	937
4333	4.70	4.75	compared	retargeted	941
4334	4.70	4.75	compared	retargeted	942
4335	4.70	4.75	compared	retargeted	946
4336	4.70	4.75	compared	retargeted	947
4337	4.70	4.75	compared	retargeted	951
4338	4.70	4.75	compared	retargeted	957
4339	4.70	4.75	compared	retargeted	958
4340	4.70	4.75	compared	retargeted	959
4341	4.70	4.75	compared	retargeted	973
4342	4.70	4.75	compared	retargeted	987
4343	4.70	4.75	compared	retargeted	988
4344	4.70	4.75	compared	retargeted	989
4345	4.78	4.80	compared	retargeted	0
4346	4.78	4.80	compared	retargeted	20
4347	4.78	4.80	compared	retargeted	41
4348	4.78	4.80	compared	retargeted	42
4349	4.78	4.80	compared	retargeted	149
4350	4.78	4.80	compared	retargeted	162
4351	4.78	4.80	compared	retargeted	163
4352	4.78	4.80	compared	retargeted	164
4353	4.78	4.80	compared	retargeted	168
4354	4.78	4.80	compared	retargeted	183
4355	4.78	4.80	compared	retargeted	189
4356	4.78	4.80	compared	retargeted	195
4357	4.78	4.80	compared	retargeted	260
4358	4.78	4.80	compared	retargeted	344
4359	4.78	4.80	compared	retargeted	347
4360	4.78	4.80	compared	retargeted	371
4361	4.78	4.80	compared	retargeted	412
4362	4.78	4.80	compared	retargeted	461
4363	4.78	4.80	compared	retargeted	462
4364	4.78	4.80	compared	retargeted	491
4365	4.78	4.80	compared	retargeted	515
4366	4.78	4.80	compared	retargeted	576
4367	4.78	4.80	compared	retargeted	678
4368	4.78	4.80	compared	retargeted	900
4369	4.78	4.80	compared	retargeted	901
4370	4.78	4.80	compared	retargeted	906
4371	4.78	4.80	compared	retargeted	914
4372	4.78	4.80	compared	retargeted	933
4373	4.78	4.80	compared	retargeted	934
4374	4.78	4.80	compared	retargeted	935
4375	4.78	4.80	compared	retargeted	936
4376	4.78	4.80	compared	retargeted	937
4377	4.78	4.80	compared	retargeted	941
4378	4.78	4.80	compared	retargeted	942
4379	4.78	4.80	compared	retargeted	946
4380	4.78	4.80	compared	retargeted	947
4381	4.78	4.80	compared	retargeted	951
4382	4.78	4.80	compared	retargeted	957
4383	4.78	4.80	compared	retargeted	958
4384	4.78	4.80	compared	retargeted	959
4385	4.78	4.80	compared	retargeted	973
4386	4.78	4.80	compared	retargeted	987
4387	4.78	4.80	compared	retargeted	988
4388	4.78	4.80	compared	retargeted	989
4389	4.80	4.81	compared	retargeted	0
4390	4.80	4.81	compared	retargeted	20
4391	4.80	4.81	compared	retargeted	41
4392	4.80	4.81	compared	retargeted	42
4393	4.80	4.81	compared	retargeted	149
4394	4.80	4.81	compared	retargeted	162
4395	4.80	4.81	compared	retargeted	163
4396	4.80	4.81	compared	retargeted	164
4397	4.80	4.81	compared	retargeted	168
4398	4.80	4.81	compared	retargeted	183
4399	4.80	4.81	compared	retargeted	189
4400	4.80	4.81	compared	retargeted	195
4401	4.80	4.81	compared	retargeted	260
4402	4.80	4.81	compared	retargeted	344
4403	4.80	4.81	compared	retargeted	347
4404	4.80	4.81	compared	retargeted	371
4405	4.80	4.81	compared	retargeted	412
4406	4.80	4.81	compared	retargeted	461
4407	4.80	4.81	compared	retargeted	462
4408	4.80	4.81	compared	retargeted	491
4409	4.80	4.81	compared	retargeted	515
4410	4.80	4.81	compared	retargeted	576
4411	4.80	4.81	compared	retargeted	678
4412	4.80	4.81	compared	retargeted	900
4413	4.80	4.81	compared	retargeted	901
4414	4.80	4.81	compared	retargeted	906
4415	4.80	4.81	compared	retargeted	914
4416	4.80	4.81	compared	retargeted	933
4417	4.80	4.81	compared	retargeted	934
4418	4.80	4.81	compared	retargeted	935
4419	4.80	4.81	compared	retargeted	936
4420	4.80	4.81	compared	retargeted	937
4421	4.80	4.81	compared	retargeted	941
4422	4.80	4.81	compared	retargeted	942
4423	4.80	4.81	compared	retargeted	946
4424	4.80	4.81	compared	retargeted	947
4425	4.80	4.81	compared	retargeted	951
4426	4.80	4.81	compared	retargeted	957
4427	4.80	4.81	compared	retargeted	958
4428	4.80	4.81	compared	retargeted	959
4429	4.80	4.81	compared	retargeted	973
4430	4.80	4.81	compared	retargeted	987
4431	4.80	4.81	compared	retargeted	988
4432	4.80	4.81	compared	retargeted	989
4433	4.89	4.90	compared	retargeted	0
4434	4.89	4.90	compared	retargeted	20
4435	4.89	4.90	compared	retargeted	41
4436	4.89	4.90	compared	retargeted	42
4437	4.89	4.90	compared	retargeted	149
4438	4.89	4.90	compared	retargeted	162
4439	4.89	4.90	compared	retargeted	163
4440	4.89	4.90	compared	retargeted	164
4441	4.89	4.90	compared	retargeted	168
4442	4.89	4.90	compared	retargeted	183
4443	4.89	4.90	compared	retargeted	189
4444	4.89	4.90	compared	retargeted	195
4445	4.89	4.90	compared	retargeted	260
4446	4.89	4.90	compared	retargeted	344
4447	4.89	4.90	compared	retargeted	347
4448	4.89	4.90	compared	retargeted	371
4449	4.89	4.90	compared	retargeted	412
4450	4.89	4.90	compared	retargeted	461
4451	4.89	4.90	compared	retargeted	462
4452	4.89	4.90	compared	retargeted	491
4453	4.89	4.90	compared	retargeted	515
4454	4.89	4.90	compared	retargeted	576
4455	4.89	4.90	compared	retargeted	678
4456	4.89	4.90	compared	retargeted	900
4457	4.89	4.90	compared	retargeted	901
4458	4.89	4.90	compared	retargeted	906
4459	4.89	4.90	compared	retargeted	914
4460	4.89	4.90	compared	retargeted	933
4461	4.89	4.90	compared	retargeted	934
4462	4.89	4.90	compared	retargeted	935
4463	4.89	4.90	compared	retargeted	936
4464	4.89	4.90	compared	retargeted	937
4465	4.89	4.90	compared	retargeted	941
4466	4.89	4.90	compared	retargeted	942
4467	4.89	4.90	compared	retargeted	946
4468	4.89	4.90	compared	retargeted	947
4469	4.89	4.90	compared	retargeted	951
4470	4.89	4.90	compared	retargeted	957
4471	4.89	4.90	compared	retargeted	958
4472	4.89	4.90	compared	retargeted	959
4473	4.89	4.90	compared	retargeted	973
4474	4.89	4.90	compared	retargeted	987
4475	4.89	4.90	compared	retargeted	988
4476	4.89	4.90	compared	retargeted	989
4477	4.90	4.91	compared	retargeted	0
4478	4.90	4.91	compared	retargeted	20
4479	4.90	4.91	compared	retargeted	41
4480	4.90	4.91	compared	retargeted	42
4481	4.90	4.91	compared	retargeted	149
4482	4.90	4.91	compared	retargeted	162
4483	4.90	4.91	compared	retargeted	163
4484	4.90	4.91	compared	retargeted	164
4485	4.90	4.91	compared	retargeted	168
4486	4.90	4.91	compared	retargeted	183
4487	4.90	4.91	compared	retargeted	189
4488	4.90	4.91	compared	retargeted	195
4489	4.90	4.91	compared	retargeted	260
4490	4.90	4.91	compared	retargeted	344
4491	4.90	4.91	compared	retargeted	347
4492	4.90	4.91	compared	retargeted	371
4493	4.90	4.91	compared	retargeted	412
4494	4.90	4.91	compared	retargeted	461
4495	4.90	4.91	compared	retargeted	462
4496	4.90	4.91	compared	retargeted	491
4497	4.90	4.91	compared	retargeted	515
4498	4.90	4.91	compared	retargeted	576
4499	4.90	4.91	compared	retargeted	678
4500	4.90	4.91	compared	retargeted	900
4501	4.90	4.91	compared	retargeted	901
4502	4.90	4.91	compared	retargeted	906
4503	4.90	4.91	compared	retargeted	914
4504	4.90	4.91	compared	retargeted	933
4505	4.90	4.91	compared	retargeted	934
4506	4.90	4.91	compared	retargeted	935
4507	4.90	4.91	compared	retargeted	936
4508	4.90	4.91	compared	retargeted	937
4509	4.90	4.91	compared	retargeted	941
4510	4.90	4.91	compared	retargeted	942
4511	4.90	4.91	compared	retargeted	946
4512	4.90	4.91	compared	retargeted	947
4513	4.90	4.91	compared	retargeted	951
4514	4.90	4.91	compared	retargeted	957
4515	4.90	4.91	compared	retargeted	958
4516	4.90	4.91	compared	retargeted	959
4517	4.90	4.91	compared	retargeted	973
4518	4.90	4.91	compared	retargeted	987
4519	4.90	4.91	compared	retargeted	988
4520	4.90	4.91	compared	retargeted	989
